backbone,dataset,pred_len,plugin,seed,cell_id,mse,mae,val_mse,best_epoch,epochs_run,ms_per_iter,train_seconds,n_params,extra_params,peak_mem_mib,batch_size,seq_len,use_amp,device,plugin_kind,n_train_windows,probe,source,timestamp,status,seg1_mse,seg2_mse,seg3_mse,seg4_mse,tag,n_test_windows,n_val_windows
DLinear,ETTh1,192,fredf,2021,DLinear__ETTh1__h192__fredf__s2021,0.44276499763851807,0.4368208246961167,0.9546895653975751,9,10,3.2541751861572266,26.0,37248,0,18.57373046875,32,96,False,cuda:0,loss,8353,False,measured,2026-09-09 00:29:39,ok,0.35204159584035666,0.4325719237596802,0.47166389450289686,0.5147825913918159,,,
DLinear,ETTh1,192,fredf,2022,DLinear__ETTh1__h192__fredf__s2022,0.44250558081245567,0.43656481020184895,0.9552005263938242,9,10,3.2782554626464844,25.9,37248,0,18.57373046875,32,96,False,cuda:0,loss,8353,False,measured,2026-09-09 00:30:12,ok,0.35226805915460285,0.4320397139159035,0.4713330022088161,0.5143815586412511,,,
DLinear,ETTh1,192,fredf,2023,DLinear__ETTh1__h192__fredf__s2023,0.44266651318868677,0.43668688249029847,0.9543690975232241,9,10,3.2660961151123047,25.9,37248,0,18.57373046875,32,96,False,cuda:0,loss,8353,False,measured,2026-09-09 00:30:46,ok,0.35227687775496097,0.43233182289261246,0.47148042190328826,0.5145769090486347,,,
DLinear,ETTh1,192,none,2021,DLinear__ETTh1__h192__none__s2021,0.4450070154639668,0.4403814554835128,0.9156017115582705,7,10,2.7936697006225586,24.8,37248,0,18.318359375,32,96,False,cuda:0,io,8353,False,measured,2026-09-09 00:20:23,ok,0.35246579916875787,0.43508557737682824,0.47437132642286084,0.5181053635825764,,,
DLinear,ETTh1,192,none,2022,DLinear__ETTh1__h192__none__s2022,0.44901356138665666,0.4447478854545811,0.9138807058524345,2,6,2.7625560760498047,15.0,37248,0,18.318359375,32,96,False,cuda:0,io,8353,False,measured,2026-09-09 00:20:46,ok,0.35729101115131184,0.4378252510619593,0.47888813140379893,0.522049851817885,,,
DLinear,ETTh1,192,none,2023,DLinear__ETTh1__h192__none__s2023,0.4465524912805136,0.4420495094991473,0.9148720014375866,3,7,2.7780532836914062,17.5,37248,0,18.318359375,32,96,False,cuda:0,io,8353,False,measured,2026-09-09 00:21:11,ok,0.354741330869452,0.436429872942717,0.4759463567206114,0.5190924013997965,,,
DLinear,ETTh1,192,revin,2021,DLinear__ETTh1__h192__revin__s2021,0.44860330318981967,0.43655974906885314,1.0080247826775433,9,10,2.998232841491699,25.4,37248,0,18.607421875,32,96,False,cuda:0,io,8353,False,measured,2026-09-09 00:24:39,ok,0.3550384071556434,0.43876063922515574,0.4783070408967985,0.5223071279696611,,,
DLinear,ETTh1,192,revin,2022,DLinear__ETTh1__h192__revin__s2022,0.44850235851391673,0.4364929038102864,1.0076592726448137,9,10,2.980470657348633,25.5,37248,0,18.607421875,32,96,False,cuda:0,io,8353,False,measured,2026-09-09 00:25:12,ok,0.3552890833877648,0.4381278157765915,0.4778086630171063,0.5227838785896588,,,
DLinear,ETTh1,192,revin,2023,DLinear__ETTh1__h192__revin__s2023,0.4484365304809326,0.43641228746689364,1.0075784542816901,9,10,2.991795539855957,25.4,37248,0,18.607421875,32,96,False,cuda:0,io,8353,False,measured,2026-09-09 00:25:45,ok,0.3552527245645453,0.438879636938929,0.4777748263444572,0.5218389458953279,,,
DLinear,ETTh1,192,san_lite,2021,DLinear__ETTh1__h192__san_lite__s2021,0.4614791147628968,0.4384098441075273,1.0361760551594366,9,10,6.438016891479492,47.8,37248,0,18.95263671875,32,96,False,cuda:0,io,8353,False,measured,2026-09-09 14:43:04,ok,0.3658247982373813,0.45303286740833065,0.4933292492943604,0.5337295468413922,,,
DLinear,ETTh1,192,san_lite,2022,DLinear__ETTh1__h192__san_lite__s2022,0.4613785086667933,0.4383458583012832,1.0359352984071468,9,10,6.511807441711426,48.0,37248,0,18.95263671875,32,96,False,cuda:0,io,8353,False,measured,2026-09-09 14:43:04,ok,0.36605442594174414,0.4523520312771261,0.4927473568845495,0.5343602265653408,,,
DLinear,ETTh1,192,san_lite,2023,DLinear__ETTh1__h192__san_lite__s2023,0.46135611654786685,0.4382842726657553,1.0359675983930947,9,10,6.445646286010742,48.1,37248,0,18.95263671875,32,96,False,cuda:0,io,8353,False,measured,2026-09-09 14:43:04,ok,0.3660856309165122,0.4532479464117147,0.49277044487109894,0.5333204495955636,,,
DLinear,ETTh1,336,fredf,2021,DLinear__ETTh1__h336__fredf__s2021,0.48554701693653274,0.46286348804010796,1.1677137836961897,9,10,3.4110546112060547,26.5,65184,0,20.00927734375,32,96,False,cuda:0,loss,8209,False,measured,2026-09-09 00:39:05,ok,0.3877333970045222,0.48155329222381066,0.5357869906294386,0.537114372877067,,,
DLinear,ETTh1,336,fredf,2022,DLinear__ETTh1__h336__fredf__s2022,0.48551451183908606,0.4629076508581085,1.166913526599859,9,10,3.411412239074707,26.3,65184,0,20.00927734375,32,96,False,cuda:0,loss,8209,False,measured,2026-09-09 00:39:39,ok,0.3873920225538526,0.48168473430820813,0.5359850914672707,0.5369961978556799,,,
DLinear,ETTh1,336,fredf,2023,DLinear__ETTh1__h336__fredf__s2023,0.48550810903315156,0.46286152311642975,1.1672694538277,9,10,3.412485122680664,26.4,65184,0,20.00927734375,32,96,False,cuda:0,loss,8209,False,measured,2026-09-09 00:40:13,ok,0.3876832305917431,0.4817101314832171,0.5355707152978318,0.5370683512901747,,,
DLinear,ETTh1,336,none,2021,DLinear__ETTh1__h336__none__s2021,0.4885750527494888,0.4667728922940431,1.1239531674961243,3,7,2.8617382049560547,17.4,65184,0,19.68408203125,32,96,False,cuda:0,io,8209,False,measured,2026-09-09 00:31:11,ok,0.38660237047766366,0.48390890112754614,0.5401433758002586,0.5436455764695053,,,
DLinear,ETTh1,336,none,2022,DLinear__ETTh1__h336__none__s2022,0.48723626723912183,0.4653171377027911,1.1256444675580202,5,9,2.874612808227539,22.4,65184,0,19.68408203125,32,96,False,cuda:0,io,8209,False,measured,2026-09-09 00:31:41,ok,0.38518941271695895,0.48241852678716735,0.5392681018305292,0.5420690211546446,,,
DLinear,ETTh1,336,none,2023,DLinear__ETTh1__h336__none__s2023,0.486985483005518,0.4650230856670701,1.1258966891029496,6,10,2.8808116912841797,24.9,65184,0,19.68408203125,32,96,False,cuda:0,io,8209,False,measured,2026-09-09 00:32:14,ok,0.3850690939950813,0.4823266017077393,0.5387507821509757,0.5417954434140597,,,
DLinear,ETTh1,336,revin,2021,DLinear__ETTh1__h336__revin__s2021,0.4892002397794211,0.456381694262,1.2935621928428174,9,10,3.117084503173828,25.7,65184,0,20.09619140625,32,96,False,cuda:0,io,8209,False,measured,2026-09-09 00:34:40,ok,0.38701718147685904,0.48389006482983354,0.5419848721196543,0.5439088403064164,,,
DLinear,ETTh1,336,revin,2022,DLinear__ETTh1__h336__revin__s2022,0.48921104522819686,0.4564354993017897,1.2936994875614785,9,10,3.098011016845703,25.6,65184,0,20.09619140625,32,96,False,cuda:0,io,8209,False,measured,2026-09-09 00:35:14,ok,0.3867991979290119,0.4841136360433567,0.5419567146518967,0.5439746303435226,,,
DLinear,ETTh1,336,revin,2023,DLinear__ETTh1__h336__revin__s2023,0.4892225688431991,0.45643847866381326,1.293698272454242,9,10,3.092169761657715,25.6,65184,0,20.09619140625,32,96,False,cuda:0,io,8209,False,measured,2026-09-09 00:35:47,ok,0.3869602264172681,0.4843770019640659,0.5413210518365904,0.5442319766697288,,,
DLinear,ETTh1,336,san_lite,2021,DLinear__ETTh1__h336__san_lite__s2021,0.5025285683327235,0.4590296540591003,1.3222884196808635,9,10,7.691860198974609,54.6,65184,0,20.69287109375,32,96,False,cuda:0,io,8209,False,measured,2026-09-09 14:45:36,ok,0.3982443888551968,0.4994329489859659,0.5564367913371994,0.5560001407417727,,,
DLinear,ETTh1,336,san_lite,2022,DLinear__ETTh1__h336__san_lite__s2022,0.5025314595962096,0.45906655168437094,1.3223500938778017,9,10,7.5370073318481445,54.0,65184,0,20.69287109375,32,96,False,cuda:0,io,8209,False,measured,2026-09-09 14:45:35,ok,0.397997289602939,0.49972856180352065,0.5562894905416317,0.5561104984594952,,,
DLinear,ETTh1,336,san_lite,2023,DLinear__ETTh1__h336__san_lite__s2023,0.5025155953336332,0.45904429832007704,1.3223709086256064,9,10,7.697105407714844,54.7,65184,0,20.69287109375,32,96,False,cuda:0,io,8209,False,measured,2026-09-09 14:45:36,ok,0.3981181576221299,0.49999745361705195,0.555588861918463,0.5563579119018298,,,
DLinear,ETTh1,720,fredf,2021,DLinear__ETTh1__h720__fredf__s2021,0.510671435262463,0.5080608558762661,1.3182309427174002,9,10,3.715991973876953,26.7,139680,0,23.83837890625,32,96,False,cuda:0,loss,7825,False,measured,2026-09-09 00:48:20,ok,0.4322957772146599,0.4909915953345933,0.5103837766339332,0.6090146128769494,,,
DLinear,ETTh1,720,fredf,2022,DLinear__ETTh1__h720__fredf__s2022,0.5111304166965066,0.5085254531023905,1.3179610841461276,9,10,3.685116767883301,26.4,139680,0,23.83837890625,32,96,False,cuda:0,loss,7825,False,measured,2026-09-09 00:48:54,ok,0.43124521589776177,0.4917838210739725,0.5111613798970515,0.610331242740674,,,
DLinear,ETTh1,720,fredf,2023,DLinear__ETTh1__h720__fredf__s2023,0.5106259461989185,0.5080682799978699,1.3183632054163636,9,10,3.693103790283203,26.7,139680,0,23.83837890625,32,96,False,cuda:0,loss,7825,False,measured,2026-09-09 00:49:28,ok,0.4316692653885852,0.4907099723486686,0.5115291459219796,0.6085953987652669,,,
DLinear,ETTh1,720,none,2021,DLinear__ETTh1__h720__none__s2021,0.5126377970767639,0.5104044545246084,1.2649921520937544,3,7,3.162264823913574,17.9,139680,0,23.1513671875,32,96,False,cuda:0,io,7825,False,measured,2026-09-09 00:21:37,ok,0.42665849419495017,0.4935934991474322,0.5140782191765068,0.6162209747654446,,,
DLinear,ETTh1,720,none,2022,DLinear__ETTh1__h720__none__s2022,0.5121803553409834,0.5100043531892936,1.2670061950600655,3,7,3.1430721282958984,17.9,139680,0,23.1513671875,32,96,False,cuda:0,io,7825,False,measured,2026-09-09 00:22:03,ok,0.4262052412454008,0.4922588919677016,0.5134171796955491,0.6168400848062354,,,
DLinear,ETTh1,720,none,2023,DLinear__ETTh1__h720__none__s2023,0.5164248092280498,0.513405274434556,1.2605308180954493,2,6,3.1385421752929688,15.3,139680,0,23.1513671875,32,96,False,cuda:0,io,7825,False,measured,2026-09-09 00:22:26,ok,0.4287270838762699,0.49589627234695116,0.5176881574457841,0.6233877099194368,,,
DLinear,ETTh1,720,revin,2021,DLinear__ETTh1__h720__revin__s2021,0.4833043100390077,0.4746495394978763,1.5637898697566621,9,10,3.379940986633301,26.1,139680,0,23.8916015625,32,96,False,cuda:0,io,7825,False,measured,2026-09-09 00:46:37,ok,0.42498886854172974,0.4793655751702294,0.4748760676944893,0.5539867368199802,,,
DLinear,ETTh1,720,revin,2022,DLinear__ETTh1__h720__revin__s2022,0.48392149663520156,0.4750238246159369,1.5632323799125736,9,10,3.3812522888183594,26.1,139680,0,23.8916015625,32,96,False,cuda:0,io,7825,False,measured,2026-09-09 00:47:11,ok,0.4244208273714577,0.4796648333236456,0.47499534291879164,0.5566049796279324,,,
DLinear,ETTh1,720,revin,2023,DLinear__ETTh1__h720__revin__s2023,0.48357971948612855,0.4747676364707054,1.563355557925536,9,10,3.423333168029785,26.3,139680,0,23.8916015625,32,96,False,cuda:0,io,7825,False,measured,2026-09-09 00:47:45,ok,0.42445496415982986,0.4790675041011727,0.4762942126583525,0.5545022145900604,,,
DLinear,ETTh1,720,san_lite,2021,DLinear__ETTh1__h720__san_lite__s2021,0.49102219983078454,0.47581367763066684,1.5920745902286566,9,10,8.683323860168457,55.5,139680,0,25.158203125,32,96,False,cuda:0,io,7825,False,measured,2026-09-09 14:47:52,ok,0.4345893168166927,0.48726107788088735,0.48122383351234677,0.5610145501712257,,,
DLinear,ETTh1,720,san_lite,2022,DLinear__ETTh1__h720__san_lite__s2022,0.49176662726358955,0.47623925015884033,1.591911791794749,9,10,8.502364158630371,55.7,139680,0,25.158203125,32,96,False,cuda:0,io,7825,False,measured,2026-09-09 14:47:52,ok,0.43417839153987187,0.4876297137396887,0.481357463161309,0.5639009427135715,,,
DLinear,ETTh1,720,san_lite,2023,DLinear__ETTh1__h720__san_lite__s2023,0.49132176170288316,0.47595062864449056,1.591870901024107,9,10,8.506536483764648,55.8,139680,0,25.158203125,32,96,False,cuda:0,io,7825,False,measured,2026-09-09 14:47:52,ok,0.4340661055561371,0.48691617624725503,0.4826983752649638,0.5616064068895325,,,
DLinear,ETTh1,96,fredf,2021,DLinear__ETTh1__h96__fredf__s2021,0.3908745384036939,0.40464563545859084,0.7008274024884457,9,10,2.999424934387207,24.9,18624,0,17.61572265625,32,96,False,cuda:0,loss,8449,False,measured,2026-09-09 00:28:00,ok,0.3241771054363619,0.38174125647195106,0.4140794652266779,0.44350031980267096,,,
DLinear,ETTh1,96,fredf,2022,DLinear__ETTh1__h96__fredf__s2022,0.39084263363179667,0.40461764583080523,0.7003417343810816,9,10,3.0177831649780273,24.9,18624,0,17.61572265625,32,96,False,cuda:0,loss,8449,False,measured,2026-09-09 00:28:33,ok,0.32417340273693784,0.3812705190231243,0.41420713168606094,0.44371947421069446,,,
DLinear,ETTh1,96,fredf,2023,DLinear__ETTh1__h96__fredf__s2023,0.39068028925422565,0.4045703959931795,0.7003965040919332,9,10,3.006577491760254,24.9,18624,0,17.61572265625,32,96,False,cuda:0,loss,8449,False,measured,2026-09-09 00:29:05,ok,0.32403572769474914,0.38124265131846585,0.41386182562150226,0.44358095209093307,,,
DLinear,ETTh1,96,none,2021,DLinear__ETTh1__h96__none__s2021,0.39676232247859317,0.4116381933824256,0.6754681214701673,4,8,2.474069595336914,18.7,18624,0,17.5654296875,32,96,False,cuda:0,io,8449,False,measured,2026-09-08 22:51:46,ok,0.32937436681404814,0.38811849492188105,0.42012089967041016,0.44943552350478416,,,
DLinear,ETTh1,96,none,2022,DLinear__ETTh1__h96__none__s2022,0.3959027716183424,0.4105982903976812,0.6753081108592887,9,10,2.4683475494384766,23.1,18624,0,17.5654296875,32,96,False,cuda:0,io,8449,False,measured,2026-09-08 22:52:16,ok,0.3282736760516615,0.3868230989018933,0.4194250162939454,0.4490892949342827,,,
DLinear,ETTh1,96,none,2023,DLinear__ETTh1__h96__none__s2023,0.39550030732690916,0.41034324360146546,0.6756348779428369,8,10,2.479672431945801,23.3,18624,0,17.5654296875,32,96,False,cuda:0,io,8449,False,measured,2026-09-08 22:52:47,ok,0.32806977136309806,0.38664182249997747,0.41875025392746873,0.4485393745246489,,,
DLinear,ETTh1,96,revin,2021,DLinear__ETTh1__h96__revin__s2021,0.39878481761954876,0.4091695064294539,0.7120937648426521,9,10,2.703428268432617,24.3,18624,0,17.7724609375,32,96,False,cuda:0,io,8449,False,measured,2026-09-09 00:10:55,ok,0.3301451643680788,0.3904648737387945,0.4218236087543787,0.4527056258098546,,,
DLinear,ETTh1,96,revin,2022,DLinear__ETTh1__h96__revin__s2022,0.39898128110016984,0.40922798596356297,0.7126275267042115,9,10,2.7008056640625,24.2,18624,0,17.7724609375,32,96,False,cuda:0,io,8449,False,measured,2026-09-09 00:11:27,ok,0.33037415476692805,0.3899261404803893,0.42289626496202487,0.4527285664938942,,,
DLinear,ETTh1,96,revin,2023,DLinear__ETTh1__h96__revin__s2023,0.398371057101903,0.40887583590495524,0.7121592781956892,9,10,2.7185678482055664,24.4,18624,0,17.7724609375,32,96,False,cuda:0,io,8449,False,measured,2026-09-09 00:11:59,ok,0.3302892888760653,0.39002355772460806,0.4212885308796565,0.4518828512326274,,,
DLinear,ETTh1,96,san_lite,2021,DLinear__ETTh1__h96__san_lite__s2021,0.41085198545818746,0.4094712494886603,0.7447644021640102,9,10,4.680156707763672,37.8,18624,0,17.9501953125,32,96,False,cuda:0,io,8449,False,measured,2026-09-09 14:44:29,ok,0.34045720139841323,0.403879534874713,0.4333404623713917,0.46573076146865217,,,
DLinear,ETTh1,96,san_lite,2022,DLinear__ETTh1__h96__san_lite__s2022,0.41114513813516795,0.40964362052421116,0.7450256588989581,9,10,4.69660758972168,37.8,18624,0,17.9501953125,32,96,False,cuda:0,io,8449,False,measured,2026-09-09 14:44:29,ok,0.34076127649630134,0.40339411973962486,0.43476707981697144,0.465658082571981,,,
DLinear,ETTh1,96,san_lite,2023,DLinear__ETTh1__h96__san_lite__s2023,0.4103544625928588,0.4091214689483212,0.7444238230765676,9,10,4.567623138427734,35.9,18624,0,17.9501953125,32,96,False,cuda:0,io,8449,False,measured,2026-09-09 14:44:33,ok,0.34059124736403484,0.40347823791342513,0.432748475798526,0.4645998816855597,,,
DLinear,ETTh2,192,fredf,2021,DLinear__ETTh2__h192__fredf__s2021,0.40888855131316454,0.4300103315828871,0.29729356928551803,9,10,3.287792205810547,26.1,37248,0,18.57373046875,32,96,False,cuda:0,loss,8353,False,measured,2026-09-09 00:14:12,ok,0.26013612049382423,0.38522558901453374,0.45539821930879215,0.5347942777802516,,,
DLinear,ETTh2,192,fredf,2022,DLinear__ETTh2__h192__fredf__s2022,0.4098236272999993,0.43070516745224097,0.29781276524572525,9,10,3.28826904296875,26.0,37248,0,18.57373046875,32,96,False,cuda:0,loss,8353,False,measured,2026-09-09 00:14:46,ok,0.25878142649324176,0.3920356152847458,0.4609956481849771,0.5274818197129441,,,
DLinear,ETTh2,192,fredf,2023,DLinear__ETTh2__h192__fredf__s2023,0.40828201115468093,0.4294295667236136,0.2970744403903355,9,10,3.292679786682129,26.1,37248,0,18.57373046875,32,96,False,cuda:0,loss,8353,False,measured,2026-09-09 00:15:20,ok,0.2591435755982428,0.3845830477159166,0.4526450487867389,0.5367563781489716,,,
DLinear,ETTh2,192,none,2021,DLinear__ETTh2__h192__none__s2021,0.48176251830119743,0.47910612625778426,0.3288888395741421,7,10,2.7588605880737305,24.5,37248,0,18.318359375,32,96,False,cuda:0,io,8353,False,measured,2026-09-09 00:08:20,ok,0.2602646040966386,0.44648193203899855,0.5555372329632609,0.6647663155551857,,,
DLinear,ETTh2,192,none,2022,DLinear__ETTh2__h192__none__s2022,0.4798078886409494,0.47801702540901475,0.328189834738346,4,8,2.792954444885254,19.9,37248,0,18.318359375,32,96,False,cuda:0,io,8353,False,measured,2026-09-09 00:08:47,ok,0.26069004167385945,0.44551989619362975,0.5543798272254504,0.6586417995203149,,,
DLinear,ETTh2,192,none,2023,DLinear__ETTh2__h192__none__s2023,0.4726954770570784,0.4735522670205757,0.3258266001430481,2,6,2.7626752853393555,14.8,37248,0,18.318359375,32,96,False,cuda:0,io,8353,False,measured,2026-09-09 00:09:10,ok,0.256602597831643,0.43545399140660596,0.5508950058004758,0.6478303204230024,,,
DLinear,ETTh2,192,revin,2021,DLinear__ETTh2__h192__revin__s2021,0.37935953438002296,0.3931034866152234,0.2756276935749047,9,10,2.994418144226074,25.6,37248,0,18.607421875,32,96,False,cuda:0,io,8353,False,measured,2026-09-09 00:12:32,ok,0.2326009015671414,0.3593642102084829,0.4276041608681731,0.4978688698114268,,,
DLinear,ETTh2,192,revin,2022,DLinear__ETTh2__h192__revin__s2022,0.3792003866071143,0.393047386975621,0.27563801675443306,9,10,2.9871463775634766,25.4,37248,0,18.607421875,32,96,False,cuda:0,io,8353,False,measured,2026-09-09 00:13:05,ok,0.23252363144682567,0.3590308919668527,0.42734568023449854,0.497901345201424,,,
DLinear,ETTh2,192,revin,2023,DLinear__ETTh2__h192__revin__s2023,0.37940054023079434,0.3931870064560364,0.2756591676983839,9,10,2.970576286315918,25.4,37248,0,18.607421875,32,96,False,cuda:0,io,8353,False,measured,2026-09-09 00:13:38,ok,0.23262686281126385,0.3595904450475758,0.4276901617163049,0.4976947022063543,,,
DLinear,ETTh2,192,san_lite,2021,DLinear__ETTh2__h192__san_lite__s2021,0.3838165854505871,0.39624058671889245,0.2809534877948754,9,10,6.433248519897461,47.8,37248,0,18.95263671875,32,96,False,cuda:0,io,8353,False,measured,2026-09-09 14:40:59,ok,0.2454805704122056,0.35906824272960947,0.4299856613263369,0.500731861919846,,,
DLinear,ETTh2,192,san_lite,2022,DLinear__ETTh2__h192__san_lite__s2022,0.3837594397399164,0.39617172957213986,0.28093196672348614,9,10,6.442904472351074,47.6,37248,0,18.95263671875,32,96,False,cuda:0,io,8353,False,measured,2026-09-09 14:40:59,ok,0.2456300203487909,0.3590249308497946,0.42991729999461903,0.5004654973890481,,,
DLinear,ETTh2,192,san_lite,2023,DLinear__ETTh2__h192__san_lite__s2023,0.3837411773048796,0.39621619463503127,0.2809529051346414,9,10,6.405949592590332,48.1,37248,0,18.95263671875,32,96,False,cuda:0,io,8353,False,measured,2026-09-09 14:40:59,ok,0.2453569581998972,0.3588938390752238,0.4300109957251796,0.5007029171022996,,,
DLinear,ETTh2,336,fredf,2021,DLinear__ETTh2__h336__fredf__s2021,0.4989049420303792,0.4925758135554074,0.40043476921942034,9,10,3.4050941467285156,26.3,65184,0,20.00927734375,32,96,False,cuda:0,loss,8209,False,measured,2026-09-09 00:26:19,ok,0.3102966455959967,0.4930981487024201,0.5751620551312825,0.6170629136062682,,,
DLinear,ETTh2,336,fredf,2022,DLinear__ETTh2__h336__fredf__s2022,0.5028338899659969,0.4952058097344107,0.4023870076870999,9,10,3.3910274505615234,26.2,65184,0,20.00927734375,32,96,False,cuda:0,loss,8209,False,measured,2026-09-09 00:26:53,ok,0.31618069269467763,0.49361089174515776,0.5817880502844603,0.6197559413624661,,,
DLinear,ETTh2,336,fredf,2023,DLinear__ETTh2__h336__fredf__s2023,0.5022090775179946,0.4944802863011916,0.4022193114682943,9,10,3.408193588256836,26.4,65184,0,20.00927734375,32,96,False,cuda:0,loss,8209,False,measured,2026-09-09 00:27:27,ok,0.3135220446758103,0.4895576277987854,0.5850616666988757,0.6206949651814065,,,
DLinear,ETTh2,336,none,2021,DLinear__ETTh2__h336__none__s2021,0.592931535872576,0.5421717085002898,0.43419753903717984,1,5,2.9016733169555664,12.7,65184,0,19.68408203125,32,96,False,cuda:0,io,8209,False,measured,2026-09-09 00:17:04,ok,0.3289351546541164,0.5412881683003538,0.7037823272526026,0.7977204913388688,,,
DLinear,ETTh2,336,none,2022,DLinear__ETTh2__h336__none__s2022,0.5808380812571836,0.5357903875150564,0.42867363886323806,2,6,2.8905868530273438,15.1,65184,0,19.68408203125,32,96,False,cuda:0,io,8209,False,measured,2026-09-09 00:17:27,ok,0.32144266110084213,0.5391905436954199,0.6822486342171414,0.7804704783474955,,,
DLinear,ETTh2,336,none,2023,DLinear__ETTh2__h336__none__s2023,0.6023934747723377,0.5457181621151961,0.43597768794250263,9,10,2.8961896896362305,24.9,65184,0,19.68408203125,32,96,False,cuda:0,io,8209,False,measured,2026-09-09 00:18:00,ok,0.32111759340556134,0.5549075147627432,0.7143212602943507,0.8192275389028213,,,
DLinear,ETTh2,336,revin,2021,DLinear__ETTh2__h336__revin__s2021,0.417430385791849,0.4266484442020147,0.36465442020642674,9,10,3.111600875854492,25.9,65184,0,20.09619140625,32,96,False,cuda:0,io,8209,False,measured,2026-09-09 00:22:59,ok,0.26464493834003544,0.4086497803432714,0.4912854399579826,0.505141373686494,,,
DLinear,ETTh2,336,revin,2022,DLinear__ETTh2__h336__revin__s2022,0.41741193257428677,0.42668967904880517,0.3650859824759349,9,10,3.1092166900634766,25.6,65184,0,20.09619140625,32,96,False,cuda:0,io,8209,False,measured,2026-09-09 00:23:33,ok,0.2647330186309456,0.40884492175851167,0.4912276831475308,0.5048421097832887,,,
DLinear,ETTh2,336,revin,2023,DLinear__ETTh2__h336__revin__s2023,0.4173983880767204,0.4266606595536821,0.3649721808637656,9,10,3.096342086791992,25.8,65184,0,20.09619140625,32,96,False,cuda:0,io,8209,False,measured,2026-09-09 00:24:06,ok,0.2645438954261805,0.4087933756862455,0.49121808803334993,0.5050381984196785,,,
DLinear,ETTh2,336,san_lite,2021,DLinear__ETTh2__h336__san_lite__s2021,0.42133172813229847,0.42868824233785485,0.3684761414542487,9,10,7.5157880783081055,54.4,65184,0,20.69287109375,32,96,False,cuda:0,io,8209,False,measured,2026-09-09 14:42:05,ok,0.27058668662581403,0.41024799784102634,0.49409918599326086,0.5103930365014361,,,
DLinear,ETTh2,336,san_lite,2022,DLinear__ETTh2__h336__san_lite__s2022,0.42143734718492937,0.4287068170987698,0.36864982869989843,9,10,7.476806640625,54.4,65184,0,20.69287109375,32,96,False,cuda:0,io,8209,False,measured,2026-09-09 14:42:06,ok,0.2708384761938015,0.4101956611130635,0.49427695602651367,0.510438300442817,,,
DLinear,ETTh2,336,san_lite,2023,DLinear__ETTh2__h336__san_lite__s2023,0.4213764614699023,0.4286970505601553,0.36855425075965736,9,10,7.552623748779297,54.4,65184,0,20.69287109375,32,96,False,cuda:0,io,8209,False,measured,2026-09-09 14:42:05,ok,0.27064262175492126,0.41006365856290056,0.4943754074547164,0.5104241595843019,,,
DLinear,ETTh2,720,fredf,2021,DLinear__ETTh2__h720__fredf__s2021,0.6993873342276136,0.6054382235900395,0.676776614536278,9,10,3.738880157470703,26.8,139680,0,23.83837890625,32,96,False,cuda:0,loss,7825,False,measured,2026-09-09 00:40:47,ok,0.4082724667295603,0.6064376673779647,0.7386877144472207,1.0441514992240568,,,
DLinear,ETTh2,720,fredf,2022,DLinear__ETTh2__h720__fredf__s2022,0.691401977364219,0.6025365827716537,0.6719678596218682,9,10,3.682851791381836,26.5,139680,0,23.83837890625,32,96,False,cuda:0,loss,7825,False,measured,2026-09-09 00:41:22,ok,0.4139696428165534,0.6003142318506471,0.7286981811703322,1.0226258503333232,,,
DLinear,ETTh2,720,fredf,2023,DLinear__ETTh2__h720__fredf__s2023,0.6967356230558126,0.6046503844131262,0.6754201134675488,9,10,4.0569305419921875,32.6,139680,0,23.83837890625,32,96,False,cuda:0,loss,7825,False,measured,2026-09-09 00:42:03,ok,0.4119873216205552,0.6063264388377099,0.7225202198002927,1.0461085082450665,,,
DLinear,ETTh2,720,none,2021,DLinear__ETTh2__h720__none__s2021,0.8396334752050693,0.6607869036658606,0.695062766178072,9,10,3.1709671020507812,25.4,139680,0,23.1513671875,32,96,False,cuda:0,io,7825,False,measured,2026-09-09 00:15:53,ok,0.41685458781227236,0.69494289525179,0.8860936885153503,1.3606427186978958,,,
DLinear,ETTh2,720,none,2022,DLinear__ETTh2__h720__none__s2022,0.8315012997018759,0.6574847842089752,0.6926473472229109,4,8,3.1589269638061523,20.4,139680,0,23.1513671875,32,96,False,cuda:0,io,7825,False,measured,2026-09-09 00:16:21,ok,0.41201341072965236,0.6918148324611882,0.8763724118403066,1.3458045418718874,,,
DLinear,ETTh2,720,none,2023,DLinear__ETTh2__h720__none__s2023,0.8119224105122922,0.6498233607797729,0.6896094712625236,2,6,3.1615495681762695,15.3,139680,0,23.1513671875,32,96,False,cuda:0,io,7825,False,measured,2026-09-09 00:16:44,ok,0.4077861874814706,0.6680381765074406,0.8620361983045389,1.309829083853437,,,
DLinear,ETTh2,720,revin,2021,DLinear__ETTh2__h720__revin__s2021,0.41988402578796974,0.43850046566099155,0.6202472631316428,9,10,3.386855125427246,26.0,139680,0,23.8916015625,32,96,False,cuda:0,io,7825,False,measured,2026-09-09 00:36:21,ok,0.30392829220760237,0.4031899430369803,0.3941817440077076,0.5782361211141595,,,
DLinear,ETTh2,720,revin,2022,DLinear__ETTh2__h720__revin__s2022,0.4199640640056262,0.43854846816628473,0.6197755477151093,9,10,3.389120101928711,26.0,139680,0,23.8916015625,32,96,False,cuda:0,io,7825,False,measured,2026-09-09 00:36:55,ok,0.3037440429714133,0.40336990753065327,0.3942331884093352,0.5785091316027594,,,
DLinear,ETTh2,720,revin,2023,DLinear__ETTh2__h720__revin__s2023,0.4199560568932173,0.43850648063410347,0.6194763279981802,9,10,3.422975540161133,26.3,139680,0,23.8916015625,32,96,False,cuda:0,io,7825,False,measured,2026-09-09 00:37:29,ok,0.3037148275769605,0.4034336090093144,0.39443693361719945,0.5782388542761859,,,
DLinear,ETTh2,720,san_lite,2021,DLinear__ETTh2__h720__san_lite__s2021,0.4210024263105361,0.4386830366467841,0.6233204036696479,9,10,8.90040397644043,57.5,139680,0,25.158203125,32,96,False,cuda:0,io,7825,False,measured,2026-09-09 14:46:44,ok,0.3073008186696702,0.4076798130643654,0.3945630992816889,0.574465980511082,,,
DLinear,ETTh2,720,san_lite,2022,DLinear__ETTh2__h720__san_lite__s2022,0.42104844958804805,0.4387063580722567,0.6228412526546077,9,10,8.804678916931152,57.3,139680,0,25.158203125,32,96,False,cuda:0,io,7825,False,measured,2026-09-09 14:46:43,ok,0.3071808194138346,0.4077938650076839,0.39477017859921265,0.5744489267701914,,,
DLinear,ETTh2,720,san_lite,2023,DLinear__ETTh2__h720__san_lite__s2023,0.4209885338781534,0.4386602270194529,0.6228597760173357,9,10,8.870244026184082,57.4,139680,0,25.158203125,32,96,False,cuda:0,io,7825,False,measured,2026-09-09 14:46:44,ok,0.3071978315698653,0.40776006484845484,0.3945664980995338,0.5744297408523841,,,
DLinear,ETTh2,96,fredf,2021,DLinear__ETTh2__h96__fredf__s2021,0.3041684940614037,0.3606775596731492,0.22356328180715387,9,10,3.0231475830078125,25.0,18624,0,17.61572265625,32,96,False,cuda:0,loss,8449,False,measured,2026-09-09 00:06:42,ok,0.19784198312860055,0.2924886221980003,0.3468568485736276,0.3794865229761253,,,
DLinear,ETTh2,96,fredf,2022,DLinear__ETTh2__h96__fredf__s2022,0.30393841471276223,0.3606355131289037,0.22333584974859172,9,10,2.992868423461914,24.8,18624,0,17.61572265625,32,96,False,cuda:0,loss,8449,False,measured,2026-09-09 00:07:15,ok,0.1986410010820867,0.2924878536197182,0.34367440247460285,0.38095040135490055,,,
DLinear,ETTh2,96,fredf,2023,DLinear__ETTh2__h96__fredf__s2023,0.3074937213575003,0.3638393735889697,0.22557277772389306,9,10,3.047466278076172,25.1,18624,0,17.61572265625,32,96,False,cuda:0,loss,8449,False,measured,2026-09-09 00:07:47,ok,0.19954437368262057,0.29058505504431026,0.353470287773103,0.3863751671217828,,,
DLinear,ETTh2,96,none,2021,DLinear__ETTh2__h96__none__s2021,0.3414475216971123,0.39529316985241275,0.24302066326182123,1,5,2.471327781677246,11.9,18624,0,17.5654296875,32,96,False,cuda:0,io,8449,False,measured,2026-09-09 00:09:30,ok,0.1987029275642016,0.31558916205959897,0.3980860453833115,0.45341196405734224,,,
DLinear,ETTh2,96,none,2022,DLinear__ETTh2__h96__none__s2022,0.35104130960340385,0.40295009108356933,0.24467162872324888,7,10,2.4663209915161133,23.4,18624,0,17.5654296875,32,96,False,cuda:0,io,8449,False,measured,2026-09-09 00:10:01,ok,0.19764348246449215,0.3252138044828124,0.4085959926806215,0.4727119617567334,,,
DLinear,ETTh2,96,none,2023,DLinear__ETTh2__h96__none__s2023,0.3429639051599952,0.39668058169706466,0.242013378017752,2,6,2.4633407592773438,14.1,18624,0,17.5654296875,32,96,False,cuda:0,io,8449,False,measured,2026-09-09 00:10:22,ok,0.1992618937275121,0.31719018146341543,0.4029205322386648,0.4524830093402999,,,
DLinear,ETTh2,96,revin,2021,DLinear__ETTh2__h96__revin__s2021,0.2940605661324215,0.34180499666560826,0.21422613117953107,9,10,2.6993751525878906,24.3,18624,0,17.7724609375,32,96,False,cuda:0,io,8449,False,measured,2026-09-09 00:05:05,ok,0.18386660723360104,0.2817149623658712,0.33763838974368676,0.3730223107937463,,,
DLinear,ETTh2,96,revin,2022,DLinear__ETTh2__h96__revin__s2022,0.2945049063756016,0.3421085144379531,0.21411125921455013,9,10,2.7146339416503906,24.5,18624,0,17.7724609375,32,96,False,cuda:0,io,8449,False,measured,2026-09-09 00:05:37,ok,0.18445819765695615,0.28182206809348104,0.33859893841557653,0.3731404220324363,,,
DLinear,ETTh2,96,revin,2023,DLinear__ETTh2__h96__revin__s2023,0.2941698774941265,0.34177956613320676,0.2146479838667155,9,10,2.678513526916504,24.1,18624,0,17.7724609375,32,96,False,cuda:0,io,8449,False,measured,2026-09-09 00:06:09,ok,0.18474309379079648,0.28212444343888154,0.33730432635095653,0.3725076387147572,,,
DLinear,ETTh2,96,san_lite,2021,DLinear__ETTh2__h96__san_lite__s2021,0.30096728872863554,0.34823989802123523,0.2226265814953139,9,10,4.665851593017578,37.3,18624,0,17.9501953125,32,96,False,cuda:0,io,8449,False,measured,2026-09-09 14:39:58,ok,0.20469656359174063,0.2889994617340411,0.3367804127561009,0.3733927101827441,,,
DLinear,ETTh2,96,san_lite,2022,DLinear__ETTh2__h96__san_lite__s2022,0.30108535808916426,0.3483644046426339,0.22254181620788704,9,10,4.721999168395996,37.3,18624,0,17.9501953125,32,96,False,cuda:0,io,8449,False,measured,2026-09-09 14:39:58,ok,0.20532926730432602,0.28885535070682344,0.33650457700755076,0.37365224765083566,,,
DLinear,ETTh2,96,san_lite,2023,DLinear__ETTh2__h96__san_lite__s2023,0.30123164826421095,0.3483508130510801,0.22294621739497988,9,10,4.533052444458008,35.7,18624,0,17.9501953125,32,96,False,cuda:0,io,8449,False,measured,2026-09-09 14:40:02,ok,0.20556832625418953,0.289005215552172,0.33663650122875227,0.3737165454911087,,,
DLinear,ETTm1,192,fredf,2021,DLinear__ETTm1__h192__fredf__s2021,0.3825014111676104,0.38872222849000787,0.5188540504252604,9,10,3.304004669189453,86.9,37248,0,18.61474609375,32,96,False,cuda:0,loss,34273,False,measured,2026-09-09 02:42:40,ok,0.32192648177861694,0.3733611697580776,0.4164176552510887,0.4183003410769059,,,
DLinear,ETTm1,192,none,2021,DLinear__ETTm1__h192__none__s2021,0.3818147620004767,0.3910683811837565,0.509197988235104,2,6,2.807021141052246,49.1,37248,0,18.359375,32,96,False,cuda:0,io,34273,False,measured,2026-09-09 02:36:25,ok,0.32152792118814544,0.374176220619358,0.4136002968033044,0.4179546103227234,,,
DLinear,ETTm1,192,revin,2021,DLinear__ETTm1__h192__revin__s2021,0.39103801763584484,0.392400044236702,0.5362099847064461,2,6,3.0078887939453125,51.3,37248,0,18.6484375,32,96,False,cuda:0,io,34273,False,measured,2026-09-09 02:40:14,ok,0.32821109988151836,0.3837788035174447,0.4241303791518938,0.4280317879990238,,,
DLinear,ETTm1,192,san_lite,2021,DLinear__ETTm1__h192__san_lite__s2021,0.46114026154326115,0.43430608621532374,0.5723181080215187,9,10,5.359888076782227,160.4,37248,0,18.99365234375,32,96,False,cuda:0,io,34273,False,measured,2026-09-09 15:07:43,ok,0.42238519947558784,0.4356745019720314,0.514669351997886,0.47183198867050874,,,
DLinear,ETTm1,336,fredf,2021,DLinear__ETTm1__h336__fredf__s2021,0.414004440511554,0.4105048727213631,0.6486152169337854,4,8,3.4769773483276367,73.2,65184,0,20.06787109375,32,96,False,cuda:0,loss,34129,False,measured,2026-09-09 02:57:48,ok,0.3460534080083364,0.4087263347292427,0.4334376322814884,0.467800384377612,,,
DLinear,ETTm1,336,none,2021,DLinear__ETTm1__h336__none__s2021,0.41526691371955576,0.4150264291271241,0.635601695368616,1,5,2.936124801635742,42.6,65184,0,19.74267578125,32,96,False,cuda:0,io,34129,False,measured,2026-09-09 02:50:25,ok,0.3484546275382777,0.40681656601412036,0.4356427076983862,0.47015375820711713,,,
DLinear,ETTm1,336,revin,2021,DLinear__ETTm1__h336__revin__s2021,0.42367264570761287,0.41391052207301676,0.6876228474161653,8,10,3.158092498779297,88.8,65184,0,20.15478515625,32,96,False,cuda:0,io,34129,False,measured,2026-09-09 02:54:48,ok,0.3533227151340502,0.415972057602456,0.4442130038608246,0.48118280398670177,,,
DLinear,ETTm1,336,san_lite,2021,DLinear__ETTm1__h336__san_lite__s2021,0.49215419367990965,0.45354642865576883,0.7193406179403617,9,10,6.065845489501953,179.3,65184,0,20.75146484375,32,96,False,cuda:0,io,34129,False,measured,2026-09-09 15:10:52,ok,0.4312252562053206,0.49217033448539654,0.5104082928809414,0.5348128905144113,,,
DLinear,ETTm1,720,fredf,2021,DLinear__ETTm1__h720__fredf__s2021,0.47281734801742986,0.4476863035691094,0.9016545969320705,3,7,3.7616491317749023,68.3,139680,0,23.94384765625,32,96,False,cuda:0,loss,33745,False,measured,2026-09-09 03:29:13,ok,0.3761065699123627,0.46405957495259303,0.5078683529122173,0.5432348947130514,,,
DLinear,ETTm1,720,none,2021,DLinear__ETTm1__h720__none__s2021,0.472977177367423,0.4509398161361042,0.8779210195163073,1,5,3.180861473083496,46.2,139680,0,23.2568359375,32,96,False,cuda:0,io,33745,False,measured,2026-09-09 03:05:35,ok,0.3714814207117409,0.4647050612312285,0.5096463528411843,0.5460758682785444,,,
DLinear,ETTm1,720,revin,2021,DLinear__ETTm1__h720__revin__s2021,0.4865235679187255,0.4490682883382344,1.0072448466671313,3,7,3.453969955444336,67.2,139680,0,23.9970703125,32,96,False,cuda:0,io,33745,False,measured,2026-09-09 03:17:09,ok,0.3794609411368141,0.47692729057465993,0.5241489509536057,0.5655570775693411,,,
DLinear,ETTm1,720,san_lite,2021,DLinear__ETTm1__h720__san_lite__s2021,0.5411959936667777,0.4823551305353166,1.0336557440657592,9,10,7.545351982116699,205.9,139680,0,25.263671875,32,96,False,cuda:0,io,33745,False,measured,2026-09-09 15:16:48,ok,0.4568474540541648,0.5358878277520416,0.5691072550492431,0.602941443553946,,,
DLinear,ETTm1,96,fredf,2021,DLinear__ETTm1__h96__fredf__s2021,0.34225930889758066,0.36663674676419544,0.3955839985758734,9,10,2.9811859130859375,80.3,18624,0,17.64501953125,32,96,False,cuda:0,loss,34369,False,measured,2026-09-09 02:32:10,ok,0.2574580302918434,0.37633083539569795,0.3747038130976265,0.36054455420890674,,,
DLinear,ETTm1,96,none,2021,DLinear__ETTm1__h96__none__s2021,0.3459462677519483,0.37370895032176155,0.3970869241750053,2,6,2.521991729736328,45.2,18624,0,17.5947265625,32,96,False,cuda:0,io,34369,False,measured,2026-09-09 02:29:41,ok,0.25433645128867055,0.3819464061368914,0.38191676867241736,0.3655854388261271,,,
DLinear,ETTm1,96,revin,2021,DLinear__ETTm1__h96__revin__s2021,0.35383972794559704,0.37475630939162075,0.4098944116123172,2,6,2.7337074279785156,47.6,18624,0,17.8017578125,32,96,False,cuda:0,io,34369,False,measured,2026-09-09 02:25:16,ok,0.25706774730896975,0.39199883238355665,0.3929275390413949,0.37336478784945104,,,
DLinear,ETTm1,96,san_lite,2021,DLinear__ETTm1__h96__san_lite__s2021,0.4259059423454804,0.41485334217492476,0.4516322783319804,9,10,4.715442657470703,126.5,18624,0,17.9794921875,32,96,False,cuda:0,io,34369,False,measured,2026-09-09 15:05:34,ok,0.3545017513722093,0.48441421044683813,0.4484215889048661,0.4162862202645821,,,
DLinear,ETTm2,192,fredf,2021,DLinear__ETTm2__h192__fredf__s2021,0.25148721061336055,0.32300980960382925,0.17113805189495426,5,9,3.304004669189453,78.2,37248,0,18.61474609375,32,96,False,cuda:0,loss,34273,False,measured,2026-09-09 02:45:32,ok,0.15549396321031028,0.2247590434667972,0.29614982643826543,0.3295460079695447,,,
DLinear,ETTm2,192,none,2021,DLinear__ETTm2__h192__none__s2021,0.28470460421205984,0.36291124865314567,0.1885760973267378,0,4,2.796769142150879,32.8,37248,0,18.359375,32,96,False,cuda:0,io,34273,False,measured,2026-09-09 02:39:15,ok,0.15722821721257252,0.2554304539791658,0.33812166939905564,0.3880380769955796,,,
DLinear,ETTm2,192,revin,2021,DLinear__ETTm2__h192__revin__s2021,0.24635372439598843,0.3045820572701256,0.17101406138235362,1,5,3.0295848846435547,42.7,37248,0,18.6484375,32,96,False,cuda:0,io,34273,False,measured,2026-09-09 02:41:05,ok,0.14456517886585604,0.22081682274013473,0.291149483511811,0.3288834107769096,,,
DLinear,ETTm2,192,san_lite,2021,DLinear__ETTm2__h192__san_lite__s2021,0.2517824519865054,0.307662038192716,0.1745532476361202,9,10,5.354523658752441,162.9,37248,0,18.99365234375,32,96,False,cuda:0,io,34273,False,measured,2026-09-09 15:08:16,ok,0.15265542450984435,0.22837856550044713,0.2949878966712718,0.3311079233415355,,,
DLinear,ETTm2,336,fredf,2021,DLinear__ETTm2__h336__fredf__s2021,0.3240977452167506,0.37893260470573176,0.2238325028807256,9,10,3.4546852111816406,90.6,65184,0,20.06787109375,32,96,False,cuda:0,loss,34129,False,measured,2026-09-09 03:02:49,ok,0.19364154410694528,0.3088718264224429,0.38128744832803946,0.4125901659251793,,,
DLinear,ETTm2,336,none,2021,DLinear__ETTm2__h336__none__s2021,0.3849273938986147,0.4294671354656078,0.2526293649973016,1,5,2.925872802734375,42.5,65184,0,19.74267578125,32,96,False,cuda:0,io,34129,False,measured,2026-09-09 02:53:11,ok,0.20034699846197396,0.3428744483570262,0.46442551367474383,0.5320626067620182,,,
DLinear,ETTm2,336,revin,2021,DLinear__ETTm2__h336__revin__s2021,0.3063775127294733,0.34203260817556236,0.21748274894454667,2,6,3.146648406982422,53.1,65184,0,20.15478515625,32,96,False,cuda:0,io,34129,False,measured,2026-09-09 02:56:27,ok,0.17718290473423565,0.29487647437903297,0.35911961318561747,0.3943310596878381,,,
DLinear,ETTm2,336,san_lite,2021,DLinear__ETTm2__h336__san_lite__s2021,0.31136719834693277,0.34434365341107037,0.21913021092367888,9,10,5.612969398498535,162.7,65184,0,20.75146484375,32,96,False,cuda:0,io,34129,False,measured,2026-09-09 15:12:31,ok,0.18465614440226966,0.2994928115322078,0.36253710119380295,0.3987827368568585,,,
DLinear,ETTm2,720,fredf,2021,DLinear__ETTm2__h720__fredf__s2021,0.4502611454687493,0.45954535534307156,0.308889317006743,2,6,3.756880760192871,58.7,139680,0,23.94384765625,32,96,False,cuda:0,loss,33745,False,measured,2026-09-09 03:30:20,ok,0.2707630816958686,0.4349641861525836,0.5063072449522982,0.5890100691702501,,,
DLinear,ETTm2,720,none,2021,DLinear__ETTm2__h720__none__s2021,0.5561041708041873,0.5234869001734619,0.35669216963762174,2,6,3.2079219818115234,55.5,139680,0,23.2568359375,32,96,False,cuda:0,io,33745,False,measured,2026-09-09 03:15:54,ok,0.28521335611847626,0.5281881356846767,0.6416677730745184,0.7693474283027961,,,
DLinear,ETTm2,720,revin,2021,DLinear__ETTm2__h720__revin__s2021,0.4068249889466632,0.3977879962696929,0.2889624917639947,5,9,3.450155258178711,86.4,139680,0,23.9970703125,32,96,False,cuda:0,io,33745,False,measured,2026-09-09 03:23:50,ok,0.24640745972824496,0.3934116665360278,0.45036224466231245,0.5371185841316544,,,
DLinear,ETTm2,720,san_lite,2021,DLinear__ETTm2__h720__san_lite__s2021,0.4102469053118233,0.39903479738359215,0.2886901381063909,9,10,7.61866569519043,207.9,139680,0,25.263671875,32,96,False,cuda:0,io,33745,False,measured,2026-09-09 15:17:06,ok,0.2519339610068407,0.39695562483476327,0.45172697914212334,0.5403710417124226,,,
DLinear,ETTm2,96,fredf,2021,DLinear__ETTm2__h96__fredf__s2021,0.18291429589015065,0.27005796383305913,0.12408541674314345,5,9,3.0448436737060547,73.8,18624,0,17.64501953125,32,96,False,cuda:0,loss,34369,False,measured,2026-09-09 02:35:27,ok,0.11364185018751588,0.18051976428036376,0.21171709648684497,0.22577847674165286,,,
DLinear,ETTm2,96,none,2021,DLinear__ETTm2__h96__none__s2021,0.1934284578657056,0.292817099013651,0.13184527515706712,3,7,2.496957778930664,52.8,18624,0,17.5947265625,32,96,False,cuda:0,io,34369,False,measured,2026-09-09 02:30:41,ok,0.11127303144275114,0.189807197344157,0.2276733608266873,0.244960243744036,,,
DLinear,ETTm2,96,revin,2021,DLinear__ETTm2__h96__revin__s2021,0.18193664229063986,0.265086386383381,0.12685040985207588,1,5,2.7391910552978516,39.8,18624,0,17.8017578125,32,96,False,cuda:0,io,34369,False,measured,2026-09-09 02:28:47,ok,0.10908541287243408,0.17878419602222836,0.21377151510302964,0.22610544335696026,,,
DLinear,ETTm2,96,san_lite,2021,DLinear__ETTm2__h96__san_lite__s2021,0.18985275966047657,0.27004051190609113,0.13176216299290133,1,5,4.776239395141602,63.8,18624,0,17.9794921875,32,96,False,cuda:0,io,34369,False,measured,2026-09-09 15:05:21,ok,0.11976971969235721,0.1846444533537808,0.21828072065883244,0.23671614473230876,,,
DLinear,Electricity,192,fredf,2021,DLinear__Electricity__h192__fredf__s2021,0.1961250273018351,0.2810069828391817,0.17127719361951466,9,10,6.729245185852051,174.7,37248,0,60.2705078125,16,96,True,cuda:0,loss,18125,False,measured,2026-09-09 05:45:50,ok,0.18812946714517084,0.19777622443004914,0.18165349346981796,0.21694092274647672,,,
DLinear,Electricity,192,none,2021,DLinear__Electricity__h192__none__s2021,0.19947577237743874,0.2900899141708935,0.17439834314494315,9,10,6.227970123291016,169.1,37248,0,49.77490234375,16,96,True,cuda:0,io,18125,False,measured,2026-09-09 05:34:22,ok,0.1909060447976408,0.20120326859771712,0.18576377891868212,0.22002999417944177,,,
DLinear,Electricity,192,revin,2021,DLinear__Electricity__h192__revin__s2021,0.20261836999368957,0.286198870123305,0.17767157067604794,9,10,6.428718566894531,173.0,37248,0,54.28125,16,96,True,cuda:0,io,18125,False,measured,2026-09-09 05:41:00,ok,0.19343304126281327,0.20360501580142154,0.18854615141279876,0.22488927234718092,,,
DLinear,Electricity,192,san_lite,2021,DLinear__Electricity__h192__san_lite__s2021,0.2191752430210819,0.29784399058247996,0.192256168529247,9,10,17.004847526550293,403.2,37248,0,66.2099609375,16,96,True,cuda:0,io,18125,False,measured,2026-09-09 15:42:58,ok,0.2104822547800774,0.22936906366358056,0.19900094430686707,0.23784870957723006,,,
DLinear,Electricity,336,fredf,2021,DLinear__Electricity__h336__fredf__s2021,0.2098211563940396,0.29746249905636546,0.18400535176596255,9,10,8.083820343017578,209.6,65184,0,89.8974609375,16,96,True,cuda:0,loss,17981,False,measured,2026-09-09 06:07:52,ok,0.18939584797163733,0.1731431934961476,0.2544173585384807,0.2223282269795167,,,
DLinear,Electricity,336,none,2021,DLinear__Electricity__h336__none__s2021,0.21254030216755448,0.3054578575509026,0.18678629107027578,9,10,7.3958635330200195,202.3,65184,0,71.115234375,16,96,True,cuda:0,io,17981,False,measured,2026-09-09 05:54:54,ok,0.1913596222037191,0.17625377419286692,0.2567906354919688,0.22575717826425018,,,
DLinear,Electricity,336,revin,2021,DLinear__Electricity__h336__revin__s2021,0.21733148345660355,0.30103648314786324,0.1924344761456398,9,10,7.687211036682129,207.2,65184,0,74.32568359375,16,96,True,cuda:0,io,17981,False,measured,2026-09-09 05:58:34,ok,0.1942106617402265,0.17946384157839623,0.2643031642438125,0.23134826587491902,,,
DLinear,Electricity,336,san_lite,2021,DLinear__Electricity__h336__san_lite__s2021,0.23443191590126372,0.31252781857055884,0.20667877954357564,9,10,19.013524055480957,451.7,65184,0,90.62939453125,16,96,True,cuda:0,io,17981,False,measured,2026-09-09 15:43:57,ok,0.21476682159979563,0.19407304893931093,0.2832014822466268,0.2456863112145862,,,
DLinear,Electricity,720,fredf,2021,DLinear__Electricity__h720__fredf__s2021,0.24622344693685067,0.33147702478395946,0.2127404195531313,9,10,12.021899223327637,308.2,139680,0,167.1201171875,16,96,True,cuda:0,loss,17597,False,measured,2026-09-09 06:32:29,ok,0.18505324660364877,0.23443884573749,0.26617194599771515,0.29922974893312715,,,
DLinear,Electricity,720,none,2021,DLinear__Electricity__h720__none__s2021,0.24781918517729584,0.33756257176403764,0.21563121653209616,9,10,11.103510856628418,297.8,139680,0,127.6962890625,16,96,True,cuda:0,io,17597,False,measured,2026-09-09 06:52:09,ok,0.1863936943253727,0.23555176428639701,0.26744057274752103,0.30189071131246736,,,
DLinear,Electricity,720,revin,2021,DLinear__Electricity__h720__revin__s2021,0.25877823975743025,0.33279327661366015,0.22713061814820876,9,10,11.38007640838623,300.9,139680,0,135.55859375,16,96,True,cuda:0,io,17597,False,measured,2026-09-09 06:24:17,ok,0.19005996921169405,0.24452251657748383,0.28165728291601033,0.3188731911459215,,,
DLinear,Electricity,720,san_lite,2021,DLinear__Electricity__h720__san_lite__s2021,0.2749637834221705,0.343106002265311,0.24045513684572337,9,10,24.188518524169922,565.6,139680,0,166.14501953125,16,96,True,cuda:0,io,17597,False,measured,2026-09-09 15:47:38,ok,0.2067838975569973,0.2608906684183709,0.2978693871802055,0.3343111809384523,,,
DLinear,Electricity,96,fredf,2021,DLinear__Electricity__h96__fredf__s2021,0.1970392438697832,0.27761950215316356,0.17518725263395363,9,10,5.830526351928711,149.2,18624,0,41.779296875,16,96,True,cuda:0,loss,18221,False,measured,2026-09-09 05:28:42,ok,0.16568067329317318,0.22582809373189083,0.21789340819377442,0.17875480093175355,,,
DLinear,Electricity,96,none,2021,DLinear__Electricity__h96__none__s2021,0.19984269516654266,0.2868583331582002,0.1778345791600096,9,10,5.275726318359375,142.1,18624,0,35.7958984375,16,96,True,cuda:0,io,18221,False,measured,2026-09-09 04:40:32,ok,0.1683653601002899,0.2288082099637201,0.2207132975812616,0.18148391548048728,,,
DLinear,Electricity,96,revin,2021,DLinear__Electricity__h96__revin__s2021,0.20250816505160946,0.2832369961282701,0.18021290232553408,9,10,5.425810813903809,146.3,18624,0,43.2421875,16,96,True,cuda:0,io,18221,False,measured,2026-09-09 05:20:56,ok,0.1698558858432321,0.23292006040711408,0.22409608314107687,0.18316063025898058,,,
DLinear,Electricity,96,san_lite,2021,DLinear__Electricity__h96__san_lite__s2021,0.22431537817735459,0.29754029140635446,0.19917613560526304,9,10,10.42473316192627,264.4,18624,0,48.9482421875,16,96,True,cuda:0,io,18221,False,measured,2026-09-09 15:36:05,ok,0.18964054084324086,0.2466047612407254,0.24649687518779687,0.21451933419597338,,,
DLinear,Exchange,192,fredf,2021,DLinear__Exchange__h192__fredf__s2021,0.1843219934965031,0.3244166223172149,0.397776321563095,4,8,3.3032894134521484,13.6,37248,0,18.77880859375,32,96,False,cuda:0,loss,5024,False,measured,2026-09-08 23:54:34,ok,0.07212035150616956,0.15000634637083943,0.22137441160789442,0.29378686133208376,,,
DLinear,Exchange,192,fredf,2022,DLinear__Exchange__h192__fredf__s2022,0.18238283174609707,0.32195252207069913,0.39168435394519524,9,10,3.2733678817749023,16.8,37248,0,18.77880859375,32,96,False,cuda:0,loss,5024,False,measured,2026-09-08 23:54:59,ok,0.07334648431880449,0.14697201550756045,0.21887577288489568,0.2903370476206563,,,
DLinear,Exchange,192,fredf,2023,DLinear__Exchange__h192__fredf__s2023,0.18261252461275665,0.32330963610404095,0.39989271761732764,9,10,3.276705741882324,16.8,37248,0,18.77880859375,32,96,False,cuda:0,loss,5024,False,measured,2026-09-08 23:55:23,ok,0.07103811372108963,0.14811857034676545,0.21998827551787015,0.2913051410730368,,,
DLinear,Exchange,192,none,2021,DLinear__Exchange__h192__none__s2021,0.18616556414052313,0.3248574845211898,0.46303209730527106,3,7,2.778291702270508,11.4,37248,0,18.630859375,32,96,False,cuda:0,io,5024,False,measured,2026-09-08 23:51:39,ok,0.053516173479954965,0.14078239303844517,0.22976738842398062,0.32059630805176065,,,
DLinear,Exchange,192,none,2022,DLinear__Exchange__h192__none__s2022,0.18509166764517776,0.3238651396462281,0.46074202302330475,6,10,2.7812719345092773,16.0,37248,0,18.630859375,32,96,False,cuda:0,io,5024,False,measured,2026-09-08 23:52:03,ok,0.05377945167660084,0.1385699777928068,0.2289993934906446,0.3190178476599906,,,
DLinear,Exchange,192,none,2023,DLinear__Exchange__h192__none__s2023,0.18660670276141275,0.3269216140470893,0.45873557047740576,1,5,2.749323844909668,8.2,37248,0,18.630859375,32,96,False,cuda:0,io,5024,False,measured,2026-09-08 23:52:19,ok,0.058621941498387564,0.14544947018079898,0.23012864886365866,0.3122267468924676,,,
DLinear,Exchange,192,revin,2021,DLinear__Exchange__h192__revin__s2021,0.17935334527354674,0.3017925899672472,0.24188053754595334,9,10,3.000020980834961,16.5,37248,0,18.9609375,32,96,False,cuda:0,io,5024,False,measured,2026-09-08 23:52:43,ok,0.04904456448808214,0.13311472822256037,0.2210738998273544,0.3141801885515077,,,
DLinear,Exchange,192,revin,2022,DLinear__Exchange__h192__revin__s2022,0.17942050703210768,0.3018135509040261,0.2416761707826602,9,10,3.0461549758911133,16.6,37248,0,18.9609375,32,96,False,cuda:0,io,5024,False,measured,2026-09-08 23:53:07,ok,0.04914866777159397,0.1333230306788185,0.22161265206698824,0.3135976799341858,,,
DLinear,Exchange,192,revin,2023,DLinear__Exchange__h192__revin__s2023,0.17937072190044512,0.3017373612443666,0.24157268231419282,9,10,2.9740333557128906,16.4,37248,0,18.9609375,32,96,False,cuda:0,io,5024,False,measured,2026-09-08 23:53:31,ok,0.048776998827510167,0.13269600772068033,0.22146370337668256,0.3145461756869019,,,
DLinear,Exchange,192,san_lite,2021,DLinear__Exchange__h192__san_lite__s2021,0.19820139239096893,0.3184658173282522,0.2550642832581174,9,10,5.618810653686523,27.6,37248,0,19.35546875,32,96,False,cuda:0,io,5024,False,measured,2026-09-09 14:37:48,ok,0.06153152597217801,0.15052816246684442,0.24283893651466174,0.3379069403742893,,,
DLinear,Exchange,192,san_lite,2022,DLinear__Exchange__h192__san_lite__s2022,0.1982301854200253,0.31851482774936835,0.254940150282714,9,10,5.766749382019043,27.6,37248,0,19.35546875,32,96,False,cuda:0,io,5024,False,measured,2026-09-09 14:37:48,ok,0.061728521432800616,0.150803788119338,0.2430137652677169,0.3373746776634003,,,
DLinear,Exchange,192,san_lite,2023,DLinear__Exchange__h192__san_lite__s2023,0.1982273490900008,0.3184453298723116,0.25501383964122915,9,10,5.494952201843262,26.1,37248,0,19.35546875,32,96,False,cuda:0,io,5024,False,measured,2026-09-09 14:37:53,ok,0.061374341593067316,0.15031561631823587,0.24303478137494006,0.33818465056971964,,,
DLinear,Exchange,336,fredf,2021,DLinear__Exchange__h336__fredf__s2021,0.30420679497052217,0.4263515360224171,1.002772302280287,2,6,3.4252405166625977,10.5,65184,0,20.34619140625,32,96,False,cuda:0,loss,4880,False,measured,2026-09-08 23:58:49,ok,0.11393693596816219,0.2364800861557815,0.36425978191459263,0.5021503848333554,,,
DLinear,Exchange,336,fredf,2022,DLinear__Exchange__h336__fredf__s2022,0.30316679956603515,0.4240374529393422,0.9946919212020746,5,9,3.475069999694824,15.3,65184,0,20.34619140625,32,96,False,cuda:0,loss,4880,False,measured,2026-09-08 23:59:12,ok,0.10891071075382815,0.23512170853828812,0.3638363585455971,0.5047984266202367,,,
DLinear,Exchange,336,fredf,2023,DLinear__Exchange__h336__fredf__s2023,0.30330337777682176,0.42520020131224945,0.995869027786896,4,8,3.386855125427246,13.5,65184,0,20.34619140625,32,96,False,cuda:0,loss,4880,False,measured,2026-09-08 23:59:33,ok,0.11165871805515241,0.23697501139664442,0.36183875270176447,0.5027410204486819,,,
DLinear,Exchange,336,none,2021,DLinear__Exchange__h336__none__s2021,0.3268102827679956,0.43416184082719744,1.0734784841671043,6,10,2.908945083618164,15.9,65184,0,19.9296875,32,96,False,cuda:0,io,4880,False,measured,2026-09-08 23:55:47,ok,0.08548673895344434,0.23740254375513611,0.40411149031514076,0.5802403678873679,,,
DLinear,Exchange,336,none,2022,DLinear__Exchange__h336__none__s2022,0.3193399983960014,0.4302437536165703,1.0545939537924545,2,6,2.9277801513671875,9.8,65184,0,19.9296875,32,96,False,cuda:0,io,4880,False,measured,2026-09-08 23:56:04,ok,0.08773736678344218,0.23795909964400033,0.3898284153409627,0.5618351006592399,,,
DLinear,Exchange,336,none,2023,DLinear__Exchange__h336__none__s2023,0.3230197384897069,0.43325370006024927,1.0668895458574055,2,6,2.9048919677734375,9.7,65184,0,19.9296875,32,96,False,cuda:0,io,4880,False,measured,2026-09-08 23:56:22,ok,0.09021919770909925,0.2390078534103883,0.3959629874856261,0.5668889152927813,,,
DLinear,Exchange,336,revin,2021,DLinear__Exchange__h336__revin__s2021,0.32415805186861113,0.41168274240522207,0.41425293994550944,9,10,3.1207799911499023,16.3,65184,0,20.400390625,32,96,False,cuda:0,io,4880,False,measured,2026-09-08 23:56:46,ok,0.07935587593559369,0.23772799029367614,0.405358725147948,0.5741896055054677,,,
DLinear,Exchange,336,revin,2022,DLinear__Exchange__h336__revin__s2022,0.32415849155311993,0.4117081331482499,0.4139102044626444,9,10,3.089308738708496,16.4,65184,0,20.400390625,32,96,False,cuda:0,io,4880,False,measured,2026-09-08 23:57:10,ok,0.07963167463532302,0.2374176744210466,0.40551935809758,0.5740652527699452,,,
DLinear,Exchange,336,revin,2023,DLinear__Exchange__h336__revin__s2023,0.3241521466336409,0.4117071981463095,0.4142626910383294,9,10,3.1288862228393555,16.3,65184,0,20.400390625,32,96,False,cuda:0,io,4880,False,measured,2026-09-08 23:57:34,ok,0.07983688991728441,0.23711019013163762,0.4060987508882399,0.5735627636211384,,,
DLinear,Exchange,336,san_lite,2021,DLinear__Exchange__h336__san_lite__s2021,0.3459374023073581,0.42715484653565416,0.4390306044292717,9,10,6.775975227355957,30.0,65184,0,21.08203125,32,96,False,cuda:0,io,4880,False,measured,2026-09-09 14:38:31,ok,0.09538861343820357,0.2597749329159093,0.42893878662219287,0.5996472887084311,,,
DLinear,Exchange,336,san_lite,2022,DLinear__Exchange__h336__san_lite__s2022,0.3459598752418981,0.42719734640031554,0.4388083526867778,9,10,6.4334869384765625,29.8,65184,0,21.08203125,32,96,False,cuda:0,io,4880,False,measured,2026-09-09 14:38:31,ok,0.09560557279395722,0.2596527132604203,0.42898610183233304,0.5995951236739914,,,
DLinear,Exchange,336,san_lite,2023,DLinear__Exchange__h336__san_lite__s2023,0.3460685294138013,0.4272589520245476,0.43922715558391323,9,10,6.568193435668945,28.6,65184,0,21.08203125,32,96,False,cuda:0,io,4880,False,measured,2026-09-09 14:38:36,ok,0.09568710631099829,0.25950950608419837,0.4295268447724658,0.5995506759618601,,,
DLinear,Exchange,720,fredf,2021,DLinear__Exchange__h720__fredf__s2021,0.5621336139964712,0.5978495008000687,2.5633202198721206,0,4,3.753781318664551,6.7,139680,0,25.35498046875,32,96,False,cuda:0,loss,4496,False,measured,2026-09-09 00:01:31,ok,0.25664654471617127,0.4807609802482852,0.7148573111770744,0.7962696600876557,,,
DLinear,Exchange,720,fredf,2022,DLinear__Exchange__h720__fredf__s2022,0.5822955147199597,0.6064371608818052,2.6462749698297765,0,4,3.7012100219726562,6.7,139680,0,25.35498046875,32,96,False,cuda:0,loss,4496,False,measured,2026-09-09 00:01:45,ok,0.2540732203088275,0.4935052839943174,0.7303123503300979,0.8512911810977184,,,
DLinear,Exchange,720,fredf,2023,DLinear__Exchange__h720__fredf__s2023,0.5776551261780754,0.6050591396840626,2.627392842776084,0,4,3.7249326705932617,6.7,139680,0,25.35498046875,32,96,False,cuda:0,loss,4496,False,measured,2026-09-09 00:01:59,ok,0.25515494000605476,0.4903452575995178,0.7420339299523044,0.8230863872393697,,,
DLinear,Exchange,720,none,2021,DLinear__Exchange__h720__none__s2021,0.7490575651775924,0.6637014305648018,3.159862354971206,0,4,3.145933151245117,6.3,139680,0,23.64453125,32,96,False,cuda:0,io,4496,False,measured,2026-09-08 23:53:45,ok,0.19600230813881242,0.5572912762969093,1.0371888736402448,1.2057478094193903,,,
DLinear,Exchange,720,none,2022,DLinear__Exchange__h720__none__s2022,0.778242420014881,0.6733012646361999,3.229884598894817,0,4,3.213167190551758,6.4,139680,0,23.64453125,32,96,False,cuda:0,io,4496,False,measured,2026-09-08 23:53:59,ok,0.193215673914492,0.5788849088266613,1.0675834023099329,1.2732857069309227,,,
DLinear,Exchange,720,none,2023,DLinear__Exchange__h720__none__s2023,0.7681015248353088,0.6703499063413743,3.2055993553099595,0,4,3.1856298446655273,6.4,139680,0,23.64453125,32,96,False,cuda:0,io,4496,False,measured,2026-09-08 23:54:13,ok,0.19332482607485907,0.5827012862876343,1.0666341566700883,1.2297458051938062,,,
DLinear,Exchange,720,revin,2021,DLinear__Exchange__h720__revin__s2021,0.8732293362937509,0.7078780188861912,1.3776687415311653,0,4,3.387331962585449,6.5,139680,0,24.490234375,32,96,False,cuda:0,io,4496,False,measured,2026-09-08 23:59:47,ok,0.2103192018687858,0.6131638557864112,1.0932964208895568,1.576137825440843,,,
DLinear,Exchange,720,revin,2022,DLinear__Exchange__h720__revin__s2022,0.872455690618147,0.7075265321914813,1.376681328336721,0,4,3.3909082412719727,6.5,139680,0,24.490234375,32,96,False,cuda:0,io,4496,False,measured,2026-09-09 00:00:01,ok,0.2101232931314571,0.6138210888062967,1.0931354875718609,1.5727429038533527,,,
DLinear,Exchange,720,revin,2023,DLinear__Exchange__h720__revin__s2023,0.8723979426240297,0.7074847729947699,1.377294988037771,0,4,3.4182071685791016,6.5,139680,0,24.490234375,32,96,False,cuda:0,io,4496,False,measured,2026-09-09 00:00:16,ok,0.21031582074676078,0.6146952140923829,1.0903036748788641,1.5742770536601194,,,
DLinear,Exchange,720,san_lite,2021,DLinear__Exchange__h720__san_lite__s2021,0.8818685252764071,0.7121956417601077,1.256031133553523,9,10,7.664084434509277,29.5,139680,0,25.9375,32,96,False,cuda:0,io,4496,False,measured,2026-09-09 14:39:11,ok,0.21346212717655458,0.6211094279561126,1.1027051380403659,1.5901973895261758,,,
DLinear,Exchange,720,san_lite,2022,DLinear__Exchange__h720__san_lite__s2022,0.8813581942051308,0.7119855234331488,1.2566508802295053,9,10,7.566094398498535,29.4,139680,0,25.9375,32,96,False,cuda:0,io,4496,False,measured,2026-09-09 14:39:11,ok,0.21341943418639792,0.6210595091964103,1.1027554868821878,1.588198370231091,,,
DLinear,Exchange,720,san_lite,2023,DLinear__Exchange__h720__san_lite__s2023,0.8815259499524636,0.7120503488539056,1.2561533031101795,9,10,7.16090202331543,27.5,139680,0,25.9375,32,96,False,cuda:0,io,4496,False,measured,2026-09-09 14:39:15,ok,0.21346572593364901,0.6212767240887265,1.1017538221790013,1.5896075369288616,,,
DLinear,Exchange,96,fredf,2021,DLinear__Exchange__h96__fredf__s2021,0.10183552627098488,0.2346202756002706,0.19024908022772996,9,10,3.215909004211426,16.8,18624,0,17.73291015625,32,96,False,cuda:0,loss,5120,False,measured,2026-09-08 23:49:43,ok,0.044525540250877904,0.08348172346057532,0.12078144935392406,0.15855339049342873,,,
DLinear,Exchange,96,fredf,2022,DLinear__Exchange__h96__fredf__s2022,0.1011136117475557,0.23407134437471613,0.19049708717747738,9,10,3.184080123901367,16.7,18624,0,17.73291015625,32,96,False,cuda:0,loss,5120,False,measured,2026-09-08 23:50:07,ok,0.04510687002816106,0.07983693694525545,0.11676001827770899,0.16275062232657714,,,
DLinear,Exchange,96,fredf,2023,DLinear__Exchange__h96__fredf__s2023,0.1021588025269685,0.23434010392558782,0.18554906199749252,9,10,3.21352481842041,16.7,18624,0,17.73291015625,32,96,False,cuda:0,loss,5120,False,measured,2026-09-08 23:50:31,ok,0.0463749235956565,0.08094979418058296,0.11912304343130882,0.16218744809715277,,,
DLinear,Exchange,96,none,2021,DLinear__Exchange__h96__none__s2021,0.09834261556438477,0.23267766426719527,0.21193830064663613,1,5,2.6612281799316406,8.1,18624,0,17.6767578125,32,96,False,cuda:0,io,5120,False,measured,2026-09-08 23:50:47,ok,0.03591560722552275,0.07694387748711723,0.1181850817571475,0.162325898750366,,,
DLinear,Exchange,96,none,2022,DLinear__Exchange__h96__none__s2022,0.0958994915940311,0.22983165777629383,0.2009716282512311,1,5,2.676725387573242,8.2,18624,0,17.6767578125,32,96,False,cuda:0,io,5120,False,measured,2026-09-08 23:51:03,ok,0.03740271361478361,0.07313566152582734,0.11511505444425403,0.15794453825286392,,,
DLinear,Exchange,96,none,2023,DLinear__Exchange__h96__none__s2023,0.092688542601652,0.22380782582085848,0.19274243232899144,2,6,2.66110897064209,9.8,18624,0,17.6767578125,32,96,False,cuda:0,io,5120,False,measured,2026-09-08 23:51:20,ok,0.03434954021096342,0.07031744795965368,0.11074939661995938,0.1553377897417076,,,
DLinear,Exchange,96,revin,2021,DLinear__Exchange__h96__revin__s2021,0.08866909027546714,0.20935969010687075,0.1423709702073482,9,10,2.8955936431884766,16.3,18624,0,17.9130859375,32,96,False,cuda:0,io,5120,False,measured,2026-09-08 23:48:30,ok,0.029399859021250568,0.06497487241548101,0.10736189550028978,0.15293973706054872,,,
DLinear,Exchange,96,revin,2022,DLinear__Exchange__h96__revin__s2022,0.08853158367334035,0.20924167905790506,0.14252167943127472,9,10,2.8951168060302734,16.3,18624,0,17.9130859375,32,96,False,cuda:0,io,5120,False,measured,2026-09-08 23:48:54,ok,0.029406747318571982,0.06499635315890107,0.10629187006393315,0.1534313640115801,,,
DLinear,Exchange,96,revin,2023,DLinear__Exchange__h96__revin__s2023,0.08905966791590222,0.2097138133453641,0.1423349676873152,9,10,2.8839111328125,16.4,18624,0,17.9130859375,32,96,False,cuda:0,io,5120,False,measured,2026-09-08 23:49:18,ok,0.02950592539842999,0.06494278002546056,0.10756293243994484,0.15422703885589892,,,
DLinear,Exchange,96,san_lite,2021,DLinear__Exchange__h96__san_lite__s2021,0.10400218232606868,0.22800436592191473,0.15038338089945322,9,10,5.8116912841796875,28.4,18624,0,18.1162109375,32,96,False,cuda:0,io,5120,False,measured,2026-09-09 14:37:09,ok,0.03979998830266199,0.07976445235465678,0.12436466832700689,0.1720796219770527,,,
DLinear,Exchange,96,san_lite,2022,DLinear__Exchange__h96__san_lite__s2022,0.10389590453386195,0.22793527617456763,0.15048685527983166,9,10,5.581378936767578,28.2,18624,0,18.1162109375,32,96,False,cuda:0,io,5120,False,measured,2026-09-09 14:37:09,ok,0.039831931925908365,0.07981994768986246,0.12361786203206537,0.17231387467561507,,,
DLinear,Exchange,96,san_lite,2023,DLinear__Exchange__h96__san_lite__s2023,0.10427904833218217,0.22826371078920432,0.15040984763238663,9,10,5.987048149108887,26.5,18624,0,18.1162109375,32,96,False,cuda:0,io,5120,False,measured,2026-09-09 14:37:13,ok,0.03988073322314208,0.07977083324163496,0.12454965698327108,0.1729149712931646,,,
DLinear,ILI,24,fredf,2021,DLinear__ILI__h24__fredf__s2021,4.782100252210259,1.654740533908876,0.9655312694024242,9,10,2.860546112060547,7.7,1776,0,16.599609375,32,36,False,cuda:0,loss,617,False,measured,2026-09-08 23:18:20,ok,4.6296016746542366,5.3411530246253776,4.940163981547209,4.217482522488976,,,
DLinear,ILI,24,fredf,2022,DLinear__ILI__h24__fredf__s2022,4.770558418679972,1.6537202466435794,0.9514994971080176,9,10,2.8520822525024414,7.7,1776,0,16.599609375,32,36,False,cuda:0,loss,617,False,measured,2026-09-08 23:18:35,ok,4.578219448484961,5.324740912600392,4.948485114260548,4.230788062600529,,,
DLinear,ILI,24,fredf,2023,DLinear__ILI__h24__fredf__s2023,4.789502346348696,1.6600158862373073,0.9570559939822635,9,10,2.8728246688842773,7.7,1776,0,16.599609375,32,36,False,cuda:0,loss,617,False,measured,2026-09-08 23:18:50,ok,4.613163317084646,5.300726600454635,5.014802316190148,4.229316944368079,,,
DLinear,ILI,24,none,2021,DLinear__ILI__h24__none__s2021,4.774207397802871,1.654361107235863,0.9657563905458193,9,10,2.3349523544311523,7.6,1776,0,16.6005859375,32,36,False,cuda:0,io,617,False,measured,2026-09-08 22:49:42,ok,4.607424939580324,5.333003514821456,4.937658823905539,4.218741941051323,,,
DLinear,ILI,24,none,2022,DLinear__ILI__h24__none__s2022,4.768809000651042,1.6547157608160452,0.9530288912307955,9,10,2.3207664489746094,7.7,1776,0,16.6005859375,32,36,False,cuda:0,io,617,False,measured,2026-09-08 22:49:57,ok,4.575872702291366,5.333311712441325,4.93743977052491,4.228612413593367,,,
DLinear,ILI,24,none,2023,DLinear__ILI__h24__none__s2023,4.78251127355239,1.6595810150231969,0.9601160390650136,9,10,2.2739171981811523,7.5,1776,0,16.6005859375,32,36,False,cuda:0,io,617,False,measured,2026-09-08 22:50:12,ok,4.574606618159959,5.279943999389307,5.017814546472886,4.257680201597241,,,
DLinear,ILI,24,revin,2021,DLinear__ILI__h24__revin__s2021,4.796651409587272,1.6520015769979868,0.9265627474398226,9,10,2.514004707336426,7.5,1776,0,16.66943359375,32,36,False,cuda:0,io,617,False,measured,2026-09-08 23:16:03,ok,4.651433124061392,5.246708332991399,5.0084843761112845,4.2799799408899295,,,
DLinear,ILI,24,revin,2022,DLinear__ILI__h24__revin__s2022,4.798687419303659,1.6562321254185268,0.9247859036753691,9,10,2.5734901428222656,7.6,1776,0,16.66943359375,32,36,False,cuda:0,io,617,False,measured,2026-09-08 23:16:18,ok,4.606652876910041,5.213261503331801,5.097907272039675,4.276927565459778,,,
DLinear,ILI,24,revin,2023,DLinear__ILI__h24__revin__s2023,4.8249815355829835,1.6600753314020922,0.9290643247705015,9,10,2.5148391723632812,7.6,1776,0,16.66943359375,32,36,False,cuda:0,io,617,False,measured,2026-09-08 23:16:34,ok,4.752568141819716,5.474929647151829,4.918210835817481,4.154218016552324,,,
DLinear,ILI,24,san_lite,2021,DLinear__ILI__h24__san_lite__s2021,5.258979498171339,1.7295630190552784,1.0460064862225507,9,10,3.9598941802978516,10.7,1776,0,16.73779296875,32,36,False,cuda:0,io,617,False,measured,2026-09-09 14:32:27,ok,4.219940408872289,5.494465463568851,5.851644954627969,5.469867521440949,,,
DLinear,ILI,24,san_lite,2022,DLinear__ILI__h24__san_lite__s2022,5.26456313360305,1.7314629306312368,1.0450248669166515,9,10,4.355192184448242,10.9,1776,0,16.73779296875,32,36,False,cuda:0,io,617,False,measured,2026-09-09 14:32:27,ok,4.218528696268547,5.481425900285651,5.893327546320042,5.46497055181936,,,
DLinear,ILI,24,san_lite,2023,DLinear__ILI__h24__san_lite__s2023,5.261573146104145,1.7307358172761291,1.0449330294300998,9,10,4.306435585021973,10.8,1776,0,16.73779296875,32,36,False,cuda:0,io,617,False,measured,2026-09-09 14:32:27,ok,4.2676009170147555,5.578664177539302,5.795874558777368,5.404152351400765,,,
DLinear,ILI,36,fredf,2021,DLinear__ILI__h36__fredf__s2021,4.4299536412419,1.5511879057728049,0.7349152533262129,9,10,2.798318862915039,7.6,2664,0,16.70166015625,32,36,False,cuda:0,loss,605,False,measured,2026-09-08 23:16:49,ok,5.063287233333883,5.41336605600116,4.104004028884431,3.1391577411181766,,,
DLinear,ILI,36,fredf,2022,DLinear__ILI__h36__fredf__s2022,4.395711312074606,1.5486233500273132,0.7115723531306004,9,10,2.841949462890625,7.5,2664,0,16.70166015625,32,36,False,cuda:0,loss,605,False,measured,2026-09-08 23:17:04,ok,5.044093844256824,5.267704766510912,4.1102588079482025,3.1607875919782757,,,
DLinear,ILI,36,fredf,2023,DLinear__ILI__h36__fredf__s2023,4.404788173057,1.5511481722171991,0.7238375443528385,9,10,2.8061866760253906,7.5,2664,0,16.70166015625,32,36,False,cuda:0,loss,605,False,measured,2026-09-08 23:17:19,ok,5.042326326467964,5.237096518619439,4.1926632667129144,3.1470665283080494,,,
DLinear,ILI,36,none,2021,DLinear__ILI__h36__none__s2021,4.414012023668249,1.5498450832815325,0.7330478838145641,9,10,2.3037195205688477,7.4,2664,0,16.6767578125,32,36,False,cuda:0,io,605,False,measured,2026-09-08 22:50:27,ok,5.045522682537917,5.3861793301923235,4.078762886058094,3.1455827635982945,,,
DLinear,ILI,36,none,2022,DLinear__ILI__h36__none__s2022,4.384336993137181,1.5485580104025392,0.7118842480918779,9,10,2.300858497619629,7.4,2664,0,16.6767578125,32,36,False,cuda:0,io,605,False,measured,2026-09-08 22:50:42,ok,5.019743278799273,5.256529630416125,4.095687260703435,3.1653879605217203,,,
DLinear,ILI,36,none,2023,DLinear__ILI__h36__none__s2023,4.390127202318164,1.5502916688250326,0.7220774942096294,9,10,2.2919178009033203,7.4,2664,0,16.6767578125,32,36,False,cuda:0,io,605,False,measured,2026-09-08 22:50:57,ok,5.0279799253077835,5.221512392675252,4.1765229828941655,3.134494103172445,,,
DLinear,ILI,36,revin,2021,DLinear__ILI__h36__revin__s2021,4.36302543457718,1.529118073999774,0.6952444956477215,9,10,2.592802047729492,7.6,2664,0,16.755859375,32,36,False,cuda:0,io,605,False,measured,2026-09-08 23:14:33,ok,5.024423042406202,5.200826818501827,4.097302435870532,3.1295494491948115,,,
DLinear,ILI,36,revin,2022,DLinear__ILI__h36__revin__s2022,4.411528676442887,1.5466904597084086,0.6890873515905018,9,10,2.560853958129883,7.5,2664,0,16.755859375,32,36,False,cuda:0,io,605,False,measured,2026-09-08 23:14:48,ok,5.056335654631422,5.357131093435075,4.09410896094324,3.138538650319546,,,
DLinear,ILI,36,revin,2023,DLinear__ILI__h36__revin__s2023,4.403425483787925,1.542958595869123,0.6968880695864536,9,10,2.5565624237060547,7.5,2664,0,16.755859375,32,36,False,cuda:0,io,605,False,measured,2026-09-08 23:15:03,ok,5.007108093960735,5.36996799351725,4.027809205150087,3.2088169966305458,,,
DLinear,ILI,36,san_lite,2021,DLinear__ILI__h36__san_lite__s2021,5.042518289208484,1.6742751520274513,0.8469833319332437,9,10,4.62186336517334,10.9,2664,0,16.8291015625,32,36,False,cuda:0,io,605,False,measured,2026-09-09 14:32:07,ok,4.830160336056603,6.105908130770685,5.561043420277711,3.672961888266348,,,
DLinear,ILI,36,san_lite,2022,DLinear__ILI__h36__san_lite__s2022,5.075198795317837,1.6821181389469686,0.8452423142581125,9,10,4.638075828552246,10.7,2664,0,16.8291015625,32,36,False,cuda:0,io,605,False,measured,2026-09-09 14:32:07,ok,4.855816610227849,6.227548514548761,5.552364172311775,3.665066298074169,,,
DLinear,ILI,36,san_lite,2023,DLinear__ILI__h36__san_lite__s2023,5.062300351146524,1.6790233855030012,0.8469066395249296,9,10,4.295945167541504,10.6,2664,0,16.8291015625,32,36,False,cuda:0,io,605,False,measured,2026-09-09 14:32:07,ok,4.839232662630915,6.245263159263079,5.460873849664512,3.7038311505140444,,,
DLinear,ILI,48,fredf,2021,DLinear__ILI__h48__fredf__s2021,4.171342405554366,1.4877587086378323,0.6775183832077752,9,10,2.9115676879882812,7.7,3552,0,16.80029296875,32,36,False,cuda:0,loss,593,False,measured,2026-09-08 23:19:51,ok,5.218095292939288,4.782169230063601,3.2136751505882226,3.471429479565406,,,
DLinear,ILI,48,fredf,2022,DLinear__ILI__h48__fredf__s2022,4.165453846751672,1.4865901222900868,0.6654787772042411,9,10,2.8676986694335938,7.7,3552,0,16.80029296875,32,36,False,cuda:0,loss,593,False,measured,2026-09-08 23:20:07,ok,5.260511300024143,4.755871100279528,3.19138085227812,3.4540519950752233,,,
DLinear,ILI,48,fredf,2023,DLinear__ILI__h48__fredf__s2023,4.120840372482469,1.4815069448691291,0.6582633754185268,9,10,2.8183460235595703,7.5,3552,0,16.80029296875,32,36,False,cuda:0,loss,593,False,measured,2026-09-08 23:20:22,ok,5.216867657168115,4.676875448506872,3.1348132527271133,3.454805845694843,,,
DLinear,ILI,48,none,2021,DLinear__ILI__h48__none__s2021,4.109088218375428,1.473201286380616,0.6613334437779018,9,10,2.322077751159668,7.4,3552,0,16.75,32,36,False,cuda:0,io,593,False,measured,2026-09-08 23:15:18,ok,5.174507168485539,4.715028963132536,3.1487543226765866,3.3980622369327036,,,
DLinear,ILI,48,none,2022,DLinear__ILI__h48__none__s2022,4.112210726007012,1.473944298830673,0.6520578148251488,9,10,2.366304397583008,7.3,3552,0,16.75,32,36,False,cuda:0,io,593,False,measured,2026-09-08 23:15:33,ok,5.229610749186834,4.7025114222437585,3.1223006096060417,3.3944201130378655,,,
DLinear,ILI,48,none,2023,DLinear__ILI__h48__none__s2023,4.069219759687908,1.4690909886469035,0.6452991303943453,9,10,2.323627471923828,7.4,3552,0,16.75,32,36,False,cuda:0,io,593,False,measured,2026-09-08 23:15:48,ok,5.164933517565544,4.63987547792956,3.071522810376709,3.4005474518578738,,,
DLinear,ILI,48,revin,2021,DLinear__ILI__h48__revin__s2021,4.009050243599152,1.4453811595740071,0.6299773879278274,9,10,2.5529861450195312,7.6,3552,0,16.83935546875,32,36,False,cuda:0,io,593,False,measured,2026-09-08 23:17:34,ok,5.116300101382858,4.579873234947289,2.967291062436536,3.372736308128322,,,
DLinear,ILI,48,revin,2022,DLinear__ILI__h48__revin__s2022,3.9989137892153863,1.4455137209260844,0.6243670944940476,9,10,2.534627914428711,7.4,3552,0,16.83935546875,32,36,False,cuda:0,io,593,False,measured,2026-09-08 23:17:49,ok,5.0944109603772345,4.5858363109869815,2.9667149772071713,3.348692958057899,,,
DLinear,ILI,48,revin,2023,DLinear__ILI__h48__revin__s2023,3.9961060923995024,1.4535846150318004,0.6218108549572172,9,10,2.5899410247802734,7.5,3552,0,16.83935546875,32,36,False,cuda:0,io,593,False,measured,2026-09-08 23:18:05,ok,5.134867790704916,4.573933442744724,2.93838671773225,3.3372360386260564,,,
DLinear,ILI,48,san_lite,2021,DLinear__ILI__h48__san_lite__s2021,4.602628962945409,1.559270790334006,0.6806993175688244,9,10,4.815578460693359,10.8,3552,0,16.93359375,32,36,False,cuda:0,io,593,False,measured,2026-09-09 14:32:47,ok,5.188555018853613,6.108478939307724,3.9153029092837226,3.1981783983214416,,,
DLinear,ILI,48,san_lite,2022,DLinear__ILI__h48__san_lite__s2022,4.603040084291422,1.5597570808744088,0.678223876953125,9,10,4.888653755187988,10.9,3552,0,16.93359375,32,36,False,cuda:0,io,593,False,measured,2026-09-09 14:32:47,ok,5.1672143606445955,6.1317326694396455,3.918513140644191,3.1947008544762614,,,
DLinear,ILI,48,san_lite,2023,DLinear__ILI__h48__san_lite__s2023,4.6177168296818945,1.5643759850031087,0.6779341924758184,9,10,4.738807678222656,10.8,3552,0,16.93359375,32,36,False,cuda:0,io,593,False,measured,2026-09-09 14:32:47,ok,5.1931064354385805,6.15758715714805,3.9317755521860147,3.188397624021407,,,
DLinear,ILI,60,fredf,2021,DLinear__ILI__h60__fredf__s2021,4.280516432902452,1.4930169100785138,0.7842413651315789,9,10,2.8902292251586914,7.6,4440,0,16.8994140625,32,36,False,cuda:0,loss,581,False,measured,2026-09-08 23:21:22,ok,5.269013409319716,4.214793926854463,2.8847755996064257,4.753482709069919,,,
DLinear,ILI,60,fredf,2022,DLinear__ILI__h60__fredf__s2022,4.170980858819741,1.481049620757818,0.7418661782018523,9,10,2.865314483642578,7.5,4440,0,16.8994140625,32,36,False,cuda:0,loss,581,False,measured,2026-09-08 23:21:37,ok,5.104166743665531,4.067268854180549,2.8384239196777346,4.674064282144141,,,
DLinear,ILI,60,fredf,2023,DLinear__ILI__h60__fredf__s2023,4.217087310378909,1.4839260467334088,0.7702360301388236,9,10,2.8793811798095703,7.7,4440,0,16.8994140625,32,36,False,cuda:0,loss,581,False,measured,2026-09-08 23:21:53,ok,5.248723999760892,4.03735508108783,2.8551523871513322,4.727117352190811,,,
DLinear,ILI,60,none,2021,DLinear__ILI__h60__none__s2021,4.2335341637237915,1.4817658186467217,0.7723473723370927,9,10,2.3349523544311523,7.3,4440,0,16.8232421875,32,36,False,cuda:0,io,581,False,measured,2026-09-08 23:20:37,ok,5.245278949642656,4.139013127460494,2.8619930264622755,4.68785125363695,,,
DLinear,ILI,60,none,2022,DLinear__ILI__h60__none__s2022,4.12682484272277,1.469893010186234,0.7316491072040453,9,10,2.350330352783203,7.5,4440,0,16.8232421875,32,36,False,cuda:0,io,581,False,measured,2026-09-08 23:20:52,ok,5.091767325330137,3.9938954074753883,2.8002992940440454,4.621337294154923,,,
DLinear,ILI,60,none,2023,DLinear__ILI__h60__none__s2023,4.173025480160581,1.4731979923207623,0.7605728493597275,9,10,2.3794174194335938,7.6,4440,0,16.8232421875,32,36,False,cuda:0,io,581,False,measured,2026-09-08 23:21:07,ok,5.23073792501638,3.961096696507956,2.828350583356411,4.671916617344013,,,
DLinear,ILI,60,revin,2021,DLinear__ILI__h60__revin__s2021,4.026641173318675,1.438335127515325,0.7356130958499765,9,10,2.530217170715332,7.4,4440,0,16.9228515625,32,36,False,cuda:0,io,581,False,measured,2026-09-08 23:19:06,ok,5.0349891489079095,3.872165171576461,2.6661461594940166,4.533263962778879,,,
DLinear,ILI,60,revin,2022,DLinear__ILI__h60__revin__s2022,3.9767534224802326,1.4480763731565387,0.7220719951734805,9,10,2.5779008865356445,7.4,4440,0,16.9228515625,32,36,False,cuda:0,io,581,False,measured,2026-09-08 23:19:21,ok,4.98369512117409,3.76414098841295,2.6304294727165476,4.528748778103934,,,
DLinear,ILI,60,revin,2023,DLinear__ILI__h60__revin__s2023,3.9969391324626864,1.441763229749689,0.7330982332540336,9,10,2.593874931335449,7.5,4440,0,16.9228515625,32,36,False,cuda:0,io,581,False,measured,2026-09-08 23:19:36,ok,5.041575280943913,3.753605331117241,2.638322320489402,4.554253849986605,,,
DLinear,ILI,60,san_lite,2021,DLinear__ILI__h60__san_lite__s2021,4.244050985307836,1.4894028913746002,0.7491496991991698,9,10,4.731297492980957,11.0,4440,0,17.03857421875,32,36,False,cuda:0,io,581,False,measured,2026-09-09 14:33:07,ok,5.086434464769831,5.118758866798819,2.582590314354046,4.1884196505787195,,,
DLinear,ILI,60,san_lite,2022,DLinear__ILI__h60__san_lite__s2022,4.237585301727967,1.4944078956500977,0.7464391263804041,9,10,4.659414291381836,10.9,4440,0,17.03857421875,32,36,False,cuda:0,io,581,False,measured,2026-09-09 14:33:07,ok,5.082181252463964,5.11305934035702,2.5612491702558984,4.193852071213061,,,
DLinear,ILI,60,san_lite,2023,DLinear__ILI__h60__san_lite__s2023,4.245983149264837,1.4925986695984363,0.750029492677005,9,10,4.789471626281738,11.0,4440,0,17.03857421875,32,36,False,cuda:0,io,581,False,measured,2026-09-09 14:33:07,ok,5.093637117495669,5.121099762418377,2.5730329712825033,4.19616232020006,,,
DLinear,Weather,192,fredf,2021,DLinear__Weather__h192__fredf__s2021,0.23431974872771652,0.28366855975209865,0.527235225888184,4,8,3.6873817443847656,73.9,37248,0,22.07568359375,32,96,False,cuda:0,loss,36600,False,measured,2026-09-09 03:56:03,ok,0.1607211869440154,0.23282118874023464,0.24553965799865085,0.2981969611232335,,,
DLinear,Weather,192,none,2021,DLinear__Weather__h192__none__s2021,0.23893203166357074,0.29921062275518734,0.5189354901311144,1,5,3.147602081298828,43.7,37248,0,21.33203125,32,96,False,cuda:0,io,36600,False,measured,2026-09-09 03:45:02,ok,0.16485156123021796,0.23688048012386187,0.2482016849831679,0.3057944046668644,,,
DLinear,Weather,192,revin,2021,DLinear__Weather__h192__revin__s2021,0.24040677715815528,0.2709431754370345,0.5562462162731496,9,10,3.366231918334961,89.9,37248,0,22.19921875,32,96,False,cuda:0,io,36600,False,measured,2026-09-09 03:48:20,ok,0.15861175562368235,0.23512093339404364,0.2554063982256554,0.31248802579382334,,,
DLinear,Weather,192,san_lite,2021,DLinear__Weather__h192__san_lite__s2021,0.24506795738191614,0.2756954615612951,0.5602312547806171,9,10,6.156802177429199,170.1,37248,0,23.23486328125,32,96,False,cuda:0,io,36600,False,measured,2026-09-09 15:21:02,ok,0.1676272834411451,0.23774011629765082,0.2569324723539765,0.3179719606630838,,,
DLinear,Weather,336,fredf,2021,DLinear__Weather__h336__fredf__s2021,0.2798168415078223,0.32339632827305675,0.5873276419362282,4,8,3.9398670196533203,79.2,65184,0,25.68115234375,32,96,False,cuda:0,loss,36456,False,measured,2026-09-09 04:06:40,ok,0.19380929599523783,0.2589877781935832,0.3208783871473258,0.3455919083959184,,,
DLinear,Weather,336,none,2021,DLinear__Weather__h336__none__s2021,0.2825355008439026,0.3332145248741851,0.5794997708482666,1,5,3.369569778442383,46.7,65184,0,23.9345703125,32,96,False,cuda:0,io,36456,False,measured,2026-09-09 04:00:18,ok,0.1927857531840937,0.2614499405108095,0.32417492802254905,0.3517313779763498,,,
DLinear,Weather,336,revin,2021,DLinear__Weather__h336__revin__s2021,0.29190759240863423,0.30676396189706845,0.6423015142389434,9,10,3.626108169555664,96.2,65184,0,25.1708984375,32,96,False,cuda:0,io,36456,False,measured,2026-09-09 04:02:02,ok,0.19131292502155037,0.26812788215709,0.3383712819214802,0.36981827494264785,,,
DLinear,Weather,336,san_lite,2021,DLinear__Weather__h336__san_lite__s2021,0.29711085311024066,0.3119325302909715,0.6454429174363092,9,10,6.687760353088379,181.8,65184,0,26.96044921875,32,96,False,cuda:0,io,36456,False,measured,2026-09-09 15:22:50,ok,0.1980032024306569,0.2697735577315883,0.3452704143460527,0.3753962234857741,,,
DLinear,Weather,720,fredf,2021,DLinear__Weather__h720__fredf__s2021,0.3431844332292189,0.3773643050205451,0.6676638162053241,0,4,4.461884498596191,45.6,139680,0,35.7607421875,32,96,False,cuda:0,loss,36072,False,measured,2026-09-09 04:20:45,ok,0.2265474899800646,0.33701341335359236,0.3919111892531883,0.417265639167817,,,
DLinear,Weather,720,none,2021,DLinear__Weather__h720__none__s2021,0.3453561838056074,0.3818839884180965,0.6572649222043435,2,6,3.89862060546875,64.7,139680,0,31.98486328125,32,96,False,cuda:0,io,36072,False,measured,2026-09-09 04:07:52,ok,0.22425084285514096,0.339618197082863,0.39563757717879816,0.42191812406761753,,,
DLinear,Weather,720,revin,2021,DLinear__Weather__h720__revin__s2021,0.36418064765649416,0.35350783004253483,0.7618077650685311,2,6,4.192709922790527,67.6,139680,0,34.08251953125,32,96,False,cuda:0,io,36072,False,measured,2026-09-09 04:15:06,ok,0.22774171925620731,0.35352530856997244,0.42046836189913384,0.45498719341805094,,,
DLinear,Weather,720,san_lite,2021,DLinear__Weather__h720__san_lite__s2021,0.3700540179055506,0.3584430907227078,0.7685251694239245,9,10,7.231950759887695,194.5,139680,0,38.3134765625,32,96,False,cuda:0,io,36072,False,measured,2026-09-09 15:25:33,ok,0.23285863413757574,0.36092605832011054,0.4250998217259313,0.46133154706281365,,,
DLinear,Weather,96,fredf,2021,DLinear__Weather__h96__fredf__s2021,0.19493603098620263,0.24411137386249968,0.47077018719656993,3,7,3.480195999145508,61.2,18624,0,19.71142578125,32,96,False,cuda:0,loss,36696,False,measured,2026-09-09 03:36:58,ok,0.11988781214282708,0.19909854394666313,0.22405199910650128,0.23670577134530965,,,
DLinear,Weather,96,none,2021,DLinear__Weather__h96__none__s2021,0.19562071581851515,0.25503171233742183,0.4632594532275911,6,10,2.939939498901367,81.1,18624,0,19.5634765625,32,96,False,cuda:0,io,36696,False,measured,2026-09-09 03:38:27,ok,0.12001916017125001,0.19938034662839518,0.2256839094853619,0.23739944739930574,,,
DLinear,Weather,96,revin,2021,DLinear__Weather__h96__revin__s2021,0.19552824000986777,0.2354163909485587,0.4824671867586482,7,10,3.1697750091552734,84.1,18624,0,20.1845703125,32,96,False,cuda:0,io,36696,False,measured,2026-09-09 03:27:57,ok,0.11842101663836162,0.196833028813692,0.2257421549632951,0.241116757725774,,,
DLinear,Weather,96,san_lite,2021,DLinear__Weather__h96__san_lite__s2021,0.20141046865680703,0.24067767008053903,0.49667623909089603,9,10,7.58051872253418,194.1,18624,0,20.7177734375,32,96,False,cuda:0,io,36696,False,measured,2026-09-09 15:17:13,ok,0.13092096787038845,0.20245667440242668,0.2314234110234282,0.2408408231077862,,,
PatchTST,ETTh1,192,fredf,2021,PatchTST__ETTh1__h192__fredf__s2021,0.46099369345498475,0.44503940511073653,1.0742507150878322,0,4,7.337689399719238,17.8,429888,0,71.56201171875,32,96,False,cuda:0,loss,8353,False,measured,2026-09-09 01:54:13,ok,0.37867122412262727,0.4560720872822999,0.4817227243750053,0.5275087355513504,,,
PatchTST,ETTh1,192,fredf,2022,PatchTST__ETTh1__h192__fredf__s2022,0.45628171104827425,0.4445581279938993,1.0793079611713357,5,9,7.465124130249023,38.3,429888,0,71.56201171875,32,96,False,cuda:0,loss,8353,False,measured,2026-09-09 01:55:00,ok,0.37390181352054125,0.4478834122354707,0.48358961510821796,0.5197520119603863,,,
PatchTST,ETTh1,192,fredf,2023,PatchTST__ETTh1__h192__fredf__s2023,0.45965187808280017,0.44533572318304016,1.0701899866694784,0,4,7.324099540710449,17.7,429888,0,71.56201171875,32,96,False,cuda:0,loss,8353,False,measured,2026-09-09 01:55:26,ok,0.3742530109737275,0.4524959065547189,0.4858458683018863,0.5260127237813479,,,
PatchTST,ETTh1,192,none,2021,PatchTST__ETTh1__h192__none__s2021,0.43085955558490024,0.4274798100082775,0.993828589802781,7,10,6.857872009277344,40.9,429888,0,71.7255859375,32,96,False,cuda:0,io,8353,False,measured,2026-09-09 01:44:44,ok,0.3410349429017809,0.424620840625979,0.4601560354999168,0.49762640430177923,,,
PatchTST,ETTh1,192,none,2022,PatchTST__ETTh1__h192__none__s2022,0.4341781919662745,0.42865994052211087,0.998800502545998,5,9,6.859064102172852,37.2,429888,0,71.7255859375,32,96,False,cuda:0,io,8353,False,measured,2026-09-09 01:45:30,ok,0.3393742294173805,0.427871338515305,0.46463063010520506,0.5048365623094523,,,
PatchTST,ETTh1,192,none,2023,PatchTST__ETTh1__h192__none__s2023,0.4368767417039378,0.4301071594607936,1.0017943650198564,4,8,6.859183311462402,33.0,429888,0,71.7255859375,32,96,False,cuda:0,io,8353,False,measured,2026-09-09 01:46:11,ok,0.34141609677268936,0.4291862258555015,0.467632364467141,0.5092722764392096,,,
PatchTST,ETTh1,192,san_lite,2021,PatchTST__ETTh1__h192__san_lite__s2021,0.44448926490240964,0.42610578116971365,1.0221212998920006,8,10,10.825514793395996,63.3,429888,0,71.7255859375,32,96,False,cuda:0,io,8353,False,measured,2026-09-09 14:57:50,ok,0.35488583021527004,0.4380926517638908,0.47408052458091215,0.51089804898108,,,
PatchTST,ETTh1,192,san_lite,2022,PatchTST__ETTh1__h192__san_lite__s2022,0.44480010794340136,0.4265180688187324,1.0237104583123062,5,9,10.97249984741211,57.8,429888,0,71.7255859375,32,96,False,cuda:0,io,8353,False,measured,2026-09-09 14:57:44,ok,0.3540785138717637,0.4384656730342901,0.4747463397225495,0.5119098925993358,,,
PatchTST,ETTh1,192,san_lite,2023,PatchTST__ETTh1__h192__san_lite__s2023,0.44449681905886196,0.42608013942442685,1.024544893868803,9,10,12.034416198730469,73.1,429888,0,71.7255859375,32,96,False,cuda:0,io,8353,False,measured,2026-09-09 14:58:31,ok,0.3539677875038095,0.4386362351821546,0.47401890670538444,0.5113643625786333,,,
PatchTST,ETTh1,336,fredf,2021,PatchTST__ETTh1__h336__fredf__s2021,0.5063419980398532,0.4743269425087999,1.3811352258778635,0,4,7.541298866271973,17.7,651216,0,76.00146484375,32,96,False,cuda:0,loss,8209,False,measured,2026-09-09 02:18:13,ok,0.42020267984841375,0.5018750397980555,0.5484895065066162,0.5548007504737343,,,
PatchTST,ETTh1,336,fredf,2022,PatchTST__ETTh1__h336__fredf__s2022,0.5109542269756626,0.47840215473621917,1.3888702252680911,1,5,7.458329200744629,21.7,651216,0,76.00146484375,32,96,False,cuda:0,loss,8209,False,measured,2026-09-09 02:18:43,ok,0.4219497254663278,0.5032160699169168,0.557476974609052,0.5611741373916022,,,
PatchTST,ETTh1,336,fredf,2023,PatchTST__ETTh1__h336__fredf__s2023,0.5055919574362161,0.4763281236295783,1.3855797572897037,3,7,7.532715797424316,30.1,651216,0,76.00146484375,32,96,False,cuda:0,loss,8209,False,measured,2026-09-09 02:19:21,ok,0.41945678685305826,0.5001409796553969,0.5512790966519548,0.5514909630851124,,,
PatchTST,ETTh1,336,none,2021,PatchTST__ETTh1__h336__none__s2021,0.4707861895218549,0.4485164388999706,1.2829514933889814,4,8,6.957054138183594,32.9,651216,0,76.2880859375,32,96,False,cuda:0,io,8209,False,measured,2026-09-09 02:12:33,ok,0.37484252207271845,0.46416387523952285,0.5200627666881406,0.5240755992286685,,,
PatchTST,ETTh1,336,none,2022,PatchTST__ETTh1__h336__none__s2022,0.47756886656154357,0.4516623949317264,1.2925411497175,8,10,7.069945335388184,41.6,651216,0,76.2880859375,32,96,False,cuda:0,io,8209,False,measured,2026-09-09 02:13:23,ok,0.37516698472369814,0.4712012228334782,0.5289854012656249,0.534921856496758,,,
PatchTST,ETTh1,336,none,2023,PatchTST__ETTh1__h336__none__s2023,0.47885735694311493,0.45388187574498734,1.2916347495453855,4,8,6.937742233276367,32.9,651216,0,76.2880859375,32,96,False,cuda:0,io,8209,False,measured,2026-09-09 02:14:04,ok,0.37616821547730867,0.4720389084864221,0.5301504918650556,0.5370718171837645,,,
PatchTST,ETTh1,336,san_lite,2021,PatchTST__ETTh1__h336__san_lite__s2021,0.48114576735731746,0.4459030160136255,1.3099435984026468,9,10,11.524796485900879,67.3,651216,0,76.2880859375,32,96,False,cuda:0,io,8209,False,measured,2026-09-09 15:01:54,ok,0.3853476006633916,0.47839574590664913,0.5319440876285856,0.5288956312985836,,,
PatchTST,ETTh1,336,san_lite,2022,PatchTST__ETTh1__h336__san_lite__s2022,0.4812497154743528,0.4465235002131071,1.3125414232797736,9,10,11.444330215454102,66.7,651216,0,76.2880859375,32,96,False,cuda:0,io,8209,False,measured,2026-09-09 15:01:53,ok,0.3849317501154735,0.47849767358722123,0.5327223152069998,0.5288471147329399,,,
PatchTST,ETTh1,336,san_lite,2023,PatchTST__ETTh1__h336__san_lite__s2023,0.4810101912127204,0.44588236473755144,1.3131911884965184,9,10,10.97559928894043,65.1,651216,0,76.2880859375,32,96,False,cuda:0,io,8209,False,measured,2026-09-09 15:02:28,ok,0.38532438889292625,0.47821643230245053,0.5316847876293637,0.5288151488254366,,,
PatchTST,ETTh1,720,fredf,2021,PatchTST__ETTh1__h720__fredf__s2021,0.5369186288727661,0.5173225831478666,1.6926760014630755,0,4,7.708907127380371,17.4,1241424,0,83.88623046875,32,96,False,cuda:0,loss,7825,False,measured,2026-09-09 02:59:55,ok,0.472480183596595,0.5148650812650729,0.5350864852335407,0.6252427666322289,,,
PatchTST,ETTh1,720,fredf,2022,PatchTST__ETTh1__h720__fredf__s2022,0.5382288923686859,0.5188914087146649,1.7011249229899812,6,10,7.674932479858398,41.1,1241424,0,83.88623046875,32,96,False,cuda:0,loss,7825,False,measured,2026-09-09 03:00:44,ok,0.47896739209690253,0.5139040891320167,0.5355189515318775,0.6245251306760339,,,
PatchTST,ETTh1,720,fredf,2023,PatchTST__ETTh1__h720__fredf__s2023,0.5429833608147775,0.5205182600682279,1.6963571779190814,0,4,7.75301456451416,17.3,1241424,0,83.88623046875,32,96,False,cuda:0,loss,7825,False,measured,2026-09-09 03:01:10,ok,0.48330974773209634,0.5181216262604209,0.5443411034099535,0.6261609618333488,,,
PatchTST,ETTh1,720,none,2021,PatchTST__ETTh1__h720__none__s2021,0.472829552669344,0.47299404538105155,1.5598462853913257,3,7,7.1620941162109375,28.5,1241424,0,84.5009765625,32,96,False,cuda:0,io,7825,False,measured,2026-09-09 01:36:18,ok,0.4087838014937063,0.466922134218042,0.462292960808381,0.5533193326068725,,,
PatchTST,ETTh1,720,none,2022,PatchTST__ETTh1__h720__none__s2022,0.4802995488888522,0.4767143092993213,1.5662273093020758,9,10,7.224798202514648,40.5,1241424,0,84.5009765625,32,96,False,cuda:0,io,7825,False,measured,2026-09-09 01:37:07,ok,0.40907120221064464,0.47125765522582885,0.47372432130916275,0.5671450203108443,,,
PatchTST,ETTh1,720,none,2023,PatchTST__ETTh1__h720__none__s2023,0.48827334994557653,0.48243862159468814,1.5658416035896079,9,10,7.252693176269531,40.4,1241424,0,84.5009765625,32,96,False,cuda:0,io,7825,False,measured,2026-09-09 01:37:55,ok,0.41303900580432357,0.4789824331067578,0.48257452909576737,0.5784974572272269,,,
PatchTST,ETTh1,720,revin,2021,PatchTST__ETTh1__h720__revin__s2021,0.47283148867941244,0.4729956725906997,1.5598784250234587,3,7,7.449865341186523,29.2,1241424,0,84.5009765625,32,96,False,cuda:0,io,7825,False,measured,2026-09-09 02:55:25,ok,0.4087845853387192,0.4669238579376285,0.4622950684522269,0.5533224342118782,,,
PatchTST,ETTh1,720,san_lite,2021,PatchTST__ETTh1__h720__san_lite__s2021,0.4735116712786601,0.46947366966053156,1.5786201523283423,9,10,13.163208961486816,70.9,1241424,0,84.5009765625,32,96,False,cuda:0,io,7825,False,measured,2026-09-09 15:09:09,ok,0.4151359494192344,0.46567423785477885,0.4641565017516385,0.5490799886147115,,,
PatchTST,ETTh1,720,san_lite,2022,PatchTST__ETTh1__h720__san_lite__s2022,0.46607111654312927,0.46357534599706285,1.5814792468328338,7,10,12.932777404785156,68.7,1241424,0,84.5009765625,32,96,False,cuda:0,io,7825,False,measured,2026-09-09 15:09:37,ok,0.4127768130123209,0.46029975011053936,0.45414231751409456,0.5370655754838155,,,
PatchTST,ETTh1,720,san_lite,2023,PatchTST__ETTh1__h720__san_lite__s2023,0.4629517638966932,0.46123681942252354,1.581619666740578,7,10,13.192057609558105,70.6,1241424,0,84.5009765625,32,96,False,cuda:0,io,7825,False,measured,2026-09-09 15:10:34,ok,0.4117007337179329,0.45705053808599055,0.44968315730943875,0.5333726285678894,,,
PatchTST,ETTh1,96,fredf,2021,PatchTST__ETTh1__h96__fredf__s2021,0.40038009713508743,0.40660447108192177,0.7527303296826462,0,4,7.144331932067871,17.4,282336,0,68.74755859375,32,96,False,cuda:0,loss,8449,False,measured,2026-09-09 01:40:20,ok,0.33376971775011555,0.39151699041048493,0.42520825689811553,0.45102543751786,,,
PatchTST,ETTh1,96,fredf,2022,PatchTST__ETTh1__h96__fredf__s2022,0.4030935090495407,0.40999283847252793,0.7580734386315272,0,4,7.091522216796875,17.4,282336,0,68.74755859375,32,96,False,cuda:0,loss,8449,False,measured,2026-09-09 01:40:45,ok,0.3367812912548982,0.3968266781973357,0.4271679524934535,0.4515981144764563,,,
PatchTST,ETTh1,96,fredf,2023,PatchTST__ETTh1__h96__fredf__s2023,0.39638775919017155,0.40581550697613,0.7583060461975238,6,10,7.117509841918945,41.7,282336,0,68.74755859375,32,96,False,cuda:0,loss,8449,False,measured,2026-09-09 01:41:35,ok,0.3293856544784945,0.3882458569851886,0.4202437314501777,0.4476757919317181,,,
PatchTST,ETTh1,96,none,2021,PatchTST__ETTh1__h96__none__s2021,0.38363956320313314,0.39870864091657765,0.6966751954713887,8,10,6.634354591369629,41.6,282336,0,68.8291015625,32,96,False,cuda:0,io,8449,False,measured,2026-09-08 22:53:37,ok,0.31169099146583834,0.37644122027283017,0.40926065787936067,0.4371653807222628,,,
PatchTST,ETTh1,96,none,2022,PatchTST__ETTh1__h96__none__s2022,0.3859681806411867,0.3999664899864043,0.6978262866818314,4,8,6.632566452026367,33.7,282336,0,68.8291015625,32,96,False,cuda:0,io,8449,False,measured,2026-09-08 22:54:18,ok,0.3108957848819529,0.37842645222002513,0.41270027137434323,0.4418502136765321,,,
PatchTST,ETTh1,96,none,2023,PatchTST__ETTh1__h96__none__s2023,0.38559170998782594,0.3991261054768953,0.7019101137257625,4,8,6.682634353637695,34.0,282336,0,68.8291015625,32,96,False,cuda:0,io,8449,False,measured,2026-09-08 22:55:00,ok,0.3110527267077959,0.3780855401127772,0.41116951222505144,0.44205905273372786,,,
PatchTST,ETTh1,96,revin,2021,PatchTST__ETTh1__h96__revin__s2021,0.38363965968754676,0.39870861388887513,0.6966745166724754,8,10,6.765127182006836,41.0,282336,0,68.8291015625,32,96,False,cuda:0,io,8449,False,measured,2026-09-09 01:30:20,ok,0.3116907862685076,0.37644131336091413,0.4092609407172095,0.4371655986766984,,,
PatchTST,ETTh1,96,san_lite,2021,PatchTST__ETTh1__h96__san_lite__s2021,0.39660574653836167,0.3973707101911095,0.7313353001628053,9,10,9.888529777526855,58.5,282336,0,68.8291015625,32,96,False,cuda:0,io,8449,False,measured,2026-09-09 14:55:05,ok,0.3286148391162896,0.3897339491495133,0.4195240817587471,0.44855012159998875,,,
PatchTST,ETTh1,96,san_lite,2022,PatchTST__ETTh1__h96__san_lite__s2022,0.39658243913594254,0.3974373489768625,0.7327065384264654,6,10,9.981513023376465,57.9,282336,0,68.8291015625,32,96,False,cuda:0,io,8449,False,measured,2026-09-09 14:55:09,ok,0.3279278205850668,0.3894073648358985,0.42010769070645804,0.4488868760064387,,,
PatchTST,ETTh1,96,san_lite,2023,PatchTST__ETTh1__h96__san_lite__s2023,0.3961076795968213,0.39696941138475667,0.7326732828890838,7,10,9.789824485778809,56.1,282336,0,68.8291015625,32,96,False,cuda:0,io,8449,False,measured,2026-09-09 14:55:18,ok,0.3272165955887831,0.38894393234967933,0.41943477554519243,0.44883540654087595,,,
PatchTST,ETTh2,192,fredf,2021,PatchTST__ETTh2__h192__fredf__s2021,0.3803709192922322,0.3941176481418704,0.2803155960640057,0,4,7.454991340637207,17.9,429888,0,71.56201171875,32,96,False,cuda:0,loss,8353,False,measured,2026-09-09 01:18:36,ok,0.2400091066712429,0.3565631786105338,0.4281251598741624,0.4967862278210899,,,
PatchTST,ETTh2,192,fredf,2022,PatchTST__ETTh2__h192__fredf__s2022,0.37499542552480053,0.39204250185656303,0.2832862342739627,1,5,7.391691207885742,21.8,429888,0,71.56201171875,32,96,False,cuda:0,loss,8353,False,measured,2026-09-09 01:19:06,ok,0.23744629232798176,0.35146287797770054,0.42232276913223316,0.4887497520141572,,,
PatchTST,ETTh2,192,fredf,2023,PatchTST__ETTh2__h192__fredf__s2023,0.3736338408787201,0.39135133297802394,0.28093566165625417,2,6,7.390618324279785,25.9,429888,0,71.56201171875,32,96,False,cuda:0,loss,8353,False,measured,2026-09-09 01:19:40,ok,0.23707271324739043,0.34932699299982356,0.4215489016547734,0.48658676321710237,,,
PatchTST,ETTh2,192,none,2021,PatchTST__ETTh2__h192__none__s2021,0.3673896333224655,0.39165260580292854,0.2750330051364766,4,8,6.793498992919922,32.9,429888,0,71.7255859375,32,96,False,cuda:0,io,8353,False,measured,2026-09-09 01:15:20,ok,0.22759410133048086,0.34840987392038913,0.4106199362589725,0.48293462129358167,,,
PatchTST,ETTh2,192,none,2022,PatchTST__ETTh2__h192__none__s2022,0.37420251622000983,0.39448379603475786,0.2741988022691496,1,5,6.849527359008789,21.3,429888,0,71.7255859375,32,96,False,cuda:0,io,8353,False,measured,2026-09-09 01:15:50,ok,0.23306884777391834,0.355424275717594,0.4179588676400912,0.4903580788477768,,,
PatchTST,ETTh2,192,none,2023,PatchTST__ETTh2__h192__none__s2023,0.37308293084382704,0.39414956842462445,0.2742699935020835,2,6,6.861448287963867,25.1,429888,0,71.7255859375,32,96,False,cuda:0,io,8353,False,measured,2026-09-09 01:16:23,ok,0.2353811218589333,0.3526083083966183,0.41440740599562004,0.4899348873386396,,,
PatchTST,ETTh2,192,san_lite,2021,PatchTST__ETTh2__h192__san_lite__s2021,0.37390273697652504,0.39427384369415835,0.27618407662694355,3,7,10.77413558959961,45.4,429888,0,71.7255859375,32,96,False,cuda:0,io,8353,False,measured,2026-09-09 14:52:13,ok,0.23958625143265597,0.3528481710758058,0.4166943892979331,0.4864821289607531,,,
PatchTST,ETTh2,192,san_lite,2022,PatchTST__ETTh2__h192__san_lite__s2022,0.37343508065412895,0.3948243349966319,0.2770637698300946,3,7,10.751485824584961,44.4,429888,0,71.7255859375,32,96,False,cuda:0,io,8353,False,measured,2026-09-09 14:52:22,ok,0.2393085321590485,0.35295596455803196,0.41620836235620695,0.48526747166571066,,,
PatchTST,ETTh2,192,san_lite,2023,PatchTST__ETTh2__h192__san_lite__s2023,0.3741729749973999,0.3960341710408799,0.27542034444650376,3,7,10.480880737304688,43.4,429888,0,71.7255859375,32,96,False,cuda:0,io,8353,False,measured,2026-09-09 14:52:31,ok,0.23949382487250173,0.3526174594100479,0.41730254646739323,0.48727807416015995,,,
PatchTST,ETTh2,336,fredf,2021,PatchTST__ETTh2__h336__fredf__s2021,0.41782123266964727,0.4276950414501661,0.37165349645736856,3,7,7.570981979370117,30.2,651216,0,76.00146484375,32,96,False,cuda:0,loss,8209,False,measured,2026-09-09 01:50:12,ok,0.27013892453430877,0.4098012987266618,0.4870457147584221,0.5042990015138196,,,
PatchTST,ETTh2,336,fredf,2022,PatchTST__ETTh2__h336__fredf__s2022,0.41712350628277006,0.42849507617926225,0.3724914094789745,6,10,7.561445236206055,42.4,651216,0,76.00146484375,32,96,False,cuda:0,loss,8209,False,measured,2026-09-09 01:51:03,ok,0.2689099817542833,0.40909327302456333,0.4865030496190523,0.5039877124489298,,,
PatchTST,ETTh2,336,fredf,2023,PatchTST__ETTh2__h336__fredf__s2023,0.41619253175776083,0.4274805109067817,0.37166152304986644,4,8,7.531404495239258,34.0,651216,0,76.00146484375,32,96,False,cuda:0,loss,8209,False,measured,2026-09-09 01:51:45,ok,0.2685454587983688,0.40826068615318484,0.48497166256746355,0.5029923142419821,,,
PatchTST,ETTh2,336,none,2021,PatchTST__ETTh2__h336__none__s2021,0.4138811229756131,0.42766530068905323,0.3586578901402623,3,7,6.901979446411133,28.9,651216,0,76.2880859375,32,96,False,cuda:0,io,8209,False,measured,2026-09-09 01:38:32,ok,0.25775373951561537,0.3949201005231315,0.4925938479722525,0.5102568053470163,,,
PatchTST,ETTh2,336,none,2022,PatchTST__ETTh2__h336__none__s2022,0.41637012739714163,0.4285014138901662,0.3595964007610043,2,6,6.991147994995117,25.1,651216,0,76.2880859375,32,96,False,cuda:0,io,8209,False,measured,2026-09-09 01:39:06,ok,0.25990709925915734,0.4005056012912009,0.4941978411585724,0.5108699832535444,,,
PatchTST,ETTh2,336,none,2023,PatchTST__ETTh2__h336__none__s2023,0.4148146207895686,0.4296469761410366,0.3604233934794448,6,10,6.978273391723633,40.7,651216,0,76.2880859375,32,96,False,cuda:0,io,8209,False,measured,2026-09-09 01:39:54,ok,0.25899940887809736,0.3983439486989354,0.4925751176075506,0.5093400068938084,,,
PatchTST,ETTh2,336,san_lite,2021,PatchTST__ETTh2__h336__san_lite__s2021,0.41264264849941695,0.42830565029302486,0.3608688797228125,3,7,10.770559310913086,45.0,651216,0,76.2880859375,32,96,False,cuda:0,io,8209,False,measured,2026-09-09 14:56:02,ok,0.26396959310334844,0.4013691709088214,0.48367733865876356,0.5015544955366515,,,
PatchTST,ETTh2,336,san_lite,2022,PatchTST__ETTh2__h336__san_lite__s2022,0.41433395631072145,0.42924834510486415,0.36019805895559354,1,5,11.282205581665039,34.4,651216,0,76.2880859375,32,96,False,cuda:0,io,8209,False,measured,2026-09-09 14:55:56,ok,0.2653599548959286,0.4035941031485704,0.4857278410763186,0.5026539236666017,,,
PatchTST,ETTh2,336,san_lite,2023,PatchTST__ETTh2__h336__san_lite__s2023,0.4117927147586533,0.4274469125717422,0.3596869570846051,6,10,10.708808898925781,63.0,651216,0,76.2880859375,32,96,False,cuda:0,io,8209,False,measured,2026-09-09 14:56:36,ok,0.26286419859075627,0.40074928893842604,0.4829584225913252,0.5005989442810302,,,
PatchTST,ETTh2,720,fredf,2021,PatchTST__ETTh2__h720__fredf__s2021,0.4272288375090897,0.44418989857229624,0.633494906966503,4,8,7.740497589111328,33.5,1241424,0,83.88623046875,32,96,False,cuda:0,loss,7825,False,measured,2026-09-09 02:21:58,ok,0.31451903352110977,0.4094017910810058,0.39780997364274256,0.5871845525401543,,,
PatchTST,ETTh2,720,fredf,2022,PatchTST__ETTh2__h720__fredf__s2022,0.42844664325407156,0.4452185030887789,0.6343329708640455,2,6,7.78651237487793,25.6,1241424,0,83.88623046875,32,96,False,cuda:0,loss,7825,False,measured,2026-09-09 02:22:32,ok,0.3160229777581946,0.41152176755055153,0.398670662326364,0.5875711635742503,,,
PatchTST,ETTh2,720,fredf,2023,PatchTST__ETTh2__h720__fredf__s2023,0.4279982924807234,0.4436561788288555,0.6325327562287448,0,4,7.687211036682129,17.4,1241424,0,83.88623046875,32,96,False,cuda:0,loss,7825,False,measured,2026-09-09 02:22:58,ok,0.3149743783532898,0.41149946248367697,0.3982652808917255,0.5872540437809982,,,
PatchTST,ETTh2,720,none,2021,PatchTST__ETTh2__h720__none__s2021,0.4245042080136442,0.44601062422645676,0.5962047424112422,4,8,7.242918014526367,32.8,1241424,0,84.5009765625,32,96,False,cuda:0,io,7825,False,measured,2026-09-09 01:23:36,ok,0.29918471733524143,0.4138525361948854,0.40337283894840303,0.5816067250782613,,,
PatchTST,ETTh2,720,none,2022,PatchTST__ETTh2__h720__none__s2022,0.4253024248214079,0.446016784812775,0.5954723388275563,2,6,7.2174072265625,24.8,1241424,0,84.5009765625,32,96,False,cuda:0,io,7825,False,measured,2026-09-09 01:24:09,ok,0.30009017314333897,0.4136082990473382,0.40317265222631293,0.5843385894661602,,,
PatchTST,ETTh2,720,none,2023,PatchTST__ETTh2__h720__none__s2023,0.42832254081244076,0.44807670096022656,0.5935616410685823,2,6,7.260799407958984,24.8,1241424,0,84.5009765625,32,96,False,cuda:0,io,7825,False,measured,2026-09-09 01:24:42,ok,0.30025219513260853,0.42055858379377264,0.40645682990941084,0.5860225449612346,,,
PatchTST,ETTh2,720,san_lite,2021,PatchTST__ETTh2__h720__san_lite__s2021,0.4192160428675811,0.4413963945682343,0.5921140062172678,7,10,12.097835540771484,66.8,1241424,0,84.5009765625,32,96,False,cuda:0,io,7825,False,measured,2026-09-09 15:03:14,ok,0.299555518934106,0.40248178785040584,0.3990497664444266,0.5757771020974336,,,
PatchTST,ETTh2,720,san_lite,2022,PatchTST__ETTh2__h720__san_lite__s2022,0.41979362706515394,0.4415008795754969,0.5940308398154881,9,10,11.994719505310059,66.3,1241424,0,84.5009765625,32,96,False,cuda:0,io,7825,False,measured,2026-09-09 15:03:13,ok,0.3003190007672139,0.4036869188022367,0.3992311622491887,0.575937421869498,,,
PatchTST,ETTh2,720,san_lite,2023,PatchTST__ETTh2__h720__san_lite__s2023,0.4209333786620789,0.4423921575682371,0.591940878570694,2,6,11.7875337600708,39.6,1241424,0,84.5009765625,32,96,False,cuda:0,io,7825,False,measured,2026-09-09 15:03:23,ok,0.30072965451272743,0.40473267170378097,0.40102739612553034,0.5772437968489841,,,
PatchTST,ETTh2,96,fredf,2021,PatchTST__ETTh2__h96__fredf__s2021,0.2873948284017741,0.3367837095949562,0.2187182619274707,1,5,7.138609886169434,21.5,282336,0,68.74755859375,32,96,False,cuda:0,loss,8449,False,measured,2026-09-09 01:08:17,ok,0.1839003976748493,0.2760880104803785,0.3265972098352503,0.36299369711659146,,,
PatchTST,ETTh2,96,fredf,2022,PatchTST__ETTh2__h96__fredf__s2022,0.2873474733640141,0.33650152735234407,0.21870245431706142,1,5,7.130265235900879,21.5,282336,0,68.74755859375,32,96,False,cuda:0,loss,8449,False,measured,2026-09-09 01:08:46,ok,0.1852627207462413,0.27659838383612395,0.3272454285572979,0.3602833682211141,,,
PatchTST,ETTh2,96,fredf,2023,PatchTST__ETTh2__h96__fredf__s2023,0.292151761644058,0.34009623754592166,0.21678165146517145,0,4,7.145047187805176,17.5,282336,0,68.74755859375,32,96,False,cuda:0,loss,8449,False,measured,2026-09-09 01:09:12,ok,0.18563905009940793,0.2812676681350699,0.33377632052991385,0.3679240101977521,,,
PatchTST,ETTh2,96,none,2021,PatchTST__ETTh2__h96__none__s2021,0.28799606219941737,0.3398781260007506,0.21763079344762576,3,7,6.669044494628906,28.7,282336,0,68.8291015625,32,96,False,cuda:0,io,8449,False,measured,2026-09-09 01:27:08,ok,0.1790272753771703,0.28100976786775506,0.3292272097501667,0.362719993782793,,,
PatchTST,ETTh2,96,none,2022,PatchTST__ETTh2__h96__none__s2022,0.2974353481523296,0.34576922200057736,0.21692487607911742,0,4,6.652593612670898,17.0,282336,0,68.8291015625,32,96,False,cuda:0,io,8449,False,measured,2026-09-09 01:27:33,ok,0.18262634286982624,0.2876531562195848,0.34181823802713335,0.3776436532165155,,,
PatchTST,ETTh2,96,none,2023,PatchTST__ETTh2__h96__none__s2023,0.29616706002173365,0.3439497428500083,0.2171727984626446,0,4,6.583809852600098,16.8,282336,0,68.8291015625,32,96,False,cuda:0,io,8449,False,measured,2026-09-09 01:27:58,ok,0.18260642848622266,0.28887105678420205,0.3399549095984174,0.37323584363324386,,,
PatchTST,ETTh2,96,san_lite,2021,PatchTST__ETTh2__h96__san_lite__s2021,0.29526569792946517,0.3473935834218205,0.218146213600959,3,7,9.476423263549805,39.5,282336,0,68.8291015625,32,96,False,cuda:0,io,8449,False,measured,2026-09-09 14:49:42,ok,0.1976982281605658,0.2846291990827929,0.33196721813201424,0.36676815044546657,,,
PatchTST,ETTh2,96,san_lite,2022,PatchTST__ETTh2__h96__san_lite__s2022,0.30101182729227477,0.35025905535100227,0.2192340463677604,0,4,9.372830390930176,22.7,282336,0,68.8291015625,32,96,False,cuda:0,io,8449,False,measured,2026-09-09 14:49:35,ok,0.202745244466262,0.28971790616923093,0.3364702573637351,0.3751139096855847,,,
PatchTST,ETTh2,96,san_lite,2023,PatchTST__ETTh2__h96__san_lite__s2023,0.2959554422836258,0.34699813492677045,0.2181675503781242,1,5,9.453654289245605,31.2,282336,0,68.8291015625,32,96,False,cuda:0,io,8449,False,measured,2026-09-09 14:49:58,ok,0.1987650157850482,0.2861287243805352,0.3315969042338904,0.3673311293691414,,,
PatchTST,ETTm1,192,fredf,2021,PatchTST__ETTm1__h192__fredf__s2021,0.460391652788563,0.43828524951708653,0.6287901405237721,3,7,7.4405670166015625,103.4,429888,0,71.56201171875,32,96,False,cuda:0,loss,34273,False,measured,2026-09-09 05:02:57,ok,0.39872321282070633,0.4596864649182086,0.48624301336468617,0.49691391661497075,,,
PatchTST,ETTm1,192,none,2021,PatchTST__ETTm1__h192__none__s2021,0.3686613637266637,0.38466271302518346,0.5214450714032568,7,10,6.919503211975098,141.0,429888,0,71.7255859375,32,96,False,cuda:0,io,34273,False,measured,2026-09-09 04:51:50,ok,0.3003321656061336,0.36183271000627437,0.40442818209195486,0.4080523959594989,,,
PatchTST,ETTm1,192,san_lite,2021,PatchTST__ETTm1__h192__san_lite__s2021,0.4201264377971345,0.4185494262485713,0.5529595617703642,3,7,11.903524398803711,181.1,429888,0,71.7255859375,32,96,False,cuda:0,io,34273,False,measured,2026-09-09 15:31:19,ok,0.36513525053029433,0.4035604428729764,0.4669760831133744,0.4448339773012528,,,
PatchTST,ETTm1,336,fredf,2021,PatchTST__ETTm1__h336__fredf__s2021,0.49458484877086034,0.4551736322803247,0.7740912261526062,4,8,7.63702392578125,120.6,651216,0,76.00146484375,32,96,False,cuda:0,loss,34129,False,measured,2026-09-09 05:37:54,ok,0.42512718136169575,0.5019564674586187,0.5237635631780877,0.5274921814429158,,,
PatchTST,ETTm1,336,none,2021,PatchTST__ETTm1__h336__none__s2021,0.40083527819357934,0.40604518622536884,0.6665754989761327,6,10,7.001161575317383,143.1,651216,0,76.2880859375,32,96,False,cuda:0,io,34129,False,measured,2026-09-09 05:26:00,ok,0.3284381639556499,0.3962113745364326,0.4205013100527763,0.4581902621935684,,,
PatchTST,ETTm1,336,san_lite,2021,PatchTST__ETTm1__h336__san_lite__s2021,0.45316918955780794,0.4382015069657829,0.7008475650734003,2,6,13.612508773803711,178.4,651216,0,76.2880859375,32,96,False,cuda:0,io,34129,False,measured,2026-09-09 15:35:52,ok,0.3850846761568915,0.45378978823213556,0.47393763705301545,0.4998646581851827,,,
PatchTST,ETTm1,720,fredf,2021,PatchTST__ETTm1__h720__fredf__s2021,0.5747779987698862,0.4986344704502899,1.118410819034016,0,4,7.914304733276367,63.6,1241424,0,83.88623046875,32,96,False,cuda:0,loss,33745,False,measured,2026-09-09 06:43:54,ok,0.49736950297016463,0.5775707209295768,0.6051968409775613,0.6189749268081317,,,
PatchTST,ETTm1,720,none,2021,PatchTST__ETTm1__h720__none__s2021,0.4635088871847413,0.44095966578718737,0.9823878794486713,5,9,7.327556610107422,135.3,1241424,0,84.5009765625,32,96,False,cuda:0,io,33745,False,measured,2026-09-09 05:13:44,ok,0.35805281976272646,0.45429309592980266,0.5022976430344265,0.5393919937040524,,,
PatchTST,ETTm1,720,san_lite,2021,PatchTST__ETTm1__h720__san_lite__s2021,0.504580833053882,0.46740128804360503,1.0162757290922688,4,8,12.069940567016602,203.0,1241424,0,84.5009765625,32,96,False,cuda:0,io,33745,False,measured,2026-09-09 15:51:21,ok,0.41399903165263857,0.4984082453540258,0.5374182518116645,0.5684978051249607,,,
PatchTST,ETTm1,96,fredf,2021,PatchTST__ETTm1__h96__fredf__s2021,0.38572891621909144,0.40248176910584826,0.46316548686431475,7,10,7.204890251159668,141.8,282336,0,68.74755859375,32,96,False,cuda:0,loss,34369,False,measured,2026-09-09 04:32:11,ok,0.29857034433630375,0.4160040787480252,0.4189135427644242,0.4094276964628048,,,
PatchTST,ETTm1,96,none,2021,PatchTST__ETTm1__h96__none__s2021,0.33060462112860023,0.3666952985672326,0.399499025375654,3,7,6.653428077697754,95.7,282336,0,68.8291015625,32,96,False,cuda:0,io,34369,False,measured,2026-09-09 05:06:05,ok,0.2308389086169118,0.36689968336223583,0.37144471057309003,0.35323517915237196,,,
PatchTST,ETTm1,96,san_lite,2021,PatchTST__ETTm1__h96__san_lite__s2021,0.3798680954530014,0.39765470426952365,0.42874905395746304,7,10,10.243058204650879,209.1,282336,0,68.8291015625,32,96,False,cuda:0,io,34369,False,measured,2026-09-09 15:29:03,ok,0.29827460171234627,0.4235572540011489,0.4084477035510023,0.3891928225238995,,,
PatchTST,ETTm2,192,fredf,2021,PatchTST__ETTm2__h192__fredf__s2021,0.25483434307185343,0.31367759819154706,0.17848037463314526,4,8,7.436990737915039,117.8,429888,0,71.56201171875,32,96,False,cuda:0,loss,34273,False,measured,2026-09-09 05:01:06,ok,0.1571182311589642,0.23428445824835809,0.29588715157884016,0.3320475259350231,,,
PatchTST,ETTm2,192,none,2021,PatchTST__ETTm2__h192__none__s2021,0.242088874727279,0.30394315102485503,0.17159241880482906,8,10,6.903409957885742,140.8,429888,0,71.7255859375,32,96,False,cuda:0,io,34273,False,measured,2026-09-09 04:49:21,ok,0.14026202937639046,0.2159580247601589,0.28847738112183036,0.32365806804074215,,,
PatchTST,ETTm2,192,san_lite,2021,PatchTST__ETTm2__h192__san_lite__s2021,0.24824334000748843,0.3070342666880569,0.17363393578763597,7,10,11.533617973327637,248.1,429888,0,71.7255859375,32,96,False,cuda:0,io,34273,False,measured,2026-09-09 15:31:46,ok,0.14924164450495928,0.22375084243668963,0.2907459683997265,0.32923490830905483,,,
PatchTST,ETTm2,336,fredf,2021,PatchTST__ETTm2__h336__fredf__s2021,0.3145952853113203,0.3489162705836029,0.2223428092049082,1,5,7.506132125854492,75.0,651216,0,76.00146484375,32,96,False,cuda:0,loss,34129,False,measured,2026-09-09 05:35:45,ok,0.19192977101219988,0.30369220470154584,0.3641321622988099,0.3986270025677245,,,
PatchTST,ETTm2,336,none,2021,PatchTST__ETTm2__h336__none__s2021,0.30298143038553166,0.3435809329197286,0.2180363880502574,8,10,7.034063339233398,143.9,651216,0,76.2880859375,32,96,False,cuda:0,io,34129,False,measured,2026-09-09 05:23:28,ok,0.17398787810139332,0.2935169972109691,0.3564237198871877,0.38799713430688615,,,
PatchTST,ETTm2,336,san_lite,2021,PatchTST__ETTm2__h336__san_lite__s2021,0.309359538322809,0.344334249729137,0.21897771145671543,0,4,13.768434524536133,118.6,651216,0,76.2880859375,32,96,False,cuda:0,io,34129,False,measured,2026-09-09 15:33:57,ok,0.18301576938947908,0.29780437823923417,0.36035055920109516,0.3962674420484496,,,
PatchTST,ETTm2,720,fredf,2021,PatchTST__ETTm2__h720__fredf__s2021,0.4166418129477535,0.40571601536437785,0.2941631212434815,1,5,7.803797721862793,77.9,1241424,0,83.88623046875,32,96,False,cuda:0,loss,33745,False,measured,2026-09-09 06:37:14,ok,0.26116494957516745,0.4020908139476153,0.45921585667543846,0.5440956290871385,,,
PatchTST,ETTm2,720,none,2021,PatchTST__ETTm2__h720__none__s2021,0.40141385060240004,0.39939714939784104,0.28678194011490155,2,6,7.271051406860352,90.0,1241424,0,84.5009765625,32,96,False,cuda:0,io,33745,False,measured,2026-09-09 05:18:16,ok,0.2445710508979119,0.39090859633217356,0.44186993381146444,0.5283058238514087,,,
PatchTST,ETTm2,720,san_lite,2021,PatchTST__ETTm2__h720__san_lite__s2021,0.4099171615668015,0.4020872280275526,0.28757223019559613,1,5,11.948823928833008,127.9,1241424,0,84.5009765625,32,96,False,cuda:0,io,33745,False,measured,2026-09-09 15:49:51,ok,0.2502574157079464,0.396247836648425,0.45162933816372497,0.5415340422550021,,,
PatchTST,ETTm2,96,fredf,2021,PatchTST__ETTm2__h96__fredf__s2021,0.18712270003129283,0.2710357894333027,0.13126424521123964,4,8,7.199287414550781,113.9,282336,0,68.74755859375,32,96,False,cuda:0,loss,34369,False,measured,2026-09-09 04:29:40,ok,0.11771338058253826,0.17939266706875565,0.21407205031016127,0.23731270485200792,,,
PatchTST,ETTm2,96,none,2021,PatchTST__ETTm2__h96__none__s2021,0.17628333558784842,0.2616897062178613,0.12658385806249134,4,8,6.625771522521973,108.8,282336,0,68.8291015625,32,96,False,cuda:0,io,34369,False,measured,2026-09-09 04:56:25,ok,0.1043783089306372,0.17164767091823072,0.20585548819083402,0.22325187707040953,,,
PatchTST,ETTm2,96,san_lite,2021,PatchTST__ETTm2__h96__san_lite__s2021,0.18418119045176878,0.26669275096596384,0.1286888202463722,4,8,10.290741920471191,168.4,282336,0,68.8291015625,32,96,False,cuda:0,io,34369,False,measured,2026-09-09 15:27:27,ok,0.1150998583364472,0.17794260613710336,0.21232006412134932,0.2313622324857921,,,
PatchTST,Electricity,192,fredf,2021,PatchTST__Electricity__h192__fredf__s2021,0.3161286449665309,0.4276330961769315,0.2675800372600485,0,4,16.383051872253418,122.0,429888,0,467.02783203125,16,96,True,cuda:0,loss,18125,False,measured,2026-09-09 08:37:29,ok,0.30235356244628125,0.31365119346053527,0.30335772334632655,0.3451521026674615,,,
PatchTST,Electricity,192,none,2021,PatchTST__Electricity__h192__none__s2021,0.19608681959188087,0.28559845041329124,0.1705098372190524,8,10,16.107678413391113,299.6,429888,0,471.9609375,16,96,True,cuda:0,io,18125,False,measured,2026-09-09 08:29:55,ok,0.18396288751413317,0.19635309683756239,0.18431064627772967,0.21972064581138762,,,
PatchTST,Electricity,192,san_lite,2021,PatchTST__Electricity__h192__san_lite__s2021,0.2129967523289745,0.29725398493480454,0.18516557723221758,8,10,37.520766258239746,640.0,429888,0,480.986328125,16,96,True,cuda:0,io,18125,False,measured,2026-09-09 16:13:00,ok,0.20552543612885346,0.21894500875068015,0.19443145044967913,0.23308511035520096,,,
PatchTST,Electricity,336,fredf,2021,PatchTST__Electricity__h336__fredf__s2021,0.416025613583669,0.5059920305472158,0.35071197656792846,0,4,18.12005043029785,137.2,651216,0,472.97802734375,16,96,True,cuda:0,loss,17981,False,measured,2026-09-09 09:07:30,ok,0.393029252116152,0.3802842582761289,0.45670894789988753,0.4340799982500145,,,
PatchTST,Electricity,336,none,2021,PatchTST__Electricity__h336__none__s2021,0.21202127638858767,0.3012060514555222,0.18606813868974884,8,10,17.613887786865234,335.3,651216,0,482.55126953125,16,96,True,cuda:0,io,17981,False,measured,2026-09-09 09:04:59,ok,0.18636546931163517,0.1755577513092014,0.2577729408463097,0.228388945603343,,,
PatchTST,Electricity,336,san_lite,2021,PatchTST__Electricity__h336__san_lite__s2021,0.2285718995356753,0.3118022183013147,0.19974348575455128,7,10,34.42203998565674,621.6,651216,0,495.44189453125,16,96,True,cuda:0,io,17981,False,measured,2026-09-09 16:18:38,ok,0.2078693176040048,0.18856599442910862,0.27678583262794587,0.24106645583668382,,,
PatchTST,Electricity,720,fredf,2021,PatchTST__Electricity__h720__fredf__s2021,0.5677135575275504,0.6005227434996889,0.4709868459755599,0,4,22.71437644958496,176.4,1241424,0,534.8134765625,16,96,True,cuda:0,loss,17597,False,measured,2026-09-09 10:32:19,ok,0.49707025780635095,0.5527763114511827,0.5916569312338786,0.6293507300133167,,,
PatchTST,Electricity,720,none,2021,PatchTST__Electricity__h720__none__s2021,0.25417103451370227,0.33359107144368044,0.21987623943597367,5,9,21.78478240966797,386.4,1241424,0,530.19189453125,16,96,True,cuda:0,io,17597,False,measured,2026-09-09 09:26:09,ok,0.1847896310142125,0.24021847246805056,0.2773862689376851,0.31428976150349197,,,
PatchTST,Electricity,720,san_lite,2021,PatchTST__Electricity__h720__san_lite__s2021,0.269977494302802,0.3433192855354686,0.2329251649522261,9,10,44.05319690704346,807.7,1241424,0,553.1318359375,16,96,True,cuda:0,io,17597,False,measured,2026-09-09 16:32:38,ok,0.2010069241266231,0.2558649126332248,0.293092532012287,0.3299456050950137,,,
PatchTST,Electricity,96,fredf,2021,PatchTST__Electricity__h96__fredf__s2021,0.25221787086118813,0.36201021264443534,0.21809481141295675,0,4,15.341639518737793,112.9,282336,0,461.80224609375,16,96,True,cuda:0,loss,18221,False,measured,2026-09-09 07:44:21,ok,0.222986121971647,0.2799790616445916,0.2721420653013073,0.23376423212207145,,,
PatchTST,Electricity,96,none,2021,PatchTST__Electricity__h96__none__s2021,0.19236984987585026,0.28079960414731564,0.1699489475743741,9,10,15.183448791503906,277.2,282336,0,464.16064453125,16,96,True,cuda:0,io,18221,False,measured,2026-09-09 08:24:42,ok,0.15982141589593146,0.21868502279778945,0.21422820500100434,0.17674475604182663,,,
PatchTST,Electricity,96,san_lite,2021,PatchTST__Electricity__h96__san_lite__s2021,0.21494231050725995,0.29576238993982895,0.189410723255035,9,10,27.406811714172363,483.6,282336,0,473.1025390625,16,96,True,cuda:0,io,18221,False,measured,2026-09-09 16:03:03,ok,0.18368627041557528,0.23941664862621895,0.23538580189161018,0.20128052265713273,,,
PatchTST,Exchange,192,fredf,2021,PatchTST__Exchange__h192__fredf__s2021,0.20600486137328763,0.3267764079025368,0.2643724395716197,0,4,7.435441017150879,11.6,429888,0,78.52783203125,32,96,False,cuda:0,loss,5024,False,measured,2026-09-09 01:00:30,ok,0.07093887024523027,0.1562695734351761,0.24938483861761515,0.34742616088906386,,,
PatchTST,Exchange,192,fredf,2022,PatchTST__Exchange__h192__fredf__s2022,0.21034510402957537,0.32994276533898786,0.27001449079910217,0,4,7.385134696960449,11.6,429888,0,78.52783203125,32,96,False,cuda:0,loss,5024,False,measured,2026-09-09 01:00:49,ok,0.07098647034312648,0.161322530036883,0.25337746280234713,0.3556939567284272,,,
PatchTST,Exchange,192,fredf,2023,PatchTST__Exchange__h192__fredf__s2023,0.21079543992584826,0.3306331241352586,0.26876872509071964,0,4,7.35926628112793,11.5,429888,0,78.52783203125,32,96,False,cuda:0,loss,5024,False,measured,2026-09-09 01:01:09,ok,0.07279430750580462,0.16273627691710713,0.25458413928039203,0.3530670397429385,,,
PatchTST,Exchange,192,none,2021,PatchTST__Exchange__h192__none__s2021,0.18031360888493128,0.30205243553211486,0.22598449067896265,0,4,6.8236589431762695,11.2,429888,0,78.71484375,32,96,False,cuda:0,io,5024,False,measured,2026-09-09 00:56:27,ok,0.0454028570432686,0.1291760265679216,0.22376345396285355,0.3229120888168066,,,
PatchTST,Exchange,192,none,2022,PatchTST__Exchange__h192__none__s2022,0.177080302216888,0.29928050729244304,0.228859155584513,0,4,6.824254989624023,11.2,429888,0,78.71484375,32,96,False,cuda:0,io,5024,False,measured,2026-09-09 00:56:46,ok,0.04422324219409071,0.127588178991968,0.2194342853706527,0.31707550881008156,,,
PatchTST,Exchange,192,none,2023,PatchTST__Exchange__h192__none__s2023,0.1871575168055347,0.3076526307172665,0.2273479544355217,0,4,6.773591041564941,11.2,429888,0,78.71484375,32,96,False,cuda:0,io,5024,False,measured,2026-09-09 00:57:05,ok,0.047891677656401066,0.1363580073363416,0.23479222493923269,0.32958815805707636,,,
PatchTST,Exchange,192,san_lite,2021,PatchTST__Exchange__h192__san_lite__s2021,0.18220525857130446,0.3021650731473667,0.2227102155635143,2,6,11.260747909545898,24.5,429888,0,78.71484375,32,96,False,cuda:0,io,5024,False,measured,2026-09-09 14:48:26,ok,0.04695629274443095,0.13163553019531368,0.22657365793556108,0.3236555493787463,,,
PatchTST,Exchange,192,san_lite,2022,PatchTST__Exchange__h192__san_lite__s2022,0.18248775845619228,0.30226388656056186,0.2227071785549707,3,7,11.046409606933594,27.6,429888,0,78.71484375,32,96,False,cuda:0,io,5024,False,measured,2026-09-09 14:48:29,ok,0.04702470043829566,0.13178458926303038,0.22707731100787254,0.32406443330122636,,,
PatchTST,Exchange,192,san_lite,2023,PatchTST__Exchange__h192__san_lite__s2023,0.18653551114150901,0.30535920005518324,0.22143456247304014,1,5,11.378645896911621,21.0,429888,0,78.71484375,32,96,False,cuda:0,io,5024,False,measured,2026-09-09 14:48:22,ok,0.04805930405576578,0.13491594856825004,0.23289641403242411,0.33027037847253354,,,
PatchTST,Exchange,336,fredf,2021,PatchTST__Exchange__h336__fredf__s2021,0.36818477608177647,0.4430285607401653,0.4581560997201615,0,4,7.3729753494262695,11.4,651216,0,81.12353515625,32,96,False,cuda:0,loss,4880,False,measured,2026-09-09 01:05:17,ok,0.11069103820655705,0.2782215259950624,0.45095289133632604,0.6328736410168078,,,
PatchTST,Exchange,336,fredf,2022,PatchTST__Exchange__h336__fredf__s2022,0.3694930398947341,0.4445217766660734,0.4651729534587272,9,10,7.495999336242676,26.6,651216,0,81.12353515625,32,96,False,cuda:0,loss,4880,False,measured,2026-09-09 01:05:52,ok,0.11335947678266309,0.28064796532833763,0.45176995794938885,0.6321947552247528,,,
PatchTST,Exchange,336,fredf,2023,PatchTST__Exchange__h336__fredf__s2023,0.37129041207479285,0.445639636954373,0.46471142680705096,0,4,7.557868957519531,11.4,651216,0,81.12353515625,32,96,False,cuda:0,loss,4880,False,measured,2026-09-09 01:06:11,ok,0.11620410295202879,0.2835696051021057,0.45366518087664104,0.6317227583229373,,,
PatchTST,Exchange,336,none,2021,PatchTST__Exchange__h336__none__s2021,0.3287608357442491,0.41540896795535776,0.38750549829306724,1,5,6.983757019042969,13.5,651216,0,81.451171875,32,96,False,cuda:0,io,4880,False,measured,2026-09-09 01:04:05,ok,0.07182305952036262,0.2342479129374176,0.4118094337105645,0.5971629368724355,,,
PatchTST,Exchange,336,none,2022,PatchTST__Exchange__h336__none__s2022,0.33127277378263315,0.4171340698950355,0.3917507276348039,9,10,6.96718692779541,25.7,651216,0,81.451171875,32,96,False,cuda:0,io,4880,False,measured,2026-09-09 01:04:38,ok,0.0742915701070815,0.24035983095093377,0.41430230645339655,0.5961373780025079,,,
PatchTST,Exchange,336,none,2023,PatchTST__Exchange__h336__none__s2023,0.33260532766736667,0.4179348895286786,0.38563498189803264,0,4,7.018327713012695,11.2,651216,0,81.451171875,32,96,False,cuda:0,io,4880,False,measured,2026-09-09 01:04:57,ok,0.07586086790359763,0.2429211665445855,0.4178227067615645,0.5938165763195088,,,
PatchTST,Exchange,336,san_lite,2021,PatchTST__Exchange__h336__san_lite__s2021,0.34435517770067803,0.42375936516631224,0.36436962565788034,1,5,10.366559028625488,19.4,651216,0,81.451171875,32,96,False,cuda:0,io,4880,False,measured,2026-09-09 14:48:51,ok,0.07949130992309741,0.25012246706086944,0.4322394327538277,0.6155675014503611,,,
PatchTST,Exchange,336,san_lite,2022,PatchTST__Exchange__h336__san_lite__s2022,0.3359181280630196,0.41871742283574676,0.37386917071516107,8,10,10.317564010620117,36.7,651216,0,81.451171875,32,96,False,cuda:0,io,4880,False,measured,2026-09-09 14:49:13,ok,0.07784515860340495,0.24353946018407252,0.4212556152325596,0.6010322717831336,,,
PatchTST,Exchange,336,san_lite,2023,PatchTST__Exchange__h336__san_lite__s2023,0.34064383933626957,0.4221776301908259,0.37630856639530813,0,4,11.336565017700195,16.6,651216,0,81.451171875,32,96,False,cuda:0,io,4880,False,measured,2026-09-09 14:48:59,ok,0.08083061364923376,0.24924381574054988,0.4277410545838791,0.6047598798719135,,,
PatchTST,Exchange,720,fredf,2021,PatchTST__Exchange__h720__fredf__s2021,0.9212289026738939,0.7309091447422811,1.2559358757039718,0,4,7.877111434936523,10.9,1241424,0,90.75439453125,32,96,False,cuda:0,loss,4496,False,measured,2026-09-09 01:13:57,ok,0.24560724911364262,0.6539108878007277,1.1434013774918832,1.6419961416631716,,,
PatchTST,Exchange,720,fredf,2022,PatchTST__Exchange__h720__fredf__s2022,0.9220514512599859,0.7315015664840269,1.2660144009887364,2,6,7.819533348083496,15.5,1241424,0,90.75439453125,32,96,False,cuda:0,loss,4496,False,measured,2026-09-09 01:14:21,ok,0.24523419769217844,0.6566390287640433,1.1431276505752312,1.6432048501227434,,,
PatchTST,Exchange,720,fredf,2023,PatchTST__Exchange__h720__fredf__s2023,0.9236351529458412,0.7312449910719725,1.2551557670117717,0,4,7.732033729553223,10.7,1241424,0,90.75439453125,32,96,False,cuda:0,loss,4496,False,measured,2026-09-09 01:14:39,ok,0.24332812356686595,0.6560975527521031,1.1452968737269735,1.6498180146404573,,,
PatchTST,Exchange,720,none,2021,PatchTST__Exchange__h720__none__s2021,0.8434326341842018,0.6928274173253228,1.1152522058667853,0,4,7.141709327697754,10.4,1241424,0,91.45703125,32,96,False,cuda:0,io,4496,False,measured,2026-09-09 00:57:24,ok,0.181020787000875,0.5665521198936042,1.058258562106603,1.5678990164363458,,,
PatchTST,Exchange,720,none,2022,PatchTST__Exchange__h720__none__s2022,0.8442030147933853,0.6911069992690059,1.1167335241467649,4,8,7.131695747375488,19.5,1241424,0,91.45703125,32,96,False,cuda:0,io,4496,False,measured,2026-09-09 00:57:51,ok,0.1773324588676528,0.5623576544911972,1.0609781791326631,1.5761438122369293,,,
PatchTST,Exchange,720,none,2023,PatchTST__Exchange__h720__none__s2023,0.8586112277084856,0.6982905176216365,1.1237442967691396,3,7,7.19141960144043,17.2,1241424,0,91.45703125,32,96,False,cuda:0,io,4496,False,measured,2026-09-09 00:58:16,ok,0.17917834474225103,0.5717555539201674,1.0808992375606483,1.6026117857171112,,,
PatchTST,Exchange,720,san_lite,2021,PatchTST__Exchange__h720__san_lite__s2021,0.8758871037592897,0.7057587018354262,0.9900953670181233,4,8,11.687636375427246,28.8,1241424,0,91.45703125,32,96,False,cuda:0,io,4496,False,measured,2026-09-09 14:51:16,ok,0.18841369885570552,0.5851490774955699,1.0891140033660311,1.6408716301903423,,,
PatchTST,Exchange,720,san_lite,2022,PatchTST__Exchange__h720__san_lite__s2022,0.8803774233217593,0.7083355514029214,0.9854442896235603,4,8,10.790348052978516,26.8,1241424,0,91.45703125,32,96,False,cuda:0,io,4496,False,measured,2026-09-09 14:51:24,ok,0.1887545790001999,0.5880184292544299,1.0943280217641578,1.6504086598484207,,,
PatchTST,Exchange,720,san_lite,2023,PatchTST__Exchange__h720__san_lite__s2023,0.8803697340138541,0.7083297691249608,0.9934858782181571,3,7,10.190010070800781,23.7,1241424,0,91.45703125,32,96,False,cuda:0,io,4496,False,measured,2026-09-09 14:51:36,ok,0.18969461214532848,0.5888925660083102,1.0942704852694292,1.6486213157250669,,,
PatchTST,Exchange,96,fredf,2021,PatchTST__Exchange__h96__fredf__s2021,0.10133056997190995,0.22575065534102542,0.14889431955820337,0,4,7.229089736938477,11.8,282336,0,75.40087890625,32,96,False,cuda:0,loss,5120,False,measured,2026-09-09 00:37:48,ok,0.038990789743431134,0.0784249649153026,0.1198923874356506,0.16801413970720414,,,
PatchTST,Exchange,96,fredf,2022,PatchTST__Exchange__h96__fredf__s2022,0.10035167855943697,0.22489680430165937,0.15007087019153106,1,5,7.241964340209961,14.3,282336,0,75.40087890625,32,96,False,cuda:0,loss,5120,False,measured,2026-09-09 00:38:11,ok,0.04012600215886747,0.07704854112920127,0.119242806941187,0.16498936329035205,,,
PatchTST,Exchange,96,fredf,2023,PatchTST__Exchange__h96__fredf__s2023,0.10442465457120413,0.2288441016424781,0.15046152052723974,0,4,7.230520248413086,11.7,282336,0,75.40087890625,32,96,False,cuda:0,loss,5120,False,measured,2026-09-09 00:38:30,ok,0.039750265665972354,0.08174680684554747,0.12388842725454781,0.17231311225207882,,,
PatchTST,Exchange,96,none,2021,PatchTST__Exchange__h96__none__s2021,0.08568313744388943,0.2034479954742346,0.13388875707946624,2,6,6.814241409301758,16.4,282336,0,75.494140625,32,96,False,cuda:0,io,5120,False,measured,2026-09-09 01:01:33,ok,0.024116053248144798,0.061543651193247624,0.10431903632391774,0.1527538088591751,,,
PatchTST,Exchange,96,none,2022,PatchTST__Exchange__h96__none__s2022,0.08460488584306505,0.2025498885589757,0.13537728206854416,3,7,6.827354431152344,18.9,282336,0,75.494140625,32,96,False,cuda:0,io,5120,False,measured,2026-09-09 01:02:00,ok,0.024418805544236238,0.060988773476110626,0.10242463261905517,0.15058733241093783,,,
PatchTST,Exchange,96,none,2023,PatchTST__Exchange__h96__none__s2023,0.08414227220300101,0.20223883268031725,0.13235922170462167,0,4,6.7490339279174805,11.4,282336,0,75.494140625,32,96,False,cuda:0,io,5120,False,measured,2026-09-09 01:02:20,ok,0.024916407397973964,0.06126110631390966,0.1013780645746694,0.14901350710699943,,,
PatchTST,Exchange,96,san_lite,2021,PatchTST__Exchange__h96__san_lite__s2021,0.08868083292142472,0.20814669953787546,0.13221345772420554,2,6,11.111140251159668,24.7,282336,0,75.494140625,32,96,False,cuda:0,io,5120,False,measured,2026-09-09 14:43:41,ok,0.02844495747930013,0.0642648496081292,0.10614448549305393,0.15586903655139203,,,
PatchTST,Exchange,96,san_lite,2022,PatchTST__Exchange__h96__san_lite__s2022,0.08815064661613496,0.20757858707376114,0.13298621739361222,1,5,11.400461196899414,21.5,282336,0,75.494140625,32,96,False,cuda:0,io,5120,False,measured,2026-09-09 14:43:38,ok,0.028620350769399183,0.06407529001280952,0.10523423547710242,0.1546727086644859,,,
PatchTST,Exchange,96,san_lite,2023,PatchTST__Exchange__h96__san_lite__s2023,0.08831483536464085,0.20760433941003698,0.13180135091145834,3,7,10.792970657348633,27.5,282336,0,75.494140625,32,96,False,cuda:0,io,5120,False,measured,2026-09-09 14:43:44,ok,0.02830408855609463,0.06389948198605859,0.10574695400883209,0.15530881544673772,,,
PatchTST,ILI,24,fredf,2021,PatchTST__ILI__h24__fredf__s2021,2.9120970482919732,1.1448509494129684,0.49513292742205095,8,10,7.029891014099121,11.7,147096,0,54.33154296875,32,36,False,cuda:0,loss,617,False,measured,2026-09-08 23:26:15,ok,1.6739351774798052,3.3927279421595298,3.3586836935091426,3.2230414745854397,,,
PatchTST,ILI,24,fredf,2022,PatchTST__ILI__h24__fredf__s2022,2.989182552903974,1.1682058553401828,0.5200071592588682,8,10,6.944537162780762,11.5,147096,0,54.33154296875,32,36,False,cuda:0,loss,617,False,measured,2026-09-08 23:26:35,ok,2.001297859651368,3.36766641547366,3.3188554213494474,3.268910523956897,,,
PatchTST,ILI,24,fredf,2023,PatchTST__ILI__h24__fredf__s2023,2.9113171831232494,1.141784744903821,0.47672231470449244,7,10,7.036924362182617,11.6,147096,0,54.33154296875,32,36,False,cuda:0,loss,617,False,measured,2026-09-08 23:26:54,ok,1.728936819936715,3.312505188843115,3.2969588378564314,3.3068676561200654,,,
PatchTST,ILI,24,none,2021,PatchTST__ILI__h24__none__s2021,2.867021038151589,1.1363053351223302,0.4868154341649825,8,10,6.397366523742676,11.4,147096,0,54.3515625,32,36,False,cuda:0,io,617,False,measured,2026-09-08 23:29:10,ok,1.5761884464937097,3.34205202588848,3.3338957051936986,3.21594764217943,,,
PatchTST,ILI,24,none,2022,PatchTST__ILI__h24__none__s2022,2.9184667079722515,1.148350794175092,0.5057945889702482,8,10,6.482839584350586,11.3,147096,0,54.3515625,32,36,False,cuda:0,io,617,False,measured,2026-09-08 23:29:29,ok,1.850648776756949,3.277010363624209,3.284259273625221,3.2619485048352836,,,
PatchTST,ILI,24,none,2023,PatchTST__ILI__h24__none__s2023,2.8523542730080313,1.1262998949579832,0.47176050311349993,8,10,6.385087966918945,11.4,147096,0,54.3515625,32,36,False,cuda:0,io,617,False,measured,2026-09-08 23:29:48,ok,1.5886802171124799,3.2494588878642277,3.2874154120266272,3.283862248054739,,,
PatchTST,ILI,24,san_lite,2021,PatchTST__ILI__h24__san_lite__s2021,3.2379563019055277,1.2387898421087185,0.6397012541192839,8,10,9.560227394104004,14.8,147096,0,54.3515625,32,36,False,cuda:0,io,617,False,measured,2026-09-09 14:33:31,ok,1.9095986363600617,3.516488416121453,3.686445315278211,3.8392933169666787,,,
PatchTST,ILI,24,san_lite,2022,PatchTST__ILI__h24__san_lite__s2022,3.3373017126772586,1.26200826094598,0.6718497552466669,9,10,9.838104248046875,15.0,147096,0,54.3515625,32,36,False,cuda:0,io,617,False,measured,2026-09-09 14:33:31,ok,2.182022728372355,3.4167799396675176,3.854442099563214,3.895962901609618,,,
PatchTST,ILI,24,san_lite,2023,PatchTST__ILI__h24__san_lite__s2023,3.318726474964986,1.259176815257353,0.6541152669349386,8,10,9.513020515441895,14.7,147096,0,54.3515625,32,36,False,cuda:0,io,617,False,measured,2026-09-09 14:33:31,ok,1.9996341833547382,3.5163845628583466,3.803098452057825,3.9557891589252887,,,
PatchTST,ILI,36,fredf,2021,PatchTST__ILI__h36__fredf__s2021,2.8468744064493547,1.1370114661230724,0.4230607633888569,9,10,7.039427757263184,11.4,153252,0,54.42529296875,32,36,False,cuda:0,loss,605,False,measured,2026-09-08 23:28:11,ok,2.3447599451250167,3.373875543442217,2.723898765957928,2.944963174673935,,,
PatchTST,ILI,36,fredf,2022,PatchTST__ILI__h36__fredf__s2022,2.899622283500195,1.1413083190488749,0.4335780458699357,7,10,6.980657577514648,11.6,153252,0,54.42529296875,32,36,False,cuda:0,loss,605,False,measured,2026-09-08 23:28:31,ok,2.5635025763286508,3.317742125250763,2.807687463160617,2.909556696399139,,,
PatchTST,ILI,36,fredf,2023,PatchTST__ILI__h36__fredf__s2023,2.7911396206730648,1.1202773112764026,0.40102691572260624,9,10,6.981372833251953,11.3,153252,0,54.42529296875,32,36,False,cuda:0,loss,605,False,measured,2026-09-08 23:28:50,ok,2.3477771974409922,3.1452268263602416,2.6739832920459996,2.9975710101028943,,,
PatchTST,ILI,36,none,2021,PatchTST__ILI__h36__none__s2021,2.801271064180386,1.1194753924694218,0.4081825299319156,9,10,6.4220428466796875,11.4,153252,0,54.45556640625,32,36,False,cuda:0,io,605,False,measured,2026-09-08 23:25:17,ok,2.2574273405099983,3.2446379727667685,2.752445790430904,2.950573667312018,,,
PatchTST,ILI,36,none,2022,PatchTST__ILI__h36__none__s2022,2.8445626615831263,1.1220086886984817,0.41982677516361044,9,10,6.5087080001831055,11.2,153252,0,54.45556640625,32,36,False,cuda:0,io,605,False,measured,2026-09-08 23:25:36,ok,2.4309768132567524,3.209282655660374,2.8216265838788606,2.9163645103750446,,,
PatchTST,ILI,36,none,2023,PatchTST__ILI__h36__none__s2023,2.741995356373694,1.1016861645601015,0.39351343485983103,9,10,6.474494934082031,11.4,153252,0,54.45556640625,32,36,False,cuda:0,io,605,False,measured,2026-09-08 23:25:56,ok,2.229684856154963,3.0695387587529104,2.68494099269604,2.983816923279827,,,
PatchTST,ILI,36,san_lite,2021,PatchTST__ILI__h36__san_lite__s2021,3.441557973317887,1.2776126873069245,0.5679503488223246,9,10,9.297966957092285,14.2,153252,0,54.45556640625,32,36,False,cuda:0,io,605,False,measured,2026-09-09 14:33:55,ok,2.5597014715567585,3.982426066031675,4.112388780995116,3.1117154443889157,,,
PatchTST,ILI,36,san_lite,2022,PatchTST__ILI__h36__san_lite__s2022,3.5084065657100787,1.2952339550997087,0.5913357986161114,9,10,9.782075881958008,14.5,153252,0,54.45556640625,32,36,False,cuda:0,io,605,False,measured,2026-09-09 14:33:55,ok,2.775092480003966,4.038754705207186,4.094340462557207,3.1254384556471977,,,
PatchTST,ILI,36,san_lite,2023,PatchTST__ILI__h36__san_lite__s2023,3.450898817176198,1.2800945261287862,0.5630853499623976,9,10,10.25998592376709,14.6,153252,0,54.45556640625,32,36,False,cuda:0,io,605,False,measured,2026-09-09 14:33:56,ok,2.559509124817177,4.02014676293911,4.082625541050845,3.1413142775492857,,,
PatchTST,ILI,48,fredf,2021,PatchTST__ILI__h48__fredf__s2021,2.8662667171829135,1.1530126881459455,0.40754955473400295,7,10,6.997108459472656,11.3,159408,0,54.51904296875,32,36,False,cuda:0,loss,593,False,measured,2026-09-08 23:32:04,ok,3.0452871559028605,2.9800306458295904,2.357708293009022,3.0820408719704186,,,
PatchTST,ILI,48,fredf,2022,PatchTST__ILI__h48__fredf__s2022,2.88394389989247,1.1544979167622207,0.4188422648111979,9,10,7.061958312988281,11.4,159408,0,54.51904296875,32,36,False,cuda:0,loss,593,False,measured,2026-09-08 23:32:23,ok,3.1750469512591084,2.9986233011383825,2.2935564768368795,3.0685492706547666,,,
PatchTST,ILI,48,fredf,2023,PatchTST__ILI__h48__fredf__s2023,2.804840864267368,1.1389100833104004,0.39171456473214283,8,10,7.030129432678223,11.4,159408,0,54.51904296875,32,36,False,cuda:0,loss,593,False,measured,2026-09-08 23:32:43,ok,2.986959096581346,2.8074032608699113,2.3896758554810726,3.0353251641977086,,,
PatchTST,ILI,48,none,2021,PatchTST__ILI__h48__none__s2021,2.747239264023514,1.1073016162332334,0.37275623139880953,7,10,6.41322135925293,11.2,159408,0,54.5595703125,32,36,False,cuda:0,io,593,False,measured,2026-09-08 23:30:07,ok,2.806788081214542,2.824851793785618,2.280807269296068,3.0765099596992784,,,
PatchTST,ILI,48,none,2022,PatchTST__ILI__h48__none__s2022,2.750908420510488,1.1044498948746075,0.38081008184523807,9,10,6.390571594238281,11.3,159408,0,54.5595703125,32,36,False,cuda:0,io,593,False,measured,2026-09-08 23:30:26,ok,2.900853071194106,2.860856563844326,2.187679428876963,3.054244681580426,,,
PatchTST,ILI,48,none,2023,PatchTST__ILI__h48__none__s2023,2.705676631840397,1.0984835889085942,0.3641962178548177,8,10,6.419181823730469,11.3,159408,0,54.5595703125,32,36,False,cuda:0,io,593,False,measured,2026-09-08 23:30:46,ok,2.775950238351642,2.6970074903086285,2.309448593983212,3.0403001191798023,,,
PatchTST,ILI,48,san_lite,2021,PatchTST__ILI__h48__san_lite__s2021,3.3036637576825463,1.2392541296872452,0.46824497767857143,8,10,9.869217872619629,14.6,159408,0,54.5595703125,32,36,False,cuda:0,io,593,False,measured,2026-09-09 14:34:21,ok,3.074520199421723,4.08871852752825,2.9791479742145976,3.0722683572489227,,,
PatchTST,ILI,48,san_lite,2022,PatchTST__ILI__h48__san_lite__s2022,3.379476110529293,1.2566782732999022,0.49209757486979167,9,10,9.64653491973877,14.7,159408,0,54.5595703125,32,36,False,cuda:0,io,593,False,measured,2026-09-09 14:34:21,ok,3.173346452283766,4.2281129890536455,3.0459147606966006,3.07053011006494,,,
PatchTST,ILI,48,san_lite,2023,PatchTST__ILI__h48__san_lite__s2023,3.3620290936633643,1.2535820430350009,0.4751871163504464,9,10,10.082721710205078,14.3,159408,0,54.5595703125,32,36,False,cuda:0,io,593,False,measured,2026-09-09 14:34:20,ok,3.0921159677076253,4.264558813265547,3.0314266617906225,3.060014951174662,,,
PatchTST,ILI,60,fredf,2021,PatchTST__ILI__h60__fredf__s2021,2.890903219671731,1.163547930686967,0.4809614444436286,9,10,6.985306739807129,11.4,165564,0,54.61279296875,32,36,False,cuda:0,loss,581,False,measured,2026-09-08 23:34:01,ok,3.2361217468955794,2.743138997607309,2.1622984007053874,3.422053959459469,,,
PatchTST,ILI,60,fredf,2022,PatchTST__ILI__h60__fredf__s2022,2.9457464352345415,1.1742381667277453,0.5002624358748433,9,10,7.014989852905273,11.4,165564,0,54.61279296875,32,36,False,cuda:0,loss,581,False,measured,2026-09-08 23:34:20,ok,3.3054423806001387,2.788848234256617,2.2319869772796523,3.4567084230424325,,,
PatchTST,ILI,60,fredf,2023,PatchTST__ILI__h60__fredf__s2023,2.8404253148320895,1.148516693874378,0.4813065454774632,9,10,7.061004638671875,11.4,165564,0,54.61279296875,32,36,False,cuda:0,loss,581,False,measured,2026-09-08 23:34:39,ok,3.110906549167701,2.674506835015683,2.1486329754447806,3.427655042310768,,,
PatchTST,ILI,60,none,2021,PatchTST__ILI__h60__none__s2021,2.7431591866282425,1.1122055910458866,0.43858621927132285,9,10,6.533265113830566,11.3,165564,0,54.66357421875,32,36,False,cuda:0,io,581,False,measured,2026-09-08 23:27:14,ok,2.9144296186565084,2.6397857126481328,2.073817589440579,3.3446039705473054,,,
PatchTST,ILI,60,none,2022,PatchTST__ILI__h60__none__s2022,2.784529084488273,1.1199941107798064,0.4550879992339247,9,10,6.505012512207031,11.4,165564,0,54.66357421875,32,36,False,cuda:0,io,581,False,measured,2026-09-08 23:27:33,ok,2.995498479912276,2.661249100984033,2.1266722521209176,3.354696639006072,,,
PatchTST,ILI,60,none,2023,PatchTST__ILI__h60__none__s2023,2.7105487837042466,1.1034440399148233,0.43983376103833804,9,10,6.521821022033691,11.3,165564,0,54.66357421875,32,36,False,cuda:0,io,581,False,measured,2026-09-08 23:27:52,ok,2.833375725003956,2.5987185732388043,2.0777613433100433,3.332339415180827,,,
PatchTST,ILI,60,san_lite,2021,PatchTST__ILI__h60__san_lite__s2021,3.19796450573583,1.219814102617493,0.5248870467183584,9,10,8.92174243927002,14.4,165564,0,54.66357421875,32,36,False,cuda:0,io,581,False,measured,2026-09-09 14:34:45,ok,3.305380920323397,3.9363413191892276,2.1267377892706354,3.423397771297148,,,
PatchTST,ILI,60,san_lite,2022,PatchTST__ILI__h60__san_lite__s2022,3.2777122687344526,1.2381705364777673,0.5409299004346805,8,10,9.438753128051758,14.6,165564,0,54.66357421875,32,36,False,cuda:0,io,581,False,measured,2026-09-09 14:34:46,ok,3.42067825165554,4.001447688999461,2.222832475457534,3.4658908803325725,,,
PatchTST,ILI,60,san_lite,2023,PatchTST__ILI__h60__san_lite__s2023,3.183475531799707,1.21323674248734,0.5246837109252623,8,10,9.100198745727539,14.5,165564,0,54.66357421875,32,36,False,cuda:0,io,581,False,measured,2026-09-09 14:34:46,ok,3.2783362127655185,3.9364565683241506,2.098782288985805,3.420327253416233,,,
PatchTST,Weather,192,fredf,2021,PatchTST__Weather__h192__fredf__s2021,0.24105276261482134,0.2791567433957872,0.573662029687876,2,6,8.052349090576172,93.4,429888,0,163.06787109375,32,96,False,cuda:0,loss,36600,False,measured,2026-09-09 05:42:42,ok,0.16208315651707403,0.22565922275118933,0.26108847112165723,0.3153802006845208,,,
PatchTST,Weather,192,none,2021,PatchTST__Weather__h192__none__s2021,0.22970433503486457,0.26184090652768693,0.5188733099111786,8,10,7.515907287597656,148.3,429888,0,163.5595703125,32,96,False,cuda:0,io,36600,False,measured,2026-09-09 05:31:19,ok,0.14710986869046286,0.2232527641655269,0.2486550254376493,0.2997996847780558,,,
PatchTST,Weather,192,san_lite,2021,PatchTST__Weather__h192__san_lite__s2021,0.23269032411222298,0.2674586749059435,0.5228369359375464,3,7,14.291763305664062,215.5,429888,0,163.5595703125,32,96,False,cuda:0,io,36600,False,measured,2026-09-09 15:37:49,ok,0.1523029568259484,0.22281354930616384,0.2507391311287019,0.30490565888505994,,,
PatchTST,Weather,336,fredf,2021,PatchTST__Weather__h336__fredf__s2021,0.2948667345577914,0.316433961321951,0.6753658974513057,0,4,8.269309997558594,64.7,651216,0,166.01904296875,32,96,False,cuda:0,loss,36456,False,measured,2026-09-09 06:33:42,ok,0.191599142250207,0.27579204486072695,0.33753955538623936,0.3745361937375386,,,
PatchTST,Weather,336,none,2021,PatchTST__Weather__h336__none__s2021,0.2855193337016531,0.3021033422282135,0.6105500302786494,4,8,7.715702056884766,122.8,651216,0,166.8798828125,32,96,False,cuda:0,io,36456,False,measured,2026-09-09 06:19:02,ok,0.18205040094705274,0.26104773846529067,0.33286233382587727,0.36611685458998977,,,
PatchTST,Weather,336,san_lite,2021,PatchTST__Weather__h336__san_lite__s2021,0.2865417024491795,0.30514543969867386,0.6109228139374259,4,8,17.20750331878662,269.7,651216,0,166.8798828125,32,96,False,cuda:0,io,36456,False,measured,2026-09-09 15:47:45,ok,0.182166275799903,0.26093423674487887,0.33586928805533206,0.36719701129135324,,,
PatchTST,Weather,720,fredf,2021,PatchTST__Weather__h720__fredf__s2021,0.37059253820757765,0.3662947798720218,0.8169382615774892,0,4,9.035468101501465,71.0,1241424,0,176.17919921875,32,96,False,cuda:0,loss,36072,False,measured,2026-09-09 07:31:30,ok,0.2381654019776685,0.36028094717181414,0.4232980504906161,0.4606257367221703,,,
PatchTST,Weather,720,none,2021,PatchTST__Weather__h720__none__s2021,0.3612421196976294,0.35081934371430457,0.7362136971829553,5,9,8.487462997436523,152.5,1241424,0,177.9580078125,32,96,False,cuda:0,io,36072,False,measured,2026-09-09 06:13:30,ok,0.22266132854300252,0.35072043544435616,0.4179585235466915,0.45362818139217465,,,
PatchTST,Weather,720,revin,2021,PatchTST__Weather__h720__revin__s2021,0.36124816053315667,0.35079438785372147,0.7361881726020445,5,9,8.681535720825195,155.1,1241424,0,178.0146484375,32,96,False,cuda:0,io,36072,False,measured,2026-09-09 07:22:43,ok,0.22266410567587783,0.35072231038944823,0.41796856669580934,0.45363765673464795,,,
PatchTST,Weather,720,san_lite,2021,PatchTST__Weather__h720__san_lite__s2021,0.3614372259386719,0.3536695049688204,0.7421790514881533,4,8,18.157958984375,275.8,1241424,0,178.0146484375,32,96,False,cuda:0,io,36072,False,measured,2026-09-09 15:58:54,ok,0.22190173680437997,0.35234877556569816,0.417348652470709,0.4541497424474343,,,
PatchTST,Weather,96,fredf,2021,PatchTST__Weather__h96__fredf__s2021,0.19000197784862966,0.23473088146883012,0.47592175703894807,1,5,7.806181907653809,75.4,282336,0,159.89794921875,32,96,False,cuda:0,loss,36696,False,measured,2026-09-09 05:04:21,ok,0.12332418607480787,0.190472796114907,0.21128286119838832,0.23492807513201008,,,
PatchTST,Weather,96,none,2021,PatchTST__Weather__h96__none__s2021,0.18444422805656358,0.22460186118759792,0.4481946726534943,7,10,7.274627685546875,143.0,282336,0,160.1435546875,32,96,False,cuda:0,io,36696,False,measured,2026-09-09 05:48:21,ok,0.10993151376371918,0.18454216004224566,0.21238513165607384,0.23091811193631626,,,
PatchTST,Weather,96,revin,2021,PatchTST__Weather__h96__revin__s2021,0.18442918530856597,0.22458002504720026,0.4481763416071189,7,10,7.456779479980469,145.6,282336,0,160.1435546875,32,96,False,cuda:0,io,36696,False,measured,2026-09-09 04:58:59,ok,0.1099113304058306,0.18452062570161262,0.21237246339193794,0.23091232479765475,,,
PatchTST,Weather,96,san_lite,2021,PatchTST__Weather__h96__san_lite__s2021,0.18644705652023108,0.2303187617332744,0.455363105778021,4,8,12.24827766418457,203.2,282336,0,160.1435546875,32,96,False,cuda:0,io,36696,False,measured,2026-09-09 15:32:41,ok,0.11653023414784354,0.18623639118911803,0.21351150567554936,0.22951009249579288,,,
TimesNet,ETTh1,192,fredf,2021,TimesNet__ETTh1__h192__fredf__s2021,0.4631185593427966,0.4595899162906545,1.0603189550292809,9,10,401.5756845474243,1534.0,4717479,0,3312.8330078125,32,96,False,cuda:0,loss,8353,False,measured,2026-09-09 20:17:03,ok,0.372960368656696,0.45053098201795255,0.49190297156563306,0.537079918768273,,,
TimesNet,ETTh1,192,fredf,2022,TimesNet__ETTh1__h192__fredf__s2022,0.44032947240546855,0.44510491059106755,1.0353521124016927,5,9,415.9550666809082,1279.7,4717479,0,3309.5048828125,32,96,False,cuda:0,loss,8353,False,measured,2026-09-09 20:29:39,ok,0.36706760851665504,0.42805153315684624,0.4635972469389112,0.5026015082392101,,,
TimesNet,ETTh1,192,fredf,2023,TimesNet__ETTh1__h192__fredf__s2023,0.43575331413608026,0.4413730019635921,1.0527686370869604,7,10,505.2201747894287,1630.0,4717479,0,3310.443359375,32,96,False,cuda:0,loss,8353,False,measured,2026-09-09 20:44:24,ok,0.3567265179175068,0.4267356318793851,0.46196150233522704,0.4975896038636159,,,
TimesNet,ETTh1,192,none,2021,TimesNet__ETTh1__h192__none__s2021,0.5186905553277622,0.4786532180512675,1.0218839595564793,2,6,1252.7498006820679,2148.2,4717479,0,3313.65283203125,32,96,False,cuda:0,io,8353,False,measured,2026-09-09 19:29:23,ok,0.4274305027499355,0.5143589571226349,0.5370995069304642,0.5958732533867627,,,
TimesNet,ETTh1,192,none,2022,TimesNet__ETTh1__h192__none__s2022,0.49478103220753067,0.47083425961794906,1.0323491449296462,2,6,865.9813404083252,1898.3,4717479,0,3311.21728515625,32,96,False,cuda:0,io,8353,False,measured,2026-09-09 19:26:48,ok,0.3990413031577705,0.48903054584823247,0.5182640859909152,0.5727881827948492,,,
TimesNet,ETTh1,192,none,2023,TimesNet__ETTh1__h192__none__s2023,0.47453891206491483,0.4578300828299892,1.021463014782726,1,5,753.6258697509766,1236.2,4717479,0,3308.23095703125,32,96,False,cuda:0,io,8353,False,measured,2026-09-09 19:47:36,ok,0.3629682306726381,0.4524219891660675,0.5095868409260832,0.573178598395298,,,
TimesNet,ETTh1,192,san_lite,2021,TimesNet__ETTh1__h192__san_lite__s2021,0.5183151284264632,0.4773804030737335,1.0116786173500443,4,8,504.4621229171753,1953.6,4717479,0,3309.02978515625,32,96,False,cuda:0,io,8353,False,measured,2026-09-09 21:22:53,ok,0.38504365219123277,0.5024872815960179,0.5595726480436024,0.6261569184484121,,,
TimesNet,ETTh1,192,san_lite,2022,TimesNet__ETTh1__h192__san_lite__s2022,0.5321325131787039,0.4787483322742622,1.0226484210649636,2,6,349.0811586380005,838.4,4717479,0,3313.40478515625,32,96,False,cuda:0,io,8353,False,measured,2026-09-09 21:21:28,ok,0.41477940043931555,0.5154704603699755,0.5718248805821541,0.6264553067823052,,,
TimesNet,ETTh1,192,san_lite,2023,TimesNet__ETTh1__h192__san_lite__s2023,0.527769921920288,0.47269943775506057,1.0094096297723278,2,6,653.4954309463501,1269.2,4717479,0,3307.51123046875,32,96,False,cuda:0,io,8353,False,measured,2026-09-09 21:42:49,ok,0.39130979409484,0.5064484510630402,0.5714031062629948,0.6419183274108246,,,
TimesNet,ETTh1,336,fredf,2021,TimesNet__ETTh1__h336__fredf__s2021,0.4978204177092313,0.47427082406667237,1.3485225209619702,9,10,1676.5846014022827,3942.4,4731447,0,3370.69091796875,32,96,False,cuda:0,loss,8209,False,measured,2026-09-10 02:55:52,ok,0.40184359501341255,0.4924755152822689,0.5445690806030584,0.552393496710301,,,
TimesNet,ETTh1,336,fredf,2022,TimesNet__ETTh1__h336__fredf__s2022,0.5077982055228464,0.4837011094881838,1.3247519269173165,4,8,1350.4968881607056,2817.5,4731447,0,3373.19873046875,32,96,False,cuda:0,loss,8209,False,measured,2026-09-10 02:50:57,ok,0.408484503182276,0.5036729029562197,0.5489720009509002,0.5700634053999887,,,
TimesNet,ETTh1,336,fredf,2023,TimesNet__ETTh1__h336__fredf__s2023,0.46645396090502755,0.4551605933884175,1.3377094800500013,9,10,600.4030704498291,2007.9,4731447,0,3375.97998046875,32,96,False,cuda:0,loss,8209,False,measured,2026-09-10 02:37:53,ok,0.3791770110409378,0.464569342686521,0.5049554931957024,0.5171139862747594,,,
TimesNet,ETTh1,336,none,2021,TimesNet__ETTh1__h336__none__s2021,0.5285453833808204,0.503687761385098,1.3262720489104287,3,7,928.2931089401245,1948.5,4731447,0,3371.6806640625,32,96,False,cuda:0,io,8209,False,measured,2026-09-10 00:48:04,ok,0.40093852738329877,0.5009865556234135,0.5970932045340811,0.6151632549000435,,,
TimesNet,ETTh1,336,none,2022,TimesNet__ETTh1__h336__none__s2022,0.5297394667169729,0.49394215759348314,1.3243648832860133,1,5,958.127498626709,1722.9,4731447,0,3376.3916015625,32,96,False,cuda:0,io,8209,False,measured,2026-09-10 01:17:03,ok,0.4173347884615175,0.5157947491033674,0.5843049310652313,0.6015234087351646,,,
TimesNet,ETTh1,336,none,2023,TimesNet__ETTh1__h336__none__s2023,0.5281027130277455,0.49819716751585824,1.3384258307940071,4,8,789.7597551345825,1962.0,4731447,0,3374.9404296875,32,96,False,cuda:0,io,8209,False,measured,2026-09-10 01:49:57,ok,0.41621283818771043,0.5031980097638785,0.5856525710878684,0.607347447636079,,,
TimesNet,ETTh1,336,san_lite,2021,TimesNet__ETTh1__h336__san_lite__s2021,0.5652513251586243,0.5096831941350337,1.3268731641569937,8,10,587.0134830474854,1972.1,4731447,0,3369.9228515625,32,96,False,cuda:0,io,8209,False,measured,2026-09-10 03:10:58,ok,0.4121479529978101,0.5517612135101384,0.6484813009614149,0.648614813618271,,,
TimesNet,ETTh1,336,san_lite,2022,TimesNet__ETTh1__h336__san_lite__s2022,0.5646676194882423,0.49975709960663417,1.285694298440152,4,8,874.9439716339111,2305.7,4731447,0,3373.1884765625,32,96,False,cuda:0,io,8209,False,measured,2026-09-10 03:29:36,ok,0.43716376876540447,0.5599134104981205,0.6501906908433277,0.611402614287812,,,
TimesNet,ETTh1,336,san_lite,2023,TimesNet__ETTh1__h336__san_lite__s2023,0.5223229344038389,0.48589379268406774,1.2933417683441255,2,6,773.0326652526855,1485.6,4731447,0,3372.9541015625,32,96,False,cuda:0,io,8209,False,measured,2026-09-10 03:20:51,ok,0.4110842240127089,0.5128439909135063,0.5827766942166639,0.5825868176029116,,,
TimesNet,ETTh1,720,fredf,2021,TimesNet__ETTh1__h720__fredf__s2021,0.5486599098265472,0.5155143199757103,1.6605518645835629,9,10,2375.245213508606,6745.2,4768695,0,3554.6484375,32,96,False,cuda:0,loss,7825,False,measured,2026-09-10 14:13:12,ok,0.4969782711128747,0.5381962116976666,0.5394023945601212,0.6200627594953538,,,
TimesNet,ETTh1,720,fredf,2022,TimesNet__ETTh1__h720__fredf__s2022,0.5014062448353936,0.4835310577762215,1.622386369192228,6,10,1778.92005443573,5191.9,4768695,0,3560.8203125,32,96,False,cuda:0,loss,7825,False,measured,2026-09-10 14:04:53,ok,0.43530348172494654,0.4923158506385573,0.49557323687674254,0.58243240813504,,,
TimesNet,ETTh1,720,fredf,2023,TimesNet__ETTh1__h720__fredf__s2023,0.5060860065335713,0.4934541871299846,1.61329822864332,3,7,1647.5404500961304,3724.4,4768695,0,3542.755859375,32,96,False,cuda:0,loss,7825,False,measured,2026-09-10 14:32:16,ok,0.43124922549328015,0.49845355575293765,0.4988619857444787,0.5957792571899093,,,
TimesNet,ETTh1,720,none,2021,TimesNet__ETTh1__h720__none__s2021,0.6712003112507391,0.5781925595065942,1.6729501907002196,3,7,5848.487615585327,10911.8,4768695,0,3554.17724609375,32,96,False,cuda:0,io,7825,False,measured,2026-09-10 12:38:08,ok,0.46580698091088585,0.6220891436320203,0.7010434856941427,0.8958616423487614,,,
TimesNet,ETTh1,720,none,2022,TimesNet__ETTh1__h720__none__s2022,0.5369612895970367,0.5044517992025159,1.626959496115757,0,4,1952.6458978652954,2132.5,4768695,0,3562.22412109375,32,96,False,cuda:0,io,7825,False,measured,2026-09-10 10:26:08,ok,0.44852682193903126,0.5182661447919893,0.5376217022747568,0.6434304890261683,,,
TimesNet,ETTh1,720,none,2023,TimesNet__ETTh1__h720__none__s2023,0.6343826375202682,0.5521460833002798,1.656238408328008,1,5,5581.352353096008,8175.9,4768695,0,3536.19091796875,32,96,False,cuda:0,io,7825,False,measured,2026-09-10 12:20:32,ok,0.4828924752179772,0.6129758602477815,0.6417056335429941,0.7999565698903253,,,
TimesNet,ETTh1,720,revin,2021,TimesNet__ETTh1__h720__revin__s2021,0.6670483224670016,0.5770050909820006,1.676510638744739,3,7,5862.562656402588,11015.7,4768695,0,3554.17724609375,32,96,False,cuda:0,io,7825,False,measured,2026-09-10 13:29:57,ok,0.46437398602017654,0.6203181851109214,0.6957994263078792,0.8877016812410804,,,
TimesNet,ETTh1,720,san_lite,2021,TimesNet__ETTh1__h720__san_lite__s2021,0.6509146266758574,0.54598464051815,1.6527539574656795,3,7,5670.877814292908,10475.8,4768695,0,3555.67529296875,32,96,False,cuda:0,io,7825,False,measured,2026-09-10 18:04:32,ok,0.4889726131996634,0.6378920748759463,0.6674604060588701,0.8093334215321277,,,
TimesNet,ETTh1,720,san_lite,2022,TimesNet__ETTh1__h720__san_lite__s2022,0.6596338862933873,0.5368024094495311,1.6169886569177263,1,5,1757.433533668518,2499.9,4768695,0,3553.39404296875,32,96,False,cuda:0,io,7825,False,measured,2026-09-10 16:08:51,ok,0.5040700696611181,0.6303954683508393,0.6574138317925071,0.8466561639061916,,,
TimesNet,ETTh1,720,san_lite,2023,TimesNet__ETTh1__h720__san_lite__s2023,0.5166989580091108,0.49425151627103486,1.6402941481452407,0,4,4489.7061586380005,5285.6,4768695,0,3535.64404296875,32,96,False,cuda:0,io,7825,False,measured,2026-09-10 17:29:12,ok,0.4463955031711071,0.5194340950659407,0.5089265656268284,0.5920396732476502,,,
TimesNet,ETTh1,96,fredf,2021,TimesNet__ETTh1__h96__fredf__s2021,0.39788949181608146,0.4127637095621348,0.7428665845590015,7,10,120.57828903198242,387.5,4708167,0,694.42333984375,32,96,False,cuda:0,loss,8449,False,measured,2026-09-09 11:55:23,ok,0.3269590057994455,0.3899134464549916,0.4232299321288646,0.4514555756770207,,,
TimesNet,ETTh1,96,fredf,2022,TimesNet__ETTh1__h96__fredf__s2022,0.4000876747360288,0.4137005615185456,0.7605764312887636,2,6,131.8073272705078,249.3,4708167,0,693.87451171875,32,96,False,cuda:0,loss,8449,False,measured,2026-09-09 11:59:40,ok,0.33393948247861327,0.38781193328873714,0.42540486770006614,0.4531944047212327,,,
TimesNet,ETTh1,96,fredf,2023,TimesNet__ETTh1__h96__fredf__s2023,0.3936806688800351,0.4119466423285133,0.7455248160312101,7,10,135.9536647796631,430.6,4708167,0,694.84326171875,32,96,False,cuda:0,loss,8449,False,measured,2026-09-09 12:06:59,ok,0.32120270196361483,0.37826709620259025,0.42297728803948953,0.4522755867564417,,,
TimesNet,ETTh1,96,none,2021,TimesNet__ETTh1__h96__none__s2021,0.3989240653210953,0.4170124029169493,0.731793126662878,1,5,132.0667266845703,217.8,4708167,0,692.6455078125,32,96,False,cuda:0,io,8449,False,measured,2026-09-08 23:00:36,ok,0.32793075489841295,0.38626012627891776,0.4250073023677392,0.45649806705670626,,,
TimesNet,ETTh1,96,none,2022,TimesNet__ETTh1__h96__none__s2022,0.4057192567373796,0.42122899036157985,0.74305464973753,1,5,134.18209552764893,214.0,4708167,0,695.7841796875,32,96,False,cuda:0,io,8449,False,measured,2026-09-08 23:04:18,ok,0.33559786728973817,0.39553396357017173,0.43191381454389105,0.45983140526786165,,,
TimesNet,ETTh1,96,none,2023,TimesNet__ETTh1__h96__none__s2023,0.4021391815514282,0.4187568913466545,0.7384690953858277,2,6,135.52474975585938,260.0,4708167,0,694.2060546875,32,96,False,cuda:0,io,8449,False,measured,2026-09-08 23:08:46,ok,0.32515474842859543,0.38918184460224126,0.4327182443901585,0.4615018876749572,,,
TimesNet,ETTh1,96,revin,2021,TimesNet__ETTh1__h96__revin__s2021,0.39887892747624487,0.416988155113547,0.731850713149517,1,5,132.13849067687988,217.9,4708167,0,692.6455078125,32,96,False,cuda:0,io,8449,False,measured,2026-09-09 12:57:49,ok,0.3279040852136578,0.38621379050889654,0.42494568373777675,0.4564521351606711,,,
TimesNet,ETTh1,96,san_lite,2021,TimesNet__ETTh1__h96__san_lite__s2021,0.4221613765996043,0.42342103247338,0.7268142031718291,2,6,426.3521432876587,816.6,4708167,0,691.6298828125,32,96,False,cuda:0,io,8449,False,measured,2026-09-09 17:37:06,ok,0.35528525758422874,0.41472737893530337,0.44655216183853225,0.4720807175504245,,,
TimesNet,ETTh1,96,san_lite,2022,TimesNet__ETTh1__h96__san_lite__s2022,0.41261036685259717,0.4190865721225209,0.7320498159199359,1,5,414.1963720321655,653.9,4708167,0,697.6845703125,32,96,False,cuda:0,io,8449,False,measured,2026-09-09 17:37:02,ok,0.346516476257345,0.40021141513875075,0.434594501925393,0.46911906709849477,,,
TimesNet,ETTh1,96,san_lite,2023,TimesNet__ETTh1__h96__san_lite__s2023,0.42119495117573635,0.4246360538779767,0.7304760407451647,4,8,424.26061630249023,1043.5,4708167,0,695.0673828125,32,96,False,cuda:0,io,8449,False,measured,2026-09-09 17:54:36,ok,0.3446659838727415,0.4048543202033512,0.44930997648745113,0.4859495363249257,,,
TimesNet,ETTh2,192,fredf,2021,TimesNet__ETTh2__h192__fredf__s2021,0.38679758876566867,0.3993256443647001,0.2897167426542689,1,5,569.5593357086182,1166.5,4717479,0,3307.47265625,32,96,False,cuda:0,loss,8353,False,measured,2026-09-09 22:41:17,ok,0.2537086643555675,0.3662129081542247,0.4416292936465323,0.48563947139308544,,,
TimesNet,ETTh2,192,fredf,2022,TimesNet__ETTh2__h192__fredf__s2022,0.3903575932277235,0.4002105826583722,0.28240352496115556,2,6,572.4811553955078,1344.8,4717479,0,3309.5849609375,32,96,False,cuda:0,loss,8353,False,measured,2026-09-09 23:00:50,ok,0.2551479619893416,0.36861958664601535,0.4396122764472037,0.4980505468779122,,,
TimesNet,ETTh2,192,fredf,2023,TimesNet__ETTh2__h192__fredf__s2023,0.41564360943204354,0.4183987025028692,0.29887802684585124,1,5,900.8715152740479,1551.8,4717479,0,3310.5283203125,32,96,False,cuda:0,loss,8353,False,measured,2026-09-09 23:07:22,ok,0.2889069449502538,0.3863458285333267,0.46297027208894637,0.5243513773073945,,,
TimesNet,ETTh2,192,none,2021,TimesNet__ETTh2__h192__none__s2021,0.4169773118424883,0.4199971060871172,0.3028699621500399,1,5,3178.2796382904053,4503.2,4717479,0,3307.46435546875,32,96,False,cuda:0,io,8353,False,measured,2026-09-09 22:38:13,ok,0.2658850800526342,0.3945274825332854,0.47991079215364274,0.5275858987074153,,,
TimesNet,ETTh2,192,none,2022,TimesNet__ETTh2__h192__none__s2022,0.4363864096040801,0.4272350556736141,0.3274550320468023,4,8,4482.734441757202,9604.4,4717479,0,3307.57470703125,32,96,False,cuda:0,io,8353,False,measured,2026-09-10 00:10:44,ok,0.2743675212333549,0.40938723790042153,0.5103933116124797,0.5513975611712078,,,
TimesNet,ETTh2,192,none,2023,TimesNet__ETTh2__h192__none__s2023,0.4415043668218846,0.4252250860503668,0.2860366789572539,3,7,856.654167175293,2311.1,4717479,0,3307.34130859375,32,96,False,cuda:0,io,8353,False,measured,2026-09-09 22:21:36,ok,0.2683985179982899,0.40430351992437613,0.5110413942208114,0.5822740314559122,,,
TimesNet,ETTh2,192,san_lite,2021,TimesNet__ETTh2__h192__san_lite__s2021,0.39493287927582676,0.40355040814316745,0.2900318472273394,0,4,471.41146659851074,1051.6,4717479,0,3307.13916015625,32,96,False,cuda:0,io,8353,False,measured,2026-09-10 00:10:37,ok,0.26664345915345,0.36912486747631057,0.43760907455855796,0.5063541251486207,,,
TimesNet,ETTh2,192,san_lite,2022,TimesNet__ETTh2__h192__san_lite__s2022,0.42857298320462284,0.42260930123945845,0.2927175175400765,2,6,3028.095483779907,4924.6,4717479,0,3307.32177734375,32,96,False,cuda:0,io,8353,False,measured,2026-09-10 01:32:53,ok,0.2985277160137351,0.39800282549069826,0.4760599802784273,0.5417014256685228,,,
TimesNet,ETTh2,192,san_lite,2023,TimesNet__ETTh2__h192__san_lite__s2023,0.4654775972239163,0.4333284727102401,0.2901991145273758,7,10,2539.2487049102783,6766.1,4717479,0,3310.35791015625,32,96,False,cuda:0,io,8353,False,measured,2026-09-10 02:03:46,ok,0.28737418495738937,0.4114162928447156,0.5343959564662888,0.6287239618858943,,,
TimesNet,ETTh2,336,fredf,2021,TimesNet__ETTh2__h336__fredf__s2021,0.45154258548873255,0.4499341809300157,0.39973643870497916,2,6,807.4630498886108,1592.0,4731447,0,3372.60302734375,32,96,False,cuda:0,loss,8209,False,measured,2026-09-10 05:53:28,ok,0.3145394274381737,0.4442430147205664,0.5142062052357668,0.5331816861992199,,,
TimesNet,ETTh2,336,fredf,2022,TimesNet__ETTh2__h336__fredf__s2022,0.43534278698836026,0.44330539898378923,0.40325018867443835,2,6,1470.5722332000732,2429.7,4731447,0,3376.53271484375,32,96,False,cuda:0,loss,8209,False,measured,2026-09-10 06:34:10,ok,0.31008299496511527,0.4320564546152747,0.48759545934434007,0.5116362226975975,,,
TimesNet,ETTh2,336,fredf,2023,TimesNet__ETTh2__h336__fredf__s2023,0.41850630060184224,0.42895628279092823,0.3766673023465587,2,6,1000.6929636001587,2076.7,4731447,0,3377.34326171875,32,96,False,cuda:0,loss,8209,False,measured,2026-09-10 06:30:32,ok,0.2843008497806696,0.41741449680190457,0.48143245071830315,0.49087739774072975,,,
TimesNet,ETTh2,336,none,2021,TimesNet__ETTh2__h336__none__s2021,0.4732444250397083,0.4611750490597915,0.4208466058674514,0,4,6334.704756736755,6597.6,4731447,0,3369.8291015625,32,96,False,cuda:0,io,8209,False,measured,2026-09-10 05:26:43,ok,0.3324295366676945,0.47698254654666655,0.5283061403194722,0.5552594970650204,,,
TimesNet,ETTh2,336,none,2022,TimesNet__ETTh2__h336__none__s2022,0.4770764330969526,0.4665645294640142,0.4286808962249868,1,5,5226.638317108154,7032.1,4731447,0,3377.2978515625,32,96,False,cuda:0,io,8209,False,measured,2026-09-10 06:17:58,ok,0.3361356596970104,0.48253267987356324,0.5383826072622974,0.5512547726317173,,,
TimesNet,ETTh2,336,none,2023,TimesNet__ETTh2__h336__none__s2023,0.47420153448531766,0.46196873955216605,0.41526851416217275,0,4,5234.175443649292,5681.1,4731447,0,3370.4072265625,32,96,False,cuda:0,io,8209,False,measured,2026-09-10 05:55:42,ok,0.3395776575703942,0.47432200232754435,0.5400001262456376,0.5429063646935129,,,
TimesNet,ETTh2,336,san_lite,2021,TimesNet__ETTh2__h336__san_lite__s2021,0.4739509178020806,0.44676231218174894,0.3811096848066646,3,7,1030.0438404083252,2173.2,4731447,0,3365.9990234375,32,96,False,cuda:0,io,8209,False,measured,2026-09-10 08:50:39,ok,0.2905362285362642,0.47275199440084736,0.5593985876906978,0.5731168682021455,,,
TimesNet,ETTh2,336,san_lite,2022,TimesNet__ETTh2__h336__san_lite__s2022,0.42616507322189223,0.4343148066742199,0.3836147549753878,0,4,1130.6545734405518,1966.1,4731447,0,3373.2041015625,32,96,False,cuda:0,io,8209,False,measured,2026-09-10 08:47:47,ok,0.29154952758855185,0.42078160987003504,0.49101247733497383,0.5013166799532927,,,
TimesNet,ETTh2,336,san_lite,2023,TimesNet__ETTh2__h336__san_lite__s2023,0.43790355337881254,0.4432007220960738,0.3803056988581594,0,4,4234.439253807068,4562.6,4731447,0,3370.7509765625,32,96,False,cuda:0,io,8209,False,measured,2026-09-10 10:04:02,ok,0.29663279356774924,0.4283297819271888,0.5060549420986555,0.520596698733685,,,
TimesNet,ETTh2,720,fredf,2021,TimesNet__ETTh2__h720__fredf__s2021,0.4873957592355786,0.4783277574234904,0.6552340164902437,0,4,2522.1619606018066,2816.5,4768695,0,3552.716796875,32,96,False,cuda:0,loss,7825,False,measured,2026-09-10 18:16:24,ok,0.3691682436013295,0.46357684555488576,0.46154543438376516,0.6552925061494131,,0.0,
TimesNet,ETTh2,720,fredf,2022,TimesNet__ETTh2__h720__fredf__s2022,0.47200026501603554,0.47098764746672617,0.6599051575996838,3,7,1740.5182123184204,3592.4,4768695,0,3558.927734375,32,96,False,cuda:0,loss,7825,False,measured,2026-09-10 18:47:54,ok,0.35796005086396626,0.4495947191724925,0.4443579821473373,0.6360883017632772,,0.0,
TimesNet,ETTh2,720,fredf,2023,TimesNet__ETTh2__h720__fredf__s2023,0.4286723717885043,0.44250078071632404,0.6178569215681076,7,10,1588.4606838226318,4890.9,4768695,0,3544.5859375,32,96,False,cuda:0,loss,7825,False,measured,2026-09-10 19:26:18,ok,0.32861739107998617,0.42040217209437414,0.3977415358830312,0.5679283844717415,,0.0,
TimesNet,ETTh2,720,none,2021,TimesNet__ETTh2__h720__none__s2021,0.484552830128236,0.47889236904452026,0.6493822657403429,0,4,2035.0000858306885,2670.0,4768695,0,3541.14404296875,32,96,False,cuda:0,io,7825,False,measured,2026-09-10 19:32:37,ok,0.38108980371497037,0.4698206227030066,0.4707165846945096,0.6165843160562067,,0.0,
TimesNet,ETTh2,720,none,2022,TimesNet__ETTh2__h720__none__s2022,0.46854333451172436,0.4718949511611871,0.6162438320971562,1,5,1908.0923795700073,2711.0,4768695,0,3560.87841796875,32,96,False,cuda:0,io,7825,False,measured,2026-09-10 20:04:23,ok,0.34173628904709813,0.4479209235325637,0.46137577993792733,0.6231403465917833,,0.0,
TimesNet,ETTh2,720,none,2023,TimesNet__ETTh2__h720__none__s2023,0.4672896318835021,0.46886336239170395,0.6941242937257378,1,5,1626.4915466308594,2439.0,4768695,0,3537.52099609375,32,96,False,cuda:0,io,7825,False,measured,2026-09-10 20:07:11,ok,0.38410603561371803,0.4651046073131234,0.4669491961447462,0.5529986908600385,,0.0,
TimesNet,ETTh2,720,san_lite,2021,TimesNet__ETTh2__h720__san_lite__s2021,0.5079981654457537,0.49456195107407747,0.6043051763873739,0,4,2080.050230026245,2514.4,4768695,0,3555.01123046875,32,96,False,cuda:0,io,7825,False,measured,2026-09-10 20:14:46,ok,0.34680951273241767,0.48362821634970016,0.5114605818872652,0.6900943340668209,,0.0,
TimesNet,ETTh2,720,san_lite,2022,TimesNet__ETTh2__h720__san_lite__s2022,0.43682377047651644,0.4424299589000628,0.630252542004891,1,5,1368.916392326355,2432.0,4768695,0,3560.89404296875,32,96,False,cuda:0,io,7825,False,measured,2026-09-10 20:45:09,ok,0.3423104382224648,0.43193644377798646,0.39565482667725277,0.5773933666093883,,0.0,
TimesNet,ETTh2,720,san_lite,2023,TimesNet__ETTh2__h720__san_lite__s2023,0.43740576817092136,0.44923539724774686,0.6287685465317259,1,5,3179.5287132263184,4930.6,4768695,0,3549.37841796875,32,96,False,cuda:0,io,7825,False,measured,2026-09-10 21:29:37,ok,0.3499449309086816,0.4360234046617535,0.4066353076995114,0.5570194141587188,,0.0,
TimesNet,ETTh2,96,fredf,2021,TimesNet__ETTh2__h96__fredf__s2021,0.31155416236388905,0.354017408800969,0.24598467843679522,1,5,130.87451457977295,231.8,4708167,0,696.90771484375,32,96,False,cuda:0,loss,8449,False,measured,2026-09-09 14:26:14,ok,0.20144003572593264,0.2932294320967693,0.35313690154792293,0.3984102886410604,,,
TimesNet,ETTh2,96,fredf,2022,TimesNet__ETTh2__h96__fredf__s2022,0.3024698855969257,0.3473953661658147,0.2381230093489715,1,5,459.6492052078247,720.7,4708167,0,699.33544921875,32,96,False,cuda:0,loss,8449,False,measured,2026-09-09 17:49:19,ok,0.2009044027999948,0.28889362035413,0.34163278076739445,0.3784487286333058,,,
TimesNet,ETTh2,96,fredf,2023,TimesNet__ETTh2__h96__fredf__s2023,0.3086880711782709,0.35233030729317466,0.23324703620704532,0,4,360.9647750854492,486.4,4708167,0,689.04150390625,32,96,False,cuda:0,loss,8449,False,measured,2026-09-09 17:57:40,ok,0.2178278301438595,0.29607402576756087,0.3459721391251926,0.374878291238564,,,
TimesNet,ETTh2,96,none,2021,TimesNet__ETTh2__h96__none__s2021,0.3380624094202629,0.37550607363138383,0.2544338966380065,1,5,185.13894081115723,283.9,4708167,0,695.6611328125,32,96,False,cuda:0,io,8449,False,measured,2026-09-09 13:02:41,ok,0.2239414327634844,0.31704868549990445,0.38208056787089256,0.4291789613381975,,,
TimesNet,ETTh2,96,none,2022,TimesNet__ETTh2__h96__none__s2022,0.3335270279460945,0.37308896734865954,0.2556614950720934,1,5,160.17544269561768,252.6,4708167,0,698.2998046875,32,96,False,cuda:0,io,8449,False,measured,2026-09-09 13:07:01,ok,0.22495180650048022,0.31682499364570055,0.37857434078917257,0.41375697762954994,,,
TimesNet,ETTh2,96,none,2023,TimesNet__ETTh2__h96__none__s2023,0.32622977549310034,0.3672498013246179,0.253400894420885,1,5,191.79165363311768,297.0,4708167,0,692.1689453125,32,96,False,cuda:0,io,8449,False,measured,2026-09-09 13:12:07,ok,0.21651990161182366,0.3081276129098698,0.37264030702960554,0.4076312828846922,,,
TimesNet,ETTh2,96,san_lite,2021,TimesNet__ETTh2__h96__san_lite__s2021,0.32300146196585,0.3585174164466698,0.22977336537810467,1,5,300.0386953353882,488.3,4708167,0,697.4580078125,32,96,False,cuda:0,io,8449,False,measured,2026-09-09 18:06:01,ok,0.227272841279341,0.304601295050283,0.36114589525777624,0.3989858025249746,,,
TimesNet,ETTh2,96,san_lite,2022,TimesNet__ETTh2__h96__san_lite__s2022,0.33513138126061187,0.3638932968394679,0.2321901202701224,3,7,295.6806421279907,647.4,4708167,0,696.5517578125,32,96,False,cuda:0,io,8449,False,measured,2026-09-09 18:17:00,ok,0.2263719960093397,0.32107960809726993,0.37790458593159254,0.4151693408215282,,,
TimesNet,ETTh2,96,san_lite,2023,TimesNet__ETTh2__h96__san_lite__s2023,0.3186481938521516,0.35963773363786367,0.2291584247277824,1,5,379.78315353393555,588.0,4708167,0,692.65234375,32,96,False,cuda:0,io,8449,False,measured,2026-09-09 18:27:01,ok,0.22172697777525854,0.30159162204132034,0.35444762966606497,0.3968265316158092,,,
TimesNet,ETTm1,192,fredf,2021,TimesNet__ETTm1__h192__fredf__s2021,0.3912676366163032,0.39706675611242737,0.5165894452454324,1,5,705.8179378509521,4344.1,4717543,0,3311.04931640625,32,96,False,cuda:0,loss,34273,False,measured,2026-09-11 02:41:12,ok,0.3214365854696644,0.37115701103786475,0.4366527727084048,0.43582418069428014,,0.0,
TimesNet,ETTm1,192,none,2021,TimesNet__ETTm1__h192__none__s2021,0.38688117876782374,0.39943371689191487,0.5199186977034699,0,4,767.9657936096191,3686.8,4717543,0,3310.994140625,32,96,False,cuda:0,io,34273,False,measured,2026-09-11 01:28:34,ok,0.3288889928865301,0.3677490322003196,0.42726897409229864,0.4236177218366713,,0.0,
TimesNet,ETTm1,192,san_lite,2021,TimesNet__ETTm1__h192__san_lite__s2021,0.38666620647616784,0.40871056266958383,0.5100980508376038,0,4,656.0269594192505,3822.4,4717543,0,3309.30859375,32,96,False,cuda:0,io,34273,False,measured,2026-09-11 03:35:51,ok,0.3425603804573161,0.3669062721024265,0.43236292531603143,0.4048352518675447,,0.0,
TimesNet,ETTm1,336,fredf,2021,TimesNet__ETTm1__h336__fredf__s2021,0.3982594802281664,0.4077546413765551,0.6607997034167936,0,4,1253.6388635635376,5874.6,4731511,0,3375.6630859375,32,96,False,cuda:0,loss,34129,False,measured,2026-09-11 07:17:58,ok,0.33531818255101997,0.39251064906290634,0.4175908623934116,0.44761822823423747,,0.0,
TimesNet,ETTm1,336,none,2021,TimesNet__ETTm1__h336__none__s2021,0.4316473543673134,0.42646014979737423,0.666490906709619,0,4,1119.9110746383667,5696.5,4731511,0,3377.20751953125,32,96,False,cuda:0,io,34129,False,measured,2026-09-11 06:51:50,ok,0.3533613027857001,0.4286406780687178,0.45454371445575703,0.49004372931687806,,0.0,
TimesNet,ETTm1,336,san_lite,2021,TimesNet__ETTm1__h336__san_lite__s2021,0.42407070106074185,0.4330175456361719,0.6588461368181884,0,4,1172.858715057373,5613.8,4731511,0,3371.67626953125,32,96,False,cuda:0,io,34129,False,measured,2026-09-11 08:25:37,ok,0.3620490619341402,0.4231853503956062,0.4417453268656427,0.46930306877402184,,0.0,
TimesNet,ETTm1,720,fredf,2021,TimesNet__ETTm1__h720__fredf__s2021,0.5079954676052142,0.4633001148264582,0.9577385349662656,1,5,1731.9356203079224,11139.4,4768759,0,3555.85498046875,32,96,False,cuda:0,loss,33745,False,measured,2026-09-11 21:21:23,ok,0.3903171955813436,0.4974405250531125,0.5525679044195015,0.5916562428596014,,0.0,0.0
TimesNet,ETTm1,720,none,2021,TimesNet__ETTm1__h720__none__s2021,0.5193320221755835,0.4702219384569082,0.9610902442585508,0,4,3037.5760793685913,16298.9,4768759,0,3544.9697265625,32,96,False,cuda:0,io,33745,False,measured,2026-09-12 02:51:02,ok,0.3891199595177372,0.5054921531273332,0.5734016202365525,0.60931435905879,,0.0,0.0
TimesNet,ETTm1,720,san_lite,2021,TimesNet__ETTm1__h720__san_lite__s2021,0.463046996693049,0.4567125069937445,0.9587281568475711,0,4,3961.5451097488403,20272.9,4768759,0,3544.4404296875,32,96,False,cuda:0,io,33745,False,measured,2026-09-12 02:59:36,ok,0.3840488521748529,0.45051622460251356,0.4933040911448308,0.5243188230750897,,0.0,0.0
TimesNet,ETTm1,96,fredf,2021,TimesNet__ETTm1__h96__fredf__s2021,0.33877983074877877,0.3731139781761507,0.3958658990306483,0,4,542.6458120346069,2737.5,4708231,0,696.66845703125,32,96,False,cuda:0,loss,34369,False,measured,2026-09-10 22:15:30,ok,0.26828660168279284,0.3650842680385154,0.3668639260431721,0.3548845269887276,,0.0,
TimesNet,ETTm1,96,none,2021,TimesNet__ETTm1__h96__none__s2021,0.33648195792998425,0.3751000594337545,0.39050844303106064,0,4,534.0564250946045,2710.0,4708231,0,696.89111328125,32,96,False,cuda:0,io,34369,False,measured,2026-09-10 09:36:01,ok,0.2651333068901081,0.3574183672525255,0.3648687794653341,0.35850737783035797,,,
TimesNet,ETTm1,96,san_lite,2021,TimesNet__ETTm1__h96__san_lite__s2021,0.3504568372374464,0.3873752920093717,0.40667031411666527,0,4,566.1662817001343,2815.2,4708231,0,691.23681640625,32,96,False,cuda:0,io,34369,False,measured,2026-09-10 23:02:37,ok,0.28754590956493625,0.38314236239802346,0.3660509239080189,0.3650881507426323,,0.0,
TimesNet,ETTm2,192,fredf,2021,TimesNet__ETTm2__h192__fredf__s2021,0.2522869686248826,0.30292377619679633,0.1658924889326305,2,6,691.6230916976929,5040.4,4717543,0,3313.17431640625,32,96,False,cuda:0,loss,34273,False,measured,2026-09-11 00:26:52,ok,0.1469458067602197,0.2224244706739759,0.29577883004108435,0.34399876356548803,,0.0,
TimesNet,ETTm2,192,none,2021,TimesNet__ETTm2__h192__none__s2021,0.2638865096219444,0.31287125860903814,0.17268595419646024,1,5,804.3522834777832,4914.4,4717543,0,3311.384765625,32,96,False,cuda:0,io,34273,False,measured,2026-09-11 00:06:47,ok,0.15306675595689143,0.23753636650235102,0.3149039187059554,0.3500389982193867,,0.0,
TimesNet,ETTm2,192,san_lite,2021,TimesNet__ETTm2__h192__san_lite__s2021,0.2691686984718642,0.31861128833784974,0.18319206098665608,0,4,1334.7251415252686,6325.1,4717543,0,3310.8974609375,32,96,False,cuda:0,io,34273,False,measured,2026-09-11 00:48:16,ok,0.1632381689149416,0.2455762504388662,0.31366783980886154,0.35419253598678946,,0.0,
TimesNet,ETTm2,336,fredf,2021,TimesNet__ETTm2__h336__fredf__s2021,0.3096415649045445,0.33890020408596844,0.20963247823183181,2,6,1093.0688381195068,8142.0,4731511,0,3379.6708984375,32,96,False,cuda:0,loss,34129,False,measured,2026-09-11 05:39:50,ok,0.17493682092016588,0.29466478743676605,0.364260990782197,0.4047036584829109,,0.0,
TimesNet,ETTm2,336,none,2021,TimesNet__ETTm2__h336__none__s2021,0.31732347361546037,0.3457224592679187,0.21714499205086873,1,5,2558.231830596924,15173.2,4731511,0,3373.84228515625,32,96,False,cuda:0,io,34129,False,measured,2026-09-11 06:54:21,ok,0.1824616715535631,0.30378657901901435,0.37397721601360007,0.4090684377750061,,0.0,
TimesNet,ETTm2,336,san_lite,2021,TimesNet__ETTm2__h336__san_lite__s2021,0.3208664704067491,0.3481606361610707,0.22082976455509598,0,4,1088.434100151062,6036.6,4731511,0,3369.88916015625,32,96,False,cuda:0,io,34129,False,measured,2026-09-11 05:16:40,ok,0.1867125186237918,0.3064112056911199,0.3737761871407456,0.4165659684325666,,0.0,
TimesNet,ETTm2,720,fredf,2021,TimesNet__ETTm2__h720__fredf__s2021,0.4164510781091388,0.3992285238340246,0.28114042380139975,0,4,1701.1624574661255,8394.6,4768759,0,3555.31591796875,32,96,False,cuda:0,loss,33745,False,measured,2026-09-11 16:59:18,ok,0.25539619562502947,0.4018554412746626,0.45828124101751117,0.5502714272611173,,0.0,0.0
TimesNet,ETTm2,720,none,2021,TimesNet__ETTm2__h720__none__s2021,0.48446216631491856,0.4348020227673795,0.2780076572317534,4,8,1909.7532033920288,19168.0,4768759,0,3555.8759765625,32,96,False,cuda:0,io,33745,False,measured,2026-09-11 22:19:04,ok,0.27151627399602374,0.46547349433487245,0.5608079047577638,0.6400509919955149,,0.0,0.0
TimesNet,ETTm2,720,san_lite,2021,TimesNet__ETTm2__h720__san_lite__s2021,0.42809425788460165,0.40980678389400627,0.29091098189417536,0,4,1870.836615562439,9946.1,4768759,0,3547.4697265625,32,96,False,cuda:0,io,33745,False,measured,2026-09-11 18:15:23,ok,0.2605564476404924,0.4179715041279393,0.48035223717411407,0.5534968373985929,,0.0,0.0
TimesNet,ETTm2,96,fredf,2021,TimesNet__ETTm2__h96__fredf__s2021,0.17850675172578223,0.25722267061642734,0.12305311855679069,1,5,580.9954404830933,3742.8,4708231,0,698.6689453125,32,96,False,cuda:0,loss,34369,False,measured,2026-09-10 19:19:00,ok,0.10779003491412664,0.16788055032195506,0.20716718823238592,0.23118923466151498,,0.0,
TimesNet,ETTm2,96,none,2021,TimesNet__ETTm2__h96__none__s2021,0.18777436915245901,0.2651614950994309,0.12811535739595598,1,5,508.777379989624,3264.1,4708231,0,697.46923828125,32,96,False,cuda:0,io,34369,False,measured,2026-09-10 15:26:55,ok,0.11267409598509566,0.17391557527549306,0.21824897980503213,0.2462588315949774,,,
TimesNet,ETTm2,96,san_lite,2021,TimesNet__ETTm2__h96__san_lite__s2021,0.19094673719383273,0.26693246378157803,0.1371693007538837,0,4,596.3352918624878,3039.3,4708231,0,690.6171875,32,96,False,cuda:0,io,34369,False,measured,2026-09-10 21:05:41,ok,0.12111329549458315,0.17830314734449337,0.21941250104419488,0.2449580057145929,,0.0,
TimesNet,Electricity,192,fredf,2021,TimesNet__Electricity__h192__fredf__s2021,0.24199670434315507,0.32362246049501625,0.20957817058847897,7,10,146.93808555603027,2086.1,4798177,0,295.63623046875,16,96,True,cuda:0,loss,18125,False,measured,2026-09-09 18:29:41,ok,0.2284402826098566,0.2415118173912136,0.23048619608278006,0.26754852107699206,,,
TimesNet,Electricity,192,none,2021,TimesNet__Electricity__h192__none__s2021,0.1933281527185516,0.29471599387443737,0.1623021236881273,9,10,142.96817779541016,1994.8,4798177,0,287.376953125,16,96,True,cuda:0,io,18125,False,measured,2026-09-09 18:27:44,ok,0.1631597750024981,0.19104652332897865,0.2014369127623358,0.21766939903917107,,,
TimesNet,Electricity,192,san_lite,2021,TimesNet__Electricity__h192__san_lite__s2021,0.20244191947352522,0.30178266520016694,0.16945406896392917,9,10,170.11380195617676,2378.8,4798177,0,288.1630859375,16,96,True,cuda:0,io,18125,False,measured,2026-09-09 20:27:34,ok,0.1713891193006214,0.20337146549742643,0.20881078979050738,0.22619630376309544,,,
TimesNet,Electricity,336,fredf,2021,TimesNet__Electricity__h336__fredf__s2021,0.2613478995565247,0.3407176517364382,0.22301109928626195,4,8,215.76201915740967,2352.9,4812145,0,322.8095703125,16,96,True,cuda:0,loss,17981,False,measured,2026-09-10 00:15:19,ok,0.23734229769018347,0.2345523220526741,0.29409062405818553,0.27940635530934543,,,
TimesNet,Electricity,336,none,2021,TimesNet__Electricity__h336__none__s2021,0.21030060449795066,0.31078522273682074,0.18023878331390047,9,10,199.42772388458252,2710.9,4812145,0,320.10791015625,16,96,True,cuda:0,io,17981,False,measured,2026-09-09 23:52:52,ok,0.17350297474794413,0.19471363806918318,0.23186519461459504,0.24112061490914022,,,
TimesNet,Electricity,336,san_lite,2021,TimesNet__Electricity__h336__san_lite__s2021,0.2601507620355059,0.33970126623992736,0.22380093171682108,2,6,231.6727638244629,1858.2,4812145,0,318.93115234375,16,96,True,cuda:0,io,17981,False,measured,2026-09-10 02:04:09,ok,0.238176091388007,0.22960422962377422,0.29816393823845067,0.2746587903820772,,,
TimesNet,Electricity,720,fredf,2021,TimesNet__Electricity__h720__fredf__s2021,0.29554502517694065,0.36670825262469575,0.2499551931608475,9,10,284.40964221954346,3732.2,4849393,0,434.291015625,16,96,True,cuda:0,loss,17597,False,measured,2026-09-10 09:50:24,ok,0.2384209645761019,0.282893704541641,0.3141105683271669,0.3467548588665272,,,
TimesNet,Electricity,720,none,2021,TimesNet__Electricity__h720__none__s2021,0.2969414725505069,0.3690917842389661,0.24919801894368512,2,6,261.62445545196533,2077.0,4849393,0,427.7568359375,16,96,True,cuda:0,io,17597,False,measured,2026-09-09 23:35:48,ok,0.23913894690831788,0.28395949810228194,0.3155439694178376,0.3491234755416659,,,
TimesNet,Electricity,720,san_lite,2021,TimesNet__Electricity__h720__san_lite__s2021,0.2976307339506579,0.3674713669421994,0.2511373181269436,4,8,278.0565023422241,2943.9,4849393,0,444.3310546875,16,96,True,cuda:0,io,17597,False,measured,2026-09-10 14:54:17,ok,0.23867550879744776,0.2850023160277159,0.3171569481412827,0.34968816469762765,,,
TimesNet,Electricity,96,fredf,2021,TimesNet__Electricity__h96__fredf__s2021,0.18304047980894972,0.28298399429750853,0.15146060300590589,9,10,56.15639686584473,821.6,4788865,0,262.93505859375,16,96,True,cuda:0,loss,18221,False,measured,2026-09-09 11:39:51,ok,0.16241459509602196,0.18216294118900075,0.19360152918491816,0.19398285509650523,,,
TimesNet,Electricity,96,none,2021,TimesNet__Electricity__h96__none__s2021,0.17837564511718024,0.2826257527759463,0.1508991206194051,8,10,54.11720275878906,794.6,4788865,0,267.3388671875,16,96,True,cuda:0,io,18221,False,measured,2026-09-09 14:22:14,ok,0.1584430799164351,0.177253794186523,0.1867295040288648,0.19107620606884587,,,
TimesNet,Electricity,96,san_lite,2021,TimesNet__Electricity__h96__san_lite__s2021,0.1833427255095337,0.28633086307478534,0.15104859477225382,9,10,149.19567108154297,2140.6,4788865,0,266.7666015625,16,96,True,cuda:0,io,18221,False,measured,2026-09-09 17:15:15,ok,0.1590695483866936,0.1802555832270855,0.19350232450096563,0.2005434450252991,,,
TimesNet,Exchange,192,fredf,2021,TimesNet__Exchange__h192__fredf__s2021,0.2127897575190464,0.3299089580879192,0.21515931619421808,1,5,188.5749101638794,195.0,4717672,0,3305.91455078125,32,96,False,cuda:0,loss,5024,False,measured,2026-09-09 12:45:11,ok,0.07410808070855428,0.16508018676905162,0.25713936646378566,0.3548314088694245,,,
TimesNet,Exchange,192,fredf,2022,TimesNet__Exchange__h192__fredf__s2022,0.20878788129117035,0.32796263874566034,0.2233086721758851,1,5,357.09524154663086,313.4,4717672,0,3309.91259765625,32,96,False,cuda:0,loss,5024,False,measured,2026-09-09 12:50:32,ok,0.06588344170644976,0.1543138597887281,0.2539856373259864,0.3609685898520139,,,
TimesNet,Exchange,192,fredf,2023,TimesNet__Exchange__h192__fredf__s2023,0.21809639997851496,0.3332208167853339,0.22375228381254691,2,6,190.3289556503296,201.8,4717672,0,3309.07666015625,32,96,False,cuda:0,loss,5024,False,measured,2026-09-09 12:54:02,ok,0.06973696820009004,0.16422244582873993,0.2685165455131269,0.36990964072843086,,,
TimesNet,Exchange,192,none,2021,TimesNet__Exchange__h192__none__s2021,0.21051407148036122,0.33221345405712865,0.2420407883521752,0,4,476.2669801712036,275.9,4717672,0,3307.1953125,32,96,False,cuda:0,io,5024,False,measured,2026-09-09 12:11:44,ok,0.07820367958333929,0.16403661444389891,0.25246154713220126,0.34735445164859496,,,
TimesNet,Exchange,192,none,2022,TimesNet__Exchange__h192__none__s2022,0.22839790112172736,0.34723450251714016,0.23403463827355536,0,4,994.5067167282104,637.1,4717672,0,3307.396484375,32,96,False,cuda:0,io,5024,False,measured,2026-09-09 12:22:29,ok,0.08423680255293486,0.17373585076688927,0.2740531616894338,0.38156578863342094,,,
TimesNet,Exchange,192,none,2023,TimesNet__Exchange__h192__none__s2023,0.2185791301151926,0.33935020124570636,0.24317150976340815,0,4,418.7666177749634,301.8,4717672,0,3306.521484375,32,96,False,cuda:0,io,5024,False,measured,2026-09-09 12:27:39,ok,0.07993553046164252,0.17235164844808848,0.26246051958824385,0.35956882354847863,,,
TimesNet,Exchange,192,san_lite,2021,TimesNet__Exchange__h192__san_lite__s2021,0.21467544206606795,0.3328184275965166,0.2221470013234653,8,10,1301.7181158065796,2276.5,4717672,0,3311.9736328125,32,96,False,cuda:0,io,5024,False,measured,2026-09-09 17:23:15,ok,0.06921971585885318,0.16428065990964527,0.26162397119419367,0.36357742166657014,,,
TimesNet,Exchange,192,san_lite,2022,TimesNet__Exchange__h192__san_lite__s2022,0.21161761087290062,0.3298845753830363,0.24975996235342982,5,9,1136.6273164749146,1768.6,4717672,0,3312.787109375,32,96,False,cuda:0,io,5024,False,measured,2026-09-09 17:25:57,ok,0.06921202477040551,0.1619982610055367,0.25789232385827554,0.35736782298657,,,
TimesNet,Exchange,192,san_lite,2023,TimesNet__Exchange__h192__san_lite__s2023,0.2187478476999512,0.33621778339522157,0.23889000707714614,3,7,1715.3500318527222,2323.3,4717672,0,3306.865234375,32,96,False,cuda:0,io,5024,False,measured,2026-09-09 17:54:13,ok,0.06902751656761416,0.16267055829789334,0.2690102616226691,0.37428305946691304,,,
TimesNet,Exchange,336,fredf,2021,TimesNet__Exchange__h336__fredf__s2021,0.38500371577516684,0.45454156789702055,0.3019008159904587,2,6,903.3668041229248,1098.1,4731640,0,3365.9423828125,32,96,False,cuda:0,loss,4880,False,measured,2026-09-09 19:46:08,ok,0.10669649220569626,0.28288438572042474,0.4665511343173425,0.6838828665629448,,,
TimesNet,Exchange,336,fredf,2022,TimesNet__Exchange__h336__fredf__s2022,0.3847687186208185,0.4489143715215223,0.3310595942478554,4,8,872.2265958786011,1300.2,4731640,0,3375.0361328125,32,96,False,cuda:0,loss,4880,False,measured,2026-09-09 19:51:14,ok,0.10304984315748363,0.2840143038726393,0.4714915198518962,0.6805192112548069,,,
TimesNet,Exchange,336,fredf,2023,TimesNet__Exchange__h336__fredf__s2023,0.3798274832530272,0.44547589543113375,0.3349831845580029,5,9,788.2547378540039,1305.3,4731640,0,3380.3564453125,32,96,False,cuda:0,loss,4880,False,measured,2026-09-09 20:08:05,ok,0.1129168061146771,0.2891467290225598,0.4602152934022823,0.6570310998035952,,,
TimesNet,Exchange,336,none,2021,TimesNet__Exchange__h336__none__s2021,0.4016915489555164,0.46876798510964474,0.34440398657021404,1,5,1753.342628479004,1567.3,4731640,0,3370.17041015625,32,96,False,cuda:0,io,4880,False,measured,2026-09-09 18:53:20,ok,0.13268318652822136,0.3037757427550882,0.4834168148760196,0.6868904304296923,,,
TimesNet,Exchange,336,none,2022,TimesNet__Exchange__h336__none__s2022,0.40453361982727176,0.4685226906393837,0.3677063518278405,2,6,3886.4797353744507,3578.3,4731640,0,3371.35595703125,32,96,False,cuda:0,io,4880,False,measured,2026-09-09 19:27:37,ok,0.12364685413505767,0.3113088009646519,0.49108798990519725,0.6920908199517121,,,
TimesNet,Exchange,336,none,2023,TimesNet__Exchange__h336__none__s2023,0.3850642142734984,0.45972931028689895,0.39440521667651435,1,5,1812.6392364501953,1499.6,4731640,0,3379.10595703125,32,96,False,cuda:0,io,4880,False,measured,2026-09-09 18:54:54,ok,0.12881885418382785,0.30009372152965,0.46956628065275025,0.6417779911223334,,,
TimesNet,Exchange,336,san_lite,2021,TimesNet__Exchange__h336__san_lite__s2021,0.4152553479357006,0.4694002640352041,0.35363841337316176,2,6,1429.251790046692,1336.9,4731640,0,3370.69970703125,32,96,False,cuda:0,io,4880,False,measured,2026-09-09 20:50:06,ok,0.11993210139246069,0.315930185881106,0.51081757717319,0.7143415298645179,,,
TimesNet,Exchange,336,san_lite,2022,TimesNet__Exchange__h336__san_lite__s2022,0.3705016869156244,0.4414813144884547,0.3777728476644564,2,6,2340.335965156555,2240.7,4731640,0,3377.28564453125,32,96,False,cuda:0,io,4880,False,measured,2026-09-09 21:07:15,ok,0.1064953732995169,0.2758144976814482,0.4517940207145224,0.6479028528726568,,,
TimesNet,Exchange,336,san_lite,2023,TimesNet__Exchange__h336__san_lite__s2023,0.37494967187616063,0.44439182860875687,0.38492282301104036,2,6,2864.0538454055786,2746.7,4731640,0,3366.41650390625,32,96,False,cuda:0,io,4880,False,measured,2026-09-09 21:30:26,ok,0.11216474483459744,0.27827536586070845,0.4611538226832006,0.6482047549344677,,,
TimesNet,Exchange,720,fredf,2021,TimesNet__Exchange__h720__fredf__s2021,1.054425346270407,0.7888594183075962,1.0766584360179539,3,7,1445.2574253082275,1523.7,4768888,0,3562.41357421875,32,96,False,cuda:0,loss,4496,False,measured,2026-09-10 03:36:34,ok,0.3096694157063853,0.7639629582315061,1.2863726507651376,1.8576963140519007,,,
TimesNet,Exchange,720,fredf,2022,TimesNet__Exchange__h720__fredf__s2022,1.0586415855176134,0.7904790136283635,1.0394567804930979,1,5,5024.7966051101685,3582.4,4768888,0,3562.68115234375,32,96,False,cuda:0,loss,4496,False,measured,2026-09-10 04:20:47,ok,0.30245831934888195,0.7625669056635254,1.2984529155504403,1.8710881985850538,,,
TimesNet,Exchange,720,fredf,2023,TimesNet__Exchange__h720__fredf__s2023,1.0506191320586622,0.784688850897861,1.0328202906662856,6,10,1866.3971424102783,3043.0,4768888,0,3546.07763671875,32,96,False,cuda:0,loss,4496,False,measured,2026-09-10 04:20:33,ok,0.31058452168017403,0.7728154952456047,1.2782125093020027,1.8408639754601024,,,
TimesNet,Exchange,720,none,2021,TimesNet__Exchange__h720__none__s2021,1.1051953750478627,0.8058942777271956,0.9685115493733062,0,4,2776.03018283844,1653.0,4768888,0,3555.6240234375,32,96,False,cuda:0,io,4496,False,measured,2026-09-10 07:45:24,ok,0.3533826262292026,0.8000349233024999,1.3581973477015419,1.9091665943563234,,,
TimesNet,Exchange,720,none,2022,TimesNet__Exchange__h720__none__s2022,0.9984511449522243,0.7639484827248242,1.321626757283198,1,5,5418.964266777039,3738.3,4768888,0,3535.4384765625,32,96,False,cuda:0,io,4496,False,measured,2026-09-10 08:47:54,ok,0.2977702192617754,0.6968976718441288,1.2077428387951565,1.7913938354496435,,,
TimesNet,Exchange,720,none,2023,TimesNet__Exchange__h720__none__s2023,1.0295638761889532,0.7774940926263141,1.3392147405360773,0,4,2597.72789478302,1524.4,4768888,0,3547.4443359375,32,96,False,cuda:0,io,4496,False,measured,2026-09-10 08:14:45,ok,0.31428773277870997,0.7317664561531265,1.2629537899458982,1.809247553790057,,,
TimesNet,Exchange,720,san_lite,2021,TimesNet__Exchange__h720__san_lite__s2021,0.9851275629666615,0.7602748937774123,1.1138924285971374,3,7,3216.4177894592285,3088.1,4768888,0,3547.6474609375,32,96,False,cuda:0,io,4496,False,measured,2026-09-10 07:09:39,ok,0.26780307756301686,0.7004715884795796,1.2176007970366693,1.7546348078076273,,,
TimesNet,Exchange,720,san_lite,2022,TimesNet__Exchange__h720__san_lite__s2022,1.0429347311012993,0.7811792070372329,1.0258255459751864,2,6,2859.232187271118,2812.3,4768888,0,3562.4853515625,32,96,False,cuda:0,io,4496,False,measured,2026-09-10 07:17:38,ok,0.2753896735994489,0.7364248906726194,1.2994085033668246,1.8605158328877223,,,
TimesNet,Exchange,720,san_lite,2023,TimesNet__Exchange__h720__san_lite__s2023,1.0425687445202634,0.7869123220377332,0.9508087406313517,4,8,3607.31041431427,4480.3,4768888,0,3549.9755859375,32,96,False,cuda:0,io,4496,False,measured,2026-09-10 07:49:06,ok,0.28622165195824406,0.733455529779951,1.292383968856666,1.8582138181961005,,,
TimesNet,Exchange,96,fredf,2021,TimesNet__Exchange__h96__fredf__s2021,0.1066095690407554,0.23491051473139152,0.14976325214357306,1,5,142.44961738586426,136.7,4708360,0,695.84619140625,32,96,False,cuda:0,loss,5120,False,measured,2026-09-09 11:05:50,ok,0.04062868340532097,0.07569026176988436,0.12304997883922215,0.1870693520481702,,,
TimesNet,Exchange,96,fredf,2022,TimesNet__Exchange__h96__fredf__s2022,0.11119890531574791,0.2392300332145852,0.14304783660965156,1,5,152.33874320983887,142.2,4708360,0,688.6103515625,32,96,False,cuda:0,loss,5120,False,measured,2026-09-09 11:08:21,ok,0.041971954163836304,0.07981270265517049,0.12916436219003716,0.19384660492522357,,,
TimesNet,Exchange,96,fredf,2023,TimesNet__Exchange__h96__fredf__s2023,0.11981446537343314,0.24766547412756068,0.15292447408040363,1,5,144.29593086242676,135.3,4708360,0,691.6435546875,32,96,False,cuda:0,loss,5120,False,measured,2026-09-09 11:10:44,ok,0.053227217679348175,0.09057001224633847,0.13886060155019953,0.19660002651261546,,,
TimesNet,Exchange,96,none,2021,TimesNet__Exchange__h96__none__s2021,0.11401304989647988,0.2420722753074993,0.168229099264121,0,4,171.6482639312744,128.9,4708360,0,698.09619140625,32,96,False,cuda:0,io,5120,False,measured,2026-09-09 10:06:09,ok,0.04824527996372602,0.08623309566107117,0.13419260815627773,0.18738121323399262,,,
TimesNet,Exchange,96,none,2022,TimesNet__Exchange__h96__none__s2022,0.11347450362758574,0.2421474763053826,0.15013402111847,0,4,144.69313621520996,113.2,4708360,0,693.20361328125,32,96,False,cuda:0,io,5120,False,measured,2026-09-09 10:08:11,ok,0.047248016567826547,0.0846255554433823,0.13206263158803974,0.18996181024393033,,,
TimesNet,Exchange,96,none,2023,TimesNet__Exchange__h96__none__s2023,0.12529348919104366,0.2528359725673155,0.1493623083396663,0,4,144.86229419708252,111.0,4708360,0,688.22216796875,32,96,False,cuda:0,io,5120,False,measured,2026-09-09 10:10:10,ok,0.05102348761075031,0.09357495232717955,0.15038612159733142,0.20618939314140605,,,
TimesNet,Exchange,96,san_lite,2021,TimesNet__Exchange__h96__san_lite__s2021,0.10688841896218086,0.23300860624496667,0.14966331328963278,2,6,395.64478397369385,426.9,4708360,0,693.39111328125,32,96,False,cuda:0,io,5120,False,measured,2026-09-09 16:39:16,ok,0.0424899842980437,0.07930150965252254,0.12438800583859454,0.1813741757141918,,,
TimesNet,Exchange,96,san_lite,2022,TimesNet__Exchange__h96__san_lite__s2022,0.10598634527817166,0.23280892191053945,0.14882091579580667,0,4,428.6768436431885,307.5,4708360,0,699.13525390625,32,96,False,cuda:0,io,5120,False,measured,2026-09-09 16:38:01,ok,0.04378031157751808,0.0805229814570315,0.12465448435474548,0.17498760221048357,,,
TimesNet,Exchange,96,san_lite,2023,TimesNet__Exchange__h96__san_lite__s2023,0.11322308995049714,0.24111489136343095,0.14305511178229388,2,6,434.0900182723999,459.9,4708360,0,689.11181640625,32,96,False,cuda:0,io,5120,False,measured,2026-09-09 16:45:03,ok,0.045528318465762,0.08658708387569285,0.13366449798950275,0.1871124608568809,,,
TimesNet,ILI,24,fredf,2021,TimesNet__ILI__h24__fredf__s2021,2.881189973548013,1.0766256807898942,0.5602289050088732,8,10,77.1951675415039,27.1,4691635,0,307.40283203125,32,36,False,cuda:0,loss,617,False,measured,2026-09-09 01:12:29,ok,2.2107570119264746,3.1580798199864666,3.1588328225272044,2.997090552834903,,,
TimesNet,ILI,24,fredf,2022,TimesNet__ILI__h24__fredf__s2022,3.1429061419489672,1.1089802205061712,0.5321646043539354,8,10,83.33158493041992,28.1,4691635,0,160.42431640625,32,36,False,cuda:0,loss,617,False,measured,2026-09-09 01:13:05,ok,2.341171264114166,3.581257721823471,3.4517297547070585,3.1974663133380794,,,
TimesNet,ILI,24,fredf,2023,TimesNet__ILI__h24__fredf__s2023,3.018114995021446,1.089712866347711,0.4748778030218765,5,9,78.43780517578125,24.7,4691635,0,308.84619140625,32,36,False,cuda:0,loss,617,False,measured,2026-09-09 01:13:38,ok,2.194264353690695,3.235909659121217,3.348386263379864,3.2938995307900996,,,
TimesNet,ILI,24,none,2021,TimesNet__ILI__h24__none__s2021,2.736632975944284,1.0663464030631784,0.49306023596489906,9,10,77.52096652984619,27.2,4691635,0,307.4228515625,32,36,False,cuda:0,io,617,False,measured,2026-09-09 01:16:58,ok,2.058074212808903,2.993192719745369,3.0230110649301225,2.8722537695192827,,,
TimesNet,ILI,24,none,2022,TimesNet__ILI__h24__none__s2022,3.221109598624606,1.1336853283793986,0.5048727970786077,8,10,83.10210704803467,28.0,4691635,0,159.9052734375,32,36,False,cuda:0,io,617,False,measured,2026-09-09 01:17:34,ok,2.4598361830083597,3.7185759231823834,3.53274264722979,3.1732837837283356,,,
TimesNet,ILI,24,none,2023,TimesNet__ILI__h24__none__s2023,3.0313377230775123,1.1166082985928747,0.4789480260900549,6,10,79.05948162078857,27.3,4691635,0,308.8662109375,32,36,False,cuda:0,io,617,False,measured,2026-09-09 01:18:10,ok,2.2154388117857007,3.249528349547827,3.341265267551112,3.3191181631649243,,,
TimesNet,ILI,24,san_lite,2021,TimesNet__ILI__h24__san_lite__s2021,3.5210463579963234,1.2648166603067008,0.7374559890963089,9,10,142.63510704040527,49.0,4691635,0,307.4228515625,32,36,False,cuda:0,io,617,False,measured,2026-09-09 14:50:36,ok,2.4364100950438767,3.4871545027617974,4.002706715239197,4.157914573605321,,,
TimesNet,ILI,24,san_lite,2022,TimesNet__ILI__h24__san_lite__s2022,3.8835668398218663,1.3480266838180586,0.8224432710821871,8,10,179.54134941101074,51.1,4691635,0,308.0927734375,32,36,False,cuda:0,io,617,False,measured,2026-09-09 14:50:44,ok,3.2888981560031234,4.036757101064302,4.142091305516347,4.066520525293858,,,
TimesNet,ILI,24,san_lite,2023,TimesNet__ILI__h24__san_lite__s2023,3.557297855665704,1.2867640391117385,0.684605445027198,8,10,112.94341087341309,46.2,4691635,0,307.4697265625,32,36,False,cuda:0,io,617,False,measured,2026-09-09 14:50:59,ok,2.55071155430556,3.542789594933432,3.9603525701357207,4.1753376926026755,,,
TimesNet,ILI,36,fredf,2021,TimesNet__ILI__h36__fredf__s2021,2.9990324143403404,1.1328568936639793,0.45716925883256526,5,9,85.20376682281494,24.8,4692079,0,314.22216796875,32,36,False,cuda:0,loss,605,False,measured,2026-09-09 01:30:53,ok,3.181668519734235,3.3573448690085232,2.711216479533883,2.7458999278149214,,,
TimesNet,ILI,36,fredf,2022,TimesNet__ILI__h36__fredf__s2022,2.7137209582046165,1.0303362508554978,0.38148082102254544,9,10,85.73436737060547,27.5,4692079,0,167.14404296875,32,36,False,cuda:0,loss,605,False,measured,2026-09-09 01:31:29,ok,2.2654550578044748,2.8682187601388014,2.705397148891125,3.0158127467987264,,,
TimesNet,ILI,36,fredf,2023,TimesNet__ILI__h36__fredf__s2023,2.5867813229920134,1.0118346640640696,0.3912676817566324,4,8,88.32311630249023,22.7,4692079,0,167.00537109375,32,36,False,cuda:0,loss,605,False,measured,2026-09-09 01:31:59,ok,2.119988080653796,2.789770596185937,2.503105658327501,2.934261114309417,,,
TimesNet,ILI,36,none,2021,TimesNet__ILI__h36__none__s2021,2.994868987675338,1.1475353765995453,0.41303559052779376,6,10,87.29004859924316,27.6,4692079,0,314.25244140625,32,36,False,cuda:0,io,605,False,measured,2026-09-09 01:21:45,ok,2.9582202950466674,3.1684065181279197,2.864487466932852,2.988361157062233,,,
TimesNet,ILI,36,none,2022,TimesNet__ILI__h36__none__s2022,2.7089361060880046,1.0408684146291691,0.3467917884244592,8,10,85.5783224105835,27.3,4692079,0,167.17431640625,32,36,False,cuda:0,io,605,False,measured,2026-09-09 01:22:20,ok,2.26684754800672,2.926853430565759,2.734215450306027,2.907828205101745,,,
TimesNet,ILI,36,none,2023,TimesNet__ILI__h36__none__s2023,2.5581839302588785,1.0269179387290914,0.36065783210125446,8,10,88.32550048828125,27.8,4692079,0,167.03564453125,32,36,False,cuda:0,io,605,False,measured,2026-09-09 01:22:56,ok,2.1372641091464586,2.77796742349402,2.475122180070316,2.842381718600877,,,
TimesNet,ILI,36,san_lite,2021,TimesNet__ILI__h36__san_lite__s2021,3.6844384559599157,1.3151180243573564,0.6444299622675851,8,10,182.06942081451416,51.5,4692079,0,167.92431640625,32,36,False,cuda:0,io,605,False,measured,2026-09-09 14:53:53,ok,2.949953364731917,4.210937731472488,4.130197749215482,3.4466647201210043,,,
TimesNet,ILI,36,san_lite,2022,TimesNet__ILI__h36__san_lite__s2022,3.5906221107328085,1.2753116238996258,0.6063932779197869,9,10,195.76561450958252,53.7,4692079,0,312.77001953125,32,36,False,cuda:0,io,605,False,measured,2026-09-09 14:54:00,ok,3.163076320661223,4.357244749492685,3.9111750631272995,2.9309921421773804,,,
TimesNet,ILI,36,san_lite,2023,TimesNet__ILI__h36__san_lite__s2023,3.4630454387055454,1.241032283661091,0.5833268641693068,8,10,192.69073009490967,50.9,4692079,0,309.07763671875,32,36,False,cuda:0,io,605,False,measured,2026-09-09 14:54:09,ok,2.9599854643861767,3.8916251374364066,3.867140567803301,3.133430607423788,,,
TimesNet,ILI,48,fredf,2021,TimesNet__ILI__h48__fredf__s2021,3.0233787740668827,1.1276589509947814,0.42739176432291665,9,10,89.46049213409424,28.3,4692523,0,317.9482421875,32,36,False,cuda:0,loss,593,False,measured,2026-09-09 02:00:26,ok,3.8064238491668,2.9866164139649953,2.222868409564273,3.07760616197978,,,
TimesNet,ILI,48,fredf,2022,TimesNet__ILI__h48__fredf__s2022,2.7497783543934484,1.0501349462221747,0.4111309959774926,9,10,85.89279651641846,27.5,4692523,0,172.1513671875,32,36,False,cuda:0,loss,593,False,measured,2026-09-09 02:01:01,ok,2.9257024766880932,2.8668566614836557,2.1928071061225785,3.0137468892922996,,,
TimesNet,ILI,48,fredf,2023,TimesNet__ILI__h48__fredf__s2023,2.7690002879362363,1.0576724894126102,0.3992506626674107,6,10,91.38226509094238,28.8,4692523,0,172.1826171875,32,36,False,cuda:0,loss,593,False,measured,2026-09-09 02:01:38,ok,2.972209387640508,2.8339842039233942,2.252294710548734,3.017512986182545,,,
TimesNet,ILI,48,none,2021,TimesNet__ILI__h48__none__s2021,2.9082369670631523,1.0957212802715264,0.3822422136579241,8,10,90.48688411712646,28.6,4692523,0,317.98876953125,32,36,False,cuda:0,io,593,False,measured,2026-09-09 01:48:27,ok,3.4557887685120074,2.8793559369897817,2.2173796427926438,3.080423590877207,,,
TimesNet,ILI,48,none,2022,TimesNet__ILI__h48__none__s2022,2.5693519428051617,0.9997411878452687,0.3460933866954985,9,10,85.01183986663818,27.6,4692523,0,171.25439453125,32,36,False,cuda:0,io,593,False,measured,2026-09-09 01:49:03,ok,2.664039561115521,2.56702445117928,2.040230475448738,3.006113319869766,,,
TimesNet,ILI,48,none,2023,TimesNet__ILI__h48__none__s2023,2.6637725531471683,1.0434641579903579,0.3458752659388951,4,8,93.74940395355225,23.7,4692523,0,172.22314453125,32,36,False,cuda:0,io,593,False,measured,2026-09-09 01:49:34,ok,2.6444792937237067,2.470908803249292,2.238729233688882,3.3009725316863237,,,
TimesNet,ILI,48,san_lite,2021,TimesNet__ILI__h48__san_lite__s2021,3.625422906346828,1.2536758253641247,0.5134657214936756,9,10,141.9588327407837,46.0,4692523,0,317.95751953125,32,36,False,cuda:0,io,593,False,measured,2026-09-09 14:58:43,ok,3.6154284075981487,4.499320772373824,3.328724055218681,3.0582182178758597,,,
TimesNet,ILI,48,san_lite,2022,TimesNet__ILI__h48__san_lite__s2022,3.6295494880850456,1.2882216441732408,0.5511739676339286,6,10,190.80209732055664,47.0,4692523,0,168.48876953125,32,36,False,cuda:0,io,593,False,measured,2026-09-09 14:58:50,ok,3.870356455863261,4.37824743958913,3.203335597790385,3.066258660345706,,,
TimesNet,ILI,48,san_lite,2023,TimesNet__ILI__h48__san_lite__s2023,3.2919944967231327,1.1849801000705826,0.4628342692057292,9,10,205.94000816345215,53.2,4692523,0,172.22314453125,32,36,False,cuda:0,io,593,False,measured,2026-09-09 14:59:36,ok,3.1052189713121625,4.039603501461102,2.879096712384905,3.144058625680982,,,
TimesNet,ILI,60,fredf,2021,TimesNet__ILI__h60__fredf__s2021,2.9914247644311924,1.1040587858350546,0.5271562848772321,9,10,99.62761402130127,29.9,4692967,0,322.67431640625,32,36,False,cuda:0,loss,581,False,measured,2026-09-09 02:14:42,ok,3.884829437266704,2.6645432776564304,2.010663283455855,3.4056631287532064,,,
TimesNet,ILI,60,fredf,2022,TimesNet__ILI__h60__fredf__s2022,2.8897222175950605,1.0639167747687344,0.49540477934337795,9,10,94.17617321014404,28.9,4692967,0,324.03369140625,32,36,False,cuda:0,loss,581,False,measured,2026-09-09 02:15:19,ok,3.1923620840803304,2.793055285065414,2.1117391875049454,3.4617321900975733,,,
TimesNet,ILI,60,fredf,2023,TimesNet__ILI__h60__fredf__s2023,2.8329704539523366,1.0680323966106966,0.5178669788484884,8,10,105.6908369064331,31.2,4692967,0,322.02587890625,32,36,False,cuda:0,loss,581,False,measured,2026-09-09 02:15:58,ok,3.3433146993912275,2.6386120035026455,2.005130537503479,3.344824394979796,,,
TimesNet,ILI,60,none,2021,TimesNet__ILI__h60__none__s2021,2.7608137639092485,1.0642670523637394,0.44821084388216637,9,10,101.92394256591797,30.3,4692967,0,322.72509765625,32,36,False,cuda:0,io,581,False,measured,2026-09-09 01:58:33,ok,3.3298583084247437,2.475093127822063,1.9175229002756686,3.32078109123051,,,
TimesNet,ILI,60,none,2022,TimesNet__ILI__h60__none__s2022,2.601719412840929,1.0054311311744848,0.42377821078575345,9,10,93.56296062469482,28.9,4692967,0,318.09716796875,32,36,False,cuda:0,io,581,False,measured,2026-09-09 01:59:10,ok,2.8491075731289666,2.4334854752270147,1.9028739481846662,3.2214110953975585,,,
TimesNet,ILI,60,none,2023,TimesNet__ILI__h60__none__s2023,2.741758822378065,1.0551315947466906,0.47874838463345865,8,10,106.77492618560791,31.2,4692967,0,256.2626953125,32,36,False,cuda:0,io,581,False,measured,2026-09-09 01:59:50,ok,3.080675092858461,2.560018208252257,1.972152394645165,3.3541891557575543,,,
TimesNet,ILI,60,san_lite,2021,TimesNet__ILI__h60__san_lite__s2021,3.7091790107775853,1.292061751093861,0.6186428136992873,9,10,220.46303749084473,60.5,4692967,0,322.94384765625,32,36,False,cuda:0,io,581,False,measured,2026-09-09 14:59:57,ok,4.014117996118217,4.6745117117008075,2.416956165045309,3.7311301979005296,,,
TimesNet,ILI,60,san_lite,2022,TimesNet__ILI__h60__san_lite__s2022,3.7539310110996356,1.2997723436389481,0.6684475623874139,9,10,203.43828201293945,59.6,4692967,0,257.1298828125,32,36,False,cuda:0,io,581,False,measured,2026-09-09 15:00:02,ok,4.041107954229966,4.405619468770301,2.56575915072942,4.003237100044039,,,
TimesNet,ILI,60,san_lite,2023,TimesNet__ILI__h60__san_lite__s2023,3.0574213370924395,1.140360193313566,0.5176298748580436,6,10,143.3790922164917,47.1,4692967,0,255.4892578125,32,36,False,cuda:0,io,581,False,measured,2026-09-09 15:00:34,ok,3.278386031301969,3.711488844133389,1.8339439844864855,3.4058663802699325,,,
TimesNet,Weather,192,fredf,2021,TimesNet__Weather__h192__fredf__s2021,0.21789424240246466,0.2577248242456685,0.4784258696894315,3,7,665.4772758483887,5921.3,4721141,0,3308.35693359375,32,96,False,cuda:0,loss,36600,False,measured,2026-09-10 22:44:39,ok,0.13875662099770655,0.19737183528977542,0.2405875421227893,0.29486097868573385,,0.0,
TimesNet,Weather,192,none,2021,TimesNet__Weather__h192__none__s2021,0.2195354767197258,0.26315215714396295,0.48387897988963124,1,5,597.7795124053955,4030.5,4721141,0,3309.0966796875,32,96,False,cuda:0,io,36600,False,measured,2026-09-10 21:52:33,ok,0.14764697676616326,0.1985408210714842,0.23779317321008522,0.2941609427122866,,0.0,
TimesNet,Weather,192,san_lite,2021,TimesNet__Weather__h192__san_lite__s2021,0.22751679136295777,0.26540772237479343,0.4933863711877875,1,5,635.1091861724854,4189.5,4721141,0,3304.9091796875,32,96,False,cuda:0,io,36600,False,measured,2026-09-10 23:02:36,ok,0.14654366811131989,0.20321342990128488,0.2507698395381658,0.3095402320607749,,0.0,
TimesNet,Weather,336,fredf,2021,TimesNet__Weather__h336__fredf__s2021,0.28118191810226323,0.30195619386135647,0.5769232865438053,1,5,1015.9437656402588,6198.8,4735109,0,3371.53125,32,96,False,cuda:0,loss,36456,False,measured,2026-09-11 02:31:51,ok,0.17271362919758526,0.25611513812928405,0.3238935550936176,0.37200534726638673,,0.0,
TimesNet,Weather,336,none,2021,TimesNet__Weather__h336__none__s2021,0.2763630517382898,0.30147318473469664,0.5689224785447783,0,4,1017.560601234436,5028.8,4735109,0,3377.73583984375,32,96,False,cuda:0,io,36456,False,measured,2026-09-11 01:30:52,ok,0.17376892947937517,0.24934596761345423,0.31691576138579275,0.3654215534853938,,0.0,
TimesNet,Weather,336,san_lite,2021,TimesNet__Weather__h336__san_lite__s2021,0.2842364980130779,0.30489031309168874,0.5897415572026049,1,5,1053.3807277679443,6766.1,4735109,0,3366.12841796875,32,96,False,cuda:0,io,36456,False,measured,2026-09-11 03:23:54,ok,0.1735568706339048,0.25804495122225857,0.33446794479065967,0.3708762251023631,,0.0,
TimesNet,Weather,720,fredf,2021,TimesNet__Weather__h720__fredf__s2021,0.35699655171854966,0.35020088559598567,0.7031153472178625,2,6,4258.3945989608765,29463.4,4772357,0,3565.05908203125,32,96,False,cuda:0,loss,36072,False,measured,2026-09-11 15:29:17,ok,0.21448102971322025,0.3463814924870572,0.41827036229974146,0.44885332393076394,,0.0,
TimesNet,Weather,720,none,2021,TimesNet__Weather__h720__none__s2021,0.3777920593426805,0.3654223916155481,0.7063273146749391,2,6,5048.128008842468,37007.8,4772357,0,3542.212890625,32,96,False,cuda:0,io,36072,False,measured,2026-09-11 23:27:47,ok,0.21849397166452747,0.3722905707013758,0.44621976979499584,0.47416391873994523,,0.0,
TimesNet,Weather,720,revin,2021,TimesNet__Weather__h720__revin__s2021,0.35676925137448445,0.35346701318382,0.7072089571287679,0,4,4860.32772064209,22570.7,4772357,0,3542.294921875,32,96,False,cuda:0,io,36072,False,measured,2026-09-11 13:10:44,ok,0.221811713737219,0.34372523060474325,0.41443286574595073,0.447107195740269,,0.0,
TimesNet,Weather,720,san_lite,2021,TimesNet__Weather__h720__san_lite__s2021,0.3525167176831361,0.34994536110765945,0.7123477148161155,0,4,4797.787308692932,22393.9,4772357,0,3558.919921875,32,96,False,cuda:0,io,36072,False,measured,2026-09-11 14:39:08,ok,0.21705829051016504,0.3416479806246987,0.4073968880023342,0.44396371298330156,,0.0,
TimesNet,Weather,96,fredf,2021,TimesNet__Weather__h96__fredf__s2021,0.16512971929314657,0.21288835142484558,0.4004256376786134,2,6,521.7863321304321,3979.8,4711829,0,695.7265625,32,96,False,cuda:0,loss,36696,False,measured,2026-09-10 16:00:51,ok,0.11158663355439158,0.16041018261209303,0.18211856190807016,0.20640349814567552,,,
TimesNet,Weather,96,none,2021,TimesNet__Weather__h96__none__s2021,0.16868581385320663,0.21747042197286226,0.4115789786965448,2,6,492.1187162399292,3862.5,4711829,0,695.20654296875,32,96,False,cuda:0,io,36696,False,measured,2026-09-10 08:14:14,ok,0.11439758605827614,0.16543945412240751,0.18641054411571914,0.20849567087083853,,,
TimesNet,Weather,96,revin,2021,TimesNet__Weather__h96__revin__s2021,0.16854051859429414,0.2171884280962046,0.41127685228617916,2,6,433.00342559814453,3376.1,4711829,0,695.98779296875,32,96,False,cuda:0,io,36696,False,measured,2026-09-10 15:09:43,ok,0.11411446885683947,0.16514793364577132,0.18644758383208004,0.20845208519646932,,,
TimesNet,Weather,96,san_lite,2021,TimesNet__Weather__h96__san_lite__s2021,0.17393670482101767,0.2188501068323208,0.41305961857525064,4,8,566.0879611968994,5919.8,4711829,0,691.9873046875,32,96,False,cuda:0,io,36696,False,measured,2026-09-10 17:47:47,ok,0.1151994449335645,0.16880389407820548,0.19395638036202165,0.21778710231227624,,,
iTransformer,ETTh1,192,fredf,2021,iTransformer__ETTh1__h192__fredf__s2021,0.4319294638668265,0.4263578504189379,0.9884538770927399,2,6,14.018058776855469,38.8,4883136,0,130.69482421875,32,96,False,cuda:0,loss,8353,False,measured,2026-09-09 03:49:07,ok,0.3363275126217606,0.4208043021326718,0.4607922417307974,0.5097938031282091,,,
iTransformer,ETTh1,192,fredf,2022,iTransformer__ETTh1__h192__fredf__s2022,0.4328280007466179,0.4282622619462994,0.9884460679374651,4,8,14.094710350036621,51.4,4883136,0,130.69482421875,32,96,False,cuda:0,loss,8353,False,measured,2026-09-09 03:50:06,ok,0.3364333263075648,0.4220509197389002,0.4638508791925952,0.5089768726707806,,,
iTransformer,ETTh1,192,fredf,2023,iTransformer__ETTh1__h192__fredf__s2023,0.433769536416517,0.428380715984023,0.9919801498160705,5,9,14.171600341796875,58.3,4883136,0,130.69482421875,32,96,False,cuda:0,loss,8353,False,measured,2026-09-09 03:51:13,ok,0.33780997512922545,0.4230749863894477,0.46443928619956054,0.5097539197090077,,,
iTransformer,ETTh1,192,none,2021,iTransformer__ETTh1__h192__none__s2021,0.4463594040239629,0.44281537584020647,1.0012007405120407,1,5,13.640165328979492,32.1,4883136,0,130.8583984375,32,96,False,cuda:0,io,8353,False,measured,2026-09-09 03:42:56,ok,0.3438504297402891,0.43384507524191035,0.4811613849953025,0.5265807067225746,,,
iTransformer,ETTh1,192,none,2022,iTransformer__ETTh1__h192__none__s2022,0.45117551702967434,0.4407963039631457,0.9994070507096106,0,4,13.529539108276367,25.9,4883136,0,130.8583984375,32,96,False,cuda:0,io,8353,False,measured,2026-09-09 03:43:30,ok,0.35391076100035024,0.4400113020945248,0.47955659959219127,0.5312233985710416,,,
iTransformer,ETTh1,192,none,2023,iTransformer__ETTh1__h192__none__s2023,0.44635494114769175,0.44190694590457097,0.9895954371896177,1,5,13.494253158569336,31.8,4883136,0,130.8583984375,32,96,False,cuda:0,io,8353,False,measured,2026-09-09 03:44:10,ok,0.3478754065233469,0.4352251215572513,0.47596435983511226,0.5263548749262271,,,
iTransformer,ETTh1,192,san_lite,2021,iTransformer__ETTh1__h192__san_lite__s2021,0.47544676139226394,0.45329206136640565,1.0117430085806032,2,6,19.107341766357422,55.0,4883136,0,130.8583984375,32,96,False,cuda:0,io,8353,False,measured,2026-09-09 15:17:59,ok,0.36551763925666875,0.4559393648236989,0.5089252423403355,0.5714047964420762,,,
iTransformer,ETTh1,192,san_lite,2022,iTransformer__ETTh1__h192__san_lite__s2022,0.46001312195601357,0.44234008946462927,1.010546793651677,1,5,19.782304763793945,46.6,4883136,0,130.8583984375,32,96,False,cuda:0,io,8353,False,measured,2026-09-09 15:18:04,ok,0.35975508802103184,0.4457832897881963,0.4892138822184662,0.5453002400833727,,,
iTransformer,ETTh1,192,san_lite,2023,iTransformer__ETTh1__h192__san_lite__s2023,0.47253971984470927,0.45063988115234027,1.0100779832227489,3,7,19.21820640563965,63.1,4883136,0,130.8583984375,32,96,False,cuda:0,io,8353,False,measured,2026-09-09 15:18:30,ok,0.35940927308170934,0.4556808256952844,0.5081570164590558,0.5669117557263654,,,
iTransformer,ETTh1,336,fredf,2021,iTransformer__ETTh1__h336__fredf__s2021,0.4687778844922977,0.4443580857986306,1.273100247704374,9,10,14.26839828491211,63.6,4957008,0,131.82177734375,32,96,False,cuda:0,loss,8209,False,measured,2026-09-09 04:16:18,ok,0.3677260315303691,0.46577730768068454,0.5204867862290341,0.5211214319638036,,,
iTransformer,ETTh1,336,fredf,2022,iTransformer__ETTh1__h336__fredf__s2022,0.4714956056057922,0.4476889857850987,1.2707402288411067,9,10,14.373183250427246,64.0,4957008,0,131.82177734375,32,96,False,cuda:0,loss,8209,False,measured,2026-09-09 04:17:30,ok,0.3710668280221437,0.4669416360773658,0.5230551756041861,0.5249187867621024,,,
iTransformer,ETTh1,336,fredf,2023,iTransformer__ETTh1__h336__fredf__s2023,0.46822632891488497,0.4443615138106139,1.268175823328472,5,9,14.16921615600586,57.3,4957008,0,131.82177734375,32,96,False,cuda:0,loss,8209,False,measured,2026-09-09 04:18:35,ok,0.36855875540472394,0.46443362965780144,0.5200550172223891,0.5198579152221198,,,
iTransformer,ETTh1,336,none,2021,iTransformer__ETTh1__h336__none__s2021,0.4956768471639945,0.46600803841075356,1.2850735731117102,0,4,13.678550720214844,25.8,4957008,0,132.1083984375,32,96,False,cuda:0,io,8209,False,measured,2026-09-09 04:12:43,ok,0.3838390380689397,0.48159578777571366,0.5596798365215823,0.5575927220505102,,,
iTransformer,ETTh1,336,none,2022,iTransformer__ETTh1__h336__none__s2022,0.5005464409678717,0.46852075585882685,1.2842497538983668,0,4,13.644218444824219,25.5,4957008,0,132.1083984375,32,96,False,cuda:0,io,8209,False,measured,2026-09-09 04:13:17,ok,0.3883255886680728,0.49039456380480584,0.5606706572192687,0.5627949421368479,,,
iTransformer,ETTh1,336,none,2023,iTransformer__ETTh1__h336__none__s2023,0.4884048845509778,0.46168664493517203,1.284366226038242,0,4,13.669490814208984,25.6,4957008,0,132.1083984375,32,96,False,cuda:0,io,8209,False,measured,2026-09-09 04:13:50,ok,0.3874832427818887,0.4793640015494042,0.5413628562253864,0.545409435307752,,,
iTransformer,ETTh1,336,san_lite,2021,iTransformer__ETTh1__h336__san_lite__s2021,0.5076469334817669,0.4695140743743777,1.2926830497056387,1,5,23.621559143066406,55.0,4957008,0,132.1083984375,32,96,False,cuda:0,io,8209,False,measured,2026-09-09 15:21:13,ok,0.3895063051366737,0.4970800766347684,0.5768996829817565,0.567101665138569,,,
iTransformer,ETTh1,336,san_lite,2022,iTransformer__ETTh1__h336__san_lite__s2022,0.5082890194426555,0.46867269059668315,1.301025089132227,1,5,21.22211456298828,50.5,4957008,0,132.1083984375,32,96,False,cuda:0,io,8209,False,measured,2026-09-09 15:22:04,ok,0.39071061694309606,0.5014574453783336,0.5746338488196157,0.5663541692775035,,,
iTransformer,ETTh1,336,san_lite,2023,iTransformer__ETTh1__h336__san_lite__s2023,0.5092166102496684,0.4697311051216287,1.2952680461305348,1,5,21.748781204223633,51.2,4957008,0,132.1083984375,32,96,False,cuda:0,io,8209,False,measured,2026-09-09 15:22:19,ok,0.3871922469433207,0.4987949637762042,0.5782677682621901,0.572611475819955,,,
iTransformer,ETTh1,720,fredf,2021,iTransformer__ETTh1__h720__fredf__s2021,0.4741535407479406,0.4663087748698749,1.5528599610106653,9,10,14.649748802185059,61.9,5154000,0,135.76513671875,32,96,False,cuda:0,loss,7825,False,measured,2026-09-09 04:41:42,ok,0.4122794677871419,0.4695677766226011,0.4688846816643099,0.5458822426260396,,,
iTransformer,ETTh1,720,fredf,2022,iTransformer__ETTh1__h720__fredf__s2022,0.47587760290420733,0.46743445999794336,1.5543831727025994,9,10,14.607787132263184,62.0,5154000,0,135.76513671875,32,96,False,cuda:0,loss,7825,False,measured,2026-09-09 04:42:52,ok,0.41522893721724796,0.4700965681083264,0.47051806006932395,0.5476668518815768,,,
iTransformer,ETTh1,720,fredf,2023,iTransformer__ETTh1__h720__fredf__s2023,0.47468267152346244,0.46648664857447686,1.555508406286267,9,10,14.675736427307129,62.0,5154000,0,135.76513671875,32,96,False,cuda:0,loss,7825,False,measured,2026-09-09 04:44:02,ok,0.4126033795725498,0.4701404813575091,0.46959918273149964,0.5463876335062393,,,
iTransformer,ETTh1,720,none,2021,iTransformer__ETTh1__h720__none__s2021,0.5217474008688245,0.5005854554700756,1.557450216494559,0,4,14.079809188842773,25.1,5154000,0,136.3798828125,32,96,False,cuda:0,io,7825,False,measured,2026-09-09 03:08:00,ok,0.43287306058729325,0.507006855783912,0.5245204941039054,0.6225891771409904,,,
iTransformer,ETTh1,720,none,2022,iTransformer__ETTh1__h720__none__s2022,0.4956162538109056,0.48412585114146983,1.5668926411475435,0,4,14.060616493225098,24.9,5154000,0,136.3798828125,32,96,False,cuda:0,io,7825,False,measured,2026-09-09 03:08:33,ok,0.4242194799104339,0.49149555619191343,0.48636201794341194,0.5803879525071776,,,
iTransformer,ETTh1,720,none,2023,iTransformer__ETTh1__h720__none__s2023,0.49497919423992603,0.4817281231149187,1.5488329338223412,0,4,14.116048812866211,25.0,5154000,0,136.3798828125,32,96,False,cuda:0,io,7825,False,measured,2026-09-09 03:09:06,ok,0.42692812782165657,0.4931498918388813,0.48659154766537216,0.5732472063775451,,,
iTransformer,ETTh1,720,revin,2021,iTransformer__ETTh1__h720__revin__s2021,0.5217491554003649,0.5005865780546466,1.557463506030883,0,4,14.219284057617188,25.1,5154000,0,136.3798828125,32,96,False,cuda:0,io,7825,False,measured,2026-09-09 04:35:08,ok,0.4328736442386647,0.50700869511102,0.5245227445764917,0.6225915460174727,,,
iTransformer,ETTh1,720,san_lite,2021,iTransformer__ETTh1__h720__san_lite__s2021,0.5078599806648616,0.49000428604941126,1.561080918248643,0,4,20.23184299468994,35.5,5154000,0,136.3798828125,32,96,False,cuda:0,io,7825,False,measured,2026-09-09 15:26:23,ok,0.4282094627689933,0.4961136381264832,0.5059409211884192,0.6011758868248422,,,
iTransformer,ETTh1,720,san_lite,2022,iTransformer__ETTh1__h720__san_lite__s2022,0.4859488015215389,0.4760349031842897,1.563331564742587,0,4,20.390987396240234,35.7,5154000,0,136.3798828125,32,96,False,cuda:0,io,7825,False,measured,2026-09-09 15:27:13,ok,0.4232027658387837,0.4829252832641263,0.47555014341854,0.5621170141166953,,,
iTransformer,ETTh1,720,san_lite,2023,iTransformer__ETTh1__h720__san_lite__s2023,0.5093828656237146,0.4898992336527585,1.5699901324457555,0,4,20.128607749938965,35.7,5154000,0,136.3798828125,32,96,False,cuda:0,io,7825,False,measured,2026-09-09 15:28:03,ok,0.4349838963676984,0.5016778976856693,0.5033448731409879,0.5975247823063288,,,
iTransformer,ETTh1,96,fredf,2021,iTransformer__ETTh1__h96__fredf__s2021,0.38092473599098886,0.39936538463761134,0.6748705768153088,2,6,13.69333267211914,38.3,4833888,0,129.94287109375,32,96,False,cuda:0,loss,8449,False,measured,2026-09-09 03:31:06,ok,0.3066122480179018,0.372716938092718,0.40942214980262537,0.4349476041127532,,,
iTransformer,ETTh1,96,fredf,2022,iTransformer__ETTh1__h96__fredf__s2022,0.38334317826568404,0.4014446680225999,0.6814232252821654,3,7,14.020085334777832,45.1,4833888,0,129.94287109375,32,96,False,cuda:0,loss,8449,False,measured,2026-09-09 03:31:59,ok,0.306724239289544,0.37837243004851473,0.4123197094596794,0.43595632685251573,,,
iTransformer,ETTh1,96,fredf,2023,iTransformer__ETTh1__h96__fredf__s2023,0.38162144467475384,0.39981268859678043,0.6822784956229021,3,7,13.958334922790527,45.2,4833888,0,129.94287109375,32,96,False,cuda:0,loss,8449,False,measured,2026-09-09 03:32:53,ok,0.30688480678749913,0.3747464745253964,0.40979284274941136,0.43506164746755505,,,
iTransformer,ETTh1,96,none,2021,iTransformer__ETTh1__h96__none__s2021,0.3906148084608053,0.4107882846448425,0.6825721657886621,1,5,13.386964797973633,32.4,4833888,0,130.0244140625,32,96,False,cuda:0,io,8449,False,measured,2026-09-08 22:55:41,ok,0.3146244685047029,0.3850576511340981,0.421226424010829,0.4415506787138881,,,
iTransformer,ETTh1,96,none,2022,iTransformer__ETTh1__h96__none__s2022,0.3936976038758404,0.40808859297869865,0.6891417697972698,0,4,13.412952423095703,26.3,4833888,0,130.0244140625,32,96,False,cuda:0,io,8449,False,measured,2026-09-08 22:56:15,ok,0.3206852481102768,0.3813449263887512,0.41975405779371017,0.4530061925389354,,,
iTransformer,ETTh1,96,none,2023,iTransformer__ETTh1__h96__none__s2023,0.3912497129829213,0.4066601470320451,0.6857738448237011,0,4,13.467669486999512,26.4,4833888,0,130.0244140625,32,96,False,cuda:0,io,8449,False,measured,2026-09-08 22:56:50,ok,0.32035668333609385,0.38087243851338903,0.4172629560025836,0.4465067770305346,,,
iTransformer,ETTh1,96,revin,2021,iTransformer__ETTh1__h96__revin__s2021,0.3906164390261972,0.41078876483294663,0.682576306237006,1,5,13.497471809387207,32.2,4833888,0,130.0244140625,32,96,False,cuda:0,io,8449,False,measured,2026-09-09 03:26:24,ok,0.31462653556627956,0.3850600432229379,0.4212283031751262,0.44155087134117466,,,
iTransformer,ETTh1,96,san_lite,2021,iTransformer__ETTh1__h96__san_lite__s2021,0.40630432439378317,0.4132109443662594,0.714498112949131,4,8,18.722891807556152,70.0,4833888,0,130.0244140625,32,96,False,cuda:0,io,8449,False,measured,2026-09-09 15:13:08,ok,0.3282914031099509,0.4003300063491837,0.43318083203169416,0.46341504361558106,,,
iTransformer,ETTh1,96,san_lite,2022,iTransformer__ETTh1__h96__san_lite__s2022,0.4103335983969059,0.41632797593101023,0.714687683827512,3,7,18.63408088684082,61.7,4833888,0,130.0244140625,32,96,False,cuda:0,io,8449,False,measured,2026-09-09 15:13:43,ok,0.3333104930897323,0.4042970958466631,0.4377511065210329,0.46597569543220435,,,
iTransformer,ETTh1,96,san_lite,2023,iTransformer__ETTh1__h96__san_lite__s2023,0.40141955600127693,0.40750509605169644,0.7179212776465203,1,5,17.923593521118164,43.4,4833888,0,130.0244140625,32,96,False,cuda:0,io,8449,False,measured,2026-09-09 15:13:25,ok,0.3257229762251523,0.3931047743161035,0.42721165196812133,0.45963881208714313,,,
iTransformer,ETTh2,192,fredf,2021,iTransformer__ETTh2__h192__fredf__s2021,0.3720211101065118,0.3938216281339562,0.2782597070367786,2,6,14.03045654296875,39.0,4883136,0,130.69482421875,32,96,False,cuda:0,loss,8353,False,measured,2026-09-09 03:11:24,ok,0.23137132503562097,0.35453889513395104,0.4164489871647821,0.48572523437309645,,,
iTransformer,ETTh2,192,fredf,2022,iTransformer__ETTh2__h192__fredf__s2022,0.37481511431892656,0.39401589185735697,0.27546496157306805,1,5,14.145135879516602,32.9,4883136,0,130.69482421875,32,96,False,cuda:0,loss,8353,False,measured,2026-09-09 03:12:05,ok,0.2424650949440723,0.35566786811159207,0.41579596531589796,0.4853315428615801,,,
iTransformer,ETTh2,192,fredf,2023,iTransformer__ETTh2__h192__fredf__s2023,0.3701851736414365,0.3904491677482089,0.2793349274901798,5,9,14.248132705688477,58.2,4883136,0,130.69482421875,32,96,False,cuda:0,loss,8353,False,measured,2026-09-09 03:13:11,ok,0.23127560856357907,0.3539327632629037,0.41422561736794145,0.48130671061486613,,,
iTransformer,ETTh2,192,none,2021,iTransformer__ETTh2__h192__none__s2021,0.39029166428620476,0.40513209735596295,0.28680918164308883,0,4,13.641715049743652,25.8,4883136,0,130.8583984375,32,96,False,cuda:0,io,8353,False,measured,2026-09-09 02:58:22,ok,0.2665703456046155,0.3692199553347077,0.42793830136394745,0.49743805395107393,,,
iTransformer,ETTh2,192,none,2022,iTransformer__ETTh2__h192__none__s2022,0.3829318940999431,0.4016495990082702,0.2815851234330381,0,4,13.583064079284668,25.9,4883136,0,130.8583984375,32,96,False,cuda:0,io,8353,False,measured,2026-09-09 02:58:56,ok,0.25271357254350274,0.36115024644266575,0.4237390702651072,0.4941246877957874,,,
iTransformer,ETTh2,192,none,2023,iTransformer__ETTh2__h192__none__s2023,0.3847200983793246,0.4026825593980351,0.2804662873301685,0,4,13.480663299560547,25.7,4883136,0,130.8583984375,32,96,False,cuda:0,io,8353,False,measured,2026-09-09 02:59:30,ok,0.2470892151468217,0.3671571755677767,0.427551107284101,0.4970828821945707,,,
iTransformer,ETTh2,192,san_lite,2021,iTransformer__ETTh2__h192__san_lite__s2021,0.3917380935206066,0.40401290298135223,0.2871285261141238,1,5,20.7974910736084,49.4,4883136,0,130.8583984375,32,96,False,cuda:0,io,8353,False,measured,2026-09-09 15:11:38,ok,0.25400858269492127,0.37328802665733846,0.43691190568388416,0.5027438562649237,,,
iTransformer,ETTh2,192,san_lite,2022,iTransformer__ETTh2__h192__san_lite__s2022,0.38460387336468715,0.4004454670574901,0.28722770020412425,0,4,21.149277687072754,40.0,4883136,0,130.8583984375,32,96,False,cuda:0,io,8353,False,measured,2026-09-09 15:11:43,ok,0.2518199138869219,0.36422229208849477,0.4255933914970263,0.4967799013272638,,,
iTransformer,ETTh2,192,san_lite,2023,iTransformer__ETTh2__h192__san_lite__s2023,0.38415312103734633,0.4029234389125236,0.2840236189742464,0,4,20.467281341552734,39.2,4883136,0,130.8583984375,32,96,False,cuda:0,io,8353,False,measured,2026-09-09 15:12:31,ok,0.24995661819723694,0.36312180200177085,0.42712846412075445,0.496405611967031,,,
iTransformer,ETTh2,336,fredf,2021,iTransformer__ETTh2__h336__fredf__s2021,0.40880391770803054,0.42349609303216007,0.36613147947123964,4,8,14.307260513305664,51.2,4957008,0,131.82177734375,32,96,False,cuda:0,loss,8209,False,measured,2026-09-09 03:57:02,ok,0.25843472549345997,0.400364706340789,0.47417227157337455,0.5022439741504243,,,
iTransformer,ETTh2,336,fredf,2022,iTransformer__ETTh2__h336__fredf__s2022,0.4106687629158982,0.42518414617351113,0.365989125938778,1,5,14.33718204498291,32.5,4957008,0,131.82177734375,32,96,False,cuda:0,loss,8209,False,measured,2026-09-09 03:57:43,ok,0.2633518658119848,0.3997190871881796,0.47892285567320414,0.5006812248692905,,,
iTransformer,ETTh2,336,fredf,2023,iTransformer__ETTh2__h336__fredf__s2023,0.41743479496050784,0.4271289223687695,0.3665548444981197,1,5,14.303922653198242,32.5,4957008,0,131.82177734375,32,96,False,cuda:0,loss,8209,False,measured,2026-09-09 03:58:24,ok,0.2659555937037704,0.40399554847672003,0.4889159120397541,0.5108721337344485,,,
iTransformer,ETTh2,336,none,2021,iTransformer__ETTh2__h336__none__s2021,0.4285814988052794,0.43822372508103496,0.37117459802790836,0,4,13.510465621948242,25.4,4957008,0,132.1083984375,32,96,False,cuda:0,io,8209,False,measured,2026-09-09 03:45:35,ok,0.27583647073434453,0.4180824538115763,0.495253986754882,0.5251530769426608,,,
iTransformer,ETTh2,336,none,2022,iTransformer__ETTh2__h336__none__s2022,0.4405124452268552,0.4411860225809995,0.3774348252892451,0,4,13.609170913696289,25.5,4957008,0,132.1083984375,32,96,False,cuda:0,io,8209,False,measured,2026-09-09 03:46:09,ok,0.2959385169147784,0.42224756233222777,0.513036863194904,0.5308268245831718,,,
iTransformer,ETTh2,336,none,2023,iTransformer__ETTh2__h336__none__s2023,0.45038578945073393,0.44356203361286806,0.37065828039720616,0,4,13.744711875915527,25.5,4957008,0,132.1083984375,32,96,False,cuda:0,io,8209,False,measured,2026-09-09 03:46:42,ok,0.29794586812854157,0.4304052322468452,0.5256646422269967,0.5475274253713321,,,
iTransformer,ETTh2,336,san_lite,2021,iTransformer__ETTh2__h336__san_lite__s2021,0.42656809597016143,0.4353770427179498,0.36807101347722293,0,4,21.26932144165039,40.7,4957008,0,132.1083984375,32,96,False,cuda:0,io,8209,False,measured,2026-09-09 15:18:58,ok,0.2783500769618118,0.41444122043338555,0.49608980854191403,0.51739127847312,,,
iTransformer,ETTh2,336,san_lite,2022,iTransformer__ETTh2__h336__san_lite__s2022,0.4388724692520442,0.4405571509113069,0.3731432115665366,1,5,21.586894989013672,50.7,4957008,0,132.1083984375,32,96,False,cuda:0,io,8209,False,measured,2026-09-09 15:19:34,ok,0.2815089162400423,0.4213093596867407,0.5112413657558692,0.5414302391623103,,,
iTransformer,ETTh2,336,san_lite,2023,iTransformer__ETTh2__h336__san_lite__s2023,0.447332352382221,0.4421484819734469,0.3679121333116989,1,5,21.320223808288574,51.2,4957008,0,132.1083984375,32,96,False,cuda:0,io,8209,False,measured,2026-09-09 15:20:04,ok,0.2771048614307504,0.4277775313807918,0.5225970187855773,0.5618500007485724,,,
iTransformer,ETTh2,720,fredf,2021,iTransformer__ETTh2__h720__fredf__s2021,0.41746908536586413,0.439431294854606,0.6081928711045096,4,8,14.575004577636719,49.6,5154000,0,135.76513671875,32,96,False,cuda:0,loss,7825,False,measured,2026-09-09 04:24:24,ok,0.30438409095027885,0.40738150093131176,0.39341667456250823,0.5646940773726692,,,
iTransformer,ETTh2,720,fredf,2022,iTransformer__ETTh2__h720__fredf__s2022,0.4182757347384161,0.43970759232709355,0.6083805227717822,3,7,14.632701873779297,43.8,5154000,0,135.76513671875,32,96,False,cuda:0,loss,7825,False,measured,2026-09-09 04:25:16,ok,0.30435924834254086,0.4096447185007294,0.3942230700359016,0.5648758821809725,,,
iTransformer,ETTh2,720,fredf,2023,iTransformer__ETTh2__h720__fredf__s2023,0.41920884335255487,0.4396538366655373,0.6079301221159691,9,10,14.617323875427246,61.8,5154000,0,135.76513671875,32,96,False,cuda:0,loss,7825,False,measured,2026-09-09 04:26:26,ok,0.30528500417589416,0.40983471079178724,0.39436902213012387,0.5673466151833966,,,
iTransformer,ETTh2,720,none,2021,iTransformer__ETTh2__h720__none__s2021,0.4349385179977062,0.4477072171327896,0.607199094684679,0,4,13.978123664855957,24.8,5154000,0,136.3798828125,32,96,False,cuda:0,io,7825,False,measured,2026-09-09 03:13:44,ok,0.32098882321568245,0.4282218440622764,0.41198436516993175,0.5785590381135751,,,
iTransformer,ETTh2,720,none,2022,iTransformer__ETTh2__h720__none__s2022,0.4283118931157175,0.4469355740178755,0.6140950542352527,0,4,14.076709747314453,24.9,5154000,0,136.3798828125,32,96,False,cuda:0,io,7825,False,measured,2026-09-09 03:14:17,ok,0.3228283612604814,0.4101693875661294,0.4024712970115778,0.5777785118831233,,,
iTransformer,ETTh2,720,none,2023,iTransformer__ETTh2__h720__none__s2023,0.4648235739632455,0.4637849626633393,0.6025323413387027,0,4,13.927817344665527,24.7,5154000,0,136.3798828125,32,96,False,cuda:0,io,7825,False,measured,2026-09-09 03:14:50,ok,0.3494703482589642,0.4624073944811346,0.4412395780983834,0.6061769671577527,,,
iTransformer,ETTh2,720,san_lite,2021,iTransformer__ETTh2__h720__san_lite__s2021,0.4916658978934948,0.4647566076690731,0.5861600816214385,4,8,23.6208438873291,82.2,5154000,0,136.3798828125,32,96,False,cuda:0,io,7825,False,measured,2026-09-09 15:23:56,ok,0.35428544716528093,0.5002786267584179,0.46600534913559905,0.6460941747462808,,,
iTransformer,ETTh2,720,san_lite,2022,iTransformer__ETTh2__h720__san_lite__s2022,0.4992648909157673,0.46827703933949505,0.5880947058538633,4,8,22.918701171875,79.6,5154000,0,136.3798828125,32,96,False,cuda:0,io,7825,False,measured,2026-09-09 15:24:23,ok,0.3565848587955784,0.5107069860271355,0.4745986594398886,0.6551690704476163,,,
iTransformer,ETTh2,720,san_lite,2023,iTransformer__ETTh2__h720__san_lite__s2023,0.49209880030713915,0.46930101113236633,0.5846385093333618,3,7,23.065924644470215,69.0,5154000,0,136.3798828125,32,96,False,cuda:0,io,7825,False,measured,2026-09-09 15:25:17,ok,0.3517276345389776,0.49044607459947603,0.4688067602298517,0.657414732357427,,,
iTransformer,ETTh2,96,fredf,2021,iTransformer__ETTh2__h96__fredf__s2021,0.29122164214973095,0.34182693556128196,0.2142755701081859,0,4,14.021039009094238,26.5,4833888,0,129.94287109375,32,96,False,cuda:0,loss,8449,False,measured,2026-09-09 02:32:44,ok,0.1811261378791423,0.2860483884962362,0.3326524689096747,0.36505957827324886,,,
iTransformer,ETTh2,96,fredf,2022,iTransformer__ETTh2__h96__fredf__s2022,0.28944932709415316,0.3405758664986512,0.21271001601041847,0,4,13.871431350708008,26.2,4833888,0,129.94287109375,32,96,False,cuda:0,loss,8449,False,measured,2026-09-09 02:33:18,ok,0.1811301496226716,0.28131183347567396,0.3311896979993527,0.3641656310122941,,,
iTransformer,ETTh2,96,fredf,2023,iTransformer__ETTh2__h96__fredf__s2023,0.3042798663771457,0.3473251330869834,0.21543089599092466,2,6,13.876914978027344,38.9,4833888,0,129.94287109375,32,96,False,cuda:0,loss,8449,False,measured,2026-09-09 02:34:05,ok,0.18216819786686014,0.2983608678980134,0.35710341608972046,0.37948697780652196,,,
iTransformer,ETTh2,96,none,2021,iTransformer__ETTh2__h96__none__s2021,0.29941963032493124,0.35139625316462353,0.21824473049779872,0,4,13.38803768157959,25.9,4833888,0,130.0244140625,32,96,False,cuda:0,io,8449,False,measured,2026-09-09 03:21:08,ok,0.1906887474196662,0.2990199853038796,0.3401457430108665,0.36782404504390903,,,
iTransformer,ETTh2,96,none,2022,iTransformer__ETTh2__h96__none__s2022,0.30077767485867835,0.34944679391193545,0.21752192871972334,0,4,13.355374336242676,25.7,4833888,0,130.0244140625,32,96,False,cuda:0,io,8449,False,measured,2026-09-09 03:21:42,ok,0.19005238325043275,0.2981581976638041,0.34357138398483444,0.3713287341096079,,,
iTransformer,ETTh2,96,none,2023,iTransformer__ETTh2__h96__none__s2023,0.30717546475731616,0.3554263020760281,0.22645006439895154,0,4,13.225436210632324,25.6,4833888,0,130.0244140625,32,96,False,cuda:0,io,8449,False,measured,2026-09-09 03:22:15,ok,0.19986053566060877,0.3138044628938979,0.3527172072710385,0.36231965375329284,,,
iTransformer,ETTh2,96,san_lite,2021,iTransformer__ETTh2__h96__san_lite__s2021,0.305125618192939,0.35347393994210285,0.22663553045011436,0,4,18.583297729492188,35.6,4833888,0,130.0244140625,32,96,False,cuda:0,io,8449,False,measured,2026-09-09 15:04:02,ok,0.21394038877478674,0.2957938206200481,0.33921708545017043,0.37155117403400234,,,
iTransformer,ETTh2,96,san_lite,2022,iTransformer__ETTh2__h96__san_lite__s2022,0.30352857704599606,0.3530770325707586,0.22616161825188696,0,4,18.65553855895996,35.7,4833888,0,130.0244140625,32,96,False,cuda:0,io,8449,False,measured,2026-09-09 15:04:07,ok,0.20935092820450976,0.2913546982674586,0.34087985074734384,0.37252883395337594,,,
iTransformer,ETTh2,96,san_lite,2023,iTransformer__ETTh2__h96__san_lite__s2023,0.30207764203297516,0.35201537933799665,0.22539819766489208,0,4,18.95725727081299,36.1,4833888,0,130.0244140625,32,96,False,cuda:0,io,8449,False,measured,2026-09-09 15:04:48,ok,0.2080370105834224,0.29038830505059954,0.339169447218944,0.3707158121407526,,,
iTransformer,ETTm1,192,fredf,2021,iTransformer__ETTm1__h192__fredf__s2021,0.3782014401144241,0.3915957739359303,0.5104903848026254,3,7,14.23954963684082,167.3,4883136,0,133.060546875,32,96,False,cuda:0,loss,34273,False,measured,2026-09-09 07:20:00,ok,0.2977549500098972,0.3708279048699897,0.41469506002655593,0.4295278385562311,,,
iTransformer,ETTm1,192,none,2021,iTransformer__ETTm1__h192__none__s2021,0.385954884515641,0.3983541426779228,0.5164129025995985,0,4,13.513445854187012,93.0,4883136,0,133.22412109375,32,96,False,cuda:0,io,34273,False,measured,2026-09-09 07:11:05,ok,0.31033034644009266,0.3790891744284048,0.42681285720061685,0.4275871529621744,,,
iTransformer,ETTm1,192,san_lite,2021,iTransformer__ETTm1__h192__san_lite__s2021,0.4137156074161904,0.4230099213931599,0.5193194113790314,2,6,20.819902420043945,224.0,4883136,0,133.22412109375,32,96,False,cuda:0,io,34273,False,measured,2026-09-09 15:54:07,ok,0.34715032367687365,0.4074135210495265,0.4586424481507027,0.4416561366702398,,,
iTransformer,ETTm1,336,fredf,2021,iTransformer__ETTm1__h336__fredf__s2021,0.4103745418496138,0.4115850122187691,0.654219275701312,7,10,14.293670654296875,239.4,4957008,0,134.1875,32,96,False,cuda:0,loss,34129,False,measured,2026-09-09 08:18:06,ok,0.3292323713287071,0.4028657469601573,0.4339665397622432,0.47543351015726865,,,
iTransformer,ETTm1,336,none,2021,iTransformer__ETTm1__h336__none__s2021,0.41925310773013874,0.41931648897178314,0.6582784093211981,0,4,13.700127601623535,93.9,4957008,0,134.47412109375,32,96,False,cuda:0,io,34129,False,measured,2026-09-09 07:58:32,ok,0.3374796726746337,0.4125252216292631,0.44208675538173026,0.4849207881406248,,,
iTransformer,ETTm1,336,san_lite,2021,iTransformer__ETTm1__h336__san_lite__s2021,0.4405438552911246,0.44213680889016455,0.6554981983459943,1,5,23.95021915435791,215.1,4957008,0,134.47412109375,32,96,False,cuda:0,io,34129,False,measured,2026-09-09 16:02:43,ok,0.360720340900482,0.43523565806778275,0.46538605487823825,0.5008333745331811,,,
iTransformer,ETTm1,720,fredf,2021,iTransformer__ETTm1__h720__fredf__s2021,0.478342905364562,0.44774937126621417,0.9817661561985185,3,7,14.78588581085205,173.2,5154000,0,138.130859375,32,96,False,cuda:0,loss,33745,False,measured,2026-09-09 09:10:32,ok,0.3652609318292453,0.4681546518318328,0.5223745281578771,0.5575815131799616,,,
iTransformer,ETTm1,720,none,2021,iTransformer__ETTm1__h720__none__s2021,0.5212562208763325,0.4759854423109706,0.9664605301659036,2,6,14.128923416137695,144.4,5154000,0,138.74560546875,32,96,False,cuda:0,io,33745,False,measured,2026-09-09 07:36:56,ok,0.38667850903916345,0.517211111155964,0.5724283160331227,0.6087069482209827,,,
iTransformer,ETTm1,720,san_lite,2021,iTransformer__ETTm1__h720__san_lite__s2021,0.5020312649398507,0.4758029180217872,0.974184228468337,2,6,26.063084602355957,280.4,5154000,0,138.74560546875,32,96,False,cuda:0,io,33745,False,measured,2026-09-09 16:17:54,ok,0.39347372752910076,0.4971291186154289,0.5415205333288741,0.576001671597508,,,
iTransformer,ETTm1,96,fredf,2021,iTransformer__ETTm1__h96__fredf__s2021,0.32825229363800695,0.36305646118477286,0.3922487585209454,1,5,13.943076133728027,117.2,4833888,0,132.30859375,32,96,False,cuda:0,loss,34369,False,measured,2026-09-09 06:35:47,ok,0.22297414589150874,0.36754083645405394,0.3640083161294359,0.3584858747197508,,,
iTransformer,ETTm1,96,none,2021,iTransformer__ETTm1__h96__none__s2021,0.3437627634595207,0.37748373874093116,0.39608587157096514,1,5,13.33320140838623,113.5,4833888,0,132.39013671875,32,96,False,cuda:0,io,34369,False,measured,2026-09-09 07:28:30,ok,0.22568623080518438,0.37900563548078087,0.3895028026517517,0.38085638004546407,,,
iTransformer,ETTm1,96,san_lite,2021,iTransformer__ETTm1__h96__san_lite__s2021,0.3640608370710291,0.3929670849305535,0.41019271403013874,1,5,22.763848304748535,202.4,4833888,0,132.39013671875,32,96,False,cuda:0,io,34369,False,measured,2026-09-09 15:47:32,ok,0.2722655636372124,0.410022734786011,0.3896515049524718,0.384303542777257,,,
iTransformer,ETTm2,192,fredf,2021,iTransformer__ETTm2__h192__fredf__s2021,0.24369160821310173,0.30070745859744635,0.16978539136648144,5,9,14.342308044433594,215.8,4883136,0,133.060546875,32,96,False,cuda:0,loss,34273,False,measured,2026-09-09 07:26:28,ok,0.13756174549999187,0.21617796354912536,0.2902962010058178,0.3307305291897696,,,
iTransformer,ETTm2,192,none,2021,iTransformer__ETTm2__h192__none__s2021,0.2625995940962162,0.32013948612030263,0.18607632381465714,1,5,13.543367385864258,115.7,4883136,0,133.22412109375,32,96,False,cuda:0,io,34273,False,measured,2026-09-09 07:13:09,ok,0.14946536048732328,0.2315456491982226,0.3114435665070841,0.3579437996723542,,,
iTransformer,ETTm2,192,san_lite,2021,iTransformer__ETTm2__h192__san_lite__s2021,0.26435812649968726,0.3171876169046638,0.18087096818866605,1,5,20.758867263793945,187.9,4883136,0,133.22412109375,32,96,False,cuda:0,io,34273,False,measured,2026-09-09 15:54:41,ok,0.15418932620783674,0.23672099176746011,0.31313077556783053,0.3533914105933405,,,
iTransformer,ETTm2,336,fredf,2021,iTransformer__ETTm2__h336__fredf__s2021,0.30530099112218717,0.3412123930009846,0.2172804891362942,0,4,14.242291450500488,96.4,4957008,0,134.1875,32,96,False,cuda:0,loss,34129,False,measured,2026-09-09 08:19:51,ok,0.1781339124771962,0.2941540546038103,0.35598897146840563,0.3929270268826793,,,
iTransformer,ETTm2,336,none,2021,iTransformer__ETTm2__h336__none__s2021,0.3157222866765876,0.34978732743324337,0.23231670823276646,1,5,13.67199420928955,116.8,4957008,0,134.47412109375,32,96,False,cuda:0,io,34129,False,measured,2026-09-09 08:00:37,ok,0.18335470986330782,0.30035798191076973,0.369522640474614,0.40965382570328446,,,
iTransformer,ETTm2,336,san_lite,2021,iTransformer__ETTm2__h336__san_lite__s2021,0.3184396488731592,0.35406012008939974,0.22907434920868144,0,4,24.239182472229004,173.3,4957008,0,134.47412109375,32,96,False,cuda:0,io,34129,False,measured,2026-09-09 16:02:01,ok,0.192545932929433,0.3094477959851995,0.3710347374524992,0.4007301247401687,,,
iTransformer,ETTm2,720,fredf,2021,iTransformer__ETTm2__h720__fredf__s2021,0.40703507112514176,0.3987240265313838,0.2890749200245825,1,5,14.766573905944824,124.3,5154000,0,138.130859375,32,96,False,cuda:0,loss,33745,False,measured,2026-09-09 09:19:29,ok,0.24894220674529452,0.3951105206467932,0.4485740657528865,0.5355134841117126,,,
iTransformer,ETTm2,720,none,2021,iTransformer__ETTm2__h720__none__s2021,0.4112600922422835,0.4050883034011631,0.3018901875422277,0,4,14.21964168548584,96.9,5154000,0,138.74560546875,32,96,False,cuda:0,io,33745,False,measured,2026-09-09 07:42:15,ok,0.2534968712726307,0.40119725845639265,0.4557044552446794,0.5346417778313383,,,
iTransformer,ETTm2,720,san_lite,2021,iTransformer__ETTm2__h720__san_lite__s2021,0.41655827587920263,0.4076079374577149,0.2938701187317151,0,4,24.73902702331543,173.3,5154000,0,138.74560546875,32,96,False,cuda:0,io,33745,False,measured,2026-09-09 16:18:52,ok,0.25558353003316314,0.3997308068081217,0.46395793890735587,0.5469608347206676,,,
iTransformer,ETTm2,96,fredf,2021,iTransformer__ETTm2__h96__fredf__s2021,0.17726631672541102,0.2560096609471949,0.126289865239978,1,5,14.026522636413574,117.7,4833888,0,132.30859375,32,96,False,cuda:0,loss,34369,False,measured,2026-09-09 06:39:20,ok,0.10708686420378506,0.17021551392057158,0.20530248014948663,0.2264604125739408,,,
iTransformer,ETTm2,96,none,2021,iTransformer__ETTm2__h96__none__s2021,0.18033481472840568,0.2628337114458719,0.13480081776299674,0,4,13.442039489746094,91.8,4833888,0,132.39013671875,32,96,False,cuda:0,io,34369,False,measured,2026-09-09 07:30:10,ok,0.11089934527836338,0.17466056017421136,0.20757802438088335,0.22820133379517019,,,
iTransformer,ETTm2,96,san_lite,2021,iTransformer__ETTm2__h96__san_lite__s2021,0.18965619004044768,0.2695677415522434,0.13302303530691167,0,4,19.922733306884766,140.0,4833888,0,132.39013671875,32,96,False,cuda:0,io,34369,False,measured,2026-09-09 15:50:08,ok,0.12108872509173403,0.1836352818256569,0.21623003972118424,0.237670713555298,,,
iTransformer,Electricity,192,fredf,2021,iTransformer__Electricity__h192__fredf__s2021,0.17520937682314985,0.2604585898406667,0.15370126233865128,9,10,23.80967140197754,394.4,4883136,0,664.6328125,16,96,True,cuda:0,loss,18125,False,measured,2026-09-09 10:03:52,ok,0.15007910371256064,0.1763774529124084,0.17374441614083982,0.20063653547666557,,,
iTransformer,Electricity,192,none,2021,iTransformer__Electricity__h192__none__s2021,0.17038913234557262,0.2600143293012521,0.1490237939767632,9,10,23.13697338104248,387.1,4883136,0,667.9970703125,16,96,True,cuda:0,io,18125,False,measured,2026-09-09 09:32:50,ok,0.1415296681766627,0.17082621268130857,0.17245343188719423,0.1967472168916884,,,
iTransformer,Electricity,192,san_lite,2021,iTransformer__Electricity__h192__san_lite__s2021,0.18183338908232377,0.2707061367122386,0.1587366836699363,9,10,47.942161560058594,776.9,4883136,0,678.478515625,16,96,True,cuda:0,io,18125,False,measured,2026-09-09 16:31:57,ok,0.1569664585830608,0.1854530982397601,0.18019372331523376,0.20472027575947913,,,
iTransformer,Electricity,336,fredf,2021,iTransformer__Electricity__h336__fredf__s2021,0.19458306150892485,0.27922148383405737,0.1739293755611006,9,10,25.123238563537598,427.2,4957008,0,670.75537109375,16,96,True,cuda:0,loss,17981,False,measured,2026-09-09 10:48:14,ok,0.16037295853811107,0.16585989245403213,0.23399062399300358,0.2181087702973666,,,
iTransformer,Electricity,336,none,2021,iTransformer__Electricity__h336__none__s2021,0.18751243538574086,0.27835002089879946,0.1668932721881808,8,10,24.35612678527832,417.8,4957008,0,676.86767578125,16,96,True,cuda:0,io,17981,False,measured,2026-09-09 10:29:08,ok,0.15106288240722762,0.1634127205449901,0.22265759858019668,0.21291654260435824,,,
iTransformer,Electricity,336,san_lite,2021,iTransformer__Electricity__h336__san_lite__s2021,0.2000980976080064,0.2892788033979504,0.17649799613499725,8,10,52.44004726409912,873.5,4957008,0,691.67578125,16,96,True,cuda:0,io,17981,False,measured,2026-09-09 16:37:10,ok,0.16805195937195533,0.17277935420367704,0.23675388911403716,0.22280718791034348,,,
iTransformer,Electricity,720,fredf,2021,iTransformer__Electricity__h720__fredf__s2021,0.23949289032699952,0.31534249338733233,0.2137731759961311,9,10,29.432058334350586,516.1,5154000,0,751.72021484375,16,96,True,cuda:0,loss,17597,False,measured,2026-09-09 11:25:56,ok,0.1713066281858249,0.2256734551180489,0.26172030130322527,0.29927117785679835,,,
iTransformer,Electricity,720,none,2021,iTransformer__Electricity__h720__none__s2021,0.22444009401019854,0.3106431786546887,0.20468243520110802,9,10,28.210997581481934,500.8,5154000,0,725.26123046875,16,96,True,cuda:0,io,17597,False,measured,2026-09-09 10:40:53,ok,0.16338368007457907,0.2129929883544242,0.24372808034211885,0.27765562745071015,,,
iTransformer,Electricity,720,san_lite,2021,iTransformer__Electricity__h720__san_lite__s2021,0.23642188146845833,0.3193465436546213,0.21481239762402932,9,10,70.29175758361816,1075.1,5154000,0,765.07373046875,16,96,True,cuda:0,io,17597,False,measured,2026-09-09 16:56:15,ok,0.17621128303639477,0.22463101956977138,0.25493212182585123,0.2899130992413269,,,
iTransformer,Electricity,96,fredf,2021,iTransformer__Electricity__h96__fredf__s2021,0.16277321770498931,0.2493073667206328,0.1443559592354928,9,10,22.96268939971924,374.0,4833888,0,658.93408203125,16,96,True,cuda:0,loss,18221,False,measured,2026-09-09 08:59:10,ok,0.12636947694341846,0.17819874967489077,0.18404840041054907,0.162476243300255,,,
iTransformer,Electricity,96,none,2021,iTransformer__Electricity__h96__none__s2021,0.15797926349447025,0.24913700754883433,0.13944487091116378,9,10,22.27187156677246,365.2,4833888,0,662.326171875,16,96,True,cuda:0,io,18221,False,measured,2026-09-09 09:39:09,ok,0.12206952275701617,0.1702139249315476,0.1780827458913905,0.16155085997188956,,,
iTransformer,Electricity,96,san_lite,2021,iTransformer__Electricity__h96__san_lite__s2021,0.17198637796431263,0.26234584520665205,0.15129330724326887,9,10,47.13237285614014,739.6,4833888,0,671.14599609375,16,96,True,cuda:0,io,18221,False,measured,2026-09-09 16:15:45,ok,0.1392057554294254,0.1826116857628878,0.18981157480658908,0.17631648995594965,,,
iTransformer,Exchange,192,fredf,2021,iTransformer__Exchange__h192__fredf__s2021,0.18736885671582038,0.3098017633590583,0.20965940545858106,4,8,14.09924030303955,31.5,4883136,0,130.69482421875,32,96,False,cuda:0,loss,5024,False,measured,2026-09-09 01:52:25,ok,0.05062796830191699,0.13701253715863235,0.23278838846235042,0.3290465284005939,,,
iTransformer,Exchange,192,fredf,2022,iTransformer__Exchange__h192__fredf__s2022,0.1888363421292926,0.3121330382057984,0.2129160462587845,5,9,14.094352722167969,35.1,4883136,0,130.69482421875,32,96,False,cuda:0,loss,5024,False,measured,2026-09-09 01:53:08,ok,0.05098895633032722,0.13923945935567594,0.2337353295637711,0.33138161582629727,,,
iTransformer,Exchange,192,fredf,2023,iTransformer__Exchange__h192__fredf__s2023,0.18866316045930842,0.31183839623445,0.2069259089339736,4,8,14.225482940673828,31.5,4883136,0,130.69482421875,32,96,False,cuda:0,loss,5024,False,measured,2026-09-09 01:53:48,ok,0.050708300030784186,0.1383429972376242,0.23323994865495845,0.3323614014984076,,,
iTransformer,Exchange,192,none,2021,iTransformer__Exchange__h192__none__s2021,0.18858523090740376,0.31181098205351604,0.20823897041629194,0,4,13.55898380279541,16.1,4883136,0,130.8818359375,32,96,False,cuda:0,io,5024,False,measured,2026-09-09 01:41:59,ok,0.05087482130043527,0.14095576120378492,0.23546605793100883,0.3270442912110646,,,
iTransformer,Exchange,192,none,2022,iTransformer__Exchange__h192__none__s2022,0.18901519022616026,0.31218066198733535,0.20388171347387365,0,4,13.612151145935059,15.9,4883136,0,130.8818359375,32,96,False,cuda:0,io,5024,False,measured,2026-09-09 01:42:23,ok,0.050755688692468826,0.14047423399780687,0.23489797381097013,0.32993286573307007,,,
iTransformer,Exchange,192,none,2023,iTransformer__Exchange__h192__none__s2023,0.1947971660926631,0.31651645931782824,0.21107680628574865,0,4,13.573646545410156,16.0,4883136,0,130.8818359375,32,96,False,cuda:0,io,5024,False,measured,2026-09-09 01:42:47,ok,0.05261609403162729,0.14347189661703513,0.2426493202489246,0.3404513492809431,,,
iTransformer,Exchange,192,san_lite,2021,iTransformer__Exchange__h192__san_lite__s2021,0.19286571273017372,0.31520993245672857,0.2295046148763879,0,4,20.013928413391113,23.1,4883136,0,130.8818359375,32,96,False,cuda:0,io,5024,False,measured,2026-09-09 14:56:30,ok,0.05670956415679098,0.14411912638134036,0.23793750745326267,0.3326966488399567,,,
iTransformer,Exchange,192,san_lite,2022,iTransformer__Exchange__h192__san_lite__s2022,0.19438350326515072,0.3159671402744698,0.22576125043836615,0,4,19.73569393157959,23.1,4883136,0,130.8818359375,32,96,False,cuda:0,io,5024,False,measured,2026-09-09 14:56:35,ok,0.05702558938763163,0.1450615493564779,0.23955607061569806,0.3358908062880365,,,
iTransformer,Exchange,192,san_lite,2023,iTransformer__Exchange__h192__san_lite__s2023,0.19311538912531956,0.31497235439601645,0.22221422502711005,0,4,19.369959831237793,22.4,4883136,0,130.8818359375,32,96,False,cuda:0,io,5024,False,measured,2026-09-09 14:57:04,ok,0.05600671692601045,0.14309746201176807,0.23769417424138886,0.3356631984601763,,,
iTransformer,Exchange,336,fredf,2021,iTransformer__Exchange__h336__fredf__s2021,0.33736130939791314,0.42137721074539,0.3457215193206189,2,6,14.161348342895508,23.4,4957008,0,131.82177734375,32,96,False,cuda:0,loss,4880,False,measured,2026-09-09 02:16:29,ok,0.08476993711208279,0.24782528148096725,0.4230984709853755,0.5937515349408676,,,
iTransformer,Exchange,336,fredf,2022,iTransformer__Exchange__h336__fredf__s2022,0.3324615877167011,0.4183771190131549,0.34588893601874343,3,7,14.26684856414795,27.0,4957008,0,131.82177734375,32,96,False,cuda:0,loss,4880,False,measured,2026-09-09 02:17:04,ok,0.0835279956633792,0.24596644580921326,0.4177528606078923,0.5825990545558523,,,
iTransformer,Exchange,336,fredf,2023,iTransformer__Exchange__h336__fredf__s2023,0.351751405738841,0.42944772271738846,0.3481885492234003,5,9,14.321088790893555,34.7,4957008,0,131.82177734375,32,96,False,cuda:0,loss,4880,False,measured,2026-09-09 02:17:47,ok,0.0847913817588179,0.2574020922928388,0.43826846128245434,0.6265436858431028,,,
iTransformer,Exchange,336,none,2021,iTransformer__Exchange__h336__none__s2021,0.3399042727801045,0.422590001086053,0.3435730177080598,0,4,13.617873191833496,15.6,4957008,0,132.1494140625,32,96,False,cuda:0,io,4880,False,measured,2026-09-09 02:11:05,ok,0.08774994140329254,0.2545153235087785,0.4273964230755489,0.5899553997387347,,,
iTransformer,Exchange,336,none,2022,iTransformer__Exchange__h336__none__s2022,0.33368967142490075,0.4190429258419557,0.35661215560442927,0,4,13.730764389038086,15.6,4957008,0,132.1494140625,32,96,False,cuda:0,io,4880,False,measured,2026-09-09 02:11:28,ok,0.08611013457339957,0.24828644662593607,0.4200922100427369,0.5802698910786253,,,
iTransformer,Exchange,336,none,2023,iTransformer__Exchange__h336__none__s2023,0.334058180217268,0.41924678331300896,0.394113409646085,0,4,13.694286346435547,15.6,4957008,0,132.1494140625,32,96,False,cuda:0,io,4880,False,measured,2026-09-09 02:11:52,ok,0.07954245754833159,0.24247661517470318,0.4186679491015793,0.5955456933423117,,,
iTransformer,Exchange,336,san_lite,2021,iTransformer__Exchange__h336__san_lite__s2021,0.3498817158306301,0.4300309622972596,0.3871994488713454,0,4,23.69999885559082,25.7,4957008,0,132.1494140625,32,96,False,cuda:0,io,4880,False,measured,2026-09-09 15:00:32,ok,0.08876879315352966,0.2573229473853522,0.43942917364118717,0.614005937768925,,,
iTransformer,Exchange,336,san_lite,2022,iTransformer__Exchange__h336__san_lite__s2022,0.3403706114525165,0.42489330552085536,0.38480673568255425,0,4,22.9341983795166,24.8,4957008,0,132.1494140625,32,96,False,cuda:0,io,4880,False,measured,2026-09-09 15:00:37,ok,0.08962778017046723,0.2534081057913499,0.42564502803514387,0.5928015555313271,,,
iTransformer,Exchange,336,san_lite,2023,iTransformer__Exchange__h336__san_lite__s2023,0.3657918081267433,0.4418583913656641,0.38139151949842437,1,5,20.25902271270752,28.0,4957008,0,132.1494140625,32,96,False,cuda:0,io,4880,False,measured,2026-09-09 15:01:09,ok,0.10266322149191182,0.27853207013544784,0.46237756709786043,0.6195943887276381,,,
iTransformer,Exchange,720,fredf,2021,iTransformer__Exchange__h720__fredf__s2021,0.8746232885001132,0.7060958365151159,1.2088132449928015,6,10,14.555215835571289,35.1,5154000,0,135.76513671875,32,96,False,cuda:0,loss,4496,False,measured,2026-09-09 02:51:08,ok,0.19691338495895233,0.6026313400665255,1.1012383548173024,1.597710076928039,,,
iTransformer,Exchange,720,fredf,2022,iTransformer__Exchange__h720__fredf__s2022,0.8829033269752071,0.7123326691702129,1.2773887737656673,2,6,14.539122581481934,21.4,5154000,0,135.76513671875,32,96,False,cuda:0,loss,4496,False,measured,2026-09-09 02:51:38,ok,0.2091125483598443,0.6097450396163786,1.1068205239679183,1.6059351599405685,,,
iTransformer,Exchange,720,fredf,2023,iTransformer__Exchange__h720__fredf__s2023,0.8828111283661628,0.7104699649242464,1.0452030667767616,9,10,14.496922492980957,34.8,5154000,0,135.76513671875,32,96,False,cuda:0,loss,4496,False,measured,2026-09-09 02:52:20,ok,0.20081054146381613,0.6093013734986477,1.1129931133824515,1.6081395266548033,,,
iTransformer,Exchange,720,none,2021,iTransformer__Exchange__h720__none__s2021,0.8616552248269328,0.7030889618931225,0.8949474469109926,0,4,14.011740684509277,14.5,5154000,0,136.4677734375,32,96,False,cuda:0,io,4496,False,measured,2026-09-09 01:43:10,ok,0.19583348160860134,0.5887808577931715,1.0876057786750315,1.5744008146332222,,,
iTransformer,Exchange,720,none,2022,iTransformer__Exchange__h720__none__s2022,0.879279206928454,0.713222711659248,0.9694916185001694,0,4,14.039397239685059,14.5,5154000,0,136.4677734375,32,96,False,cuda:0,io,4496,False,measured,2026-09-09 01:43:33,ok,0.20462732973421136,0.6080746933805414,1.1052739321836953,1.5991408680581474,,,
iTransformer,Exchange,720,none,2023,iTransformer__Exchange__h720__none__s2023,0.8363609881229768,0.6937598342916753,0.984192489996189,0,4,14.252543449401855,14.7,5154000,0,136.4677734375,32,96,False,cuda:0,io,4496,False,measured,2026-09-09 01:43:55,ok,0.18957634721676458,0.5765992589620653,1.0570401149916802,1.5222282388023731,,,
iTransformer,Exchange,720,san_lite,2021,iTransformer__Exchange__h720__san_lite__s2021,0.9402418314530901,0.7340153055979793,0.8820343431095444,1,5,23.386359214782715,28.7,5154000,0,136.4677734375,32,96,False,cuda:0,io,4496,False,measured,2026-09-09 15:06:17,ok,0.21637329212860607,0.6386521381057594,1.182287195524908,1.723654721726683,,,
iTransformer,Exchange,720,san_lite,2022,iTransformer__Exchange__h720__san_lite__s2022,0.8918036464860066,0.7150019790959604,0.9904201931423611,0,4,23.44334125518799,23.3,5154000,0,136.4677734375,32,96,False,cuda:0,io,4496,False,measured,2026-09-09 15:06:52,ok,0.2030291653244202,0.6137328895004438,1.1176252916376428,1.632827299260655,,,
iTransformer,Exchange,720,san_lite,2023,iTransformer__Exchange__h720__san_lite__s2023,0.9550020171685725,0.741882706644541,0.9013278868140244,2,6,23.520231246948242,34.3,5154000,0,136.4677734375,32,96,False,cuda:0,io,4496,False,measured,2026-09-09 15:07:37,ok,0.22098517698762027,0.6488374765870034,1.2012423581248437,1.7489430813894267,,,
iTransformer,Exchange,96,fredf,2021,iTransformer__Exchange__h96__fredf__s2021,0.08840372944682963,0.2091637241186472,0.1289158919102566,1,5,14.124393463134766,20.5,4833888,0,129.94287109375,32,96,False,cuda:0,loss,5120,False,measured,2026-09-09 01:20:08,ok,0.029263392055430743,0.06503393537807202,0.10513742295068947,0.15418016786027336,,,
iTransformer,Exchange,96,fredf,2022,iTransformer__Exchange__h96__fredf__s2022,0.0955717071255104,0.21844201014179385,0.12439596658960023,2,6,14.105916023254395,24.4,4833888,0,129.94287109375,32,96,False,cuda:0,loss,5120,False,measured,2026-09-09 01:20:41,ok,0.030212221077180076,0.07037760931046648,0.11409252036609142,0.1676044716498436,,,
iTransformer,Exchange,96,fredf,2023,iTransformer__Exchange__h96__fredf__s2023,0.08793786099635544,0.20828682975035792,0.12454629769002584,1,5,14.080524444580078,20.4,4833888,0,129.94287109375,32,96,False,cuda:0,loss,5120,False,measured,2026-09-09 01:21:09,ok,0.028371665137088598,0.06493529174354606,0.10501685074717855,0.15342763742712312,,,
iTransformer,Exchange,96,none,2021,iTransformer__Exchange__h96__none__s2021,0.1009205301993898,0.2256164168506735,0.12908829758340554,1,5,13.530969619750977,19.9,4833888,0,130.0361328125,32,96,False,cuda:0,io,5120,False,measured,2026-09-09 02:02:06,ok,0.029154409242482165,0.07242958070522552,0.12319524311039211,0.17890288855442127,,,
iTransformer,Exchange,96,none,2022,iTransformer__Exchange__h96__none__s2022,0.09173623323999433,0.21481263128961134,0.12616934764355348,0,4,13.739824295043945,16.4,4833888,0,130.0361328125,32,96,False,cuda:0,io,5120,False,measured,2026-09-09 02:02:31,ok,0.028836223534672956,0.06620424284402804,0.11037692517056132,0.16152754113465842,,,
iTransformer,Exchange,96,none,2023,iTransformer__Exchange__h96__none__s2023,0.0947877690650128,0.21749911954354859,0.12398984043819265,0,4,13.411879539489746,16.2,4833888,0,130.0361328125,32,96,False,cuda:0,io,5120,False,measured,2026-09-09 02:02:55,ok,0.028705091084027468,0.06759019469186503,0.11458038311736353,0.16827540826165946,,,
iTransformer,Exchange,96,san_lite,2021,iTransformer__Exchange__h96__san_lite__s2021,0.09559437745734106,0.21820360229320498,0.13542340070681463,0,4,18.61739158630371,22.2,4833888,0,130.0361328125,32,96,False,cuda:0,io,5120,False,measured,2026-09-09 14:52:49,ok,0.033583468634877975,0.07055773102602823,0.11344439360372933,0.16479191589232517,,,
iTransformer,Exchange,96,san_lite,2022,iTransformer__Exchange__h96__san_lite__s2022,0.09701553706657814,0.2203742367976493,0.13704718396179658,0,4,18.792033195495605,21.8,4833888,0,130.0361328125,32,96,False,cuda:0,io,5120,False,measured,2026-09-09 14:52:54,ok,0.034836769221892834,0.07192261899706627,0.11537173073747546,0.16593102827332862,,,
iTransformer,Exchange,96,san_lite,2023,iTransformer__Exchange__h96__san_lite__s2023,0.09833566839573141,0.22118420719373857,0.13444653035405285,0,4,17.58885383605957,20.6,4833888,0,130.0361328125,32,96,False,cuda:0,io,5120,False,measured,2026-09-09 14:53:03,ok,0.03532461917872265,0.07337295625095099,0.11634180444020707,0.16830329275465158,,,
iTransformer,ILI,24,fredf,2021,iTransformer__ILI__h24__fredf__s2021,2.3667112890077906,0.9760907170485381,0.31226776496170416,9,10,13.578653335571289,13.1,4766232,0,124.26953125,32,36,False,cuda:0,loss,617,False,measured,2026-09-08 23:38:00,ok,1.2409375228133859,2.5516143253871375,2.732389425496761,2.9419038222283547,,,
iTransformer,ILI,24,fredf,2022,iTransformer__ILI__h24__fredf__s2022,2.4656348818824405,1.001392687201834,0.32457421890710464,9,10,13.477802276611328,12.9,4766232,0,124.26953125,32,36,False,cuda:0,loss,617,False,measured,2026-09-08 23:38:21,ok,1.2970557605519015,2.6786572122440284,2.8637573723031693,3.0230694255241155,,,
iTransformer,ILI,24,fredf,2023,iTransformer__ILI__h24__fredf__s2023,2.4875420663871015,1.0018990310968137,0.32704215129523356,9,10,13.629317283630371,13.0,4766232,0,124.26953125,32,36,False,cuda:0,loss,617,False,measured,2026-09-08 23:38:41,ok,1.33544765306788,2.686358774008871,2.8188129734926197,3.1095486168100055,,,
iTransformer,ILI,24,none,2021,iTransformer__ILI__h24__none__s2021,2.2836453990776,0.9527288869649422,0.26648836614542487,9,10,13.1072998046875,12.8,4766232,0,124.28955078125,32,36,False,cuda:0,io,617,False,measured,2026-09-08 23:40:59,ok,1.1691642042635537,2.466095915294829,2.6501830584528734,2.8491384404714033,,,
iTransformer,ILI,24,none,2022,iTransformer__ILI__h24__none__s2022,2.4086660433216256,0.9867011233204219,0.2769149917740006,9,10,13.024449348449707,12.8,4766232,0,124.28955078125,32,36,False,cuda:0,io,617,False,measured,2026-09-08 23:41:20,ok,1.230802186063024,2.615911907976081,2.8571910954323134,2.9307589255795095,,,
iTransformer,ILI,24,none,2023,iTransformer__ILI__h24__none__s2023,2.4481613201921393,0.9871987564557073,0.2806210708127212,9,10,13.085007667541504,12.9,4766232,0,124.28955078125,32,36,False,cuda:0,io,617,False,measured,2026-09-08 23:41:41,ok,1.264444068299622,2.679678755046941,2.8098527796128216,3.038669470779034,,,
iTransformer,ILI,24,san_lite,2021,iTransformer__ILI__h24__san_lite__s2021,2.447328882724965,1.0272347501012125,0.4147103112023156,9,10,18.701910972595215,16.8,4766232,0,124.28955078125,32,36,False,cuda:0,io,617,False,measured,2026-09-09 14:35:13,ok,1.2234665900051427,2.5391515031916083,3.0715537950104355,2.955143754889651,,,
iTransformer,ILI,24,san_lite,2022,iTransformer__ILI__h24__san_lite__s2022,2.5218309162043724,1.0449675744321165,0.4331284747620807,9,10,18.60177516937256,16.7,4766232,0,124.28955078125,32,36,False,cuda:0,io,617,False,measured,2026-09-09 14:35:13,ok,1.3179857120460488,2.6231425223898155,3.111501782414626,3.0346936842974497,,,
iTransformer,ILI,24,san_lite,2023,iTransformer__ILI__h24__san_lite__s2023,2.532251096239277,1.0443141648749343,0.4312069474346696,7,10,18.587589263916016,16.7,4766232,0,124.28955078125,32,36,False,cuda:0,io,617,False,measured,2026-09-09 14:35:13,ok,1.3092343920753116,2.6740683232368876,3.1151863044717403,3.0305155671277304,,,
iTransformer,ILI,36,fredf,2021,iTransformer__ILI__h36__fredf__s2021,2.476569907119625,1.0463863508467073,0.2835496471774194,0,4,13.726472854614258,6.2,4772388,0,124.36328125,32,36,False,cuda:0,loss,605,False,measured,2026-09-08 23:39:57,ok,1.9600289344595982,2.4940686370561416,2.4042639553199603,3.04791821661258,,,
iTransformer,ILI,36,fredf,2022,iTransformer__ILI__h36__fredf__s2022,2.3085705475656773,0.9733913453055932,0.2998510498421899,9,10,13.502359390258789,12.6,4772388,0,124.36328125,32,36,False,cuda:0,loss,605,False,measured,2026-09-08 23:40:18,ok,1.6354529564941602,2.27140253337962,2.3851047406264616,2.9423223598572963,,,
iTransformer,ILI,36,fredf,2023,iTransformer__ILI__h36__fredf__s2023,2.303797517408203,0.9712541582882823,0.30043730611259123,9,10,13.445138931274414,12.7,4772388,0,124.36328125,32,36,False,cuda:0,loss,605,False,measured,2026-09-08 23:40:38,ok,1.6560533300134965,2.26874575424271,2.3730022015762255,2.917388877309133,,,
iTransformer,ILI,36,none,2021,iTransformer__ILI__h36__none__s2021,2.1935852185679123,0.9590794412108198,0.2643039310765889,9,10,13.097524642944336,12.7,4772388,0,124.3935546875,32,36,False,cuda:0,io,605,False,measured,2026-09-08 23:36:57,ok,1.5044868650124066,2.1027703617671567,2.2932495767149983,2.8738342911358314,,,
iTransformer,ILI,36,none,2022,iTransformer__ILI__h36__none__s2022,2.267123114471098,0.9749859117565802,0.27074419481596823,9,10,13.201117515563965,12.6,4772388,0,124.3935546875,32,36,False,cuda:0,io,605,False,measured,2026-09-08 23:37:18,ok,1.5684031436116144,2.1721416394442756,2.3214207764775585,3.0065268243870533,,,
iTransformer,ILI,36,none,2023,iTransformer__ILI__h36__none__s2023,2.2354840199487955,0.9717903282835418,0.2747882114455325,9,10,13.115167617797852,12.6,4772388,0,124.3935546875,32,36,False,cuda:0,io,605,False,measured,2026-09-08 23:37:39,ok,1.5810692445901782,2.144411950459173,2.3046852113349336,2.9117699297935054,,,
iTransformer,ILI,36,san_lite,2021,iTransformer__ILI__h36__san_lite__s2021,2.6418529876101946,1.0525707684057601,0.37358537821420573,9,10,17.931818962097168,15.9,4772388,0,124.3935546875,32,36,False,cuda:0,io,605,False,measured,2026-09-09 14:35:42,ok,1.634547515065885,3.1135608511371546,2.986778446294851,2.8325252709245983,,,
iTransformer,ILI,36,san_lite,2022,iTransformer__ILI__h36__san_lite__s2022,2.672385208286242,1.058690238770218,0.37428353227106537,9,10,17.95494556427002,15.6,4772388,0,124.3935546875,32,36,False,cuda:0,io,605,False,measured,2026-09-09 14:35:42,ok,1.708315544059436,3.1262962053117684,3.0124228992734254,2.8425060438539744,,,
iTransformer,ILI,36,san_lite,2023,iTransformer__ILI__h36__san_lite__s2023,2.681620635587766,1.0643515101105712,0.3798184802577365,9,10,18.051981925964355,16.0,4772388,0,124.3935546875,32,36,False,cuda:0,io,605,False,measured,2026-09-09 14:35:42,ok,1.727442890279907,3.187172177471692,3.0057421893701752,2.806125283696361,,,
iTransformer,ILI,48,fredf,2021,iTransformer__ILI__h48__fredf__s2021,2.308118846318493,0.9804983219910663,0.2995834786551339,9,10,13.715624809265137,12.3,4778544,0,124.45703125,32,36,False,cuda:0,loss,593,False,measured,2026-09-08 23:43:49,ok,1.9808982956743835,2.15844565626071,2.094497879735022,2.998633744898607,,,
iTransformer,ILI,48,fredf,2022,iTransformer__ILI__h48__fredf__s2022,2.440818074942413,1.0276904818440915,0.29014695667085194,0,4,13.720393180847168,5.7,4778544,0,124.45703125,32,36,False,cuda:0,loss,593,False,measured,2026-09-08 23:44:03,ok,2.3167029273175603,2.1347916553942734,2.122495534913025,3.189282306564142,,,
iTransformer,ILI,48,fredf,2023,iTransformer__ILI__h48__fredf__s2023,2.4206108197773974,1.0276216331526724,0.29200548444475444,0,4,13.715505599975586,5.7,4778544,0,124.45703125,32,36,False,cuda:0,loss,593,False,measured,2026-09-08 23:44:17,ok,2.310618315968572,2.203227553893287,2.055509691680092,3.1130877673353776,,,
iTransformer,ILI,48,none,2021,iTransformer__ILI__h48__none__s2021,2.2763647389271955,0.9739554268973214,0.28331031436011905,9,10,13.059139251708984,12.6,4778544,0,124.49755859375,32,36,False,cuda:0,io,593,False,measured,2026-09-08 23:42:01,ok,1.8339003788748363,2.0300049430314653,2.1322894031054354,3.1092642860636555,,,
iTransformer,ILI,48,none,2022,iTransformer__ILI__h48__none__s2022,2.2888427256604698,0.9776906351287304,0.27755391438802085,9,10,13.20040225982666,12.6,4778544,0,124.49755859375,32,36,False,cuda:0,io,593,False,measured,2026-09-08 23:42:22,ok,1.8131025398936211,2.027872893674966,2.1832429465326855,3.1311527975073687,,,
iTransformer,ILI,48,none,2023,iTransformer__ILI__h48__none__s2023,2.2794170541383827,0.977825814263928,0.27969122023809523,9,10,13.107895851135254,12.6,4778544,0,124.49755859375,32,36,False,cuda:0,io,593,False,measured,2026-09-08 23:42:42,ok,1.840156020172577,1.9837010595740951,2.1556599297246666,3.138151271469205,,,
iTransformer,ILI,48,san_lite,2021,iTransformer__ILI__h48__san_lite__s2021,2.6085017155139023,1.045391791953966,0.3267613147553943,9,10,19.030451774597168,15.8,4778544,0,124.49755859375,32,36,False,cuda:0,io,593,False,measured,2026-09-09 14:36:07,ok,2.0305344994676244,3.0551006873293165,2.242604376363039,3.105767276811195,,,
iTransformer,ILI,48,san_lite,2022,iTransformer__ILI__h48__san_lite__s2022,2.6320950880753626,1.05000202654237,0.3272242373511905,9,10,18.46766471862793,16.0,4778544,0,124.49755859375,32,36,False,cuda:0,io,593,False,measured,2026-09-09 14:36:07,ok,2.0644330785543565,3.105869963833186,2.269350462463737,3.0887266359372774,,,
iTransformer,ILI,48,san_lite,2023,iTransformer__ILI__h48__san_lite__s2023,2.636306274971461,1.0544812027644426,0.33269702729724704,9,10,18.22829246520996,15.7,4778544,0,124.49755859375,32,36,False,cuda:0,io,593,False,measured,2026-09-09 14:36:07,ok,2.0984334948789196,3.079035619622496,2.289280236039532,3.0784759764102105,,,
iTransformer,ILI,60,fredf,2021,iTransformer__ILI__h60__fredf__s2021,2.4233067884628197,1.0372802040300728,0.3570987940432135,0,4,13.620615005493164,5.8,4784700,0,124.55078125,32,36,False,cuda:0,loss,581,False,measured,2026-09-08 23:45:32,ok,2.386930103478232,2.1604885597473014,1.8436841930831336,3.3021242338287635,,,
iTransformer,ILI,60,fredf,2022,iTransformer__ILI__h60__fredf__s2022,2.41129506971282,1.0147367584510483,0.3600792829852953,5,9,13.541936874389648,11.2,4784700,0,124.55078125,32,36,False,cuda:0,loss,581,False,measured,2026-09-08 23:45:51,ok,2.249255726264569,2.3023675925357168,1.9162752616464795,3.177281736632824,,,
iTransformer,ILI,60,fredf,2023,iTransformer__ILI__h60__fredf__s2023,2.444259762848703,1.0357462478344883,0.3539839436237077,0,4,13.608217239379883,5.7,4784700,0,124.55078125,32,36,False,cuda:0,loss,581,False,measured,2026-09-08 23:46:05,ok,2.4378973152252827,2.136156645410859,1.900055320295105,3.3029296142968536,,,
iTransformer,ILI,60,none,2021,iTransformer__ILI__h60__none__s2021,2.3211211659337243,0.998770308613184,0.3373584565662202,8,10,13.247013092041016,12.5,4784700,0,124.6015625,32,36,False,cuda:0,io,581,False,measured,2026-09-08 23:39:02,ok,2.0289884091440293,2.166813485742716,1.919946753495792,3.1687359693970505,,,
iTransformer,ILI,60,none,2022,iTransformer__ILI__h60__none__s2022,2.356508681480988,1.0095929393212508,0.34682977050169367,9,10,13.17143440246582,12.5,4784700,0,124.6015625,32,36,False,cuda:0,io,581,False,measured,2026-09-08 23:39:22,ok,2.080204213894083,2.2328283624438923,1.8852311216353015,3.2277711137610288,,,
iTransformer,ILI,60,none,2023,iTransformer__ILI__h60__none__s2023,2.3442196627076672,1.0039077943152541,0.33624871046023264,9,10,13.179421424865723,12.6,4784700,0,124.6015625,32,36,False,cuda:0,io,581,False,measured,2026-09-08 23:39:43,ok,2.0384513562167887,2.1795146494786115,1.9404918410376444,3.2184204172054423,,,
iTransformer,ILI,60,san_lite,2021,iTransformer__ILI__h60__san_lite__s2021,2.6121317588952557,1.0471747880297175,0.3821972074962798,8,10,18.12577247619629,16.3,4784700,0,124.6015625,32,36,False,cuda:0,io,581,False,measured,2026-09-09 14:36:32,ok,2.418517697408171,2.9395665787599907,1.9453245608960807,3.145117739505944,,,
iTransformer,ILI,60,san_lite,2022,iTransformer__ILI__h60__san_lite__s2022,2.625164773232054,1.0482901480321607,0.3850765562894052,9,10,17.890572547912598,16.4,4784700,0,124.6015625,32,36,False,cuda:0,io,581,False,measured,2026-09-09 14:36:33,ok,2.4515936959272766,2.977707379306558,1.9452519628962648,3.126105769305849,,,
iTransformer,ILI,60,san_lite,2023,iTransformer__ILI__h60__san_lite__s2023,2.6604295070406896,1.0591130216662226,0.3900778442994694,5,9,18.123984336853027,15.0,4784700,0,124.6015625,32,36,False,cuda:0,io,581,False,measured,2026-09-09 14:36:31,ok,2.495345098445326,3.013828180932626,1.9673172056717319,3.1652275465021082,,,
iTransformer,Weather,192,fredf,2021,iTransformer__Weather__h192__fredf__s2021,0.2215300304225057,0.2540069201981171,0.5036708609195446,7,10,14.427423477172852,239.6,4883136,0,169.0947265625,32,96,False,cuda:0,loss,36600,False,measured,2026-09-09 07:48:29,ok,0.1408730641485779,0.20918059444493464,0.24355052994131568,0.2925159351315659,,,
iTransformer,Weather,192,none,2021,iTransformer__Weather__h192__none__s2021,0.2242735814872967,0.25675401164444395,0.5001954819991823,3,7,13.994216918945312,164.7,4883136,0,169.58642578125,32,96,False,cuda:0,io,36600,False,measured,2026-09-09 07:34:23,ok,0.14406459580623313,0.20895645957124,0.24631236633363882,0.29776090736664357,,,
iTransformer,Weather,192,san_lite,2021,iTransformer__Weather__h192__san_lite__s2021,0.2241061549413421,0.25896837784755233,0.5107139988665811,1,5,26.448965072631836,231.3,4883136,0,169.58642578125,32,96,False,cuda:0,io,36600,False,measured,2026-09-09 15:58:55,ok,0.14232669426947528,0.2102823393344265,0.24753029739648405,0.296285288497576,,,
iTransformer,Weather,336,fredf,2021,iTransformer__Weather__h336__fredf__s2021,0.28162136497721324,0.2981118226115948,0.5930875940801853,5,9,14.75071907043457,221.8,4957008,0,169.7216796875,32,96,False,cuda:0,loss,36456,False,measured,2026-09-09 08:41:20,ok,0.17462475131192715,0.2591217294503068,0.32866532208002425,0.3640736484301968,,,
iTransformer,Weather,336,none,2021,iTransformer__Weather__h336__none__s2021,0.2819759106873853,0.2990411828568066,0.586346296990913,2,6,14.223694801330566,144.9,4957008,0,170.58251953125,32,96,False,cuda:0,io,36456,False,measured,2026-09-09 08:32:29,ok,0.17554985479572716,0.25880614703038946,0.3279897904553436,0.3655578489349645,,,
iTransformer,Weather,336,san_lite,2021,iTransformer__Weather__h336__san_lite__s2021,0.2828355291637255,0.30137682724725684,0.600047592241156,2,6,28.285622596740723,294.8,4957008,0,170.58251953125,32,96,False,cuda:0,io,36456,False,measured,2026-09-09 16:07:54,ok,0.17253121121002962,0.2593026944154274,0.33009052975432374,0.3694176806707385,,,
iTransformer,Weather,720,fredf,2021,iTransformer__Weather__h720__fredf__s2021,0.3598171856615592,0.35003853364571885,0.7331214109407389,5,9,15.540599822998047,235.4,5154000,0,174.1025390625,32,96,False,cuda:0,loss,36072,False,measured,2026-09-09 09:54:43,ok,0.22248109134103933,0.34976628882045957,0.41580808221752397,0.45121326910891796,,,
iTransformer,Weather,720,none,2021,iTransformer__Weather__h720__none__s2021,0.3610575009090127,0.3518144441064323,0.7247337227480457,6,10,14.85133171081543,252.9,5154000,0,177.50830078125,32,96,False,cuda:0,io,36072,False,measured,2026-09-09 08:04:59,ok,0.21874912318892364,0.353337256428363,0.4197045104806462,0.4524391104326696,,,
iTransformer,Weather,720,revin,2021,iTransformer__Weather__h720__revin__s2021,0.3598367334070141,0.3506641295867783,0.7211828330762527,2,6,15.031814575195312,154.6,5154000,0,176.50634765625,32,96,False,cuda:0,io,36072,False,measured,2026-09-09 09:41:52,ok,0.22111903462418042,0.35136225747746636,0.41700141730296353,0.44986422272278015,,,
iTransformer,Weather,720,san_lite,2021,iTransformer__Weather__h720__san_lite__s2021,0.36182455926670143,0.3525028882568104,0.7225877434036098,1,5,28.64813804626465,247.2,5154000,0,177.27587890625,32,96,False,cuda:0,io,36072,False,measured,2026-09-09 16:22:16,ok,0.21955604054111874,0.35415683064612696,0.4195153406271165,0.4540700165478749,,,
iTransformer,Weather,96,fredf,2021,iTransformer__Weather__h96__fredf__s2021,0.17145171985284274,0.20961994422227592,0.4209778652947315,4,8,14.34636116027832,190.1,4833888,0,168.3427734375,32,96,False,cuda:0,loss,36696,False,measured,2026-09-09 07:04:50,ok,0.10687647359257664,0.17026154485489883,0.1935148342411072,0.21515403115389833,,,
iTransformer,Weather,96,none,2021,iTransformer__Weather__h96__none__s2021,0.17368670657766194,0.21269864969279687,0.42744823848074104,4,8,13.620615005493164,182.8,4833888,0,168.58837890625,32,96,False,cuda:0,io,36696,False,measured,2026-09-09 07:53:31,ok,0.10943914852479693,0.17182765095205058,0.1946583766554697,0.2188216537775444,,,
iTransformer,Weather,96,revin,2021,iTransformer__Weather__h96__revin__s2021,0.1737774295974669,0.2127866811146406,0.42855573054078844,4,8,13.978004455566406,187.4,4833888,0,168.58837890625,32,96,False,cuda:0,io,36696,False,measured,2026-09-09 06:55:25,ok,0.10941855776579774,0.17180877401333675,0.19476979522410617,0.21911259085858706,,,
iTransformer,Weather,96,san_lite,2021,iTransformer__Weather__h96__san_lite__s2021,0.1751290045885927,0.21521049949363674,0.4294778800656044,4,8,20.686030387878418,284.5,4833888,0,168.58837890625,32,96,False,cuda:0,io,36696,False,measured,2026-09-09 15:54:48,ok,0.11397798536245318,0.16875241281839948,0.19581521759602505,0.22197040440624694,,,
