backbone,dataset,pred_len,plugin,seed,cell_id,mse,mae,n_test_windows,n_val_windows,val_mse,best_epoch,epochs_run,ms_per_iter,train_seconds,n_params,extra_params,peak_mem_mib,batch_size,seq_len,use_amp,device,plugin_kind,n_train_windows,probe,source,timestamp,status,seg1_mse,seg2_mse,seg3_mse,seg4_mse,tag
DLinear,ETTh1,192,fredf,2021,DLinear__ETTh1__h192__fredf__s2021,0.44298760117342667,0.4369713828136792,2689,2689,0.9548880798782187,9,10,4.727959632873535,40.8,37248,0,18.57373046875,32,96,False,cuda:0,loss,8353,False,measured,2026-09-14 17:12:18,ok,0.3523415964208836,0.43280665011182834,0.47190044196415415,0.5149017272416118,
DLinear,ETTh1,192,none,2021,DLinear__ETTh1__h192__none__s2021,0.4460673853814371,0.44146513542447263,2689,2689,0.9152750353855477,4,8,3.8433074951171875,29.8,37248,0,18.318359375,32,96,False,cuda:0,io,8353,False,measured,2026-09-14 17:07:06,ok,0.35379411858266546,0.43598884000800164,0.4754170610867489,0.5190695111797582,
DLinear,ETTh1,192,revin,2021,DLinear__ETTh1__h192__revin__s2021,0.44881965254041706,0.4366900975290975,2689,2689,1.0080751416601668,9,10,4.295945167541504,38.9,37248,0,18.607421875,32,96,False,cuda:0,io,8353,False,measured,2026-09-14 17:10:05,ok,0.3553427050536375,0.4390150442982088,0.4784518814698468,0.522468977556709,
DLinear,ETTh1,192,san_lite,2021,DLinear__ETTh1__h192__san_lite__s2021,0.4616647086783313,0.4384969554477493,2689,2689,1.0362408586203589,9,10,5.728244781494141,45.2,37248,0,18.95263671875,32,96,False,cuda:0,io,8353,False,measured,2026-09-14 17:31:42,ok,0.3660790797389421,0.45322077447295944,0.49349155987379584,0.5338674283072252,
DLinear,ETTh1,336,fredf,2021,DLinear__ETTh1__h336__fredf__s2021,0.4855605890056784,0.4628937668548817,2545,2545,1.1674402964694597,9,10,5.488991737365723,45.1,65184,0,20.00927734375,32,96,False,cuda:0,loss,8209,False,measured,2026-09-14 17:13:27,ok,0.3877140843915893,0.4815665165401666,0.5358408452144591,0.5371209224890432,
DLinear,ETTh1,336,none,2021,DLinear__ETTh1__h336__none__s2021,0.48671358220504557,0.4647293201147416,2545,2545,1.126107688200142,8,10,3.93831729888916,39.1,65184,0,19.68408203125,32,96,False,cuda:0,io,8209,False,measured,2026-09-14 17:07:45,ok,0.3848003303482253,0.48188111067898454,0.5386658048208515,0.5415070789228004,
DLinear,ETTh1,336,revin,2021,DLinear__ETTh1__h336__revin__s2021,0.4891576173806642,0.4563581797834556,2545,2545,1.2935731268501998,9,10,4.383325576782227,39.6,65184,0,20.09619140625,32,96,False,cuda:0,io,8209,False,measured,2026-09-14 17:10:16,ok,0.38699825055351655,0.4837969181912768,0.5419130252998068,0.543922268203427,
DLinear,ETTh1,336,san_lite,2021,DLinear__ETTh1__h336__san_lite__s2021,0.5025031842074379,0.45901586402764694,2545,2545,1.322268098284869,9,10,6.558775901794434,50.5,65184,0,20.69287109375,32,96,False,cuda:0,io,8209,False,measured,2026-09-14 17:35:37,ok,0.3982116858642435,0.49936307122451395,0.5564024340763395,0.5560355384652247,
DLinear,ETTh1,720,fredf,2021,DLinear__ETTh1__h720__fredf__s2021,0.5105612239979287,0.5079721272221579,2161,2161,1.3185212108086717,9,10,6.839275360107422,48.7,139680,0,23.83837890625,32,96,False,cuda:0,loss,7825,False,measured,2026-09-14 17:14:19,ok,0.4322370254227186,0.49092090801959326,0.5102622652369406,0.6088246971096692,
DLinear,ETTh1,720,none,2021,DLinear__ETTh1__h720__none__s2021,0.5200704291627186,0.5156564413343185,2161,2161,1.2687705142467387,1,5,3.8728713989257812,18.0,139680,0,23.1513671875,32,96,False,cuda:0,io,7825,False,measured,2026-09-14 17:08:49,ok,0.43196048326467723,0.5008956894504326,0.5199339766502485,0.6274915729143401,
DLinear,ETTh1,720,revin,2021,DLinear__ETTh1__h720__revin__s2021,0.48329166715443506,0.4746080322023534,2161,2161,1.5637527082621765,9,10,4.680514335632324,41.0,139680,0,23.8916015625,32,96,False,cuda:0,io,7825,False,measured,2026-09-14 17:11:23,ok,0.42497426309063907,0.4794282188556887,0.47486612654460464,0.5538980621936169,
DLinear,ETTh1,720,san_lite,2021,DLinear__ETTh1__h720__san_lite__s2021,0.49102524945909354,0.47577562846946775,2161,2161,1.5920556640983654,9,10,6.90460205078125,48.7,139680,0,25.158203125,32,96,False,cuda:0,io,7825,False,measured,2026-09-14 17:35:46,ok,0.4345608765145733,0.48732516947355314,0.4812281048038786,0.5609868425247783,
DLinear,ETTh1,96,fredf,2021,DLinear__ETTh1__h96__fredf__s2021,0.3909459033766149,0.4047154533625607,2785,2785,0.7007971963770748,9,10,4.17637825012207,35.3,18624,0,17.61572265625,32,96,False,cuda:0,loss,8449,False,measured,2026-09-14 17:10:27,ok,0.3242534689615109,0.3817552197872038,0.4141847699667854,0.4435901621913472,
DLinear,ETTh1,96,none,2021,DLinear__ETTh1__h96__none__s2021,0.395842024627135,0.41055015519285565,2785,2785,0.675386422506161,9,10,3.2787322998046875,31.3,18624,0,17.5654296875,32,96,False,cuda:0,io,8449,False,measured,2026-09-14 17:05:37,ok,0.3282356803171605,0.38722167251384954,0.4192151646476057,0.4486955855435706,
DLinear,ETTh1,96,revin,2021,DLinear__ETTh1__h96__revin__s2021,0.39887043961991897,0.40924035613125304,2785,2785,0.7119391217051974,9,10,3.647446632385254,32.6,18624,0,17.7724609375,32,96,False,cuda:0,io,8449,False,measured,2026-09-14 17:06:24,ok,0.3302783883817291,0.3904975521875132,0.4218849110553458,0.45282091286263176,
DLinear,ETTh1,96,san_lite,2021,DLinear__ETTh1__h96__san_lite__s2021,0.41089101716209764,0.4095002576246357,2785,2785,0.7447308711152796,9,10,4.66310977935791,37.2,18624,0,17.9501953125,32,96,False,cuda:0,io,8449,False,measured,2026-09-14 17:24:48,ok,0.3406017524630827,0.40383405039965786,0.43334927891337377,0.4657789994915656,
DLinear,ETTh2,192,fredf,2021,DLinear__ETTh2__h192__fredf__s2021,0.40827580072836345,0.4294941240521538,2689,2689,0.2970514646907541,9,10,4.511833190917969,38.4,37248,0,18.57373046875,32,96,False,cuda:0,loss,8353,False,measured,2026-09-14 17:12:40,ok,0.26004526083737606,0.38458349491145666,0.45464070534394313,0.5338337310801797,
DLinear,ETTh2,192,none,2021,DLinear__ETTh2__h192__none__s2021,0.48062508582781743,0.4789051658893696,2689,2689,0.32852490797044365,4,8,3.9697885513305664,31.1,37248,0,18.318359375,32,96,False,cuda:0,io,8353,False,measured,2026-09-14 17:06:57,ok,0.2636811715970722,0.44490316704180266,0.5514858357604228,0.6624301878263766,
DLinear,ETTh2,192,revin,2021,DLinear__ETTh2__h192__revin__s2021,0.3793985954911162,0.3931707479716103,2689,2689,0.27560614832768826,9,10,4.294157028198242,39.1,37248,0,18.607421875,32,96,False,cuda:0,io,8353,False,measured,2026-09-14 17:09:26,ok,0.23263240389811346,0.3594868876900634,0.42761711847108924,0.49785797489097594,
DLinear,ETTh2,192,san_lite,2021,DLinear__ETTh2__h192__san_lite__s2021,0.38380494555401196,0.3962270929594299,2689,2689,0.280948216822793,9,10,5.871415138244629,46.5,37248,0,18.95263671875,32,96,False,cuda:0,io,8353,False,measured,2026-09-14 17:31:37,ok,0.24547219607531054,0.3590715451808224,0.4299382738256199,0.5007377638770327,
DLinear,ETTh2,336,fredf,2021,DLinear__ETTh2__h336__fredf__s2021,0.4988290451402811,0.4925071949096743,2545,2545,0.40044871228129636,9,10,5.279421806335449,46.3,65184,0,20.00927734375,32,96,False,cuda:0,loss,8209,False,measured,2026-09-14 17:13:18,ok,0.30993697223849676,0.49300861118512884,0.5751624940345768,0.6172080958512347,
DLinear,ETTh2,336,none,2021,DLinear__ETTh2__h336__none__s2021,0.5943823135490383,0.5437052080931832,2545,2545,0.4352049727330458,1,5,5.954504013061523,23.5,65184,0,19.68408203125,32,96,False,cuda:0,io,8209,False,measured,2026-09-14 17:07:40,ok,0.333705543535885,0.5517830282222291,0.6864453050814708,0.8055953639435911,
DLinear,ETTh2,336,revin,2021,DLinear__ETTh2__h336__revin__s2021,0.4173514567621775,0.42666348278551963,2545,2545,0.36465089561234304,9,10,4.292726516723633,39.5,65184,0,20.09619140625,32,96,False,cuda:0,io,8209,False,measured,2026-09-14 17:10:56,ok,0.2646150971450603,0.4086742416612304,0.4911143952433891,0.5050021048175153,
DLinear,ETTh2,336,san_lite,2021,DLinear__ETTh2__h336__san_lite__s2021,0.4213009819058394,0.4286885714022071,2545,2545,0.3684442494573652,9,10,5.824685096740723,45.3,65184,0,20.69287109375,32,96,False,cuda:0,io,8209,False,measured,2026-09-14 17:34:36,ok,0.27054167399436957,0.41025426633237894,0.49406028610949776,0.5103477106323402,
DLinear,ETTh2,720,fredf,2021,DLinear__ETTh2__h720__fredf__s2021,0.6978411880970284,0.6047092107138725,2161,2161,0.67643343792235,9,10,7.134556770324707,48.6,139680,0,23.83837890625,32,96,False,cuda:0,loss,7825,False,measured,2026-09-14 17:14:24,ok,0.40751072807192507,0.6048500613059898,0.7362349468142183,1.042769031306524,
DLinear,ETTh2,720,none,2021,DLinear__ETTh2__h720__none__s2021,0.8185345390795432,0.6520512550309004,2161,2161,0.6922571052645472,2,6,4.954934120178223,25.4,139680,0,23.1513671875,32,96,False,cuda:0,io,7825,False,measured,2026-09-14 17:09:12,ok,0.4090016997357943,0.671797797514637,0.854583478825214,1.3387551851184951,
DLinear,ETTh2,720,revin,2021,DLinear__ETTh2__h720__revin__s2021,0.4198238388465793,0.43846583051977056,2161,2161,0.6202229087849036,9,10,4.907011985778809,41.3,139680,0,23.8916015625,32,96,False,cuda:0,io,7825,False,measured,2026-09-14 17:11:58,ok,0.3038804886535359,0.40314213139439076,0.39409759795647437,0.5781751399170059,
DLinear,ETTh2,720,san_lite,2021,DLinear__ETTh2__h720__san_lite__s2021,0.42099392461534013,0.4386768348153458,2161,2161,0.6232430094435114,9,10,6.118893623352051,43.6,139680,0,25.158203125,32,96,False,cuda:0,io,7825,False,measured,2026-09-14 17:36:35,ok,0.3072670347943128,0.4076707682034066,0.3945726721989178,0.5744652189225326,
DLinear,ETTh2,96,fredf,2021,DLinear__ETTh2__h96__fredf__s2021,0.3043871904689348,0.36097630639152467,2785,2785,0.22362471806592307,9,10,4.1610002517700195,35.3,18624,0,17.61572265625,32,96,False,cuda:0,loss,8449,False,measured,2026-09-14 17:11:02,ok,0.19808708127711286,0.29264516784038247,0.347121089237919,0.379695432748707,
DLinear,ETTh2,96,none,2021,DLinear__ETTh2__h96__none__s2021,0.35092144397279995,0.40288466839767106,2785,2785,0.2445736921026206,8,10,3.2625198364257812,30.0,18624,0,17.5654296875,32,96,False,cuda:0,io,8449,False,measured,2026-09-14 17:05:15,ok,0.19725458651108765,0.32432353052083646,0.4145952487168067,0.46751241694418927,
DLinear,ETTh2,96,revin,2021,DLinear__ETTh2__h96__revin__s2021,0.2940500784136347,0.3418057282643409,2785,2785,0.21420783416077532,9,10,3.746151924133301,33.9,18624,0,17.7724609375,32,96,False,cuda:0,io,8449,False,measured,2026-09-14 17:06:19,ok,0.18381308091115986,0.2816987444031906,0.33761798387860403,0.37307049724553415,
DLinear,ETTh2,96,san_lite,2021,DLinear__ETTh2__h96__san_lite__s2021,0.3009433912662214,0.3482403522741594,2785,2785,0.22259785057877315,9,10,4.71651554107666,37.3,18624,0,17.9501953125,32,96,False,cuda:0,io,8449,False,measured,2026-09-14 17:24:29,ok,0.20465637130680792,0.2889496499298952,0.33675387396260675,0.37341366879749655,
DLinear,ETTm1,192,fredf,2021,DLinear__ETTm1__h192__fredf__s2021,0.38255029468329854,0.38881763061179275,11329,11329,0.5187302443829336,6,10,7.394552230834961,197.4,37248,0,18.61474609375,32,96,False,cuda:0,loss,34273,False,measured,2026-09-14 17:51:45,ok,0.32201728547336766,0.37340526745261426,0.41646211298506275,0.41831651563747724,
DLinear,ETTm1,192,none,2021,DLinear__ETTm1__h192__none__s2021,0.38159852520566073,0.39062994107670984,11329,11329,0.5101916538881804,6,10,6.609678268432617,184.0,37248,0,18.359375,32,96,False,cuda:0,io,34273,False,measured,2026-09-14 17:41:27,ok,0.3199425845350183,0.3758203224505212,0.4130532680474183,0.41757792560623447,
DLinear,ETTm1,192,revin,2021,DLinear__ETTm1__h192__revin__s2021,0.39109915658343114,0.39250470840653695,11329,11329,0.5369801218433943,4,8,4.878520965576172,123.3,37248,0,18.6484375,32,96,False,cuda:0,io,34273,False,measured,2026-09-14 17:43:46,ok,0.32646713895350005,0.3862461013149409,0.423650986591352,0.42803239682778366,
DLinear,ETTm1,192,san_lite,2021,DLinear__ETTm1__h192__san_lite__s2021,0.46114425914946344,0.4343076484413157,11329,11329,0.5723487284414506,9,10,7.41124153137207,204.1,37248,0,18.99365234375,32,96,False,cuda:0,io,34273,False,measured,2026-09-14 19:15:27,ok,0.42231947317643276,0.4357705398164093,0.5146841733339073,0.47180285036738434,
DLinear,ETTm1,336,fredf,2021,DLinear__ETTm1__h336__fredf__s2021,0.41378556228907803,0.4102343482872935,11185,11185,0.6486903955140935,5,9,7.987260818481445,188.8,65184,0,20.06787109375,32,96,False,cuda:0,loss,34129,False,measured,2026-09-14 17:57:17,ok,0.3456890406049209,0.4085802636619804,0.4332245035225146,0.46764843722683136,
DLinear,ETTm1,336,none,2021,DLinear__ETTm1__h336__none__s2021,0.41323013678040155,0.41293163991820464,11185,11185,0.6359153036378258,5,9,6.482362747192383,167.0,65184,0,19.74267578125,32,96,False,cuda:0,io,34129,False,measured,2026-09-14 17:41:45,ok,0.34525154817606024,0.4058676564002749,0.4335929695870016,0.468208371026387,
DLinear,ETTm1,336,revin,2021,DLinear__ETTm1__h336__revin__s2021,0.423620790297218,0.4138288764452124,11185,11185,0.6875601215935672,4,8,6.800174713134766,155.8,65184,0,20.15478515625,32,96,False,cuda:0,io,34129,False,measured,2026-09-14 17:48:13,ok,0.35347168739262913,0.41598434744576984,0.443880915797594,0.48114621552809844,
DLinear,ETTm1,336,san_lite,2021,DLinear__ETTm1__h336__san_lite__s2021,0.49209680306709147,0.45350513094518236,11185,11185,0.7192853593326457,9,10,8.571743965148926,228.9,65184,0,20.75146484375,32,96,False,cuda:0,io,34129,False,measured,2026-09-14 19:30:22,ok,0.43112891570731304,0.4921474152519011,0.510297455598324,0.5348134337757864,
DLinear,ETTm1,720,fredf,2021,DLinear__ETTm1__h720__fredf__s2021,0.4719705129339554,0.44674654211199766,10801,10801,0.9023567251383433,9,10,6.506085395812988,181.0,139680,0,23.94384765625,32,96,False,cuda:0,loss,33745,False,measured,2026-09-14 18:02:38,ok,0.37489671068267144,0.46332406312579777,0.5070708281721311,0.5425904493475927,
DLinear,ETTm1,720,none,2021,DLinear__ETTm1__h720__none__s2021,0.47377603655037775,0.4525080379841097,10801,10801,0.8745767196221658,1,5,6.15382194519043,90.0,139680,0,23.2568359375,32,96,False,cuda:0,io,33745,False,measured,2026-09-14 17:45:22,ok,0.37255999411156515,0.4661369033798238,0.5101420635508984,0.5462651826348406,
DLinear,ETTm1,720,revin,2021,DLinear__ETTm1__h720__revin__s2021,0.4867402855938599,0.44919056907874677,10801,10801,1.007574131022508,1,5,8.251547813415527,106.5,139680,0,23.9970703125,32,96,False,cuda:0,io,33745,False,measured,2026-09-14 17:53:54,ok,0.38065619967017456,0.4770762048310575,0.5239191348358073,0.5653096121906106,
DLinear,ETTm1,720,san_lite,2021,DLinear__ETTm1__h720__san_lite__s2021,0.5411938455430002,0.4823412493904656,10801,10801,1.0336255028156724,9,10,7.268548011779785,201.1,139680,0,25.263671875,32,96,False,cuda:0,io,33745,False,measured,2026-09-14 19:54:03,ok,0.4568583458360139,0.5358849316759066,0.5690995993545039,0.6029325015233096,
DLinear,ETTm1,96,fredf,2021,DLinear__ETTm1__h96__fredf__s2021,0.34224998713359495,0.36659960951173604,11425,11425,0.3955374530614559,9,10,4.4258832931518555,129.6,18624,0,17.64501953125,32,96,False,cuda:0,loss,34369,False,measured,2026-09-14 17:43:27,ok,0.2575095915489036,0.376284326351852,0.3746351593370747,0.3605708658707565,
DLinear,ETTm1,96,none,2021,DLinear__ETTm1__h96__none__s2021,0.3455136573837613,0.3732743105541061,11425,11425,0.3968975241765313,3,7,3.493785858154297,76.1,18624,0,17.5947265625,32,96,False,cuda:0,io,34369,False,measured,2026-09-14 17:37:24,ok,0.25338308253778713,0.38285358303068157,0.38065195013029013,0.3651660042140364,
DLinear,ETTm1,96,revin,2021,DLinear__ETTm1__h96__revin__s2021,0.3535750879222333,0.3743908595114658,11425,11425,0.41004149798764605,3,7,3.8715600967407227,80.0,18624,0,17.8017578125,32,96,False,cuda:0,io,34369,False,measured,2026-09-14 17:38:07,ok,0.25649200320674026,0.39306038903912865,0.3914790740249838,0.3732688829349679,
DLinear,ETTm1,96,san_lite,2021,DLinear__ETTm1__h96__san_lite__s2021,0.4258496929166515,0.414816729619228,11425,11425,0.4515387095393421,9,10,5.289316177368164,146.9,18624,0,17.9794921875,32,96,False,cuda:0,io,34369,False,measured,2026-09-14 18:39:44,ok,0.3544799301704467,0.4843016627159787,0.44830362464703527,0.41631354718789426,
DLinear,ETTm2,192,fredf,2021,DLinear__ETTm2__h192__fredf__s2021,0.2518806686323561,0.32372071701532823,11329,11329,0.17127677930315902,9,10,7.755279541015625,200.5,37248,0,18.61474609375,32,96,False,cuda:0,loss,34273,False,measured,2026-09-14 17:51:53,ok,0.1556694543377731,0.22491775949871642,0.29670779245652135,0.330227671789101,
DLinear,ETTm2,192,none,2021,DLinear__ETTm2__h192__none__s2021,0.278084895881077,0.3544574680170191,11329,11329,0.18424102849352508,1,5,4.075765609741211,68.0,37248,0,18.359375,32,96,False,cuda:0,io,34273,False,measured,2026-09-14 17:38:45,ok,0.14684278372329534,0.23986705820184873,0.32999291252122415,0.3956368296322063,
DLinear,ETTm2,192,revin,2021,DLinear__ETTm2__h192__revin__s2021,0.24586729339959035,0.304047460544686,11329,11329,0.17083601389116912,2,6,5.765557289123535,100.0,37248,0,18.6484375,32,96,False,cuda:0,io,34273,False,measured,2026-09-14 17:43:37,ok,0.14399640128253685,0.2206944713564594,0.2900377024180213,0.32874060155818247,
DLinear,ETTm2,192,san_lite,2021,DLinear__ETTm2__h192__san_lite__s2021,0.25176046261797574,0.30762155681667014,11329,11329,0.17452829174014345,9,10,7.312774658203125,197.6,37248,0,18.99365234375,32,96,False,cuda:0,io,34273,False,measured,2026-09-14 19:13:20,ok,0.15261961111910516,0.22836705681616512,0.29496899330230614,0.33108619210322304,
DLinear,ETTm2,336,fredf,2021,DLinear__ETTm2__h336__fredf__s2021,0.320911215721376,0.37529126160165954,11185,11185,0.22245794696499346,3,7,7.676362991333008,141.4,65184,0,20.06787109375,32,96,False,cuda:0,loss,34129,False,measured,2026-09-14 17:55:24,ok,0.192543472731776,0.30570697277235404,0.3771054004344561,0.4082890185701543,
DLinear,ETTm2,336,none,2021,DLinear__ETTm2__h336__none__s2021,0.36900017091826043,0.4171398670050518,11185,11185,0.24498615970725082,3,7,7.273077964782715,140.1,65184,0,19.74267578125,32,96,False,cuda:0,io,34129,False,measured,2026-09-14 17:41:03,ok,0.18745329621089288,0.3372157952892064,0.44800089788439657,0.5033306821571314,
DLinear,ETTm2,336,revin,2021,DLinear__ETTm2__h336__revin__s2021,0.30647326844613504,0.3421970187589068,11185,11185,0.21773629724205248,4,8,5.980253219604492,136.7,65184,0,20.15478515625,32,96,False,cuda:0,io,34129,False,measured,2026-09-14 17:46:14,ok,0.17714416295430369,0.2949854893760683,0.35934728173758856,0.3944161389954561,
DLinear,ETTm2,336,san_lite,2021,DLinear__ETTm2__h336__san_lite__s2021,0.311364210883739,0.34434244565967315,11185,11185,0.21913099186943022,9,10,8.015871047973633,216.3,65184,0,20.75146484375,32,96,False,cuda:0,io,34129,False,measured,2026-09-14 19:22:09,ok,0.1846447566446349,0.2995007144149025,0.36254485636376127,0.3987665174366589,
DLinear,ETTm2,720,fredf,2021,DLinear__ETTm2__h720__fredf__s2021,0.4499329284300841,0.4597100019697067,10801,10801,0.3086588398869823,2,6,5.573868751525879,93.6,139680,0,23.94384765625,32,96,False,cuda:0,loss,33745,False,measured,2026-09-14 17:59:25,ok,0.2728727675907414,0.4356209436415423,0.5050114240990895,0.5862265701920336,
DLinear,ETTm2,720,none,2021,DLinear__ETTm2__h720__none__s2021,0.5414378056627436,0.5151678440847675,10801,10801,0.3500373771456324,2,6,7.269501686096191,119.8,139680,0,23.2568359375,32,96,False,cuda:0,io,33745,False,measured,2026-09-14 17:48:28,ok,0.2780394002965276,0.5209943354606392,0.6141360953368848,0.752581392788591,
DLinear,ETTm2,720,revin,2021,DLinear__ETTm2__h720__revin__s2021,0.40681492501618616,0.3977712078456828,10801,10801,0.288888551127711,3,7,7.551431655883789,144.6,139680,0,23.9970703125,32,96,False,cuda:0,io,33745,False,measured,2026-09-14 17:54:22,ok,0.24644010014911413,0.3934112318147622,0.45032658241008094,0.537081778849914,
DLinear,ETTm2,720,san_lite,2021,DLinear__ETTm2__h720__san_lite__s2021,0.41028579947658916,0.39905628199395576,10801,10801,0.28868264557752177,9,10,8.231043815612793,217.9,139680,0,25.263671875,32,96,False,cuda:0,io,33745,False,measured,2026-09-14 19:57:11,ok,0.25194054854477965,0.3969947948662085,0.4517787397168662,0.5404291066628394,
DLinear,ETTm2,96,fredf,2021,DLinear__ETTm2__h96__fredf__s2021,0.18289740780063926,0.27005888928469735,11425,11425,0.12406722962042684,6,10,4.488110542297363,132.7,18624,0,17.64501953125,32,96,False,cuda:0,loss,34369,False,measured,2026-09-14 17:45:55,ok,0.11360483046076479,0.1804824242681945,0.21172354603944543,0.22577883116915673,
DLinear,ETTm2,96,none,2021,DLinear__ETTm2__h96__none__s2021,0.1966647150104861,0.2963974072270633,11425,11425,0.13326142959896817,2,6,3.51715087890625,65.5,18624,0,17.5947265625,32,96,False,cuda:0,io,34369,False,measured,2026-09-14 17:37:02,ok,0.11125657149558044,0.1887988207578435,0.23318061325486758,0.25342285361349415,
DLinear,ETTm2,96,revin,2021,DLinear__ETTm2__h96__revin__s2021,0.18152043745146823,0.26453649130142814,11425,11425,0.12669917940261202,2,6,3.889799118041992,69.2,18624,0,17.8017578125,32,96,False,cuda:0,io,34369,False,measured,2026-09-14 17:38:26,ok,0.10860753435127975,0.17849223981640638,0.2131982784779063,0.22578369701839965,
DLinear,ETTm2,96,san_lite,2021,DLinear__ETTm2__h96__san_lite__s2021,0.1896994941413707,0.26987668652229907,11425,11425,0.1317677821677787,2,6,5.385994911193848,87.2,18624,0,17.9794921875,32,96,False,cuda:0,io,34369,False,measured,2026-09-14 18:41:25,ok,0.11970248104957266,0.18453855501084737,0.21803869777967236,0.23651824822626266,
DLinear,Electricity,192,fredf,2021,DLinear__Electricity__h192__fredf__s2021,0.19612838123977858,0.28100263802413505,5069,2441,0.17128374367102162,9,10,12.032628059387207,304.2,37248,0,60.2705078125,16,96,True,cuda:0,loss,18125,False,measured,2026-09-14 19:49:30,ok,0.18812405032447374,0.1977836695566428,0.18165455548322093,0.21695124854194336,
DLinear,Electricity,192,none,2021,DLinear__Electricity__h192__none__s2021,0.19947372250418266,0.2900841481083888,5069,2441,0.17439622586635592,9,10,12.873053550720215,323.2,37248,0,49.77490234375,16,96,True,cuda:0,io,18125,False,measured,2026-09-14 19:44:03,ok,0.19089635827274587,0.20120309393324642,0.18576789824645148,0.220027539017845,
DLinear,Electricity,192,revin,2021,DLinear__Electricity__h192__revin__s2021,0.20261858105271316,0.2861956546240765,5069,2441,0.17767085560378887,9,10,13.060331344604492,325.2,37248,0,54.28125,16,96,True,cuda:0,io,18125,False,measured,2026-09-14 19:44:20,ok,0.1934267185571408,0.20360365070482256,0.1885493018633674,0.2248946504515821,
DLinear,Electricity,192,san_lite,2021,DLinear__Electricity__h192__san_lite__s2021,0.21917812202620837,0.2978442549063993,5069,2441,0.1922585650858741,9,10,18.021464347839355,421.8,37248,0,66.2099609375,16,96,True,cuda:0,io,18125,False,measured,2026-09-14 21:53:32,ok,0.21047862622705535,0.22937443993621945,0.19900447452184158,0.2378549477303508,
DLinear,Electricity,336,fredf,2021,DLinear__Electricity__h336__fredf__s2021,0.20981457504299772,0.2974504845998839,4925,2297,0.18400408811903995,9,10,16.47341251373291,410.5,65184,0,89.8974609375,16,96,True,cuda:0,loss,17981,False,measured,2026-09-14 20:20:34,ok,0.18938784068860354,0.17313614167172248,0.2544109746710723,0.22232334283368801,
DLinear,Electricity,336,none,2021,DLinear__Electricity__h336__none__s2021,0.2125240647110699,0.3054294751528076,4925,2297,0.1867784863665913,9,10,14.263510704040527,364.6,65184,0,71.115234375,16,96,True,cuda:0,io,17981,False,measured,2026-09-14 20:03:35,ok,0.19134497457823513,0.17624289209671545,0.2567715433966046,0.22573685287497386,
DLinear,Electricity,336,revin,2021,DLinear__Electricity__h336__revin__s2021,0.21732730957972163,0.3010371763427567,4925,2297,0.1924308261636898,9,10,15.61284065246582,387.3,65184,0,74.2939453125,16,96,True,cuda:0,io,17981,False,measured,2026-09-14 20:05:33,ok,0.19419362644069804,0.17945978690574457,0.2643024331071911,0.23135339135738386,
DLinear,Electricity,336,san_lite,2021,DLinear__Electricity__h336__san_lite__s2021,0.23442958940671602,0.3125313629066994,4925,2297,0.20667570336177046,9,10,21.008849143981934,486.6,65184,0,90.62939453125,16,96,True,cuda:0,io,17981,False,measured,2026-09-14 22:02:03,ok,0.214755552744553,0.19406840164685213,0.28320241974976496,0.24569198210387627,
DLinear,Electricity,720,fredf,2021,DLinear__Electricity__h720__fredf__s2021,0.2462302219055429,0.331483534451769,4541,1913,0.21273141150812327,9,10,29.826045036315918,667.1,139680,0,167.1201171875,16,96,True,cuda:0,loss,17597,False,measured,2026-09-14 21:36:39,ok,0.18504766976766385,0.23444512179301702,0.2661849553501231,0.2992431407021208,
DLinear,Electricity,720,none,2021,DLinear__Electricity__h720__none__s2021,0.24783824914490102,0.3376040968606746,4541,1913,0.2156387892044187,9,10,27.994751930236816,643.7,139680,0,127.6962890625,16,96,True,cuda:0,io,17597,False,measured,2026-09-14 21:23:50,ok,0.1863914343350011,0.23555670360644043,0.2674771000149973,0.30192775942251304,
DLinear,Electricity,720,revin,2021,DLinear__Electricity__h720__revin__s2021,0.2587717450965394,0.33278795279017775,4541,1913,0.22711726390949358,9,10,28.918981552124023,664.4,139680,0,135.55859375,16,96,True,cuda:0,io,17597,False,measured,2026-09-14 21:28:17,ok,0.19004982931631412,0.24450970976381112,0.2816577818759326,0.3188696602565479,
DLinear,Electricity,720,san_lite,2021,DLinear__Electricity__h720__san_lite__s2021,0.27495591824848165,0.3430951197481597,4541,1913,0.24044039593295277,9,10,30.085086822509766,661.6,139680,0,166.14501953125,16,96,True,cuda:0,io,17597,False,measured,2026-09-14 22:14:27,ok,0.206777228837996,0.26087632467298427,0.2978673205325511,0.33430279712093847,
DLinear,Electricity,96,fredf,2021,DLinear__Electricity__h96__fredf__s2021,0.19703280539611373,0.2776130607589726,5165,2537,0.1751813577484403,9,10,10.326504707336426,264.2,18624,0,41.779296875,16,96,True,cuda:0,loss,18221,False,measured,2026-09-14 19:34:39,ok,0.1656840492304039,0.22582958687457358,0.21787351540530317,0.17874407050711397,
DLinear,Electricity,96,none,2021,DLinear__Electricity__h96__none__s2021,0.1998477833530582,0.28687217058897313,5165,2537,0.17783148479604655,9,10,8.046865463256836,222.9,18624,0,35.7958984375,16,96,True,cuda:0,io,18221,False,measured,2026-09-14 19:25:03,ok,0.16836914557585145,0.22881708392298786,0.22071646027670846,0.1814884446087861,
DLinear,Electricity,96,revin,2021,DLinear__Electricity__h96__revin__s2021,0.2025087135697194,0.2832415922928139,5165,2537,0.1802113137477969,9,10,10.002493858337402,264.9,18624,0,43.2421875,16,96,True,cuda:0,io,18221,False,measured,2026-09-14 19:29:52,ok,0.16985710044463,0.23292965962589263,0.22409202633963643,0.18315606666653425,
DLinear,Electricity,96,san_lite,2021,DLinear__Electricity__h96__san_lite__s2021,0.22430802118740853,0.2975356343771613,5165,2537,0.19917153945225025,9,10,17.055749893188477,392.6,18624,0,48.9482421875,16,96,True,cuda:0,io,18221,False,measured,2026-09-14 21:16:49,ok,0.18964035660419867,0.24660308865239836,0.24648009840630988,0.21450853713236562,
DLinear,Exchange,192,fredf,2021,DLinear__Exchange__h192__fredf__s2021,0.18392372562874496,0.32397611684209443,1326,569,0.3966792201046086,5,9,4.062771797180176,20.4,37248,0,18.77880859375,32,96,False,cuda:0,loss,5024,False,measured,2026-09-14 17:03:36,ok,0.0716576999579657,0.1496539463370087,0.22102347647892043,0.29335978044156696,
DLinear,Exchange,192,none,2021,DLinear__Exchange__h192__none__s2021,0.1816872928297178,0.3207390077033793,1326,569,0.4436780469209462,3,7,4.472494125366211,17.2,37248,0,18.630859375,32,96,False,cuda:0,io,5024,False,measured,2026-09-14 17:02:03,ok,0.05335487703354482,0.13916798143110545,0.22511522958402572,0.30911108047564223,
DLinear,Exchange,192,revin,2021,DLinear__Exchange__h192__revin__s2021,0.17953717067290814,0.30191603181588705,1326,569,0.2418710404693836,9,10,4.411935806274414,24.2,37248,0,18.9609375,32,96,False,cuda:0,io,5024,False,measured,2026-09-14 17:02:51,ok,0.049058254469184194,0.13316024669486787,0.22138129540402093,0.31454888976035317,
DLinear,Exchange,192,san_lite,2021,DLinear__Exchange__h192__san_lite__s2021,0.19827620224355752,0.318518791802868,1326,569,0.25511730883508377,9,10,7.2737932205200195,30.8,37248,0,19.35546875,32,96,False,cuda:0,io,5024,False,measured,2026-09-14 17:13:23,ok,0.06155041968398444,0.1505701387335737,0.2429575695491889,0.3380266928538687,
DLinear,Exchange,336,fredf,2021,DLinear__Exchange__h336__fredf__s2021,0.31205963959731176,0.43153272356305805,1182,425,1.0142928102637538,0,4,5.484223365783691,11.1,65184,0,20.34619140625,32,96,False,cuda:0,loss,4880,False,measured,2026-09-14 17:03:27,ok,0.12063420039105836,0.24400961809577681,0.37224925751555854,0.5113454819993463,
DLinear,Exchange,336,none,2021,DLinear__Exchange__h336__none__s2021,0.32696479721751687,0.43435734106525964,1182,425,1.0748800137730874,5,9,3.573179244995117,18.9,65184,0,19.9296875,32,96,False,cuda:0,io,4880,False,measured,2026-09-14 17:02:15,ok,0.0856942483284382,0.23744195429547443,0.40413839324447937,0.5805846047568557,
DLinear,Exchange,336,revin,2021,DLinear__Exchange__h336__revin__s2021,0.3238747989936394,0.4115225447913755,1182,425,0.41399809594247855,9,10,4.430413246154785,25.1,65184,0,20.400390625,32,96,False,cuda:0,io,4880,False,measured,2026-09-14 17:03:02,ok,0.0793976673209382,0.2375876697560891,0.40507125654345255,0.5734426124895928,
DLinear,Exchange,336,san_lite,2021,DLinear__Exchange__h336__san_lite__s2021,0.34594096926906687,0.4271794485821077,1182,425,0.43903727469991904,9,10,6.186127662658691,28.1,65184,0,21.08203125,32,96,False,cuda:0,io,4880,False,measured,2026-09-14 17:18:35,ok,0.09549911948250044,0.2597781333740074,0.4289085127334631,0.5995781158228632,
DLinear,Exchange,720,fredf,2021,DLinear__Exchange__h720__fredf__s2021,0.5621336139964712,0.5978495008000687,798,41,2.563320286034892,0,4,4.703760147094727,8.5,139680,0,25.35498046875,32,96,False,cuda:0,loss,4496,False,measured,2026-09-14 17:03:44,ok,0.25664654471617127,0.4807609802482852,0.7148573111770744,0.7962696600876557,
DLinear,Exchange,720,none,2021,DLinear__Exchange__h720__none__s2021,0.7490575651775924,0.6637014305648018,798,41,3.159862222645664,0,4,4.175662994384766,9.0,139680,0,23.64453125,32,96,False,cuda:0,io,4496,False,measured,2026-09-14 17:02:25,ok,0.19600230813881242,0.5572912762969093,1.0371888736402448,1.2057478094193903,
DLinear,Exchange,720,revin,2021,DLinear__Exchange__h720__revin__s2021,0.8732293362937509,0.7078780188861912,798,41,1.3776687746125509,0,4,5.240797996520996,10.4,139680,0,24.490234375,32,96,False,cuda:0,io,4496,False,measured,2026-09-14 17:03:02,ok,0.2103192018687858,0.6131638557864112,1.0932964208895568,1.576137825440843,
DLinear,Exchange,720,san_lite,2021,DLinear__Exchange__h720__san_lite__s2021,0.8817172393331418,0.7121340916037925,798,41,1.2555267085873985,9,10,6.491899490356445,25.2,139680,0,25.9375,32,96,False,cuda:0,io,4496,False,measured,2026-09-14 17:21:01,ok,0.21340077764346085,0.6210068304229666,1.1025351760746611,1.5899261866197454,
DLinear,Exchange,96,fredf,2021,DLinear__Exchange__h96__fredf__s2021,0.10164011458080809,0.23432068035628278,1422,665,0.18975338302459335,9,10,3.926396369934082,21.3,18624,0,17.73291015625,32,96,False,cuda:0,loss,5120,False,measured,2026-09-14 17:03:23,ok,0.04436389988365128,0.08326180997460493,0.12059811712974011,0.15833662802583168,
DLinear,Exchange,96,none,2021,DLinear__Exchange__h96__none__s2021,0.09472576514466291,0.22800190684608712,1422,665,0.21020234378059408,3,7,4.371404647827148,17.4,18624,0,17.6767578125,32,96,False,cuda:0,io,5120,False,measured,2026-09-14 17:02:03,ok,0.03287637271174783,0.07268737087028858,0.11468293417753384,0.15865638313847308,
DLinear,Exchange,96,revin,2021,DLinear__Exchange__h96__revin__s2021,0.08867660733494354,0.2093664478707973,1422,665,0.14236757821008975,9,10,4.028558731079102,23.8,18624,0,17.9130859375,32,96,False,cuda:0,io,5120,False,measured,2026-09-14 17:02:40,ok,0.02939599303793262,0.06498238291029032,0.1073818794943731,0.1529461715337233,
DLinear,Exchange,96,san_lite,2021,DLinear__Exchange__h96__san_lite__s2021,0.10398418842991695,0.2279810523182028,1422,665,0.15034317038113013,9,10,7.737398147583008,32.3,18624,0,18.1162109375,32,96,False,cuda:0,io,5120,False,measured,2026-09-14 17:14:14,ok,0.03978471275612422,0.07973247738026756,0.12435451269139301,0.17206505644827227,
DLinear,ILI,24,fredf,2021,DLinear__ILI__h24__fredf__s2021,4.782621598444065,1.654766845703125,170,74,0.9656567272839246,9,10,3.9763450622558594,10.4,1776,0,16.599609375,32,36,False,cuda:0,loss,617,False,measured,2026-09-14 16:57:55,ok,4.627703159663523,5.341386355872916,4.943865428251379,4.2175312309372,
DLinear,ILI,24,none,2021,DLinear__ILI__h24__none__s2021,4.775721719351803,1.6545982211243873,170,74,0.966181908488427,9,10,3.412961959838867,10.1,1776,0,16.6005859375,32,36,False,cuda:0,io,617,False,measured,2026-09-14 16:57:15,ok,4.607858007094439,5.333819524513907,4.941309098102132,4.219900536203251,
DLinear,ILI,24,revin,2021,DLinear__ILI__h24__revin__s2021,4.796501369102328,1.6519120758655024,170,74,0.9266402000319237,9,10,3.530740737915039,10.2,1776,0,16.66943359375,32,36,False,cuda:0,io,617,False,measured,2026-09-14 16:57:35,ok,4.650662913175524,5.244943260812626,5.0095454539237565,4.280853609143853,
DLinear,ILI,24,san_lite,2021,DLinear__ILI__h24__san_lite__s2021,5.259994818850392,1.7297715985808386,170,74,1.0461289885728362,9,10,4.3419599533081055,10.2,1776,0,16.73779296875,32,36,False,cuda:0,io,617,False,measured,2026-09-14 16:59:05,ok,4.221608249012496,5.494483532625086,5.851547931489491,5.472338682863893,
DLinear,ILI,36,fredf,2021,DLinear__ILI__h36__fredf__s2021,4.429152053547883,1.550980776219045,158,62,0.7347420547415034,9,10,3.9298534393310547,10.0,2664,0,16.70166015625,32,36,False,cuda:0,loss,605,False,measured,2026-09-14 16:57:35,ok,5.062725570706304,5.41162836597175,4.103577878835908,3.1386762323546225,
DLinear,ILI,36,none,2021,DLinear__ILI__h36__none__s2021,4.413906092046853,1.5497769966455068,158,62,0.7330186944464445,9,10,3.2312870025634766,10.3,2664,0,16.6767578125,32,36,False,cuda:0,io,605,False,measured,2026-09-14 16:56:56,ok,5.044648323572613,5.386268025544457,4.079792429698096,3.1449154675042794,
DLinear,ILI,36,revin,2021,DLinear__ILI__h36__revin__s2021,4.364024316543601,1.5292946185264717,158,62,0.6952913736479135,9,10,3.5636425018310547,10.0,2664,0,16.755859375,32,36,False,cuda:0,io,605,False,measured,2026-09-14 16:57:15,ok,5.02457318067407,5.203818920795424,4.098434593870574,3.129270475026185,
DLinear,ILI,36,san_lite,2021,DLinear__ILI__h36__san_lite__s2021,5.041635959005173,1.674099539522428,158,62,0.8467776625204013,9,10,4.2029619216918945,9.1,2664,0,16.8291015625,32,36,False,cuda:0,io,605,False,measured,2026-09-14 16:59:49,ok,4.829117903537915,6.104884890540432,5.560368420442042,3.6721724252852184,
DLinear,ILI,48,fredf,2021,DLinear__ILI__h48__fredf__s2021,4.172562511466487,1.488046425895915,146,50,0.6777171688988095,9,10,4.112601280212402,10.3,3552,0,16.80029296875,32,36,False,cuda:0,loss,593,False,measured,2026-09-14 16:57:55,ok,5.220143810254798,4.784152444639163,3.2141846540467225,3.4717692115768757,
DLinear,ILI,48,none,2021,DLinear__ILI__h48__none__s2021,4.110672186187724,1.4735865484089612,146,50,0.6616989281063989,9,10,3.3981800079345703,10.5,3552,0,16.75,32,36,False,cuda:0,io,593,False,measured,2026-09-14 16:56:56,ok,5.176907342163006,4.719256025937671,3.147929360799671,3.398596341829244,
DLinear,ILI,48,revin,2021,DLinear__ILI__h48__revin__s2021,4.008537277550147,1.4452448556878874,146,50,0.6296970912388393,9,10,3.687262535095215,9.9,3552,0,16.83935546875,32,36,False,cuda:0,io,593,False,measured,2026-09-14 16:57:15,ok,5.117303685277253,4.579680682317307,2.96588846444306,3.3712766489326285,
DLinear,ILI,48,san_lite,2021,DLinear__ILI__h48__san_lite__s2021,4.602381676999245,1.5592567956455377,146,50,0.6807274809337798,9,10,3.59499454498291,8.8,3552,0,16.93359375,32,36,False,cuda:0,io,593,False,measured,2026-09-14 17:00:30,ok,5.187997314094797,6.107802735071748,3.9151771878854014,3.1985500407856584,
DLinear,ILI,60,fredf,2021,DLinear__ILI__h60__fredf__s2021,4.2813451575826225,1.4932560620446873,134,38,0.7843692942071977,9,10,4.013538360595703,10.1,4440,0,16.8994140625,32,36,False,cuda:0,loss,581,False,measured,2026-09-14 16:57:55,ok,5.269139964544951,4.219065492002357,2.8831756347786386,4.753999865436351,
DLinear,ILI,60,none,2021,DLinear__ILI__h60__none__s2021,4.236840282404939,1.482535972134306,134,38,0.7726733979724703,9,10,3.3304691314697266,10.5,4440,0,16.8232421875,32,36,False,cuda:0,io,581,False,measured,2026-09-14 16:56:56,ok,5.246105669098878,4.1483327441293465,2.863243887656618,4.6896784459095775,
DLinear,ILI,60,revin,2021,DLinear__ILI__h60__revin__s2021,4.029520852767413,1.4390454344488495,134,38,0.7360910133610393,9,10,3.576040267944336,9.9,4440,0,16.9228515625,32,36,False,cuda:0,io,581,False,measured,2026-09-14 16:57:35,ok,5.034751029377214,3.875999460986258,2.6709919198150742,4.536341266320289,
DLinear,ILI,60,san_lite,2021,DLinear__ILI__h60__san_lite__s2021,4.245138044431859,1.4896631171708423,134,38,0.7493737242275611,9,10,4.059314727783203,9.2,4440,0,17.03857421875,32,36,False,cuda:0,io,581,False,measured,2026-09-14 17:00:09,ok,5.087561503656383,5.1195776065699,2.584960622997595,4.188452795878656,
DLinear,Weather,192,fredf,2021,DLinear__Weather__h192__fredf__s2021,0.2341439279331848,0.2832260896736795,10348,5079,0.527432887332878,5,9,7.766962051391602,181.3,37248,0,22.07568359375,32,96,False,cuda:0,loss,36600,False,measured,2026-09-14 18:11:39,ok,0.1605574349376818,0.232684276981723,0.24543810597171878,0.2978958888365732,
DLinear,Weather,192,none,2021,DLinear__Weather__h192__none__s2021,0.2366138839204412,0.29517534460676687,10348,5079,0.5189161226654694,2,6,7.894158363342285,123.5,37248,0,21.33203125,32,96,False,cuda:0,io,36600,False,measured,2026-09-14 17:50:46,ok,0.1615477718741951,0.23322834805973533,0.2479610635003308,0.30371835172035927,
DLinear,Weather,192,revin,2021,DLinear__Weather__h192__revin__s2021,0.24028356673845777,0.2710888255973032,10348,5079,0.5563193295813761,2,6,7.559061050415039,121.7,37248,0,22.19921875,32,96,False,cuda:0,io,36600,False,measured,2026-09-14 17:57:40,ok,0.15869541356574096,0.2343850319768074,0.25555860380976064,0.31249521789891715,
DLinear,Weather,192,san_lite,2021,DLinear__Weather__h192__san_lite__s2021,0.2450359363745378,0.2756684055340423,10348,5079,0.5601992246616798,9,10,8.072614669799805,213.8,37248,0,23.23486328125,32,96,False,cuda:0,io,36600,False,measured,2026-09-14 19:39:52,ok,0.16759404428719926,0.23767421845476955,0.2569146815822801,0.3179608082901277,
DLinear,Weather,336,fredf,2021,DLinear__Weather__h336__fredf__s2021,0.2797502401991872,0.3232973944303707,10204,4935,0.5873047044952258,5,9,7.5225830078125,174.5,65184,0,25.68115234375,32,96,False,cuda:0,loss,36456,False,measured,2026-09-14 18:22:12,ok,0.19376910739094783,0.258973882457091,0.3207868731749826,0.345471093267567,
DLinear,Weather,336,none,2021,DLinear__Weather__h336__none__s2021,0.281851238886517,0.33164374755102205,10204,4935,0.5793934176981277,4,8,7.86900520324707,171.5,65184,0,23.9345703125,32,96,False,cuda:0,io,36456,False,measured,2026-09-14 17:57:29,ok,0.1924783156362039,0.26073010743522496,0.32399087272287386,0.3502056595514061,
DLinear,Weather,336,revin,2021,DLinear__Weather__h336__revin__s2021,0.2919773736472227,0.30693912174561283,10204,4935,0.6423517972506225,4,8,7.4481964111328125,160.7,65184,0,25.1708984375,32,96,False,cuda:0,io,36456,False,measured,2026-09-14 18:09:43,ok,0.19150868158983003,0.26819920900615296,0.33845466026382826,0.36974693959641136,
DLinear,Weather,336,san_lite,2021,DLinear__Weather__h336__san_lite__s2021,0.2971289291961471,0.3119462347191833,10204,4935,0.645493737424206,9,10,10.785937309265137,256.0,65184,0,26.96044921875,32,96,False,cuda:0,io,36456,False,measured,2026-09-14 19:47:30,ok,0.19802590352172122,0.26978542258902527,0.34528693993918946,0.3754174409798769,
DLinear,Weather,720,fredf,2021,DLinear__Weather__h720__fredf__s2021,0.3431844332292189,0.3773643050205451,9820,4551,0.6676638166594658,0,4,7.739782333374023,81.5,139680,0,35.7607421875,32,96,False,cuda:0,loss,36072,False,measured,2026-09-14 18:36:39,ok,0.2265474899800646,0.33701341335359236,0.3919111892531883,0.417265639167817,
DLinear,Weather,720,none,2021,DLinear__Weather__h720__none__s2021,0.3461667087392846,0.3830728606294754,9820,4551,0.6573801510706045,2,6,8.077859878540039,129.6,139680,0,31.98486328125,32,96,False,cuda:0,io,36072,False,measured,2026-09-14 18:18:47,ok,0.22567863937972782,0.3403922152761758,0.39611203502383974,0.4224839433763398,
DLinear,Weather,720,revin,2021,DLinear__Weather__h720__revin__s2021,0.36443442730979725,0.353332664044063,9820,4551,0.76199716839008,5,9,9.426355361938477,216.6,139680,0,34.08251953125,32,96,False,cuda:0,io,36072,False,measured,2026-09-14 18:29:59,ok,0.2280609634048429,0.3537726965354593,0.42064076506262577,0.4552632807865216,
DLinear,Weather,720,san_lite,2021,DLinear__Weather__h720__san_lite__s2021,0.3700592982664061,0.35844931000906527,9820,4551,0.768557246815631,9,10,8.999943733215332,232.0,139680,0,38.3134765625,32,96,False,cuda:0,io,36072,False,measured,2026-09-14 19:58:10,ok,0.23285538818387533,0.3609296572368336,0.4251118499696326,0.4613402802945673,
DLinear,Weather,96,fredf,2021,DLinear__Weather__h96__fredf__s2021,0.19471783109340957,0.24387758771727036,10444,5175,0.4704842983094034,3,7,7.293820381164551,129.7,18624,0,19.71142578125,32,96,False,cuda:0,loss,36696,False,measured,2026-09-14 18:02:28,ok,0.11950762248655139,0.19881200844468447,0.2239984566182288,0.23655323922309093,
DLinear,Weather,96,none,2021,DLinear__Weather__h96__none__s2021,0.19601410591455862,0.2561072285385648,10444,5175,0.46285319380156514,3,7,7.346153259277344,132.2,18624,0,19.5634765625,32,96,False,cuda:0,io,36696,False,measured,2026-09-14 17:48:20,ok,0.11985134334817,0.19920907249230332,0.2263699551112129,0.2386260548705245,
DLinear,Weather,96,revin,2021,DLinear__Weather__h96__revin__s2021,0.19505353134620107,0.235522029049012,10444,5175,0.4825541424566631,2,6,7.0400238037109375,109.9,18624,0,20.1845703125,32,96,False,cuda:0,io,36696,False,measured,2026-09-14 17:52:48,ok,0.11894942019014616,0.19634006752252434,0.22468220383220724,0.24024243328323802,
DLinear,Weather,96,san_lite,2021,DLinear__Weather__h96__san_lite__s2021,0.2013973386405686,0.24067373381796017,10444,5175,0.49669225966104946,9,10,11.148810386657715,261.2,18624,0,20.7177734375,32,96,False,cuda:0,io,36696,False,measured,2026-09-14 20:05:45,ok,0.13089939796745878,0.20244492489520957,0.23140221912813488,0.24084281288083065,
PatchTST,ETTh1,192,fredf,2021,PatchTST__ETTh1__h192__fredf__s2021,0.45287174798453095,0.44163172732553185,2689,2689,1.0725081932758136,4,8,10.92529296875,51.8,429888,0,71.56201171875,32,96,False,cuda:0,loss,8353,False,measured,2026-09-14 17:20:17,ok,0.3721500465342229,0.4463582081311645,0.4791838872019852,0.5137948430705185,
PatchTST,ETTh1,192,none,2021,PatchTST__ETTh1__h192__none__s2021,0.4312298561299799,0.4277307215875052,2689,2689,0.9937338506724313,4,8,9.877920150756836,48.7,429888,0,71.7255859375,32,96,False,cuda:0,io,8353,False,measured,2026-09-14 17:18:10,ok,0.3412124634266656,0.42518477603321064,0.46055749825873393,0.497964687547601,
PatchTST,ETTh1,192,san_lite,2021,PatchTST__ETTh1__h192__san_lite__s2021,0.44467082894473925,0.42622149829776346,2689,2689,1.0223189263944281,9,10,11.375784873962402,65.8,429888,0,71.7255859375,32,96,False,cuda:0,io,8353,False,measured,2026-09-14 17:30:43,ok,0.3553538683187836,0.438359159288732,0.47426623975293286,0.5107040537753823,
PatchTST,ETTh1,336,fredf,2021,PatchTST__ETTh1__h336__fredf__s2021,0.5063419980398532,0.4743269425087999,2545,2545,1.3811352273461723,0,4,11.875033378601074,28.9,651216,0,76.00146484375,32,96,False,cuda:0,loss,8209,False,measured,2026-09-14 17:20:00,ok,0.42020267984841375,0.5018750397980555,0.5484895065066162,0.5548007504737343,
PatchTST,ETTh1,336,none,2021,PatchTST__ETTh1__h336__none__s2021,0.47017111881436024,0.44871835911657765,2545,2545,1.282683363205916,7,10,9.765982627868652,58.9,651216,0,76.2880859375,32,96,False,cuda:0,io,8209,False,measured,2026-09-14 17:17:11,ok,0.3742054577909243,0.46342365500612237,0.5195805971301561,0.5234747636172108,
PatchTST,ETTh1,336,san_lite,2021,PatchTST__ETTh1__h336__san_lite__s2021,0.48105444571845807,0.4458136984533499,2545,2545,1.3101394336206365,7,10,12.005805969238281,69.1,651216,0,76.2880859375,32,96,False,cuda:0,io,8209,False,measured,2026-09-14 17:31:21,ok,0.3852341125606766,0.47846331226429484,0.5317663531020896,0.5287539999574522,
PatchTST,ETTh1,720,fredf,2021,PatchTST__ETTh1__h720__fredf__s2021,0.5369186288727661,0.5173225831478666,2161,2161,1.6926760043323013,0,4,10.61713695526123,24.4,1241424,0,83.88623046875,32,96,False,cuda:0,loss,7825,False,measured,2026-09-14 17:19:10,ok,0.472480183596595,0.5148650812650729,0.5350864852335407,0.6252427666322289,
PatchTST,ETTh1,720,none,2021,PatchTST__ETTh1__h720__none__s2021,0.47471718795046847,0.4743256681106906,2161,2161,1.5596142274345726,9,10,10.648727416992188,60.8,1241424,0,84.5009765625,32,96,False,cuda:0,io,7825,False,measured,2026-09-14 17:16:12,ok,0.408107826259557,0.46893143654570124,0.465230213164947,0.5565992716220466,
PatchTST,ETTh1,720,revin,2021,PatchTST__ETTh1__h720__revin__s2021,0.4747186057066375,0.4743269373844276,2161,2161,1.5596500160045412,9,10,11.116385459899902,62.5,1241424,0,84.5009765625,32,96,False,cuda:0,io,7825,False,measured,2026-09-14 17:18:39,ok,0.40810843780812467,0.46893285388087297,0.46523170281637577,0.5566014255293555,
PatchTST,ETTh1,720,san_lite,2021,PatchTST__ETTh1__h720__san_lite__s2021,0.47184111695457626,0.46807342832134685,2161,2161,1.5795594486071172,8,10,11.765837669372559,63.0,1241424,0,84.5009765625,32,96,False,cuda:0,io,7825,False,measured,2026-09-14 17:33:43,ok,0.41464763781120095,0.4645840007025617,0.462264259239301,0.5458685734748988,
PatchTST,ETTh1,96,fredf,2021,PatchTST__ETTh1__h96__fredf__s2021,0.40038009713508743,0.40660447108192177,2785,2785,0.7527303280846281,0,4,9.671449661254883,23.5,282336,0,68.74755859375,32,96,False,cuda:0,loss,8449,False,measured,2026-09-14 17:18:45,ok,0.33376971775011555,0.39151699041048493,0.42520825689811553,0.45102543751786,
PatchTST,ETTh1,96,none,2021,PatchTST__ETTh1__h96__none__s2021,0.383805727561213,0.39904976500153816,2785,2785,0.6971262691224183,8,10,8.770346641540527,52.6,282336,0,68.8291015625,32,96,False,cuda:0,io,8449,False,measured,2026-09-14 17:15:19,ok,0.31141425753019464,0.3765786141631371,0.4096235689613387,0.4376064709176964,
PatchTST,ETTh1,96,revin,2021,PatchTST__ETTh1__h96__revin__s2021,0.3838058441349958,0.3990497166288809,2785,2785,0.6971258063168365,8,10,9.529471397399902,56.5,282336,0,68.8291015625,32,96,False,cuda:0,io,8449,False,measured,2026-09-14 17:17:23,ok,0.3114140637333606,0.3765787071036999,0.409623887502673,0.43760670524466655,
PatchTST,ETTh1,96,san_lite,2021,PatchTST__ETTh1__h96__san_lite__s2021,0.3963525949344275,0.3970530800282512,2785,2785,0.7316044745714713,9,10,10.47515869140625,61.7,282336,0,68.8291015625,32,96,False,cuda:0,io,8449,False,measured,2026-09-14 17:29:48,ok,0.3283725640031161,0.3895084080661098,0.41925220529511326,0.4482772007134835,
PatchTST,ETTh2,192,fredf,2021,PatchTST__ETTh2__h192__fredf__s2021,0.3803709192922322,0.3941176481418704,2689,2689,0.2803155918165586,0,4,9.387969970703125,23.3,429888,0,71.56201171875,32,96,False,cuda:0,loss,8353,False,measured,2026-09-14 17:20:35,ok,0.2400091066712429,0.3565631786105338,0.4281251598741624,0.4967862278210899,
PatchTST,ETTh2,192,none,2021,PatchTST__ETTh2__h192__none__s2021,0.37013216060391246,0.3919898181777406,2689,2689,0.2743536355139993,2,6,9.818553924560547,37.3,429888,0,71.7255859375,32,96,False,cuda:0,io,8353,False,measured,2026-09-14 17:17:54,ok,0.23086856541698286,0.3515526286941144,0.4120073195992628,0.48610012274053477,
PatchTST,ETTh2,192,san_lite,2021,PatchTST__ETTh2__h192__san_lite__s2021,0.37338409136048806,0.39475687028632606,2689,2689,0.2756281963696223,4,8,11.227250099182129,52.3,429888,0,71.7255859375,32,96,False,cuda:0,io,8353,False,measured,2026-09-14 17:29:59,ok,0.23925748840797387,0.3523776413944977,0.41623929313973984,0.4856619434754285,
PatchTST,ETTh2,336,fredf,2021,PatchTST__ETTh2__h336__fredf__s2021,0.418858372213502,0.4281017698839574,2545,2545,0.37118760129047784,2,6,11.220693588256836,39.6,651216,0,76.00146484375,32,96,False,cuda:0,loss,8209,False,measured,2026-09-14 17:21:10,ok,0.27056320999653377,0.41062272431854485,0.4885140366229435,0.505733520424825,
PatchTST,ETTh2,336,none,2021,PatchTST__ETTh2__h336__none__s2021,0.41646996482010046,0.42799025589714645,2545,2545,0.35824584691747524,2,6,10.603904724121094,38.4,651216,0,76.2880859375,32,96,False,cuda:0,io,8209,False,measured,2026-09-14 17:17:05,ok,0.26086050049479204,0.3972494757484689,0.4944351593165836,0.5133347199352324,
PatchTST,ETTh2,336,san_lite,2021,PatchTST__ETTh2__h336__san_lite__s2021,0.4146925584711951,0.428814666675855,2545,2545,0.36086360572017673,1,5,10.895252227783203,32.5,651216,0,76.2880859375,32,96,False,cuda:0,io,8209,False,measured,2026-09-14 17:29:24,ok,0.2651023242448206,0.40304163396625353,0.48695161265094905,0.5036746652985088,
PatchTST,ETTh2,720,fredf,2021,PatchTST__ETTh2__h720__fredf__s2021,0.42717531945529014,0.44422988768874916,2161,2161,0.6334180262421107,8,10,11.077165603637695,62.0,1241424,0,83.88623046875,32,96,False,cuda:0,loss,7825,False,measured,2026-09-14 17:20:23,ok,0.3142764792117608,0.409374854139344,0.3977791093965119,0.5872708124065906,
PatchTST,ETTh2,720,none,2021,PatchTST__ETTh2__h720__none__s2021,0.4234164314547135,0.4455011530270561,2161,2161,0.5969580951086931,5,9,10.727643966674805,55.2,1241424,0,84.5009765625,32,96,False,cuda:0,io,7825,False,measured,2026-09-14 17:16:11,ok,0.29846430496568366,0.41167833855712477,0.40198834054930277,0.5815347536922769,
PatchTST,ETTh2,720,san_lite,2021,PatchTST__ETTh2__h720__san_lite__s2021,0.4232737925595123,0.44419170977104494,2161,2161,0.5921446337674358,1,5,12.46333122253418,35.4,1241424,0,84.5009765625,32,96,False,cuda:0,io,7825,False,measured,2026-09-14 17:30:37,ok,0.3022077240412619,0.40652553081796156,0.40382608735857245,0.5805358267863324,
PatchTST,ETTh2,96,fredf,2021,PatchTST__ETTh2__h96__fredf__s2021,0.2940413571406891,0.34212332083301034,2785,2785,0.21952363244384704,0,4,10.07235050201416,23.8,282336,0,68.74755859375,32,96,False,cuda:0,loss,8449,False,measured,2026-09-14 17:19:15,ok,0.18787184950052502,0.282231245211769,0.33376064735261,0.37230168198237484,
PatchTST,ETTh2,96,none,2021,PatchTST__ETTh2__h96__none__s2021,0.28699513442130886,0.33836241789207383,2785,2785,0.21817520179432193,2,6,8.994817733764648,32.8,282336,0,68.8291015625,32,96,False,cuda:0,io,8449,False,measured,2026-09-14 17:15:03,ok,0.1777921010756105,0.28005570135131636,0.3288696804627454,0.36126305836599143,
PatchTST,ETTh2,96,san_lite,2021,PatchTST__ETTh2__h96__san_lite__s2021,0.2951118806534224,0.3471164425754278,2785,2785,0.21828178215956315,2,6,10.439872741699219,36.8,282336,0,68.8291015625,32,96,False,cuda:0,io,8449,False,measured,2026-09-14 17:28:53,ok,0.19735908335323357,0.2849869813132772,0.3313415306746817,0.366759923236782,
PatchTST,ETTm1,192,fredf,2021,PatchTST__ETTm1__h192__fredf__s2021,0.46186375210008984,0.43800729105622277,11329,11329,0.6302545439005495,7,10,12.71975040435791,266.4,429888,0,71.56201171875,32,96,False,cuda:0,loss,34273,False,measured,2026-09-14 18:19:18,ok,0.40586509662893694,0.45533183176007014,0.4945263613439345,0.4917317148031925,
PatchTST,ETTm1,192,none,2021,PatchTST__ETTm1__h192__none__s2021,0.3695341057250258,0.3856270900648376,11329,11329,0.5219203811208157,6,10,11.420011520385742,248.5,429888,0,71.7255859375,32,96,False,cuda:0,io,34273,False,measured,2026-09-14 18:06:51,ok,0.3009100158728801,0.3637721295455019,0.4046762532681907,0.4087780180788318,
PatchTST,ETTm1,192,san_lite,2021,PatchTST__ETTm1__h192__san_lite__s2021,0.41838000427796773,0.4171242957388578,11329,11329,0.5522498920161469,4,8,13.142585754394531,221.8,429888,0,71.7255859375,32,96,False,cuda:0,io,34273,False,measured,2026-09-14 19:38:35,ok,0.3640506429363359,0.40057836051500545,0.46567905469120396,0.44321196138576724,
PatchTST,ETTm1,336,fredf,2021,PatchTST__ETTm1__h336__fredf__s2021,0.4931569357830337,0.45478684016021614,11185,11185,0.7729490136160144,4,8,13.380646705627441,221.8,651216,0,76.00146484375,32,96,False,cuda:0,loss,34129,False,measured,2026-09-14 18:22:45,ok,0.4241858624720743,0.5019514321824113,0.51996901287627,0.5265214303066931,
PatchTST,ETTm1,336,none,2021,PatchTST__ETTm1__h336__none__s2021,0.4003663076207185,0.40583367445117996,11185,11185,0.6661985989840274,6,10,11.705398559570312,249.4,651216,0,76.2880859375,32,96,False,cuda:0,io,34129,False,measured,2026-09-14 18:07:02,ok,0.3273938897368187,0.39622397023845657,0.41996871111076056,0.45787866785346765,
PatchTST,ETTm1,336,san_lite,2021,PatchTST__ETTm1__h336__san_lite__s2021,0.4511944581692915,0.4372788413602477,11185,11185,0.700780837653219,4,8,12.767195701599121,216.7,651216,0,76.2880859375,32,96,False,cuda:0,io,34129,False,measured,2026-09-14 19:53:19,ok,0.3825192120987648,0.4523987056628707,0.47174635581714963,0.49811356336557083,
PatchTST,ETTm1,720,fredf,2021,PatchTST__ETTm1__h720__fredf__s2021,0.5747779987698862,0.4986344704502899,10801,10801,1.1184108147285836,0,4,13.900041580200195,115.4,1241424,0,83.88623046875,32,96,False,cuda:0,loss,33745,False,measured,2026-09-14 18:24:23,ok,0.49736950297016463,0.5775707209295768,0.6051968409775613,0.6189749268081317,
PatchTST,ETTm1,720,none,2021,PatchTST__ETTm1__h720__none__s2021,0.4627600026993339,0.4402433780898539,10801,10801,0.982068576269772,7,10,11.26563549041748,250.4,1241424,0,84.5009765625,32,96,False,cuda:0,io,33745,False,measured,2026-09-14 18:14:08,ok,0.35775574799181076,0.45367588013214305,0.5013081398472163,0.5383002416724946,
PatchTST,ETTm1,720,san_lite,2021,PatchTST__ETTm1__h720__san_lite__s2021,0.5045718842124773,0.4675596414913449,10801,10801,1.0165458583123044,5,9,13.522744178771973,260.6,1241424,0,84.5009765625,32,96,False,cuda:0,io,33745,False,measured,2026-09-14 19:38:19,ok,0.4142977298464232,0.4982416810021681,0.537362779313558,0.5683853423268019,
PatchTST,ETTm1,96,fredf,2021,PatchTST__ETTm1__h96__fredf__s2021,0.38871220099872583,0.4033483056683236,11425,11425,0.4661452506310718,3,7,10.480046272277832,146.0,282336,0,68.74755859375,32,96,False,cuda:0,loss,34369,False,measured,2026-09-14 18:14:44,ok,0.3071597351585191,0.41371814459329204,0.41885646310734187,0.4151144604748384,
PatchTST,ETTm1,96,none,2021,PatchTST__ETTm1__h96__none__s2021,0.32846387094664825,0.3658954072224668,11425,11425,0.39963806055356554,3,7,9.582996368408203,141.1,282336,0,68.8291015625,32,96,False,cuda:0,io,34369,False,measured,2026-09-14 18:00:04,ok,0.23187246077397727,0.3602948901106056,0.3687765868658403,0.3529115376391259,
PatchTST,ETTm1,96,san_lite,2021,PatchTST__ETTm1__h96__san_lite__s2021,0.3832142320642673,0.3988141194842713,11425,11425,0.4301058496052093,3,7,11.59965991973877,165.1,282336,0,68.8291015625,32,96,False,cuda:0,io,34369,False,measured,2026-09-14 19:25:08,ok,0.30473483495605236,0.42647422881802804,0.411622038851382,0.39002582410521053,
PatchTST,ETTm2,192,fredf,2021,PatchTST__ETTm2__h192__fredf__s2021,0.25491537943176934,0.3135476677072688,11329,11329,0.17844118775186144,1,5,11.190176010131836,121.0,429888,0,71.56201171875,32,96,False,cuda:0,loss,34273,False,measured,2026-09-14 18:16:23,ok,0.15745643026318318,0.2349033080137215,0.29582509403690316,0.33147668746332887,
PatchTST,ETTm2,192,none,2021,PatchTST__ETTm2__h192__none__s2021,0.2421220867944153,0.30390789687311076,11329,11329,0.17156355492520292,7,10,11.95836067199707,261.4,429888,0,71.7255859375,32,96,False,cuda:0,io,34273,False,measured,2026-09-14 18:05:09,ok,0.14012794626171657,0.2161652135261435,0.2883988875690832,0.3237963039902056,
PatchTST,ETTm2,192,san_lite,2021,PatchTST__ETTm2__h192__san_lite__s2021,0.24838289716213488,0.3070762423458755,11329,11329,0.17372872578811585,2,6,14.324545860290527,186.6,429888,0,71.7255859375,32,96,False,cuda:0,io,34273,False,measured,2026-09-14 19:33:45,ok,0.14933279989697326,0.22402194802950426,0.291053321855042,0.3291235195911281,
PatchTST,ETTm2,336,fredf,2021,PatchTST__ETTm2__h336__fredf__s2021,0.31416235269820725,0.34904313017700866,11185,11185,0.22245369518635782,5,9,13.052821159362793,246.4,651216,0,76.00146484375,32,96,False,cuda:0,loss,34129,False,measured,2026-09-14 18:19:03,ok,0.19071808391792883,0.30301195614755666,0.3637782608141115,0.39914111635414884,
PatchTST,ETTm2,336,none,2021,PatchTST__ETTm2__h336__none__s2021,0.30318676070728723,0.3434223950855557,11185,11185,0.21808750572444835,3,7,11.972665786743164,182.8,651216,0,76.2880859375,32,96,False,cuda:0,io,34129,False,measured,2026-09-14 18:08:25,ok,0.17446334029903485,0.29341585453037694,0.35622817813601354,0.3886396732259965,
PatchTST,ETTm2,336,san_lite,2021,PatchTST__ETTm2__h336__san_lite__s2021,0.309359538322809,0.344334249729137,11185,11185,0.21897771102981697,0,4,13.417243957519531,114.8,651216,0,76.2880859375,32,96,False,cuda:0,io,34129,False,measured,2026-09-14 19:54:48,ok,0.18301576938947908,0.29780437823923417,0.36035055920109516,0.3962674420484496,
PatchTST,ETTm2,720,fredf,2021,PatchTST__ETTm2__h720__fredf__s2021,0.416588924315566,0.4052403078787784,10801,10801,0.2947234738365585,0,4,14.680981636047363,121.1,1241424,0,83.88623046875,32,96,False,cuda:0,loss,33745,False,measured,2026-09-14 18:21:34,ok,0.2611688324356819,0.40125307698280466,0.4586348542598095,0.5452989326628477,
PatchTST,ETTm2,720,none,2021,PatchTST__ETTm2__h720__none__s2021,0.4003962909670798,0.39949766219465416,10801,10801,0.28676530236308884,7,10,13.54217529296875,287.0,1241424,0,84.5009765625,32,96,False,cuda:0,io,33745,False,measured,2026-09-14 18:12:05,ok,0.24362364257439914,0.3885005698696593,0.4417992255991957,0.5276617336156133,
PatchTST,ETTm2,720,san_lite,2021,PatchTST__ETTm2__h720__san_lite__s2021,0.4121360212677859,0.4039758206223189,10801,10801,0.287943053937574,2,6,13.683795928955078,178.2,1241424,0,84.5009765625,32,96,False,cuda:0,io,33745,False,measured,2026-09-14 19:36:01,ok,0.25080208607825055,0.3995182628333686,0.45445085344854114,0.5437728841544861,
PatchTST,ETTm2,96,fredf,2021,PatchTST__ETTm2__h96__fredf__s2021,0.18660786980798597,0.27096159749469795,11425,11425,0.13107130314094692,4,8,10.474324226379395,167.7,282336,0,68.74755859375,32,96,False,cuda:0,loss,34369,False,measured,2026-09-14 18:14:41,ok,0.11743597657085429,0.17911477105677087,0.21393173237099763,0.23594899965600194,
PatchTST,ETTm2,96,none,2021,PatchTST__ETTm2__h96__none__s2021,0.17650727565877075,0.2619897025091345,11425,11425,0.1268025711087792,5,9,9.693503379821777,182.7,282336,0,68.8291015625,32,96,False,cuda:0,io,34369,False,measured,2026-09-14 18:00:36,ok,0.10447623862764799,0.171892594140424,0.2061768972890302,0.22348337376202795,
PatchTST,ETTm2,96,san_lite,2021,PatchTST__ETTm2__h96__san_lite__s2021,0.18433471490284223,0.26704074535864747,11425,11425,0.1290506798284208,5,9,11.49284839630127,210.9,282336,0,68.8291015625,32,96,False,cuda:0,io,34369,False,measured,2026-09-14 19:26:19,ok,0.11532311051293649,0.17812072968196035,0.2124602221581816,0.23143479485065907,
PatchTST,Electricity,192,fredf,2021,PatchTST__Electricity__h192__fredf__s2021,0.3161286449665309,0.4276330961769315,5069,2441,0.26758003902565897,0,4,37.83154487609863,269.6,429888,0,467.02783203125,16,96,True,cuda:0,loss,18125,False,measured,2026-09-14 20:45:45,ok,0.30235356244628125,0.31365119346053527,0.30335772334632655,0.3451521026674615,
PatchTST,Electricity,192,none,2021,PatchTST__Electricity__h192__none__s2021,0.19618625412418533,0.2857929303004474,5069,2441,0.17053987975707152,9,10,34.395575523376465,617.9,429888,0,471.9609375,16,96,True,cuda:0,io,18125,False,measured,2026-09-14 20:50:59,ok,0.18410340152336127,0.19643109781142476,0.18441328109289798,0.21979723756498348,
PatchTST,Electricity,192,san_lite,2021,PatchTST__Electricity__h192__san_lite__s2021,0.2129630197705161,0.29671068584882465,5069,2441,0.18524984509655013,4,8,33.237338066101074,504.2,429888,0,480.986328125,16,96,True,cuda:0,io,18125,False,measured,2026-09-14 22:10:50,ok,0.20505003369453345,0.21892708298727093,0.19495566806662978,0.2329192928367273,
PatchTST,Electricity,336,fredf,2021,PatchTST__Electricity__h336__fredf__s2021,0.416025613583669,0.5059920305472158,4925,2297,0.35071197366676266,0,4,40.71664810180664,286.4,651216,0,472.97802734375,16,96,True,cuda:0,loss,17981,False,measured,2026-09-14 21:03:28,ok,0.393029252116152,0.3802842582761289,0.45670894789988753,0.4340799982500145,
PatchTST,Electricity,336,none,2021,PatchTST__Electricity__h336__none__s2021,0.21188246068432473,0.3011126417522668,4925,2297,0.18605293229215406,7,10,35.43078899383545,654.4,651216,0,482.55126953125,16,96,True,cuda:0,io,17981,False,measured,2026-09-14 21:03:24,ok,0.18640989393179788,0.17552027061598524,0.25745526211802167,0.22814441595038687,
PatchTST,Electricity,336,san_lite,2021,PatchTST__Electricity__h336__san_lite__s2021,0.22853288971801658,0.3117930518680858,4925,2297,0.19972752063902485,8,10,36.06081008911133,668.9,651216,0,495.44189453125,16,96,True,cuda:0,io,17981,False,measured,2026-09-14 22:03:00,ok,0.2078662373793252,0.18844278654154298,0.2766824937401039,0.24114003990809976,
PatchTST,Electricity,720,fredf,2021,PatchTST__Electricity__h720__fredf__s2021,0.5677135575275504,0.6005227434996889,4541,1913,0.47098684767188376,0,4,46.22089862823486,359.5,1241424,0,534.8134765625,16,96,True,cuda:0,loss,17597,False,measured,2026-09-14 21:34:37,ok,0.49707025780635095,0.5527763114511827,0.5916569312338786,0.6293507300133167,
PatchTST,Electricity,720,none,2021,PatchTST__Electricity__h720__none__s2021,0.2535597408446172,0.33335324721658344,4541,1913,0.21983773641891471,8,10,41.82922840118408,829.6,1241424,0,530.19189453125,16,96,True,cuda:0,io,17597,False,measured,2026-09-14 21:38:02,ok,0.18426298041567854,0.23956229942444204,0.2765812498589947,0.31383243372779707,
PatchTST,Electricity,720,san_lite,2021,PatchTST__Electricity__h720__san_lite__s2021,0.26995760025012294,0.34332413699832204,4541,1913,0.23295015477089043,8,10,42.37079620361328,805.0,1241424,0,553.1318359375,16,96,True,cuda:0,io,17597,False,measured,2026-09-14 22:16:44,ok,0.20098613484816133,0.25582958493350166,0.2930720984652802,0.32994258148075656,
PatchTST,Electricity,96,fredf,2021,PatchTST__Electricity__h96__fredf__s2021,0.25221787086118813,0.36201021264443534,5165,2537,0.21809481116313323,0,4,31.921744346618652,228.7,282336,0,461.80224609375,16,96,True,cuda:0,loss,18221,False,measured,2026-09-14 20:38:59,ok,0.222986121971647,0.2799790616445916,0.2721420653013073,0.23376423212207145,
PatchTST,Electricity,96,none,2021,PatchTST__Electricity__h96__none__s2021,0.19218115611195896,0.28034554443907894,5165,2537,0.1698471764713433,7,10,37.35947608947754,632.4,282336,0,464.16064453125,16,96,True,cuda:0,io,18221,False,measured,2026-09-14 20:36:18,ok,0.1596697144368783,0.21857448653420977,0.21405775115691275,0.17642267427209016,
PatchTST,Electricity,96,san_lite,2021,PatchTST__Electricity__h96__san_lite__s2021,0.21472419219494984,0.29524948128200773,5165,2537,0.18926903360276667,7,10,39.17193412780762,668.2,282336,0,473.1025390625,16,96,True,cuda:0,io,18221,False,measured,2026-09-14 21:46:11,ok,0.18344514514617363,0.23925493575259651,0.2352021752946094,0.2009945138534107,
PatchTST,Exchange,192,fredf,2021,PatchTST__Exchange__h192__fredf__s2021,0.20600486137328763,0.3267764079025368,1326,569,0.2643724454378062,0,4,10.640859603881836,16.0,429888,0,78.52783203125,32,96,False,cuda:0,loss,5024,False,measured,2026-09-14 17:05:01,ok,0.07093887024523027,0.1562695734351761,0.24938483861761515,0.34742616088906386,
PatchTST,Exchange,192,none,2021,PatchTST__Exchange__h192__none__s2021,0.18031360888493128,0.30205243553211486,1326,569,0.22598448844422495,0,4,8.894562721252441,14.0,429888,0,78.71484375,32,96,False,cuda:0,io,5024,False,measured,2026-09-14 17:04:11,ok,0.0454028570432686,0.1291760265679216,0.22376345396285355,0.3229120888168066,
PatchTST,Exchange,192,san_lite,2021,PatchTST__Exchange__h192__san_lite__s2021,0.18237519432037186,0.30214147150606413,1326,569,0.22271083067506814,2,6,11.480569839477539,24.3,429888,0,78.71484375,32,96,False,cuda:0,io,5024,False,measured,2026-09-14 17:15:00,ok,0.04673763635498553,0.1316878325523609,0.22711244285061713,0.32396286993080076,
PatchTST,Exchange,336,fredf,2021,PatchTST__Exchange__h336__fredf__s2021,0.36818477608177647,0.4430285607401653,1182,425,0.45815610142982977,0,4,9.072065353393555,14.4,651216,0,81.12353515625,32,96,False,cuda:0,loss,4880,False,measured,2026-09-14 17:04:36,ok,0.11069103820655705,0.2782215259950624,0.45095289133632604,0.6328736410168078,
PatchTST,Exchange,336,none,2021,PatchTST__Exchange__h336__none__s2021,0.3250136186014049,0.41290325865277966,1182,425,0.38816377442090116,0,4,9.427785873413086,14.8,651216,0,81.451171875,32,96,False,cuda:0,io,4880,False,measured,2026-09-14 17:04:01,ok,0.0713029723984327,0.23040142268736055,0.4084501201008513,0.5898999658654637,
PatchTST,Exchange,336,san_lite,2021,PatchTST__Exchange__h336__san_lite__s2021,0.3433840435600696,0.42353274307207944,1182,425,0.3730799374193037,0,4,11.464715003967285,17.1,651216,0,81.451171875,32,96,False,cuda:0,io,4880,False,measured,2026-09-14 17:12:29,ok,0.08072360199252171,0.25154073947735794,0.43109290747718015,0.610178900836227,
PatchTST,Exchange,720,fredf,2021,PatchTST__Exchange__h720__fredf__s2021,0.9212289026738939,0.7309091447422811,798,41,1.2559359749481285,0,4,11.233091354370117,14.9,1241424,0,90.75439453125,32,96,False,cuda:0,loss,4496,False,measured,2026-09-14 17:04:26,ok,0.24560724911364262,0.6539108878007277,1.1434013774918832,1.6419961416631716,
PatchTST,Exchange,720,none,2021,PatchTST__Exchange__h720__none__s2021,0.8434326341842018,0.6928274173253228,798,41,1.1152522720295561,0,4,9.355306625366211,13.4,1241424,0,91.45703125,32,96,False,cuda:0,io,4496,False,measured,2026-09-14 17:03:55,ok,0.181020787000875,0.5665521198936042,1.058258562106603,1.5678990164363458,
PatchTST,Exchange,720,san_lite,2021,PatchTST__Exchange__h720__san_lite__s2021,0.8787825785981882,0.7070161552291101,798,41,0.9915814159362297,8,10,13.41235637664795,39.9,1241424,0,91.45703125,32,96,False,cuda:0,io,4496,False,measured,2026-09-14 17:11:46,ok,0.189217165859732,0.5866336295952276,1.0920782222684065,1.6472013020840766,
PatchTST,Exchange,96,fredf,2021,PatchTST__Exchange__h96__fredf__s2021,0.10133056997190995,0.22575065534102542,1422,665,0.14889431764607441,0,4,9.817242622375488,15.6,282336,0,75.40087890625,32,96,False,cuda:0,loss,5120,False,measured,2026-09-14 17:04:56,ok,0.038990789743431134,0.0784249649153026,0.1198923874356506,0.16801413970720414,
PatchTST,Exchange,96,none,2021,PatchTST__Exchange__h96__none__s2021,0.08526823792276503,0.20310740195916843,1422,665,0.1330990876171523,3,7,9.209871292114258,25.2,282336,0,75.494140625,32,96,False,cuda:0,io,5120,False,measured,2026-09-14 17:04:31,ok,0.02444774732565655,0.061342430779988986,0.10348435901314985,0.15179841815150377,
PatchTST,Exchange,96,san_lite,2021,PatchTST__Exchange__h96__san_lite__s2021,0.08858746019149687,0.2080735693053913,1422,665,0.13243974492065888,2,6,13.132214546203613,28.3,282336,0,75.494140625,32,96,False,cuda:0,io,5120,False,measured,2026-09-14 17:16:00,ok,0.028380971238631852,0.06420988381778724,0.10618670881702708,0.15557227768545356,
PatchTST,ILI,24,fredf,2021,PatchTST__ILI__h24__fredf__s2021,2.9102019494321167,1.1437981955477503,170,74,0.4983990054333072,9,10,8.752703666687012,13.6,147096,0,54.33154296875,32,36,False,cuda:0,loss,617,False,measured,2026-09-14 16:59:09,ok,1.6760326070277964,3.3878241659212516,3.350434489744384,3.2265164447431807,
PatchTST,ILI,24,none,2021,PatchTST__ILI__h24__none__s2021,2.863227036420037,1.134979051435027,170,74,0.4892582543568261,9,10,8.915543556213379,14.2,147096,0,54.3515625,32,36,False,cuda:0,io,617,False,measured,2026-09-14 16:58:44,ok,1.5737674120093594,3.335377759960185,3.3252551733278755,3.2185077432156945,
PatchTST,ILI,24,san_lite,2021,PatchTST__ILI__h24__san_lite__s2021,3.2441969927619487,1.2398261019495689,170,74,0.6416496954369268,7,10,9.765386581420898,14.0,147096,0,54.3515625,32,36,False,cuda:0,io,617,False,measured,2026-09-14 17:01:09,ok,1.9181663160564522,3.515820577498577,3.689285176808761,3.853516003264099,
PatchTST,ILI,36,fredf,2021,PatchTST__ILI__h36__fredf__s2021,2.8389047872165083,1.134632995863001,158,62,0.4226878957753296,8,10,9.592175483703613,14.2,153252,0,54.42529296875,32,36,False,cuda:0,loss,605,False,measured,2026-09-14 16:58:44,ok,2.332002148466319,3.363359233234598,2.7178549549056026,2.942402886223405,
PatchTST,ILI,36,none,2021,PatchTST__ILI__h36__none__s2021,2.79630050674509,1.1190119446916755,158,62,0.4088551589176707,8,10,8.681654930114746,14.2,153252,0,54.45556640625,32,36,False,cuda:0,io,605,False,measured,2026-09-14 16:58:19,ok,2.2546463840477724,3.2374101508111632,2.7450901328116166,2.9480551355019715,
PatchTST,ILI,36,san_lite,2021,PatchTST__ILI__h36__san_lite__s2021,3.4340441372108574,1.2757583075506707,158,62,0.5673182146157354,9,10,8.618474006652832,12.2,153252,0,54.45556640625,32,36,False,cuda:0,io,605,False,measured,2026-09-14 17:00:53,ok,2.549853570733847,3.970802483415901,4.106854892337517,3.1086655329910657,
PatchTST,ILI,48,fredf,2021,PatchTST__ILI__h48__fredf__s2021,2.8558566397650136,1.150804354175585,146,50,0.4092506771995908,9,10,8.876442909240723,13.3,159408,0,54.51904296875,32,36,False,cuda:0,loss,593,False,measured,2026-09-14 16:59:08,ok,3.031774497856444,2.962661876292767,2.356141720577073,3.072848548316831,
PatchTST,ILI,48,none,2021,PatchTST__ILI__h48__none__s2021,2.7366874679893898,1.1056824526752589,146,50,0.37436062767392114,7,10,8.399486541748047,13.8,159408,0,54.5595703125,32,36,False,cuda:0,io,593,False,measured,2026-09-14 16:58:19,ok,2.800234920280243,2.808078935701553,2.2762939194332756,3.0621419739894282,
PatchTST,ILI,48,san_lite,2021,PatchTST__ILI__h48__san_lite__s2021,3.301995503225905,1.2382889938603332,146,50,0.4676818121047247,9,10,9.802460670471191,14.0,159408,0,54.5595703125,32,36,False,cuda:0,io,593,False,measured,2026-09-14 17:01:09,ok,3.0705684001198486,4.089554567081977,2.9748807196047906,3.072978481310144,
PatchTST,ILI,60,fredf,2021,PatchTST__ILI__h60__fredf__s2021,2.894061257607054,1.1638502694396322,134,38,0.4800661933153195,7,10,9.486198425292969,13.9,165564,0,54.61279296875,32,36,False,cuda:0,loss,581,False,measured,2026-09-14 16:58:44,ok,3.2446584586310907,2.741531632619287,2.175146025635286,3.414908826512145,
PatchTST,ILI,60,none,2021,PatchTST__ILI__h60__none__s2021,2.7481051598869493,1.1142600075098836,134,38,0.43901037536468124,7,10,8.736252784729004,14.3,165564,0,54.66357421875,32,36,False,cuda:0,io,581,False,measured,2026-09-14 16:58:19,ok,2.9270246976135295,2.6178476180433807,2.101225620071856,3.346322859579057,
PatchTST,ILI,60,san_lite,2021,PatchTST__ILI__h60__san_lite__s2021,3.1920408941620027,1.2181242313127443,134,38,0.5232747013407543,7,10,9.449124336242676,13.2,165564,0,54.66357421875,32,36,False,cuda:0,io,581,False,measured,2026-09-14 17:00:44,ok,3.299813003919611,3.9072879362885806,2.1406622701616427,3.4204011408759074,
PatchTST,Weather,192,fredf,2021,PatchTST__Weather__h192__fredf__s2021,0.2408153633808006,0.27915066368618,10348,5079,0.5738169748493703,3,7,12.894392013549805,180.8,429888,0,163.06787109375,32,96,False,cuda:0,loss,36600,False,measured,2026-09-14 18:35:58,ok,0.161498224212822,0.2252016710449746,0.2608913281689353,0.31567023548567397,
PatchTST,Weather,192,none,2021,PatchTST__Weather__h192__none__s2021,0.22971718684383302,0.2618293826104808,10348,5079,0.5188555763024386,8,10,13.731956481933594,291.7,429888,0,163.5595703125,32,96,False,cuda:0,io,36600,False,measured,2026-09-14 18:29:29,ok,0.1470386115854517,0.22346816701211067,0.2486905088514908,0.2996714648134467,
PatchTST,Weather,192,san_lite,2021,PatchTST__Weather__h192__san_lite__s2021,0.23248848119976528,0.2671652243550047,10348,5079,0.5232872057655951,9,10,17.1816349029541,335.6,429888,0,163.5595703125,32,96,False,cuda:0,io,36600,False,measured,2026-09-14 20:11:34,ok,0.15207874545126512,0.22224967723617803,0.2509156777991602,0.3047098259659024,
PatchTST,Weather,336,fredf,2021,PatchTST__Weather__h336__fredf__s2021,0.2948667345577914,0.316433961321951,10204,4935,0.6753658921788595,0,4,13.735651969909668,112.6,651216,0,166.01904296875,32,96,False,cuda:0,loss,36456,False,measured,2026-09-14 18:43:00,ok,0.191599142250207,0.27579204486072695,0.33753955538623936,0.3745361937375386,
PatchTST,Weather,336,none,2021,PatchTST__Weather__h336__none__s2021,0.2853135528670384,0.3018522718602756,10204,4935,0.6101345136110422,5,9,14.843940734863281,278.9,651216,0,166.8798828125,32,96,False,cuda:0,io,36456,False,measured,2026-09-14 18:32:27,ok,0.18191108845171605,0.2609982258348197,0.33254827389785946,0.365796619075405,
PatchTST,Weather,336,san_lite,2021,PatchTST__Weather__h336__san_lite__s2021,0.286485897844214,0.3051013744047452,10204,4935,0.611251645558529,6,10,21.274089813232422,424.5,651216,0,166.8798828125,32,96,False,cuda:0,io,36456,False,measured,2026-09-14 20:58:18,ok,0.18201986261224548,0.26099118592087445,0.3358264274667427,0.36710611965295886,
PatchTST,Weather,720,fredf,2021,PatchTST__Weather__h720__fredf__s2021,0.37059253820757765,0.3662947798720218,9820,4551,0.8169382681625441,0,4,16.13438129425049,128.0,1241424,0,176.17919921875,32,96,False,cuda:0,loss,36072,False,measured,2026-09-14 19:07:10,ok,0.2381654019776685,0.36028094717181414,0.4232980504906161,0.4606257367221703,
PatchTST,Weather,720,none,2021,PatchTST__Weather__h720__none__s2021,0.3609733355996562,0.3506278143298116,9820,4551,0.7354393683026813,7,10,17.122626304626465,342.9,1241424,0,177.9580078125,32,96,False,cuda:0,io,36072,False,measured,2026-09-14 18:50:35,ok,0.22217843177840785,0.35032513929480386,0.41783149406310527,0.4535582650432692,
PatchTST,Weather,720,revin,2021,PatchTST__Weather__h720__revin__s2021,0.36097958666673063,0.35061162215977204,9820,4551,0.7354248507545001,7,10,15.995621681213379,326.6,1241424,0,178.0146484375,32,96,False,cuda:0,io,36072,False,measured,2026-09-14 18:59:54,ok,0.22217884310003583,0.35032782057066186,0.4178416413967925,0.4535700394635848,
PatchTST,Weather,720,san_lite,2021,PatchTST__Weather__h720__san_lite__s2021,0.3616134042897822,0.3536818968701845,9820,4551,0.7425599552441524,6,10,18.57614517211914,376.4,1241424,0,178.0146484375,32,96,False,cuda:0,io,36072,False,measured,2026-09-14 21:09:54,ok,0.2218456549228017,0.35262712885533704,0.4176034004221262,0.4543774364213725,
PatchTST,Weather,96,fredf,2021,PatchTST__Weather__h96__fredf__s2021,0.18790359788924466,0.2348430956799195,10444,5175,0.47777111497213115,7,10,13.887166976928711,273.3,282336,0,159.89794921875,32,96,False,cuda:0,loss,36696,False,measured,2026-09-14 18:34:16,ok,0.12336842265343632,0.1874421990548504,0.20852762747004264,0.23227614198078483,
PatchTST,Weather,96,none,2021,PatchTST__Weather__h96__none__s2021,0.1846913361785197,0.22466231289064015,10444,5175,0.44851187930133807,7,10,12.6420259475708,262.4,282336,0,160.1435546875,32,96,False,cuda:0,io,36696,False,measured,2026-09-14 18:26:11,ok,0.10999332578745097,0.18480723905047944,0.21279037269644396,0.23117441027825883,
PatchTST,Weather,96,revin,2021,PatchTST__Weather__h96__revin__s2021,0.18468635976954098,0.22464777065743996,10444,5175,0.44850355584895113,7,10,13.198018074035645,273.8,282336,0,160.1435546875,32,96,False,cuda:0,io,36696,False,measured,2026-09-14 18:27:32,ok,0.1099844712124448,0.18479641814052958,0.21278689948156324,0.23117765116898714,
PatchTST,Weather,96,san_lite,2021,PatchTST__Weather__h96__san_lite__s2021,0.18624171662350775,0.23006852864994456,10444,5175,0.4554200508159213,5,9,15.139937400817871,276.2,282336,0,160.1435546875,32,96,False,cuda:0,io,36696,False,measured,2026-09-14 19:49:09,ok,0.11648107113583019,0.18599173746858186,0.2132263883385681,0.22926766932761447,
TimesNet,ETTh1,192,fredf,2021,TimesNet__ETTh1__h192__fredf__s2021,0.4631185593427966,0.4595899162906545,2689,2689,1.0603189550292809,9,10,452.764630317688,1745.5,4717479,0,3312.8330078125,32,96,False,cuda:0,loss,8353,False,measured,2026-09-12 18:26:16,ok,0.372960368656696,0.45053098201795255,0.49190297156563306,0.537079918768273,
TimesNet,ETTh1,192,none,2021,TimesNet__ETTh1__h192__none__s2021,0.5186905553277622,0.4786532180512675,2689,2689,1.0218839595564793,2,6,1131.0189962387085,1900.5,4717479,0,3313.65283203125,32,96,False,cuda:0,io,8353,False,measured,2026-09-12 20:10:56,ok,0.4274305027499355,0.5143589571226349,0.5370995069304642,0.5958732533867627,
TimesNet,ETTh1,192,san_lite,2021,TimesNet__ETTh1__h192__san_lite__s2021,0.5183151284264632,0.4773804030737335,2689,2689,1.0116786173500443,4,8,478.118896484375,1789.3,4717479,0,3309.02978515625,32,96,False,cuda:0,io,8353,False,measured,2026-09-12 18:34:39,ok,0.38504365219123277,0.5024872815960179,0.5595726480436024,0.6261569184484121,
TimesNet,ETTh1,336,fredf,2021,TimesNet__ETTh1__h336__fredf__s2021,0.4978204177092313,0.47427082406667237,2545,2545,1.3485225209619702,9,10,1434.3773126602173,3504.9,4731447,0,3370.69091796875,32,96,False,cuda:0,loss,8209,False,measured,2026-09-12 22:23:41,ok,0.40184359501341255,0.4924755152822689,0.5445690806030584,0.552393496710301,
TimesNet,ETTh1,336,none,2021,TimesNet__ETTh1__h336__none__s2021,0.5285453833808204,0.503687761385098,2545,2545,1.3262720489104287,3,7,744.8916435241699,1637.4,4731447,0,3371.6806640625,32,96,False,cuda:0,io,8209,False,measured,2026-09-12 20:15:08,ok,0.40093852738329877,0.5009865556234135,0.5970932045340811,0.6151632549000435,
TimesNet,ETTh1,336,san_lite,2021,TimesNet__ETTh1__h336__san_lite__s2021,0.5652513251586243,0.5096831941350337,2545,2545,1.3268731641569937,8,10,509.43851470947266,1631.1,4731447,0,3369.9228515625,32,96,False,cuda:0,io,8209,False,measured,2026-09-12 19:32:41,ok,0.4121479529978101,0.5517612135101384,0.6484813009614149,0.648614813618271,
TimesNet,ETTh1,720,fredf,2021,TimesNet__ETTh1__h720__fredf__s2021,0.5486599098265472,0.5155143199757103,2161,2161,1.6605518645835629,9,10,2340.76988697052,6729.2,4768695,0,3554.6484375,32,96,False,cuda:0,loss,7825,False,measured,2026-09-13 00:16:06,ok,0.4969782711128747,0.5381962116976666,0.5394023945601212,0.6200627594953538,
TimesNet,ETTh1,720,none,2021,TimesNet__ETTh1__h720__none__s2021,0.6712003112507391,0.5781925595065942,2161,2161,1.6729501907002196,3,7,5880.682945251465,10967.3,4768695,0,3554.17724609375,32,96,False,cuda:0,io,7825,False,measured,2026-09-13 15:52:15,ok,0.46580698091088585,0.6220891436320203,0.7010434856941427,0.8958616423487614,
TimesNet,ETTh1,720,revin,2021,TimesNet__ETTh1__h720__revin__s2021,0.6670483224670016,0.5770050909820006,2161,2161,1.676510638744739,3,7,5821.925163269043,10856.1,4768695,0,3554.17724609375,32,96,False,cuda:0,io,7825,False,measured,2026-09-13 17:08:55,ok,0.46437398602017654,0.6203181851109214,0.6957994263078792,0.8877016812410804,
TimesNet,ETTh1,720,san_lite,2021,TimesNet__ETTh1__h720__san_lite__s2021,0.6509146266758574,0.54598464051815,2161,2161,1.6527539574656795,3,7,5683.9834451675415,10512.8,4768695,0,3555.67529296875,32,96,False,cuda:0,io,7825,False,measured,2026-09-13 09:43:40,ok,0.4889726131996634,0.6378920748759463,0.6674604060588701,0.8093334215321277,
TimesNet,ETTh1,96,fredf,2021,TimesNet__ETTh1__h96__fredf__s2021,0.39788949181608146,0.4127637095621348,2785,2785,0.7428665845590015,7,10,372.6153373718262,1184.3,4708167,0,694.42333984375,32,96,False,cuda:0,loss,8449,False,measured,2026-09-12 17:27:35,ok,0.3269590057994455,0.3899134464549916,0.4232299321288646,0.4514555756770207,
TimesNet,ETTh1,96,none,2021,TimesNet__ETTh1__h96__none__s2021,0.3989240653210953,0.4170124029169493,2785,2785,0.731793126662878,1,5,426.62322521209717,679.5,4708167,0,692.6455078125,32,96,False,cuda:0,io,8449,False,measured,2026-09-12 17:22:20,ok,0.32793075489841295,0.38626012627891776,0.4250073023677392,0.45649806705670626,
TimesNet,ETTh1,96,revin,2021,TimesNet__ETTh1__h96__revin__s2021,0.39887892747624487,0.416988155113547,2785,2785,0.731850713149517,1,5,427.67882347106934,692.5,4708167,0,692.6455078125,32,96,False,cuda:0,io,8449,False,measured,2026-09-12 17:19:48,ok,0.3279040852136578,0.38621379050889654,0.42494568373777675,0.4564521351606711,
TimesNet,ETTh1,96,san_lite,2021,TimesNet__ETTh1__h96__san_lite__s2021,0.4221613765996043,0.42342103247338,2785,2785,0.7268142031718291,2,6,421.156644821167,806.9,4708167,0,691.6298828125,32,96,False,cuda:0,io,8449,False,measured,2026-09-12 18:11:48,ok,0.35528525758422874,0.41472737893530337,0.44655216183853225,0.4720807175504245,
TimesNet,ETTh2,192,fredf,2021,TimesNet__ETTh2__h192__fredf__s2021,0.38679758876566867,0.3993256443647001,2689,2689,0.2897167426542689,1,5,400.6326198577881,844.0,4717479,0,3307.47265625,32,96,False,cuda:0,loss,8353,False,measured,2026-09-12 18:40:35,ok,0.2537086643555675,0.3662129081542247,0.4416292936465323,0.48563947139308544,
TimesNet,ETTh2,192,none,2021,TimesNet__ETTh2__h192__none__s2021,0.4169773118424883,0.4199971060871172,2689,2689,0.3028699621500399,1,5,3068.366527557373,4345.0,4717479,0,3307.46435546875,32,96,False,cuda:0,io,8353,False,measured,2026-09-13 06:48:12,ok,0.2658850800526342,0.3945274825332854,0.47991079215364274,0.5275858987074153,
TimesNet,ETTh2,192,san_lite,2021,TimesNet__ETTh2__h192__san_lite__s2021,0.39493287927582676,0.40355040814316745,2689,2689,0.2900318472273394,0,4,499.5845556259155,1103.0,4717479,0,3307.13916015625,32,96,False,cuda:0,io,8353,False,measured,2026-09-13 03:13:50,ok,0.26664345915345,0.36912486747631057,0.43760907455855796,0.5063541251486207,
TimesNet,ETTh2,336,fredf,2021,TimesNet__ETTh2__h336__fredf__s2021,0.45154258548873255,0.4499341809300157,2545,2545,0.39973643870497916,2,6,601.0429859161377,1108.0,4731447,0,3372.60302734375,32,96,False,cuda:0,loss,8209,False,measured,2026-09-12 20:33:49,ok,0.3145394274381737,0.4442430147205664,0.5142062052357668,0.5331816861992199,
TimesNet,ETTh2,336,none,2021,TimesNet__ETTh2__h336__none__s2021,0.4732444250397083,0.4611750490597915,2545,2545,0.4208466058674514,0,4,6317.927360534668,6501.5,4731447,0,3369.8291015625,32,96,False,cuda:0,io,8209,False,measured,2026-09-13 14:07:45,ok,0.3324295366676945,0.47698254654666655,0.5283061403194722,0.5552594970650204,
TimesNet,ETTh2,336,san_lite,2021,TimesNet__ETTh2__h336__san_lite__s2021,0.4739509178020806,0.44676231218174894,2545,2545,0.3811096848066646,3,7,845.5904722213745,1838.2,4731447,0,3365.9990234375,32,96,False,cuda:0,io,8209,False,measured,2026-09-12 21:25:04,ok,0.2905362285362642,0.47275199440084736,0.5593985876906978,0.5731168682021455,
TimesNet,ETTh2,720,fredf,2021,TimesNet__ETTh2__h720__fredf__s2021,0.4873957592355786,0.4783277574234904,2161,2161,0.6552340164902437,0,4,2571.7920064926147,2889.1,4768695,0,3552.716796875,32,96,False,cuda:0,loss,7825,False,measured,2026-09-12 23:11:26,ok,0.3691682436013295,0.46357684555488576,0.46154543438376516,0.6552925061494131,
TimesNet,ETTh2,720,none,2021,TimesNet__ETTh2__h720__none__s2021,0.484552830128236,0.47889236904452026,2161,2161,0.6493822657403429,0,4,2012.2276544570923,2729.0,4768695,0,3541.14404296875,32,96,False,cuda:0,io,7825,False,measured,2026-09-12 23:57:11,ok,0.38108980371497037,0.4698206227030066,0.4707165846945096,0.6165843160562067,
TimesNet,ETTh2,720,san_lite,2021,TimesNet__ETTh2__h720__san_lite__s2021,0.5079981654457537,0.49456195107407747,2161,2161,0.6043051763873739,0,4,1932.6260089874268,2364.0,4768695,0,3555.01123046875,32,96,False,cuda:0,io,7825,False,measured,2026-09-13 00:36:51,ok,0.34680951273241767,0.48362821634970016,0.5114605818872652,0.6900943340668209,
TimesNet,ETTh2,96,fredf,2021,TimesNet__ETTh2__h96__fredf__s2021,0.31155416236388905,0.354017408800969,2785,2785,0.24598467843679522,1,5,406.1845541000366,640.2,4708167,0,696.90771484375,32,96,False,cuda:0,loss,8449,False,measured,2026-09-12 18:04:35,ok,0.20144003572593264,0.2932294320967693,0.35313690154792293,0.3984102886410604,
TimesNet,ETTh2,96,none,2021,TimesNet__ETTh2__h96__none__s2021,0.3380624094202629,0.37550607363138383,2785,2785,0.2544338966380065,1,5,448.7135410308838,712.8,4708167,0,695.6611328125,32,96,False,cuda:0,io,8449,False,measured,2026-09-12 17:31:53,ok,0.2239414327634844,0.31704868549990445,0.38208056787089256,0.4291789613381975,
TimesNet,ETTh2,96,san_lite,2021,TimesNet__ETTh2__h96__san_lite__s2021,0.32300146196585,0.3585174164466698,2785,2785,0.22977336537810467,1,5,304.81231212615967,497.7,4708167,0,697.4580078125,32,96,False,cuda:0,io,8449,False,measured,2026-09-12 17:56:57,ok,0.227272841279341,0.304601295050283,0.36114589525777624,0.3989858025249746,
TimesNet,ETTm1,192,fredf,2021,TimesNet__ETTm1__h192__fredf__s2021,0.3912676366163032,0.39706675611242737,11329,11329,0.5165894452454324,1,5,694.6377754211426,4239.3,4717543,0,3311.04931640625,32,96,False,cuda:0,loss,34273,False,measured,2026-09-13 05:25:11,ok,0.3214365854696644,0.37115701103786475,0.4366527727084048,0.43582418069428014,
TimesNet,ETTm1,192,none,2021,TimesNet__ETTm1__h192__none__s2021,0.38688117876782374,0.39943371689191487,11329,11329,0.5199186977034699,0,4,775.3516435623169,3706.3,4717543,0,3310.994140625,32,96,False,cuda:0,io,34273,False,measured,2026-09-13 06:27:14,ok,0.3288889928865301,0.3677490322003196,0.42726897409229864,0.4236177218366713,
TimesNet,ETTm1,192,san_lite,2021,TimesNet__ETTm1__h192__san_lite__s2021,0.38666620647616784,0.40871056266958383,11329,11329,0.5100980508376038,0,4,623.2833862304688,3594.0,4717543,0,3309.30859375,32,96,False,cuda:0,io,34273,False,measured,2026-09-13 04:13:56,ok,0.3425603804573161,0.3669062721024265,0.43236292531603143,0.4048352518675447,
TimesNet,ETTm1,336,fredf,2021,TimesNet__ETTm1__h336__fredf__s2021,0.3982594802281664,0.4077546413765551,11185,11185,0.6607997034167936,0,4,1260.596752166748,5907.6,4731511,0,3375.6630859375,32,96,False,cuda:0,loss,34129,False,measured,2026-09-13 13:15:46,ok,0.33531818255101997,0.39251064906290634,0.4175908623934116,0.44761822823423747,
TimesNet,ETTm1,336,none,2021,TimesNet__ETTm1__h336__none__s2021,0.4316473543673134,0.42646014979737423,11185,11185,0.666490906709619,0,4,1100.0568866729736,5571.3,4731511,0,3377.20751953125,32,96,False,cuda:0,io,34129,False,measured,2026-09-13 11:16:45,ok,0.3533613027857001,0.4286406780687178,0.45454371445575703,0.49004372931687806,
TimesNet,ETTm1,336,san_lite,2021,TimesNet__ETTm1__h336__san_lite__s2021,0.42407070106074185,0.4330175456361719,11185,11185,0.6588461368181884,0,4,1141.5762901306152,5536.2,4731511,0,3371.67626953125,32,96,False,cuda:0,io,34129,False,measured,2026-09-13 12:49:15,ok,0.3620490619341402,0.4231853503956062,0.4417453268656427,0.46930306877402184,
TimesNet,ETTm1,720,fredf,2021,TimesNet__ETTm1__h720__fredf__s2021,0.5079954676052142,0.4633001148264582,10801,10801,0.9577385349662656,1,5,1526.008129119873,9824.5,4768759,0,3555.85498046875,32,96,False,cuda:0,loss,33745,False,measured,2026-09-13 18:36:13,ok,0.3903171955813436,0.4974405250531125,0.5525679044195015,0.5916562428596014,
TimesNet,ETTm1,720,none,2021,TimesNet__ETTm1__h720__none__s2021,0.5193320221755835,0.4702219384569082,10801,10801,0.9610902442585508,0,4,2333.7628841400146,12261.4,4768759,0,3544.9697265625,32,96,False,cuda:0,io,33745,False,measured,2026-09-13 23:08:51,ok,0.3891199595177372,0.5054921531273332,0.5734016202365525,0.60931435905879,
TimesNet,ETTm1,96,fredf,2021,TimesNet__ETTm1__h96__fredf__s2021,0.33877983074877877,0.3731139781761507,11425,11425,0.3958658990306483,0,4,530.5160284042358,2660.1,4708231,0,696.66845703125,32,96,False,cuda:0,loss,34369,False,measured,2026-09-13 01:57:37,ok,0.26828660168279284,0.3650842680385154,0.3668639260431721,0.3548845269887276,
TimesNet,ETTm1,96,none,2021,TimesNet__ETTm1__h96__none__s2021,0.33648195792998425,0.3751000594337545,11425,11425,0.39050844303106064,0,4,537.7064943313599,2713.6,4708231,0,696.89111328125,32,96,False,cuda:0,io,34369,False,measured,2026-09-13 01:28:21,ok,0.2651333068901081,0.3574183672525255,0.3648687794653341,0.35850737783035797,
TimesNet,ETTm1,96,san_lite,2021,TimesNet__ETTm1__h96__san_lite__s2021,0.3504568372374464,0.3873752920093717,11425,11425,0.40667031411666527,0,4,565.2316808700562,2750.1,4708231,0,691.23681640625,32,96,False,cuda:0,io,34369,False,measured,2026-09-13 02:21:07,ok,0.28754590956493625,0.38314236239802346,0.3660509239080189,0.3650881507426323,
TimesNet,ETTm2,192,fredf,2021,TimesNet__ETTm2__h192__fredf__s2021,0.2522869686248826,0.30292377619679633,11329,11329,0.1658924889326305,2,6,679.1932582855225,4881.8,4717543,0,3313.17431640625,32,96,False,cuda:0,loss,34273,False,measured,2026-09-13 05:35:34,ok,0.1469458067602197,0.2224244706739759,0.29577883004108435,0.34399876356548803,
TimesNet,ETTm2,192,none,2021,TimesNet__ETTm2__h192__none__s2021,0.2638865096219444,0.31287125860903814,11329,11329,0.17268595419646024,1,5,816.6599273681641,5116.5,4717543,0,3311.384765625,32,96,False,cuda:0,io,34273,False,measured,2026-09-13 07:52:45,ok,0.15306675595689143,0.23753636650235102,0.3149039187059554,0.3500389982193867,
TimesNet,ETTm2,192,san_lite,2021,TimesNet__ETTm2__h192__san_lite__s2021,0.2691686984718642,0.31861128833784974,11329,11329,0.18319206098665608,0,4,1423.2842922210693,6891.1,4717543,0,3310.8974609375,32,96,False,cuda:0,io,34273,False,measured,2026-09-13 15:10:50,ok,0.1632381689149416,0.2455762504388662,0.31366783980886154,0.35419253598678946,
TimesNet,ETTm2,336,fredf,2021,TimesNet__ETTm2__h336__fredf__s2021,0.3096415649045445,0.33890020408596844,11185,11185,0.20963247823183181,2,6,1081.7134380340576,8089.2,4731511,0,3379.6708984375,32,96,False,cuda:0,loss,34129,False,measured,2026-09-13 11:37:03,ok,0.17493682092016588,0.29466478743676605,0.364260990782197,0.4047036584829109,
TimesNet,ETTm2,336,none,2021,TimesNet__ETTm2__h336__none__s2021,0.31732347361546037,0.3457224592679187,11185,11185,0.21714499205086873,1,5,2626.394271850586,14765.0,4731511,0,3373.84228515625,32,96,False,cuda:0,io,34129,False,measured,2026-09-13 22:42:34,ok,0.1824616715535631,0.30378657901901435,0.37397721601360007,0.4090684377750061,
TimesNet,ETTm2,336,san_lite,2021,TimesNet__ETTm2__h336__san_lite__s2021,0.3208664704067491,0.3481606361610707,11185,11185,0.22082976455509598,0,4,1082.6928615570068,6046.0,4731511,0,3369.88916015625,32,96,False,cuda:0,io,34129,False,measured,2026-09-13 10:24:14,ok,0.1867125186237918,0.3064112056911199,0.3737761871407456,0.4165659684325666,
TimesNet,ETTm2,720,fredf,2021,TimesNet__ETTm2__h720__fredf__s2021,0.4164510781091388,0.3992285238340246,10801,10801,0.28114042380139975,0,4,1550.652265548706,7846.7,4768759,0,3555.31591796875,32,96,False,cuda:0,loss,33745,False,measured,2026-09-13 17:21:51,ok,0.25539619562502947,0.4018554412746626,0.45828124101751117,0.5502714272611173,
TimesNet,ETTm2,720,none,2021,TimesNet__ETTm2__h720__none__s2021,0.48446216631491856,0.4348020227673795,10801,10801,0.2780076572317534,4,8,1701.1133432388306,16989.7,4768759,0,3555.8759765625,32,96,False,cuda:0,io,33745,False,measured,2026-09-13 22:05:13,ok,0.27151627399602374,0.46547349433487245,0.5608079047577638,0.6400509919955149,
TimesNet,ETTm2,720,san_lite,2021,TimesNet__ETTm2__h720__san_lite__s2021,0.42809425788460165,0.40980678389400627,10801,10801,0.29091098189417536,0,4,1778.2832384109497,9305.8,4768759,0,3547.4697265625,32,96,False,cuda:0,io,33745,False,measured,2026-09-13 19:44:15,ok,0.2605564476404924,0.4179715041279393,0.48035223717411407,0.5534968373985929,
TimesNet,ETTm2,96,fredf,2021,TimesNet__ETTm2__h96__fredf__s2021,0.17850675172578223,0.25722267061642734,11425,11425,0.12305311855679069,1,5,552.5745153427124,3440.4,4708231,0,698.6689453125,32,96,False,cuda:0,loss,34369,False,measured,2026-09-13 02:55:12,ok,0.10779003491412664,0.16788055032195506,0.20716718823238592,0.23118923466151498,
TimesNet,ETTm2,96,none,2021,TimesNet__ETTm2__h96__none__s2021,0.18777436915245901,0.2651614950994309,11425,11425,0.12811535739595598,1,5,529.6181440353394,3402.2,4708231,0,697.46923828125,32,96,False,cuda:0,io,34369,False,measured,2026-09-13 01:13:04,ok,0.11267409598509566,0.17391557527549306,0.21824897980503213,0.2462588315949774,
TimesNet,ETTm2,96,san_lite,2021,TimesNet__ETTm2__h96__san_lite__s2021,0.19094673719383273,0.26693246378157803,11425,11425,0.1371693007538837,0,4,572.029709815979,2846.8,4708231,0,690.6171875,32,96,False,cuda:0,io,34369,False,measured,2026-09-13 03:08:49,ok,0.12111329549458315,0.17830314734449337,0.21941250104419488,0.2449580057145929,
TimesNet,Electricity,192,fredf,2021,TimesNet__Electricity__h192__fredf__s2021,0.24199670434315507,0.32362246049501625,5069,2441,0.20957817058847897,7,10,128.26180458068848,1822.8,4798177,0,295.63623046875,16,96,True,cuda:0,loss,18125,False,measured,2026-09-12 19:05:19,ok,0.2284402826098566,0.2415118173912136,0.23048619608278006,0.26754852107699206,
TimesNet,Electricity,192,none,2021,TimesNet__Electricity__h192__none__s2021,0.1933281527185516,0.29471599387443737,5069,2441,0.1623021236881273,9,10,129.03594970703125,1866.3,4798177,0,287.376953125,16,96,True,cuda:0,io,18125,False,measured,2026-09-12 19:00:43,ok,0.1631597750024981,0.19104652332897865,0.2014369127623358,0.21766939903917107,
TimesNet,Electricity,192,san_lite,2021,TimesNet__Electricity__h192__san_lite__s2021,0.20244191947352522,0.30178266520016694,5069,2441,0.16945406896392917,9,10,163.43152523040771,2283.0,4798177,0,288.1630859375,16,96,True,cuda:0,io,18125,False,measured,2026-09-12 19:39:04,ok,0.1713891193006214,0.20337146549742643,0.20881078979050738,0.22619630376309544,
TimesNet,Electricity,336,fredf,2021,TimesNet__Electricity__h336__fredf__s2021,0.2613478995565247,0.3407176517364382,4925,2297,0.22301109928626195,4,8,201.58040523529053,2109.2,4812145,0,322.8095703125,16,96,True,cuda:0,loss,17981,False,measured,2026-09-12 20:46:26,ok,0.23734229769018347,0.2345523220526741,0.29409062405818553,0.27940635530934543,
TimesNet,Electricity,336,none,2021,TimesNet__Electricity__h336__none__s2021,0.21030060449795066,0.31078522273682074,4925,2297,0.18023878331390047,9,10,203.95076274871826,2785.5,4812145,0,320.10791015625,16,96,True,cuda:0,io,17981,False,measured,2026-09-12 20:19:28,ok,0.17350297474794413,0.19471363806918318,0.23186519461459504,0.24112061490914022,
TimesNet,Electricity,336,san_lite,2021,TimesNet__Electricity__h336__san_lite__s2021,0.2601507620355059,0.33970126623992736,4925,2297,0.22380093171682108,2,6,201.29990577697754,1604.6,4812145,0,318.93115234375,16,96,True,cuda:0,io,17981,False,measured,2026-09-12 20:46:31,ok,0.238176091388007,0.22960422962377422,0.29816393823845067,0.2746587903820772,
TimesNet,Electricity,720,fredf,2021,TimesNet__Electricity__h720__fredf__s2021,0.29554502517694065,0.36670825262469575,4541,1913,0.2499551931608475,9,10,268.21744441986084,3568.4,4849393,0,434.291015625,16,96,True,cuda:0,loss,17597,False,measured,2026-09-12 22:23:00,ok,0.2384209645761019,0.282893704541641,0.3141105683271669,0.3467548588665272,
TimesNet,Electricity,720,none,2021,TimesNet__Electricity__h720__none__s2021,0.2969414725505069,0.3690917842389661,4541,1913,0.24919801894368512,2,6,277.6622772216797,2179.7,4849393,0,427.7568359375,16,96,True,cuda:0,io,17597,False,measured,2026-09-12 21:23:11,ok,0.23913894690831788,0.28395949810228194,0.3155439694178376,0.3491234755416659,
TimesNet,Electricity,720,san_lite,2021,TimesNet__Electricity__h720__san_lite__s2021,0.2976307339506579,0.3674713669421994,4541,1913,0.2511373181269436,4,8,266.56150817871094,2792.0,4849393,0,444.3310546875,16,96,True,cuda:0,io,17597,False,measured,2026-09-12 21:57:44,ok,0.23867550879744776,0.2850023160277159,0.3171569481412827,0.34968816469762765,
TimesNet,Electricity,96,fredf,2021,TimesNet__Electricity__h96__fredf__s2021,0.18304047980894972,0.28298399429750853,5165,2537,0.15146060300590589,9,10,124.7246265411377,1808.5,4788865,0,262.93505859375,16,96,True,cuda:0,loss,18221,False,measured,2026-09-12 17:58:05,ok,0.16241459509602196,0.18216294118900075,0.19360152918491816,0.19398285509650523,
TimesNet,Electricity,96,none,2021,TimesNet__Electricity__h96__none__s2021,0.17837564511718024,0.2826257527759463,5165,2537,0.1508991206194051,8,10,130.17237186431885,1867.1,4788865,0,267.3388671875,16,96,True,cuda:0,io,18221,False,measured,2026-09-12 17:53:43,ok,0.1584430799164351,0.177253794186523,0.1867295040288648,0.19107620606884587,
TimesNet,Electricity,96,san_lite,2021,TimesNet__Electricity__h96__san_lite__s2021,0.1833427255095337,0.28633086307478534,5165,2537,0.15104859477225382,9,10,116.89603328704834,1668.8,4788865,0,266.7666015625,16,96,True,cuda:0,io,18221,False,measured,2026-09-12 19:08:45,ok,0.1590695483866936,0.1802555832270855,0.19350232450096563,0.2005434450252991,
TimesNet,Exchange,192,fredf,2021,TimesNet__Exchange__h192__fredf__s2021,0.2127897575190464,0.3299089580879192,1326,569,0.21515931619421808,1,5,626.075029373169,603.1,4717672,0,3305.91455078125,32,96,False,cuda:0,loss,5024,False,measured,2026-09-12 17:10:49,ok,0.07410808070855428,0.16508018676905162,0.25713936646378566,0.3548314088694245,
TimesNet,Exchange,192,none,2021,TimesNet__Exchange__h192__none__s2021,0.21051407148036122,0.33221345405712865,1326,569,0.2420407883521752,0,4,975.6711721420288,614.8,4717672,0,3307.1953125,32,96,False,cuda:0,io,5024,False,measured,2026-09-12 17:48:29,ok,0.07820367958333929,0.16403661444389891,0.25246154713220126,0.34735445164859496,
TimesNet,Exchange,192,san_lite,2021,TimesNet__Exchange__h192__san_lite__s2021,0.21467544206606795,0.3328184275965166,1326,569,0.2221470013234653,8,10,1260.306715965271,2316.8,4717672,0,3311.9736328125,32,96,False,cuda:0,io,5024,False,measured,2026-09-12 19:47:37,ok,0.06921971585885318,0.16428065990964527,0.26162397119419367,0.36357742166657014,
TimesNet,Exchange,336,fredf,2021,TimesNet__Exchange__h336__fredf__s2021,0.38500371577516684,0.45454156789702055,1182,425,0.3019008159904587,2,6,883.8835954666138,1038.6,4731640,0,3365.9423828125,32,96,False,cuda:0,loss,4880,False,measured,2026-09-12 18:29:20,ok,0.10669649220569626,0.28288438572042474,0.4665511343173425,0.6838828665629448,
TimesNet,Exchange,336,none,2021,TimesNet__Exchange__h336__none__s2021,0.4016915489555164,0.46876798510964474,1182,425,0.34440398657021404,1,5,1604.315996170044,1450.6,4731640,0,3370.17041015625,32,96,False,cuda:0,io,4880,False,measured,2026-09-12 21:10:50,ok,0.13268318652822136,0.3037757427550882,0.4834168148760196,0.6868904304296923,
TimesNet,Exchange,336,san_lite,2021,TimesNet__Exchange__h336__san_lite__s2021,0.4152553479357006,0.4694002640352041,1182,425,0.35363841337316176,2,6,1389.9530172348022,1274.8,4731640,0,3370.69970703125,32,96,False,cuda:0,io,4880,False,measured,2026-09-12 22:19:12,ok,0.11993210139246069,0.315930185881106,0.51081757717319,0.7143415298645179,
TimesNet,Exchange,720,fredf,2021,TimesNet__Exchange__h720__fredf__s2021,1.054425346270407,0.7888594183075962,798,41,1.0766584360179539,3,7,1122.0976114273071,1210.7,4768888,0,3562.41357421875,32,96,False,cuda:0,loss,4496,False,measured,2026-09-12 20:54:11,ok,0.3096694157063853,0.7639629582315061,1.2863726507651376,1.8576963140519007,
TimesNet,Exchange,720,none,2021,TimesNet__Exchange__h720__none__s2021,1.1051953750478627,0.8058942777271956,798,41,0.9685115493733062,0,4,2666.8866872787476,1681.6,4768888,0,3555.6240234375,32,96,False,cuda:0,io,4496,False,measured,2026-09-12 22:47:28,ok,0.3533826262292026,0.8000349233024999,1.3581973477015419,1.9091665943563234,
TimesNet,Exchange,720,san_lite,2021,TimesNet__Exchange__h720__san_lite__s2021,0.9851275629666615,0.7602748937774123,798,41,1.1138924285971374,3,7,3239.27104473114,3135.8,4768888,0,3547.6474609375,32,96,False,cuda:0,io,4496,False,measured,2026-09-12 23:39:57,ok,0.26780307756301686,0.7004715884795796,1.2176007970366693,1.7546348078076273,
TimesNet,Exchange,96,fredf,2021,TimesNet__Exchange__h96__fredf__s2021,0.1066095690407554,0.23491051473139152,1422,665,0.14976325214357306,1,5,496.01149559020996,444.1,4708360,0,695.84619140625,32,96,False,cuda:0,loss,5120,False,measured,2026-09-12 17:08:02,ok,0.04062868340532097,0.07569026176988436,0.12304997883922215,0.1870693520481702,
TimesNet,Exchange,96,none,2021,TimesNet__Exchange__h96__none__s2021,0.11401304989647988,0.2420722753074993,1422,665,0.168229099264121,0,4,580.5618762969971,416.3,4708360,0,698.09619140625,32,96,False,cuda:0,io,5120,False,measured,2026-09-12 17:07:35,ok,0.04824527996372602,0.08623309566107117,0.13419260815627773,0.18738121323399262,
TimesNet,Exchange,96,san_lite,2021,TimesNet__Exchange__h96__san_lite__s2021,0.10688841896218086,0.23300860624496667,1422,665,0.14966331328963278,2,6,331.3940763473511,359.3,4708360,0,693.39111328125,32,96,False,cuda:0,io,5120,False,measured,2026-09-12 17:38:04,ok,0.0424899842980437,0.07930150965252254,0.12438800583859454,0.1813741757141918,
TimesNet,ILI,24,fredf,2021,TimesNet__ILI__h24__fredf__s2021,2.881189973548013,1.0766256807898942,170,74,0.5602289050088732,8,10,243.3004379272461,60.3,4691635,0,307.40283203125,32,36,False,cuda:0,loss,617,False,measured,2026-09-12 16:56:44,ok,2.2107570119264746,3.1580798199864666,3.1588328225272044,2.997090552834903,
TimesNet,ILI,24,none,2021,TimesNet__ILI__h24__none__s2021,2.736632975944284,1.0663464030631784,170,74,0.49306023596489906,9,10,246.18053436279297,60.6,4691635,0,307.4228515625,32,36,False,cuda:0,io,617,False,measured,2026-09-12 16:56:44,ok,2.058074212808903,2.993192719745369,3.0230110649301225,2.8722537695192827,
TimesNet,ILI,24,san_lite,2021,TimesNet__ILI__h24__san_lite__s2021,3.5210463579963234,1.2648166603067008,170,74,0.7374559890963089,9,10,233.56199264526367,63.5,4691635,0,307.4228515625,32,36,False,cuda:0,io,617,False,measured,2026-09-12 16:59:12,ok,2.4364100950438767,3.4871545027617974,4.002706715239197,4.157914573605321,
TimesNet,ILI,36,fredf,2021,TimesNet__ILI__h36__fredf__s2021,2.9990324143403404,1.1328568936639793,158,62,0.45716925883256526,5,9,271.9423770904541,56.8,4692079,0,314.22216796875,32,36,False,cuda:0,loss,605,False,measured,2026-09-12 16:56:40,ok,3.181668519734235,3.3573448690085232,2.711216479533883,2.7458999278149214,
TimesNet,ILI,36,none,2021,TimesNet__ILI__h36__none__s2021,2.994868987675338,1.1475353765995453,158,62,0.41303559052779376,6,10,283.23638439178467,66.2,4692079,0,314.25244140625,32,36,False,cuda:0,io,605,False,measured,2026-09-12 16:58:00,ok,2.9582202950466674,3.1684065181279197,2.864487466932852,2.988361157062233,
TimesNet,ILI,36,san_lite,2021,TimesNet__ILI__h36__san_lite__s2021,3.6844384559599157,1.3151180243573564,158,62,0.6444299622675851,8,10,278.37181091308594,60.1,4692079,0,167.92431640625,32,36,False,cuda:0,io,605,False,measured,2026-09-12 17:00:29,ok,2.949953364731917,4.210937731472488,4.130197749215482,3.4466647201210043,
TimesNet,ILI,48,fredf,2021,TimesNet__ILI__h48__fredf__s2021,3.0233787740668827,1.1276589509947814,146,50,0.42739176432291665,9,10,285.90643405914307,66.3,4692523,0,317.9482421875,32,36,False,cuda:0,loss,593,False,measured,2026-09-12 16:58:00,ok,3.8064238491668,2.9866164139649953,2.222868409564273,3.07760616197978,
TimesNet,ILI,48,none,2021,TimesNet__ILI__h48__none__s2021,2.9082369670631523,1.0957212802715264,146,50,0.3822422136579241,8,10,285.34793853759766,62.8,4692523,0,317.98876953125,32,36,False,cuda:0,io,593,False,measured,2026-09-12 16:57:56,ok,3.4557887685120074,2.8793559369897817,2.2173796427926438,3.080423590877207,
TimesNet,ILI,48,san_lite,2021,TimesNet__ILI__h48__san_lite__s2021,3.625422906346828,1.2536758253641247,146,50,0.5134657214936756,9,10,278.27203273773193,62.3,4692523,0,317.95751953125,32,36,False,cuda:0,io,593,False,measured,2026-09-12 17:00:25,ok,3.6154284075981487,4.499320772373824,3.328724055218681,3.0582182178758597,
TimesNet,ILI,60,fredf,2021,TimesNet__ILI__h60__fredf__s2021,2.9914247644311924,1.1040587858350546,134,38,0.5271562848772321,9,10,273.55945110321045,66.7,4692967,0,322.67431640625,32,36,False,cuda:0,loss,581,False,measured,2026-09-12 16:59:15,ok,3.884829437266704,2.6645432776564304,2.010663283455855,3.4056631287532064,
TimesNet,ILI,60,none,2021,TimesNet__ILI__h60__none__s2021,2.7608137639092485,1.0642670523637394,134,38,0.44821084388216637,9,10,279.15966510772705,67.4,4692967,0,322.72509765625,32,36,False,cuda:0,io,581,False,measured,2026-09-12 16:59:16,ok,3.3298583084247437,2.475093127822063,1.9175229002756686,3.32078109123051,
TimesNet,ILI,60,san_lite,2021,TimesNet__ILI__h60__san_lite__s2021,3.7091790107775853,1.292061751093861,134,38,0.6186428136992873,9,10,303.25591564178467,63.8,4692967,0,322.94384765625,32,36,False,cuda:0,io,581,False,measured,2026-09-12 17:00:33,ok,4.014117996118217,4.6745117117008075,2.416956165045309,3.7311301979005296,
TimesNet,Weather,192,fredf,2021,TimesNet__Weather__h192__fredf__s2021,0.21789424240246466,0.2577248242456685,10348,5079,0.4784258696894315,3,7,703.3734321594238,6149.4,4721141,0,3308.35693359375,32,96,False,cuda:0,loss,36600,False,measured,2026-09-13 06:55:53,ok,0.13875662099770655,0.19737183528977542,0.2405875421227893,0.29486097868573385,
TimesNet,Weather,192,none,2021,TimesNet__Weather__h192__none__s2021,0.2195354767197258,0.26315215714396295,10348,5079,0.48387897988963124,1,5,583.0044746398926,3914.1,4721141,0,3309.0966796875,32,96,False,cuda:0,io,36600,False,measured,2026-09-13 04:14:16,ok,0.14764697676616326,0.1985408210714842,0.23779317321008522,0.2941609427122866,
TimesNet,Weather,192,san_lite,2021,TimesNet__Weather__h192__san_lite__s2021,0.22751679136295777,0.26540772237479343,10348,5079,0.4933863711877875,1,5,633.601188659668,4249.8,4721141,0,3304.9091796875,32,96,False,cuda:0,io,36600,False,measured,2026-09-13 05:13:07,ok,0.14654366811131989,0.20321342990128488,0.2507698395381658,0.3095402320607749,
TimesNet,Weather,336,fredf,2021,TimesNet__Weather__h336__fredf__s2021,0.28118191810226323,0.30195619386135647,10204,4935,0.5769232865438053,1,5,1043.0421829223633,6425.8,4735109,0,3371.53125,32,96,False,cuda:0,loss,36456,False,measured,2026-09-13 08:43:14,ok,0.17271362919758526,0.25611513812928405,0.3238935550936176,0.37200534726638673,
TimesNet,Weather,336,none,2021,TimesNet__Weather__h336__none__s2021,0.2763630517382898,0.30147318473469664,10204,4935,0.5689224785447783,0,4,1056.4262866973877,5339.2,4735109,0,3377.73583984375,32,96,False,cuda:0,io,36456,False,measured,2026-09-13 09:21:58,ok,0.17376892947937517,0.24934596761345423,0.31691576138579275,0.3654215534853938,
TimesNet,Weather,336,san_lite,2021,TimesNet__Weather__h336__san_lite__s2021,0.2842364980130779,0.30489031309168874,10204,4935,0.5897415572026049,1,5,1077.268123626709,6879.2,4735109,0,3366.12841796875,32,96,False,cuda:0,io,36456,False,measured,2026-09-13 12:19:08,ok,0.1735568706339048,0.25804495122225857,0.33446794479065967,0.3708762251023631,
TimesNet,Weather,96,fredf,2021,TimesNet__Weather__h96__fredf__s2021,0.16512971929314657,0.21288835142484558,10444,5175,0.4004256376786134,2,6,502.9858350753784,3769.2,4711829,0,695.7265625,32,96,False,cuda:0,loss,36696,False,measured,2026-09-13 02:31:26,ok,0.11158663355439158,0.16041018261209303,0.18211856190807016,0.20640349814567552,
TimesNet,Weather,96,none,2021,TimesNet__Weather__h96__none__s2021,0.16868581385320663,0.21747042197286226,10444,5175,0.4115789786965448,2,6,450.9330987930298,3477.0,4711829,0,695.20654296875,32,96,False,cuda:0,io,36696,False,measured,2026-09-13 01:35:04,ok,0.11439758605827614,0.16543945412240751,0.18641054411571914,0.20849567087083853,
TimesNet,Weather,96,revin,2021,TimesNet__Weather__h96__revin__s2021,0.16854051859429414,0.2171884280962046,10444,5175,0.41127685228617916,2,6,478.6168336868286,3762.1,4711829,0,695.98779296875,32,96,False,cuda:0,io,36696,False,measured,2026-09-13 00:42:55,ok,0.11411446885683947,0.16514793364577132,0.18644758383208004,0.20845208519646932,
TimesNet,Weather,96,san_lite,2021,TimesNet__Weather__h96__san_lite__s2021,0.17393670482101767,0.2188501068323208,10444,5175,0.41305961857525064,4,8,526.9631147384644,5420.8,4711829,0,691.9873046875,32,96,False,cuda:0,io,36696,False,measured,2026-09-13 04:02:02,ok,0.1151994449335645,0.16880389407820548,0.19395638036202165,0.21778710231227624,
iTransformer,ETTh1,192,fredf,2021,iTransformer__ETTh1__h192__fredf__s2021,0.42827595527666623,0.4245531675985269,2689,2689,0.9894158260947566,3,7,18.149375915527344,60.0,4883136,0,130.69482421875,32,96,False,cuda:0,loss,8353,False,measured,2026-09-14 17:28:01,ok,0.33327480210886723,0.41813164435595684,0.4579435688330656,0.5037538007347174,
iTransformer,ETTh1,192,none,2021,iTransformer__ETTh1__h192__none__s2021,0.44136864232646267,0.4388344671366967,2689,2689,0.9886792494396188,1,5,18.160581588745117,43.6,4883136,0,130.8583984375,32,96,False,cuda:0,io,8353,False,measured,2026-09-14 17:23:40,ok,0.34360626874418904,0.43083051118746596,0.4709571380674095,0.5200806577774569,
iTransformer,ETTh1,192,san_lite,2021,iTransformer__ETTh1__h192__san_lite__s2021,0.4819169949124864,0.4558229657347969,2689,2689,1.0080124291760775,2,6,20.786523818969727,58.6,4883136,0,130.8583984375,32,96,False,cuda:0,io,8353,False,measured,2026-09-14 17:33:39,ok,0.3668710624972931,0.46258291839382903,0.518802449628997,0.5794115379078916,
iTransformer,ETTh1,336,fredf,2021,iTransformer__ETTh1__h336__fredf__s2021,0.4689054035361996,0.4444006034580151,2545,2545,1.273022987897271,6,10,20.28965950012207,92.6,4957008,0,131.82177734375,32,96,False,cuda:0,loss,8209,False,measured,2026-09-14 17:26:49,ok,0.3680767729159287,0.465849607292219,0.5207298297098727,0.5209653973287848,
iTransformer,ETTh1,336,none,2021,iTransformer__ETTh1__h336__none__s2021,0.4956768471639945,0.46600803841075356,2545,2545,1.28507356560702,0,4,17.965078353881836,34.6,4957008,0,132.1083984375,32,96,False,cuda:0,io,8209,False,measured,2026-09-14 17:23:16,ok,0.3838390380689397,0.48159578777571366,0.5596798365215823,0.5575927220505102,
iTransformer,ETTh1,336,san_lite,2021,iTransformer__ETTh1__h336__san_lite__s2021,0.511963075305638,0.47073393012196285,2545,2545,1.2979734947914578,1,5,21.17156982421875,49.5,4957008,0,132.1083984375,32,96,False,cuda:0,io,8209,False,measured,2026-09-14 17:34:46,ok,0.39067877799460937,0.5001502435021248,0.5823883360613717,0.5746349499774097,
iTransformer,ETTh1,720,fredf,2021,iTransformer__ETTh1__h720__fredf__s2021,0.47459832812224556,0.46658406058163565,2161,2161,1.5534362342410646,9,10,20.552635192871094,89.3,5154000,0,135.76513671875,32,96,False,cuda:0,loss,7825,False,measured,2026-09-14 17:26:31,ok,0.4126500542613234,0.4698716317400815,0.4692831549423779,0.5465884721798473,
iTransformer,ETTh1,720,none,2021,iTransformer__ETTh1__h720__none__s2021,0.5217474008688245,0.5005854554700756,2161,2161,1.5574502193637847,0,4,19.02925968170166,34.8,5154000,0,136.3798828125,32,96,False,cuda:0,io,7825,False,measured,2026-09-14 17:21:56,ok,0.43287306058729325,0.507006855783912,0.5245204941039054,0.6225891771409904,
iTransformer,ETTh1,720,revin,2021,iTransformer__ETTh1__h720__revin__s2021,0.5217491554003649,0.5005865780546466,2161,2161,1.557463495988593,0,4,18.667221069335938,34.7,5154000,0,136.3798828125,32,96,False,cuda:0,io,7825,False,measured,2026-09-14 17:22:26,ok,0.4328736442386647,0.50700869511102,0.5245227445764917,0.6225915460174727,
iTransformer,ETTh1,720,san_lite,2021,iTransformer__ETTh1__h720__san_lite__s2021,0.5078599806648616,0.49000428604941126,2161,2161,1.5610809160967236,0,4,21.042704582214355,36.9,5154000,0,136.3798828125,32,96,False,cuda:0,io,7825,False,measured,2026-09-14 17:32:28,ok,0.4282094627689933,0.4961136381264832,0.5059409211884192,0.6011758868248422,
iTransformer,ETTh1,96,fredf,2021,iTransformer__ETTh1__h96__fredf__s2021,0.3792224165577353,0.3985363185227381,2785,2785,0.6770360389142666,8,10,18.161535263061523,84.7,4833888,0,129.94287109375,32,96,False,cuda:0,loss,8449,False,measured,2026-09-14 17:28:41,ok,0.304024184417899,0.37332581886116384,0.4079947777043331,0.43154487925705604,
iTransformer,ETTh1,96,none,2021,iTransformer__ETTh1__h96__none__s2021,0.39719764847750133,0.4143471465820511,2785,2785,0.6786282303660021,1,5,17.796754837036133,42.5,4833888,0,130.0244140625,32,96,False,cuda:0,io,8449,False,measured,2026-09-14 17:24:08,ok,0.319162550035409,0.3876194893547065,0.43035489164073537,0.4516536672316403,
iTransformer,ETTh1,96,revin,2021,iTransformer__ETTh1__h96__revin__s2021,0.39719855567884516,0.41434695702124186,2785,2785,0.6786316516736313,1,5,17.570137977600098,42.0,4833888,0,130.0244140625,32,96,False,cuda:0,io,8449,False,measured,2026-09-14 17:25:04,ok,0.31916340651378,0.38762080715831465,0.4303559031700331,0.45165411264826627,
iTransformer,ETTh1,96,san_lite,2021,iTransformer__ETTh1__h96__san_lite__s2021,0.4088013020134119,0.41440423435662216,2785,2785,0.7131822660905516,3,7,18.810153007507324,61.7,4833888,0,130.0244140625,32,96,False,cuda:0,io,8449,False,measured,2026-09-14 17:32:34,ok,0.32989697091300046,0.40147421813351886,0.43636522326158467,0.46746880473178537,
iTransformer,ETTh2,192,fredf,2021,iTransformer__ETTh2__h192__fredf__s2021,0.3758532988997461,0.3930997361616507,2689,2689,0.2750707175691169,3,7,19.004106521606445,62.6,4883136,0,130.69482421875,32,96,False,cuda:0,loss,8353,False,measured,2026-09-14 17:28:34,ok,0.23323823620522388,0.35791721003179783,0.4197606959113738,0.49249705027573615,
iTransformer,ETTh2,192,none,2021,iTransformer__ETTh2__h192__none__s2021,0.39029166428620476,0.40513209735596295,2689,2689,0.2868091818373061,0,4,18.097996711730957,35.1,4883136,0,130.8583984375,32,96,False,cuda:0,io,8353,False,measured,2026-09-14 17:24:01,ok,0.2665703456046155,0.3692199553347077,0.42793830136394745,0.49743805395107393,
iTransformer,ETTh2,192,san_lite,2021,iTransformer__ETTh2__h192__san_lite__s2021,0.38803162593598695,0.4036924877652122,2689,2689,0.2895246286373128,0,4,21.320462226867676,40.7,4883136,0,130.8583984375,32,96,False,cuda:0,io,8353,False,measured,2026-09-14 17:33:27,ok,0.26247153177555055,0.36323379194168187,0.4293636367798704,0.4970575367025181,
iTransformer,ETTh2,336,fredf,2021,iTransformer__ETTh2__h336__fredf__s2021,0.41099394334627115,0.42513920286772616,2545,2545,0.36425320796467686,2,6,20.02859115600586,55.4,4957008,0,131.82177734375,32,96,False,cuda:0,loss,8209,False,measured,2026-09-14 17:27:02,ok,0.26083161753471745,0.398800623086308,0.4799395338231585,0.504403989810173,
iTransformer,ETTh2,336,none,2021,iTransformer__ETTh2__h336__none__s2021,0.4285814988052794,0.43822372508103496,2545,2545,0.3711746001487991,0,4,18.72420310974121,35.4,4957008,0,132.1083984375,32,96,False,cuda:0,io,8209,False,measured,2026-09-14 17:22:41,ok,0.27583647073434453,0.4180824538115763,0.495253986754882,0.5251530769426608,
iTransformer,ETTh2,336,san_lite,2021,iTransformer__ETTh2__h336__san_lite__s2021,0.42656809597016143,0.4353770427179498,2545,2545,0.3680710113563322,0,4,21.00515365600586,40.3,4957008,0,132.1083984375,32,96,False,cuda:0,io,8209,False,measured,2026-09-14 17:34:22,ok,0.2783500769618118,0.41444122043338555,0.49608980854191403,0.51739127847312,
iTransformer,ETTh2,720,fredf,2021,iTransformer__ETTh2__h720__fredf__s2021,0.4178890251555924,0.43950195384230645,2161,2161,0.6076385661009931,4,8,20.67279815673828,70.7,5154000,0,135.76513671875,32,96,False,cuda:0,loss,7825,False,measured,2026-09-14 17:25:52,ok,0.30462299276363014,0.40872714487680767,0.39366488774890707,0.5645410707768284,
iTransformer,ETTh2,720,none,2021,iTransformer__ETTh2__h720__none__s2021,0.4349385179977062,0.4477072171327896,2161,2161,0.607199089663534,0,4,19.026756286621094,34.7,5154000,0,136.3798828125,32,96,False,cuda:0,io,7825,False,measured,2026-09-14 17:21:56,ok,0.32098882321568245,0.4282218440622764,0.41198436516993175,0.5785590381135751,
iTransformer,ETTh2,720,san_lite,2021,iTransformer__ETTh2__h720__san_lite__s2021,0.48949936095887,0.4635823185742657,2161,2161,0.5901641422716487,4,8,22.349119186401367,78.7,5154000,0,136.3798828125,32,96,False,cuda:0,io,7825,False,measured,2026-09-14 17:35:56,ok,0.35606108566780637,0.4981385767575888,0.4628660923392169,0.6409316997131316,
iTransformer,ETTh2,96,fredf,2021,iTransformer__ETTh2__h96__fredf__s2021,0.29122164214973095,0.34182693556128196,2785,2785,0.21427557013264537,0,4,18.428683280944824,34.7,4833888,0,129.94287109375,32,96,False,cuda:0,loss,8449,False,measured,2026-09-14 17:27:16,ok,0.1811261378791423,0.2860483884962362,0.3326524689096747,0.36505957827324886,
iTransformer,ETTh2,96,none,2021,iTransformer__ETTh2__h96__none__s2021,0.29941963032493124,0.35139625316462353,2785,2785,0.21824473105221312,0,4,17.83287525177002,34.3,4833888,0,130.0244140625,32,96,False,cuda:0,io,8449,False,measured,2026-09-14 17:23:16,ok,0.1906887474196662,0.2990199853038796,0.3401457430108665,0.36782404504390903,
iTransformer,ETTh2,96,san_lite,2021,iTransformer__ETTh2__h96__san_lite__s2021,0.305125618192939,0.35347393994210285,2785,2785,0.22663553111867293,0,4,19.946575164794922,38.1,4833888,0,130.0244140625,32,96,False,cuda:0,io,8449,False,measured,2026-09-14 17:32:29,ok,0.21394038877478674,0.2957938206200481,0.33921708545017043,0.37155117403400234,
iTransformer,ETTm1,192,fredf,2021,iTransformer__ETTm1__h192__fredf__s2021,0.3781058206491044,0.3893746564316011,11329,11329,0.5121105379059133,1,5,23.5140323638916,212.8,4883136,0,133.060546875,32,96,False,cuda:0,loss,34273,False,measured,2026-09-14 18:54:15,ok,0.304842849523562,0.36885082943446434,0.41543222137434843,0.4232973837716303,
iTransformer,ETTm1,192,none,2021,iTransformer__ETTm1__h192__none__s2021,0.385954884515641,0.3983541426779228,11329,11329,0.5164129013930197,0,4,20.847558975219727,151.5,4883136,0,133.22412109375,32,96,False,cuda:0,io,34273,False,measured,2026-09-14 18:37:04,ok,0.31033034644009266,0.3790891744284048,0.42681285720061685,0.4275871529621744,
iTransformer,ETTm1,192,san_lite,2021,iTransformer__ETTm1__h192__san_lite__s2021,0.4055149311635708,0.4196592494385971,11329,11329,0.514986477489898,1,5,21.891355514526367,197.2,4883136,0,133.22412109375,32,96,False,cuda:0,io,34273,False,measured,2026-09-14 19:52:40,ok,0.34038549100668436,0.40150949018115184,0.4504328072097068,0.42973193612574345,
iTransformer,ETTm1,336,fredf,2021,iTransformer__ETTm1__h336__fredf__s2021,0.41165352511387604,0.41167832858200554,11185,11185,0.6529203031955441,6,10,23.488521575927734,427.5,4957008,0,134.1875,32,96,False,cuda:0,loss,34129,False,measured,2026-09-14 18:57:45,ok,0.3297866779295655,0.4042774441570374,0.43633021551,0.4762197632976945,
iTransformer,ETTm1,336,none,2021,iTransformer__ETTm1__h336__none__s2021,0.41925310773013874,0.41931648897178314,11185,11185,0.6582784122166832,0,4,19.620180130004883,138.2,4957008,0,134.47412109375,32,96,False,cuda:0,io,34129,False,measured,2026-09-14 18:41:05,ok,0.3374796726746337,0.4125252216292631,0.44208675538173026,0.4849207881406248,
iTransformer,ETTm1,336,san_lite,2021,iTransformer__ETTm1__h336__san_lite__s2021,0.4404977001072452,0.4393620150706824,11185,11185,0.658883039702037,1,5,25.586724281311035,236.4,4957008,0,134.47412109375,32,96,False,cuda:0,io,34129,False,measured,2026-09-14 20:09:44,ok,0.3600130596006827,0.44125159424656263,0.4644676682166316,0.49625847600616035,
iTransformer,ETTm1,720,fredf,2021,iTransformer__ETTm1__h720__fredf__s2021,0.47758775769477224,0.4474797739823611,10801,10801,0.9815505649680346,5,9,25.299072265625,410.3,5154000,0,138.130859375,32,96,False,cuda:0,loss,33745,False,measured,2026-09-14 19:04:49,ok,0.3639439791469651,0.46766513565619083,0.5218337770026136,0.5569081460074705,
iTransformer,ETTm1,720,none,2021,iTransformer__ETTm1__h720__none__s2021,0.5141235845431483,0.47200618236567415,10801,10801,0.9664618520771886,1,5,22.423744201660156,201.8,5154000,0,138.74560546875,32,96,False,cuda:0,io,33745,False,measured,2026-09-14 18:44:39,ok,0.37763204153943364,0.508687791024388,0.5685460162255664,0.6016284953810637,
iTransformer,ETTm1,720,san_lite,2021,iTransformer__ETTm1__h720__san_lite__s2021,0.5029132651095077,0.47675092739589625,10801,10801,0.9697526522009416,1,5,27.560949325561523,259.1,5154000,0,138.74560546875,32,96,False,cuda:0,io,33745,False,measured,2026-09-14 20:40:53,ok,0.395439829091709,0.496880304486641,0.5439221853200905,0.5754107371872599,
iTransformer,ETTm1,96,fredf,2021,iTransformer__ETTm1__h96__fredf__s2021,0.332627509327696,0.36613261039299033,11425,11425,0.3938372046850343,2,6,21.314620971679688,225.0,4833888,0,132.30859375,32,96,False,cuda:0,loss,34369,False,measured,2026-09-14 18:45:23,ok,0.2237700580395019,0.37164740335989827,0.37598748710079843,0.35910509269611185,
iTransformer,ETTm1,96,none,2021,iTransformer__ETTm1__h96__none__s2021,0.3456848374617476,0.3801471894321758,11425,11425,0.4021907256630121,0,4,21.05081081390381,150.7,4833888,0,132.39013671875,32,96,False,cuda:0,io,34369,False,measured,2026-09-14 18:32:44,ok,0.2352962993312664,0.3730044768040215,0.3963819368944916,0.3780566379649944,
iTransformer,ETTm1,96,san_lite,2021,iTransformer__ETTm1__h96__san_lite__s2021,0.3711231620910206,0.4013300641815004,11425,11425,0.41409236704842356,0,4,23.374438285827637,167.8,4833888,0,132.39013671875,32,96,False,cuda:0,io,34369,False,measured,2026-09-14 20:01:11,ok,0.273554556299169,0.4133394567711532,0.41367598115402976,0.38392265758814564,
iTransformer,ETTm2,192,fredf,2021,iTransformer__ETTm2__h192__fredf__s2021,0.24476484623205616,0.30122879907591604,11329,11329,0.17070271751988064,4,8,22.99630641937256,331.4,4883136,0,133.060546875,32,96,False,cuda:0,loss,34273,False,measured,2026-09-14 18:56:18,ok,0.13872039836648137,0.2175902461660432,0.2914485551527411,0.33130018468988826,
iTransformer,ETTm2,192,none,2021,iTransformer__ETTm2__h192__none__s2021,0.25531252841607455,0.31337863930585236,11329,11329,0.18642780040199344,0,4,19.58918571472168,138.9,4883136,0,133.22412109375,32,96,False,cuda:0,io,34273,False,measured,2026-09-14 18:38:32,ok,0.14876875604859977,0.2308167124829513,0.30087708071144,0.34078756408893945,
iTransformer,ETTm2,192,san_lite,2021,iTransformer__ETTm2__h192__san_lite__s2021,0.25822882632159705,0.315037891729277,11329,11329,0.18164188420333263,0,4,23.139238357543945,165.5,4883136,0,133.22412109375,32,96,False,cuda:0,io,34273,False,measured,2026-09-14 19:50:29,ok,0.15830113091281922,0.2332219739438357,0.30241681967168815,0.33897538268938937,
iTransformer,ETTm2,336,fredf,2021,iTransformer__ETTm2__h336__fredf__s2021,0.30289920117826585,0.33812690304647086,11185,11185,0.21616542069635045,1,5,27.10103988647461,245.9,4957008,0,134.1875,32,96,False,cuda:0,loss,34129,False,measured,2026-09-14 18:50:24,ok,0.17341654937287151,0.2909041938733263,0.3551599794723553,0.39211608585858293,
iTransformer,ETTm2,336,none,2021,iTransformer__ETTm2__h336__none__s2021,0.33255729934564177,0.3636826005822639,11185,11185,0.23456034458824146,3,7,19.240379333496094,239.5,4957008,0,134.47412109375,32,96,False,cuda:0,io,34129,False,measured,2026-09-14 18:40:52,ok,0.18125613483277575,0.3167010923472279,0.3954493907990223,0.4368225859909967,
iTransformer,ETTm2,336,san_lite,2021,iTransformer__ETTm2__h336__san_lite__s2021,0.3184396488731592,0.35406012008939974,11185,11185,0.22907434937572865,0,4,25.06864070892334,186.6,4957008,0,134.47412109375,32,96,False,cuda:0,io,34129,False,measured,2026-09-14 20:13:05,ok,0.192545932929433,0.3094477959851995,0.3710347374524992,0.4007301247401687,
iTransformer,ETTm2,720,fredf,2021,iTransformer__ETTm2__h720__fredf__s2021,0.4088472758937435,0.39969275239082386,10801,10801,0.2892027078258377,0,4,27.724504470825195,196.9,5154000,0,138.130859375,32,96,False,cuda:0,loss,33745,False,measured,2026-09-14 18:59:50,ok,0.2528664897279421,0.3958144464470608,0.44994718561686653,0.536760979690942,
iTransformer,ETTm2,720,none,2021,iTransformer__ETTm2__h720__none__s2021,0.4112600922422835,0.4050883034011631,10801,10801,0.3018901885468286,0,4,23.448705673217773,169.7,5154000,0,138.74560546875,32,96,False,cuda:0,io,33745,False,measured,2026-09-14 18:46:02,ok,0.2534968712726307,0.40119725845639265,0.4557044552446794,0.5346417778313383,
iTransformer,ETTm2,720,san_lite,2021,iTransformer__ETTm2__h720__san_lite__s2021,0.41655827587920263,0.4076079374577149,10801,10801,0.293870117296571,0,4,25.24542808532715,185.5,5154000,0,138.74560546875,32,96,False,cuda:0,io,33745,False,measured,2026-09-14 20:14:53,ok,0.25558353003316314,0.3997308068081217,0.46395793890735587,0.5469608347206676,
iTransformer,ETTm2,96,fredf,2021,iTransformer__ETTm2__h96__fredf__s2021,0.18079358194648718,0.257731754616597,11425,11425,0.127009709425689,3,7,23.354649543762207,290.2,4833888,0,132.30859375,32,96,False,cuda:0,loss,34369,False,measured,2026-09-14 18:50:28,ok,0.10474878158542113,0.17324639681210038,0.2121161442858823,0.23306300886297157,
iTransformer,ETTm2,96,none,2021,iTransformer__ETTm2__h96__none__s2021,0.18033481472840568,0.2628337114458719,11425,11425,0.13480081753096282,0,4,19.301772117614746,138.1,4833888,0,132.39013671875,32,96,False,cuda:0,io,34369,False,measured,2026-09-14 18:35:02,ok,0.11089934527836338,0.17466056017421136,0.20757802438088335,0.22820133379517019,
iTransformer,ETTm2,96,san_lite,2021,iTransformer__ETTm2__h96__san_lite__s2021,0.18965619004044768,0.2695677415522434,11425,11425,0.13302303509475216,0,4,23.487091064453125,168.7,4833888,0,132.39013671875,32,96,False,cuda:0,io,34369,False,measured,2026-09-14 19:42:58,ok,0.12108872509173403,0.1836352818256569,0.21623003972118424,0.237670713555298,
iTransformer,Electricity,192,fredf,2021,iTransformer__Electricity__h192__fredf__s2021,0.17520515864351735,0.2604810175126639,5069,2441,0.15372567024228637,9,10,51.412105560302734,834.2,4883136,0,664.6328125,16,96,True,cuda:0,loss,18125,False,measured,2026-09-14 20:34:49,ok,0.1500766699676954,0.1763480200634139,0.17374756186860332,0.2006483842171711,
iTransformer,Electricity,192,none,2021,iTransformer__Electricity__h192__none__s2021,0.17087192038437193,0.2604397317669234,5069,2441,0.14905144291814934,5,9,46.982645988464355,700.6,4883136,0,667.9970703125,16,96,True,cuda:0,io,18125,False,measured,2026-09-14 20:26:56,ok,0.14213803853178902,0.17120130184773807,0.17290459087102353,0.19724374701023953,
iTransformer,Electricity,192,san_lite,2021,iTransformer__Electricity__h192__san_lite__s2021,0.1819126870083377,0.27076659842062134,5069,2441,0.15878842473032373,7,10,48.02882671356201,782.6,4883136,0,678.478515625,16,96,True,cuda:0,io,18125,False,measured,2026-09-14 21:51:28,ok,0.15699535736160639,0.18559657039167554,0.18023358695663583,0.20482523320113322,
iTransformer,Electricity,336,fredf,2021,iTransformer__Electricity__h336__fredf__s2021,0.19464364164204276,0.27923508317303314,4925,2297,0.1739761657527076,9,10,46.962857246398926,768.4,4957008,0,670.75537109375,16,96,True,cuda:0,loss,17981,False,measured,2026-09-14 20:52:09,ok,0.16047176961073295,0.16587667307053836,0.23409038052070671,0.21813574485521456,
iTransformer,Electricity,336,none,2021,iTransformer__Electricity__h336__none__s2021,0.1873632559677709,0.2781764795013393,4925,2297,0.16684286884681598,9,10,47.315359115600586,781.9,4957008,0,676.86767578125,16,96,True,cuda:0,io,17981,False,measured,2026-09-14 20:40:17,ok,0.15101296661024133,0.163359093354874,0.2223081126018059,0.2127728507829646,
iTransformer,Electricity,336,san_lite,2021,iTransformer__Electricity__h336__san_lite__s2021,0.199800680729975,0.2887871857908684,4925,2297,0.17639637542297887,9,10,45.392394065856934,773.6,4957008,0,691.67578125,16,96,True,cuda:0,io,17981,False,measured,2026-09-14 22:03:05,ok,0.16788840533583124,0.17251998874997063,0.23611712340862084,0.2226772059452963,
iTransformer,Electricity,720,fredf,2021,iTransformer__Electricity__h720__fredf__s2021,0.23946300714523702,0.3152805261281792,4541,1913,0.2138464255211152,9,10,50.61137676239014,924.3,5154000,0,751.72021484375,16,96,True,cuda:0,loss,17597,False,measured,2026-09-14 21:25:09,ok,0.17126869263411443,0.22564976837654174,0.2616846833636665,0.2992488828546255,
iTransformer,Electricity,720,none,2021,iTransformer__Electricity__h720__none__s2021,0.22453692388963475,0.31079399342270103,4541,1913,0.20457896368794914,9,10,52.98781394958496,902.7,5154000,0,725.26123046875,16,96,True,cuda:0,io,17597,False,measured,2026-09-14 21:07:32,ok,0.16341923112794887,0.21315603513520925,0.24390453058011263,0.27766789593816715,
iTransformer,Electricity,720,san_lite,2021,iTransformer__Electricity__h720__san_lite__s2021,0.2362111388338921,0.31906960246491545,4541,1913,0.21512843561838105,6,10,30.641794204711914,661.7,5154000,0,765.07373046875,16,96,True,cuda:0,io,17597,False,measured,2026-09-14 22:22:15,ok,0.17628041853753326,0.2245153031686327,0.2546934340076034,0.2893554013830974,
iTransformer,Electricity,96,fredf,2021,iTransformer__Electricity__h96__fredf__s2021,0.16276018523374602,0.24927786071666105,5165,2537,0.1442841861901062,8,10,44.463515281677246,719.1,4833888,0,658.93408203125,16,96,True,cuda:0,loss,18221,False,measured,2026-09-14 20:25:24,ok,0.12637803659076524,0.178214879014806,0.18401460733490285,0.16243321834730404,
iTransformer,Electricity,96,none,2021,iTransformer__Electricity__h96__none__s2021,0.1579502113248112,0.24906050102821203,5165,2537,0.13938066774297989,8,10,34.581780433654785,568.6,4833888,0,662.326171875,16,96,True,cuda:0,io,18221,False,measured,2026-09-14 20:13:25,ok,0.12209448726610594,0.17014733205053081,0.17804760875770678,0.1615114152070725,
iTransformer,Electricity,96,san_lite,2021,iTransformer__Electricity__h96__san_lite__s2021,0.1718297528760942,0.26222198687236686,5165,2537,0.1511645787345022,9,10,48.30169677734375,769.5,4833888,0,671.14599609375,16,96,True,cuda:0,io,18221,False,measured,2026-09-14 21:49:50,ok,0.13902653402109313,0.1824459546167739,0.1896053632203002,0.17624115909554408,
iTransformer,Exchange,192,fredf,2021,iTransformer__Exchange__h192__fredf__s2021,0.19022678693615053,0.3113908379326039,1326,569,0.21155778050213161,3,7,19.54364776611328,38.2,4883136,0,130.69482421875,32,96,False,cuda:0,loss,5024,False,measured,2026-09-14 17:08:34,ok,0.051647867219964616,0.1377953510785774,0.2365639151105364,0.33490002238088185,
iTransformer,Exchange,192,none,2021,iTransformer__Exchange__h192__none__s2021,0.18858523090740376,0.31181098205351604,1326,569,0.20823896427076324,0,4,21.964192390441895,25.0,4883136,0,130.8818359375,32,96,False,cuda:0,io,5024,False,measured,2026-09-14 17:07:36,ok,0.05087482130043527,0.14095576120378492,0.23546605793100883,0.3270442912110646,
iTransformer,Exchange,192,san_lite,2021,iTransformer__Exchange__h192__san_lite__s2021,0.19286571273017372,0.31520993245672857,1326,569,0.22950461152428134,0,4,21.297693252563477,24.3,4883136,0,130.8818359375,32,96,False,cuda:0,io,5024,False,measured,2026-09-14 17:21:11,ok,0.05670956415679098,0.14411912638134036,0.23793750745326267,0.3326966488399567,
iTransformer,Exchange,336,fredf,2021,iTransformer__Exchange__h336__fredf__s2021,0.3422649794798241,0.42439624410470517,1182,425,0.3393937311252626,4,8,19.652843475341797,42.4,4957008,0,131.82177734375,32,96,False,cuda:0,loss,4880,False,measured,2026-09-14 17:08:33,ok,0.0864442705751803,0.2538148277711498,0.42797989831252387,0.6008209521164778,
iTransformer,Exchange,336,none,2021,iTransformer__Exchange__h336__none__s2021,0.3399042727801045,0.422590001086053,1182,425,0.3435730100145527,0,4,22.36771583557129,24.6,4957008,0,132.1494140625,32,96,False,cuda:0,io,4880,False,measured,2026-09-14 17:06:55,ok,0.08774994140329254,0.2545153235087785,0.4273964230755489,0.5899553997387347,
iTransformer,Exchange,336,san_lite,2021,iTransformer__Exchange__h336__san_lite__s2021,0.3498817158306301,0.4300309622972596,1182,425,0.38719944630684305,0,4,21.46589756011963,23.4,4957008,0,132.1494140625,32,96,False,cuda:0,io,4880,False,measured,2026-09-14 17:22:29,ok,0.08876879315352966,0.2573229473853522,0.43942917364118717,0.614005937768925,
iTransformer,Exchange,720,fredf,2021,iTransformer__Exchange__h720__fredf__s2021,0.8824162507913664,0.7097691824096918,798,41,1.187770671896172,9,10,20.313143730163574,47.3,5154000,0,135.76513671875,32,96,False,cuda:0,loss,4496,False,measured,2026-09-14 17:06:14,ok,0.1997132298002599,0.6087622684162329,1.1119561599941514,1.6092333486902786,
iTransformer,Exchange,720,none,2021,iTransformer__Exchange__h720__none__s2021,0.8616552248269328,0.7030889618931225,798,41,0.8949474386406462,0,4,19.229412078857422,19.4,5154000,0,136.4677734375,32,96,False,cuda:0,io,4496,False,measured,2026-09-14 17:05:36,ok,0.19583348160860134,0.5887808577931715,1.0876057786750315,1.5744008146332222,
iTransformer,Exchange,720,san_lite,2021,iTransformer__Exchange__h720__san_lite__s2021,0.8898023596317182,0.7140404501787238,798,41,0.9607814551045901,1,5,20.27440071105957,24.8,5154000,0,136.4677734375,32,96,False,cuda:0,io,4496,False,measured,2026-09-14 17:21:36,ok,0.20600321245437062,0.6079290597693099,1.114436698929243,1.630840418146899,
iTransformer,Exchange,96,fredf,2021,iTransformer__Exchange__h96__fredf__s2021,0.08816419584450451,0.20870946440627416,1422,665,0.12757655887077923,2,6,19.711852073669434,34.0,4833888,0,129.94287109375,32,96,False,cuda:0,loss,5120,False,measured,2026-09-14 17:09:36,ok,0.028478067246013778,0.06442367445818985,0.10491291436541823,0.15484212435593334,
iTransformer,Exchange,96,none,2021,iTransformer__Exchange__h96__none__s2021,0.11270565535057558,0.238445442045903,1422,665,0.12079334904376726,1,5,19.275188446044922,28.1,4833888,0,130.0361328125,32,96,False,cuda:0,io,5120,False,measured,2026-09-14 17:08:19,ok,0.0304648926211115,0.08061485868855521,0.13969303377713194,0.20004983553710928,
iTransformer,Exchange,96,san_lite,2021,iTransformer__Exchange__h96__san_lite__s2021,0.09559437745734106,0.21820360229320498,1422,665,0.13542340046779852,0,4,19.85323429107666,22.8,4833888,0,130.0361328125,32,96,False,cuda:0,io,5120,False,measured,2026-09-14 17:19:19,ok,0.033583468634877975,0.07055773102602823,0.11344439360372933,0.16479191589232517,
iTransformer,ILI,24,fredf,2021,iTransformer__ILI__h24__fredf__s2021,2.3735478590850403,0.9777575837463892,170,74,0.3134761206431739,9,10,16.88683032989502,14.9,4766232,0,124.26953125,32,36,False,cuda:0,loss,617,False,measured,2026-09-14 17:00:46,ok,1.2527639680215958,2.5657692415039746,2.7356546182926293,2.9400033325708215,
iTransformer,ILI,24,none,2021,iTransformer__ILI__h24__none__s2021,2.294272201067927,0.9563946550299808,170,74,0.26909626650227236,9,10,16.708970069885254,14.5,4766232,0,124.28955078125,32,36,False,cuda:0,io,617,False,measured,2026-09-14 17:00:20,ok,1.176846263789329,2.4955129179967885,2.6573859206768646,2.8473437782095257,
iTransformer,ILI,24,san_lite,2021,iTransformer__ILI__h24__san_lite__s2021,2.4645099885657387,1.0301710454689688,170,74,0.4200302575699304,9,10,16.45839214324951,14.1,4766232,0,124.28955078125,32,36,False,cuda:0,io,617,False,measured,2026-09-14 17:01:45,ok,1.2456539073912036,2.559758480189561,3.0902060821276756,2.9624215497356166,
iTransformer,ILI,36,fredf,2021,iTransformer__ILI__h36__fredf__s2021,2.476569907119625,1.0463863508467073,158,62,0.2835496549904194,0,4,18.018126487731934,6.7,4772388,0,124.36328125,32,36,False,cuda:0,loss,605,False,measured,2026-09-14 16:59:52,ok,1.9600289344595982,2.4940686370561416,2.4042639553199603,3.04791821661258,
iTransformer,ILI,36,none,2021,iTransformer__ILI__h36__none__s2021,2.191627433459539,0.9585761617699229,158,62,0.2622729807832701,9,10,16.19422435760498,14.1,4772388,0,124.3935546875,32,36,False,cuda:0,io,605,False,measured,2026-09-14 16:59:34,ok,1.5060863583016544,2.101655295940918,2.2814949162877753,2.877273103906755,
iTransformer,ILI,36,san_lite,2021,iTransformer__ILI__h36__san_lite__s2021,2.642631372869889,1.0530095666628994,158,62,0.37321970637370794,9,10,17.062783241271973,13.6,4772388,0,124.3935546875,32,36,False,cuda:0,io,605,False,measured,2026-09-14 17:01:20,ok,1.6418202652949416,3.117374541267516,2.979627946114382,2.831702787473256,
iTransformer,ILI,48,fredf,2021,iTransformer__ILI__h48__fredf__s2021,2.309288686813285,0.9798445231916075,146,50,0.2983531697591146,8,10,16.43240451812744,14.1,4778544,0,124.45703125,32,36,False,cuda:0,loss,593,False,measured,2026-09-14 17:00:20,ok,1.983570801224183,2.159634151570718,2.092519697300064,3.0014302078913957,
iTransformer,ILI,48,none,2021,iTransformer__ILI__h48__none__s2021,2.2831737819405373,0.9753131704709923,146,50,0.2845020257859003,9,10,17.030954360961914,14.6,4778544,0,124.49755859375,32,36,False,cuda:0,io,593,False,measured,2026-09-14 16:59:29,ok,1.8493369012896095,2.0463350138007934,2.1356818624671896,3.1013413502045566,
iTransformer,ILI,48,san_lite,2021,iTransformer__ILI__h48__san_lite__s2021,2.6222608035013555,1.0480216686350803,146,50,0.3279606265113467,9,10,17.661690711975098,15.3,4778544,0,124.49755859375,32,36,False,cuda:0,io,593,False,measured,2026-09-14 17:01:36,ok,2.0532570554007914,3.076996705614502,2.247016937221022,3.111772443916933,
iTransformer,ILI,60,fredf,2021,iTransformer__ILI__h60__fredf__s2021,2.4233067884628197,1.0372802040300728,134,38,0.35709877492192393,0,4,16.753673553466797,6.6,4784700,0,124.55078125,32,36,False,cuda:0,loss,581,False,measured,2026-09-14 16:59:52,ok,2.386930103478232,2.1604885597473014,1.8436841930831336,3.3021242338287635,
iTransformer,ILI,60,none,2021,iTransformer__ILI__h60__none__s2021,2.3185476426461444,0.9965441000910625,134,38,0.33780671313293,9,10,16.373157501220703,14.4,4784700,0,124.6015625,32,36,False,cuda:0,io,581,False,measured,2026-09-14 16:59:35,ok,2.0392868478499837,2.1679312507396222,1.9020745213013128,3.164897897011351,
iTransformer,ILI,60,san_lite,2021,iTransformer__ILI__h60__san_lite__s2021,2.6086418840507286,1.0464076971448562,134,38,0.3846035376527256,5,9,17.508625984191895,13.9,4784700,0,124.6015625,32,36,False,cuda:0,io,581,False,measured,2026-09-14 17:01:35,ok,2.457061673498526,2.9201603308584807,1.9135096749940828,3.143836070632121,
iTransformer,Weather,192,fredf,2021,iTransformer__Weather__h192__fredf__s2021,0.22195832795065953,0.25436232562368843,10348,5079,0.5021794805618323,6,10,22.291064262390137,395.2,4883136,0,169.0947265625,32,96,False,cuda:0,loss,36600,False,measured,2026-09-14 19:16:28,ok,0.14115574892573216,0.20966251674405267,0.24390576722461646,0.2931092810463227,
iTransformer,Weather,192,none,2021,iTransformer__Weather__h192__none__s2021,0.22515382372979917,0.2573578702917145,10348,5079,0.5014801784569947,3,7,23.735523223876953,292.1,4883136,0,169.58642578125,32,96,False,cuda:0,io,36600,False,measured,2026-09-14 19:04:59,ok,0.14247175241762736,0.21317802784270004,0.24766799847050347,0.29729752229911405,
iTransformer,Weather,192,san_lite,2021,iTransformer__Weather__h192__san_lite__s2021,0.22511798514039294,0.25952981840050776,10348,5079,0.5083036235468041,3,7,29.788732528686523,372.6,4883136,0,169.58642578125,32,96,False,cuda:0,io,36600,False,measured,2026-09-14 20:52:12,ok,0.14188944281784863,0.21248383503448043,0.24808305828521626,0.2980156036073842,
iTransformer,Weather,336,fredf,2021,iTransformer__Weather__h336__fredf__s2021,0.282053583916193,0.2984101644351783,10204,4935,0.5911665350327536,8,10,23.45728874206543,414.5,4957008,0,169.7216796875,32,96,False,cuda:0,loss,36456,False,measured,2026-09-14 19:22:32,ok,0.1756154203674694,0.259637056852969,0.32844391388418326,0.36451793415615585,
iTransformer,Weather,336,none,2021,iTransformer__Weather__h336__none__s2021,0.2816475699258936,0.2985299766729731,10204,4935,0.5859815225566425,3,7,22.61662483215332,278.2,4957008,0,170.58251953125,32,96,False,cuda:0,io,36456,False,measured,2026-09-14 19:09:51,ok,0.17326443419136142,0.25827801596286865,0.3272995806238306,0.36774823759336156,
iTransformer,Weather,336,san_lite,2021,iTransformer__Weather__h336__san_lite__s2021,0.2865327941069709,0.3031806835292356,10204,4935,0.6014656709912124,3,7,27.329444885253906,342.0,4957008,0,170.58251953125,32,96,False,cuda:0,io,36456,False,measured,2026-09-14 21:09:25,ok,0.17347020693946855,0.2628884083534346,0.3360523617477175,0.37372019488079805,
iTransformer,Weather,720,fredf,2021,iTransformer__Weather__h720__fredf__s2021,0.35939291587930466,0.3501976856882045,9820,4551,0.7288776824425326,7,10,25.823116302490234,453.7,5154000,0,174.1025390625,32,96,False,cuda:0,loss,36072,False,measured,2026-09-14 19:32:50,ok,0.22226117744262255,0.3493555406000372,0.4152788772631205,0.45067606183462317,
iTransformer,Weather,720,none,2021,iTransformer__Weather__h720__none__s2021,0.3594362492814611,0.35010751811164115,9820,4551,0.7244867142748875,3,7,22.814035415649414,286.6,5154000,0,177.50830078125,32,96,False,cuda:0,io,36072,False,measured,2026-09-14 19:18:19,ok,0.21873827460733888,0.3505897424941929,0.4167468640394479,0.45167011086396797,
iTransformer,Weather,720,revin,2021,iTransformer__Weather__h720__revin__s2021,0.3581313823993086,0.349526751081723,9820,4551,0.726982847439847,2,6,23.430824279785156,254.3,5154000,0,176.50634765625,32,96,False,cuda:0,io,36072,False,measured,2026-09-14 19:20:57,ok,0.2180310637091001,0.34933603131530483,0.4154631581770865,0.44969527138535975,
iTransformer,Weather,720,san_lite,2021,iTransformer__Weather__h720__san_lite__s2021,0.3643519476938649,0.35421750460630974,9820,4551,0.7298075373754997,2,6,27.43077278137207,297.1,5154000,0,177.27587890625,32,96,False,cuda:0,io,36072,False,measured,2026-09-14 21:12:45,ok,0.22111005947479248,0.3579028388664606,0.4229894660475167,0.4554054199296967,
iTransformer,Weather,96,fredf,2021,iTransformer__Weather__h96__fredf__s2021,0.17347895482582015,0.21131948197292283,10444,5175,0.4220225141004737,3,7,21.88253402709961,265.9,4833888,0,168.3427734375,32,96,False,cuda:0,loss,36696,False,measured,2026-09-14 19:11:49,ok,0.10902028154955302,0.17259204569829054,0.19546145786229516,0.2168420346896797,
iTransformer,Weather,96,none,2021,iTransformer__Weather__h96__none__s2021,0.17499908963767466,0.21452881827769574,10444,5175,0.42255531539782437,3,7,23.25904369354248,287.8,4833888,0,168.58837890625,32,96,False,cuda:0,io,36696,False,measured,2026-09-14 19:04:50,ok,0.10910021270477367,0.17272950085164837,0.19661286078625773,0.22155378873927437,
iTransformer,Weather,96,revin,2021,iTransformer__Weather__h96__revin__s2021,0.17498901784595755,0.21429108468040575,10444,5175,0.42327228313007564,3,7,22.270798683166504,277.2,4833888,0,168.58837890625,32,96,False,cuda:0,io,36696,False,measured,2026-09-14 19:09:39,ok,0.1088236116780918,0.17233862620737025,0.19663686208187303,0.22215697351966388,
iTransformer,Weather,96,san_lite,2021,iTransformer__Weather__h96__san_lite__s2021,0.1745871418904143,0.21603718548258535,10444,5175,0.4289895200937788,1,5,24.84583854675293,218.4,4833888,0,168.58837890625,32,96,False,cuda:0,io,36696,False,measured,2026-09-14 19:58:42,ok,0.11542355481786555,0.1689979268426791,0.19430827236437956,0.2196188166314599,
