key,backbone,dataset,pred_len,n_test_windows,eval_start,n_eval_windows,feedback_window,delay_ratio,delay_windows,delay_feasible,insufficient,gain_vs_none,gain_vs_best_fixed,gain_vs_best_fixed_test,gain_oracle_vs_none
DLinear__ETTh1__h96__s2021,DLinear,ETTh1,96,2785,192,2593,50,0.0,0,False,False,2.8802355714032597,2.8802355714032597,1.7270883475002692,4.267832932330134
DLinear__ETTh1__h96__s2021,DLinear,ETTh1,96,2785,192,2593,50,0.125,12,False,False,2.114959741615613,2.114959741615613,0.952726049022838,4.267832932330134
DLinear__ETTh1__h96__s2021,DLinear,ETTh1,96,2785,192,2593,50,0.25,24,False,False,1.655203327974442,1.655203327974442,0.48751073795557504,4.267832932330134
DLinear__ETTh1__h96__s2021,DLinear,ETTh1,96,2785,192,2593,50,0.5,48,False,False,1.1755123335827191,1.1755123335827191,0.0021241537756296826,4.267832932330134
DLinear__ETTh1__h96__s2021,DLinear,ETTh1,96,2785,192,2593,50,1.0,96,True,False,0.15187259248575874,0.15187259248575874,-1.0336697284754783,4.267832932330134
DLinear__ETTh1__h96__s2021,DLinear,ETTh1,96,2785,192,2593,50,2.0,192,True,False,-1.9881120443148486,-1.9881120443148486,-3.1990633781339777,4.267832932330134
DLinear__ETTh1__h96__s2021,DLinear,ETTh1,96,2785,192,2593,200,0.0,0,False,False,1.219366710094111,1.219366710094111,0.04649923328530059,4.267832932330134
DLinear__ETTh1__h96__s2021,DLinear,ETTh1,96,2785,192,2593,200,0.125,12,False,False,0.7130717698112565,0.7130717698112565,-0.46580717755968193,4.267832932330134
DLinear__ETTh1__h96__s2021,DLinear,ETTh1,96,2785,192,2593,200,0.25,24,False,False,0.28636270864419244,0.28636270864419244,-0.897582749876089,4.267832932330134
DLinear__ETTh1__h96__s2021,DLinear,ETTh1,96,2785,192,2593,200,0.5,48,False,False,-0.22981720314760068,-0.22981720314760068,-1.4198915010016597,4.267832932330134
DLinear__ETTh1__h96__s2021,DLinear,ETTh1,96,2785,192,2593,200,1.0,96,True,False,-1.178508571265436,-1.178508571265436,-2.3798471140846904,4.267832932330134
DLinear__ETTh1__h96__s2021,DLinear,ETTh1,96,2785,192,2593,200,2.0,192,True,False,-1.7296159552714228,-1.7296159552714228,-2.9374980472197136,4.267832932330134
DLinear__ETTh1__h96__s2021,DLinear,ETTh1,96,2785,192,2593,1000,0.0,0,False,False,1.1262007107604468,1.1262007107604468,-0.04777296841742675,4.267832932330134
DLinear__ETTh1__h96__s2021,DLinear,ETTh1,96,2785,192,2593,1000,0.125,12,False,False,1.0448084920648997,1.0448084920648997,-0.1301315940188009,4.267832932330134
DLinear__ETTh1__h96__s2021,DLinear,ETTh1,96,2785,192,2593,1000,0.25,24,False,False,0.9891644787535974,0.9891644787535974,-0.18643629405905335,4.267832932330134
DLinear__ETTh1__h96__s2021,DLinear,ETTh1,96,2785,192,2593,1000,0.5,48,False,False,0.8890021736837151,0.8890021736837151,-0.28778787182446375,4.267832932330134
DLinear__ETTh1__h96__s2021,DLinear,ETTh1,96,2785,192,2593,1000,1.0,96,True,False,0.6530117745340661,0.6530117745340661,-0.5265802925322196,4.267832932330134
DLinear__ETTh1__h96__s2021,DLinear,ETTh1,96,2785,192,2593,1000,2.0,192,True,False,0.07940752922580281,0.07940752922580281,-1.1069952024563603,4.267832932330134
DLinear__ETTh1__h96__s2021,DLinear,ETTh1,96,2785,192,2593,3000,0.0,0,False,False,1.1735195244493162,1.1735195244493162,0.00010768311119363833,4.267832932330134
DLinear__ETTh1__h96__s2021,DLinear,ETTh1,96,2785,192,2593,3000,0.125,12,False,False,1.1190015856424116,1.1190015856424116,-0.055057572028879315,4.267832932330134
DLinear__ETTh1__h96__s2021,DLinear,ETTh1,96,2785,192,2593,3000,0.25,24,False,False,1.090220865272994,1.090220865272994,-0.08418001900761447,4.267832932330134
DLinear__ETTh1__h96__s2021,DLinear,ETTh1,96,2785,192,2593,3000,0.5,48,False,False,1.0573996349552157,1.0573996349552157,-0.11739095075072793,4.267832932330134
DLinear__ETTh1__h96__s2021,DLinear,ETTh1,96,2785,192,2593,3000,1.0,96,True,False,0.8402983847485583,0.8402983847485583,-0.3370699430416521,4.267832932330134
DLinear__ETTh1__h96__s2021,DLinear,ETTh1,96,2785,192,2593,3000,2.0,192,True,False,0.10180831932228197,0.10180831932228197,-1.0843284375702493,4.267832932330134
DLinear__ETTh1__h96__s2021,DLinear,ETTh1,96,2785,192,2593,1000000000,0.0,0,False,False,1.1735195244493162,1.1735195244493162,0.00010768311119363833,4.267832932330134
DLinear__ETTh1__h96__s2021,DLinear,ETTh1,96,2785,192,2593,1000000000,0.125,12,False,False,1.1190015856424116,1.1190015856424116,-0.055057572028879315,4.267832932330134
DLinear__ETTh1__h96__s2021,DLinear,ETTh1,96,2785,192,2593,1000000000,0.25,24,False,False,1.090220865272994,1.090220865272994,-0.08418001900761447,4.267832932330134
DLinear__ETTh1__h96__s2021,DLinear,ETTh1,96,2785,192,2593,1000000000,0.5,48,False,False,1.0573996349552157,1.0573996349552157,-0.11739095075072793,4.267832932330134
DLinear__ETTh1__h96__s2021,DLinear,ETTh1,96,2785,192,2593,1000000000,1.0,96,True,False,0.8402983847485583,0.8402983847485583,-0.3370699430416521,4.267832932330134
DLinear__ETTh1__h96__s2021,DLinear,ETTh1,96,2785,192,2593,1000000000,2.0,192,True,False,0.10180831932228197,0.10180831932228197,-1.0843284375702493,4.267832932330134
DLinear__ETTh1__h192__s2021,DLinear,ETTh1,192,2689,384,2305,50,0.0,0,False,False,3.7498716250430535,3.7498716250430535,2.878128610754443,4.698914690452149
DLinear__ETTh1__h192__s2021,DLinear,ETTh1,192,2689,384,2305,50,0.125,24,False,False,2.7833206868378655,2.7833206868378655,1.9028235644502807,4.698914690452149
DLinear__ETTh1__h192__s2021,DLinear,ETTh1,192,2689,384,2305,50,0.25,48,False,False,1.7235577789242638,1.7235577789242638,0.8334623222032754,4.698914690452149
DLinear__ETTh1__h192__s2021,DLinear,ETTh1,192,2689,384,2305,50,0.5,96,False,False,-0.10986887096251129,-0.10986887096251129,-1.0165697795538915,4.698914690452149
DLinear__ETTh1__h192__s2021,DLinear,ETTh1,192,2689,384,2305,50,1.0,192,True,False,-1.910745712167162,-1.910745712167162,-2.8337572671173556,4.698914690452149
DLinear__ETTh1__h192__s2021,DLinear,ETTh1,192,2689,384,2305,50,2.0,384,True,False,0.6197749175272782,0.6197749175272782,-0.28031756480770076,4.698914690452149
DLinear__ETTh1__h192__s2021,DLinear,ETTh1,192,2689,384,2305,200,0.0,0,False,False,1.298715170594754,1.298715170594754,0.40477188964499533,4.698914690452149
DLinear__ETTh1__h192__s2021,DLinear,ETTh1,192,2689,384,2305,200,0.125,24,False,False,0.230276031032745,0.230276031032745,-0.6733441653853992,4.698914690452149
DLinear__ETTh1__h192__s2021,DLinear,ETTh1,192,2689,384,2305,200,0.25,48,False,False,-0.3974163360641692,-0.3974163360641692,-1.306721578781757,4.698914690452149
DLinear__ETTh1__h192__s2021,DLinear,ETTh1,192,2689,384,2305,200,0.5,96,False,False,-1.5060717423498808,-1.5060717423498808,-2.4254181416040903,4.698914690452149
DLinear__ETTh1__h192__s2021,DLinear,ETTh1,192,2689,384,2305,200,1.0,192,True,False,-2.3922240088838134,-2.3922240088838134,-3.3195963407886016,4.698914690452149
DLinear__ETTh1__h192__s2021,DLinear,ETTh1,192,2689,384,2305,200,2.0,384,True,False,1.2286521034152569,1.2286521034152569,0.33407425718850003,4.698914690452149
DLinear__ETTh1__h192__s2021,DLinear,ETTh1,192,2689,384,2305,1000,0.0,0,False,False,0.7291265687453495,0.7291265687453495,-0.16997550932046396,4.698914690452149
DLinear__ETTh1__h192__s2021,DLinear,ETTh1,192,2689,384,2305,1000,0.125,24,False,False,0.5676592027271152,0.5676592027271152,-0.33290529466985636,4.698914690452149
DLinear__ETTh1__h192__s2021,DLinear,ETTh1,192,2689,384,2305,1000,0.25,48,False,False,0.4390986799370364,0.4390986799370364,-0.4626301975968525,4.698914690452149
DLinear__ETTh1__h192__s2021,DLinear,ETTh1,192,2689,384,2305,1000,0.5,96,False,False,0.2735814043867702,0.2735814043867702,-0.6296465727446062,4.698914690452149
DLinear__ETTh1__h192__s2021,DLinear,ETTh1,192,2689,384,2305,1000,1.0,192,True,False,0.24558541023744246,0.24558541023744246,-0.6578961282422645,4.698914690452149
DLinear__ETTh1__h192__s2021,DLinear,ETTh1,192,2689,384,2305,1000,2.0,384,True,False,0.6517126548862229,0.6517126548862229,-0.24809056550277314,4.698914690452149
DLinear__ETTh1__h192__s2021,DLinear,ETTh1,192,2689,384,2305,3000,0.0,0,False,False,0.8997296319976353,0.8997296319976353,0.002172715804510936,4.698914690452149
DLinear__ETTh1__h192__s2021,DLinear,ETTh1,192,2689,384,2305,3000,0.125,24,False,False,0.8312846144629581,0.8312846144629581,-0.06689221223736347,4.698914690452149
DLinear__ETTh1__h192__s2021,DLinear,ETTh1,192,2689,384,2305,3000,0.25,48,False,False,0.7485027300452466,0.7485027300452466,-0.1504238570000135,4.698914690452149
DLinear__ETTh1__h192__s2021,DLinear,ETTh1,192,2689,384,2305,3000,0.5,96,False,False,0.6686156039379326,0.6686156039379326,-0.23103452545777875,4.698914690452149
DLinear__ETTh1__h192__s2021,DLinear,ETTh1,192,2689,384,2305,3000,1.0,192,True,False,0.5355054104610096,0.5355054104610096,-0.36535030570381305,4.698914690452149
DLinear__ETTh1__h192__s2021,DLinear,ETTh1,192,2689,384,2305,3000,2.0,384,True,False,0.9648067609431427,0.9648067609431427,0.06783925209425791,4.698914690452149
DLinear__ETTh1__h192__s2021,DLinear,ETTh1,192,2689,384,2305,1000000000,0.0,0,False,False,0.8997296319976353,0.8997296319976353,0.002172715804510936,4.698914690452149
DLinear__ETTh1__h192__s2021,DLinear,ETTh1,192,2689,384,2305,1000000000,0.125,24,False,False,0.8312846144629581,0.8312846144629581,-0.06689221223736347,4.698914690452149
DLinear__ETTh1__h192__s2021,DLinear,ETTh1,192,2689,384,2305,1000000000,0.25,48,False,False,0.7485027300452466,0.7485027300452466,-0.1504238570000135,4.698914690452149
DLinear__ETTh1__h192__s2021,DLinear,ETTh1,192,2689,384,2305,1000000000,0.5,96,False,False,0.6686156039379326,0.6686156039379326,-0.23103452545777875,4.698914690452149
DLinear__ETTh1__h192__s2021,DLinear,ETTh1,192,2689,384,2305,1000000000,1.0,192,True,False,0.5355054104610096,0.5355054104610096,-0.36535030570381305,4.698914690452149
DLinear__ETTh1__h192__s2021,DLinear,ETTh1,192,2689,384,2305,1000000000,2.0,384,True,False,0.9648067609431427,0.9648067609431427,0.06783925209425791,4.698914690452149
DLinear__ETTh1__h336__s2021,DLinear,ETTh1,336,2545,672,1873,50,0.0,0,False,False,4.239320961531291,4.451295841486482,3.6749729736593886,5.221202952195903
DLinear__ETTh1__h336__s2021,DLinear,ETTh1,336,2545,672,1873,50,0.125,42,False,False,2.6734656375745045,2.888906679190784,2.09988956871731,5.221202952195903
DLinear__ETTh1__h336__s2021,DLinear,ETTh1,336,2545,672,1873,50,0.25,84,False,False,0.8767901508498293,1.0962082953275445,0.29262570473828686,5.221202952195903
DLinear__ETTh1__h336__s2021,DLinear,ETTh1,336,2545,672,1873,50,0.5,168,False,False,-1.7046316283542073,-1.4794992744822513,-2.304009209977845,5.221202952195903
DLinear__ETTh1__h336__s2021,DLinear,ETTh1,336,2545,672,1873,50,1.0,336,True,False,-2.2069104770937735,-1.9806662837932056,-2.809248146934026,5.221202952195903
DLinear__ETTh1__h336__s2021,DLinear,ETTh1,336,2545,672,1873,50,2.0,672,True,False,-1.3056027215919916,-1.081353654111265,-1.9026286995835842,5.221202952195903
DLinear__ETTh1__h336__s2021,DLinear,ETTh1,336,2545,672,1873,200,0.0,0,False,False,2.2496343698590406,2.4660136001243287,1.673560529207263,5.221202952195903
DLinear__ETTh1__h336__s2021,DLinear,ETTh1,336,2545,672,1873,200,0.125,42,False,False,0.6095598965888133,0.8295695792807116,0.023820578015995745,5.221202952195903
DLinear__ETTh1__h336__s2021,DLinear,ETTh1,336,2545,672,1873,200,0.25,84,False,False,-0.5877147660137576,-0.3650548081209428,-1.1805100030862585,5.221202952195903
DLinear__ETTh1__h336__s2021,DLinear,ETTh1,336,2545,672,1873,200,0.5,168,False,False,-2.2574127285752748,-2.031056743996672,-2.8600480241664386,5.221202952195903
DLinear__ETTh1__h336__s2021,DLinear,ETTh1,336,2545,672,1873,200,1.0,336,True,False,0.4436524718027753,0.6640294055084073,-0.14306459173061628,5.221202952195903
DLinear__ETTh1__h336__s2021,DLinear,ETTh1,336,2545,672,1873,200,2.0,672,True,False,-1.9682530849658835,-1.742537181278074,-2.569184271264138,5.221202952195903
DLinear__ETTh1__h336__s2021,DLinear,ETTh1,336,2545,672,1873,1000,0.0,0,False,False,0.41246260215166514,0.6329085774403508,-0.1744382731545369,5.221202952195903
DLinear__ETTh1__h336__s2021,DLinear,ETTh1,336,2545,672,1873,1000,0.125,42,False,False,-0.1345449363164401,0.08711188938042594,-0.7246695001635434,5.221202952195903
DLinear__ETTh1__h336__s2021,DLinear,ETTh1,336,2545,672,1873,1000,0.25,84,False,False,-0.5928318100295563,-0.3701605250993618,-1.1856572034618822,5.221202952195903
DLinear__ETTh1__h336__s2021,DLinear,ETTh1,336,2545,672,1873,1000,0.5,168,False,False,-0.6637954820224063,-0.44096711261867944,-1.2570390868323382,5.221202952195903
DLinear__ETTh1__h336__s2021,DLinear,ETTh1,336,2545,672,1873,1000,1.0,336,True,False,-0.05520638687524166,0.1662748158032573,-0.6448633835414582,5.221202952195903
DLinear__ETTh1__h336__s2021,DLinear,ETTh1,336,2545,672,1873,1000,2.0,672,True,False,-1.017841029953849,-0.7942289488714352,-1.6131711372259225,5.221202952195903
DLinear__ETTh1__h336__s2021,DLinear,ETTh1,336,2545,672,1873,3000,0.0,0,False,False,0.5444179741004076,0.7645718542994475,-0.04170524643772153,5.221202952195903
DLinear__ETTh1__h336__s2021,DLinear,ETTh1,336,2545,672,1873,3000,0.125,42,False,False,-0.5814386464554095,-0.35879258131798586,-1.1741968963690896,5.221202952195903
DLinear__ETTh1__h336__s2021,DLinear,ETTh1,336,2545,672,1873,3000,0.25,84,False,False,-1.4716053102080555,-1.2469887810598943,-2.0696095939907897,5.221202952195903
DLinear__ETTh1__h336__s2021,DLinear,ETTh1,336,2545,672,1873,3000,0.5,168,False,False,-1.3847171042265884,-1.1602929099408925,-1.9822093283131321,5.221202952195903
DLinear__ETTh1__h336__s2021,DLinear,ETTh1,336,2545,672,1873,3000,1.0,336,True,False,0.2813187134581203,0.502054987545246,-0.3063550342885138,5.221202952195903
DLinear__ETTh1__h336__s2021,DLinear,ETTh1,336,2545,672,1873,3000,2.0,672,True,False,-1.4475883311158015,-1.2230249657119987,-2.0454510752398622,5.221202952195903
DLinear__ETTh1__h336__s2021,DLinear,ETTh1,336,2545,672,1873,1000000000,0.0,0,False,False,0.5444179741004076,0.7645718542994475,-0.04170524643772153,5.221202952195903
DLinear__ETTh1__h336__s2021,DLinear,ETTh1,336,2545,672,1873,1000000000,0.125,42,False,False,-0.5814386464554095,-0.35879258131798586,-1.1741968963690896,5.221202952195903
DLinear__ETTh1__h336__s2021,DLinear,ETTh1,336,2545,672,1873,1000000000,0.25,84,False,False,-1.4716053102080555,-1.2469887810598943,-2.0696095939907897,5.221202952195903
DLinear__ETTh1__h336__s2021,DLinear,ETTh1,336,2545,672,1873,1000000000,0.5,168,False,False,-1.3847171042265884,-1.1602929099408925,-1.9822093283131321,5.221202952195903
DLinear__ETTh1__h336__s2021,DLinear,ETTh1,336,2545,672,1873,1000000000,1.0,336,True,False,0.2813187134581203,0.502054987545246,-0.3063550342885138,5.221202952195903
DLinear__ETTh1__h336__s2021,DLinear,ETTh1,336,2545,672,1873,1000000000,2.0,672,True,False,-1.4475883311158015,-1.2230249657119987,-2.0454510752398622,5.221202952195903
DLinear__ETTh1__h720__s2021,DLinear,ETTh1,720,2161,1080,1081,50,0.0,0,False,False,8.61486485001932,7.686511053978279,1.7210512324851428,9.861492425867768
DLinear__ETTh1__h720__s2021,DLinear,ETTh1,720,2161,1080,1081,50,0.125,90,False,False,6.054813453259683,5.100452873638997,-1.032122570359515,9.861492425867768
DLinear__ETTh1__h720__s2021,DLinear,ETTh1,720,2161,1080,1081,50,0.25,180,False,False,5.161689697666428,4.198256145428493,-1.9926208360232227,9.861492425867768
DLinear__ETTh1__h720__s2021,DLinear,ETTh1,720,2161,1080,1081,50,0.5,360,False,False,6.055205325321514,5.100848726609929,-1.0317011366742128,9.861492425867768
DLinear__ETTh1__h720__s2021,DLinear,ETTh1,720,2161,1080,1081,50,1.0,720,True,False,6.302635746437849,5.350792718126114,-0.7656053253531737,9.861492425867768
DLinear__ETTh1__h720__s2021,DLinear,ETTh1,720,2161,1080,1081,50,2.0,1440,True,True,,,,9.861492425867768
DLinear__ETTh1__h720__s2021,DLinear,ETTh1,720,2161,1080,1081,200,0.0,0,False,False,6.226144645008906,5.273524566860146,-0.8478666802898187,9.861492425867768
DLinear__ETTh1__h720__s2021,DLinear,ETTh1,720,2161,1080,1081,200,0.125,90,False,False,5.274479508606514,4.312191753756404,-1.871322508536088,9.861492425867768
DLinear__ETTh1__h720__s2021,DLinear,ETTh1,720,2161,1080,1081,200,0.25,180,False,False,5.968498134395902,5.0132607037009995,-1.1249492514881587,9.861492425867768
DLinear__ETTh1__h720__s2021,DLinear,ETTh1,720,2161,1080,1081,200,0.5,360,False,False,8.155056283538942,7.222031432107505,1.226556121504293,9.861492425867768
DLinear__ETTh1__h720__s2021,DLinear,ETTh1,720,2161,1080,1081,200,1.0,720,True,False,6.461873713360181,5.511648335127134,-0.5943549358087598,9.861492425867768
DLinear__ETTh1__h720__s2021,DLinear,ETTh1,720,2161,1080,1081,200,2.0,1440,True,True,,,,9.861492425867768
DLinear__ETTh1__h720__s2021,DLinear,ETTh1,720,2161,1080,1081,1000,0.0,0,False,False,7.014537399908433,6.069926363991553,0.0,9.861492425867768
DLinear__ETTh1__h720__s2021,DLinear,ETTh1,720,2161,1080,1081,1000,0.125,90,False,False,7.014537399908433,6.069926363991553,0.0,9.861492425867768
DLinear__ETTh1__h720__s2021,DLinear,ETTh1,720,2161,1080,1081,1000,0.25,180,False,False,7.014537399908433,6.069926363991553,0.0,9.861492425867768
DLinear__ETTh1__h720__s2021,DLinear,ETTh1,720,2161,1080,1081,1000,0.5,360,False,False,7.014537399908433,6.069926363991553,0.0,9.861492425867768
DLinear__ETTh1__h720__s2021,DLinear,ETTh1,720,2161,1080,1081,1000,1.0,720,True,False,6.2455570228132675,5.293134149106951,-0.8269898923903494,9.861492425867768
DLinear__ETTh1__h720__s2021,DLinear,ETTh1,720,2161,1080,1081,1000,2.0,1440,True,True,,,,9.861492425867768
DLinear__ETTh1__h720__s2021,DLinear,ETTh1,720,2161,1080,1081,3000,0.0,0,False,False,7.014537399908433,6.069926363991553,0.0,9.861492425867768
DLinear__ETTh1__h720__s2021,DLinear,ETTh1,720,2161,1080,1081,3000,0.125,90,False,False,7.014537399908433,6.069926363991553,0.0,9.861492425867768
DLinear__ETTh1__h720__s2021,DLinear,ETTh1,720,2161,1080,1081,3000,0.25,180,False,False,7.014537399908433,6.069926363991553,0.0,9.861492425867768
DLinear__ETTh1__h720__s2021,DLinear,ETTh1,720,2161,1080,1081,3000,0.5,360,False,False,7.014537399908433,6.069926363991553,0.0,9.861492425867768
DLinear__ETTh1__h720__s2021,DLinear,ETTh1,720,2161,1080,1081,3000,1.0,720,True,False,6.2455570228132675,5.293134149106951,-0.8269898923903494,9.861492425867768
DLinear__ETTh1__h720__s2021,DLinear,ETTh1,720,2161,1080,1081,3000,2.0,1440,True,True,,,,9.861492425867768
DLinear__ETTh1__h720__s2021,DLinear,ETTh1,720,2161,1080,1081,1000000000,0.0,0,False,False,7.014537399908433,6.069926363991553,0.0,9.861492425867768
DLinear__ETTh1__h720__s2021,DLinear,ETTh1,720,2161,1080,1081,1000000000,0.125,90,False,False,7.014537399908433,6.069926363991553,0.0,9.861492425867768
DLinear__ETTh1__h720__s2021,DLinear,ETTh1,720,2161,1080,1081,1000000000,0.25,180,False,False,7.014537399908433,6.069926363991553,0.0,9.861492425867768
DLinear__ETTh1__h720__s2021,DLinear,ETTh1,720,2161,1080,1081,1000000000,0.5,360,False,False,7.014537399908433,6.069926363991553,0.0,9.861492425867768
DLinear__ETTh1__h720__s2021,DLinear,ETTh1,720,2161,1080,1081,1000000000,1.0,720,True,False,6.2455570228132675,5.293134149106951,-0.8269898923903494,9.861492425867768
DLinear__ETTh1__h720__s2021,DLinear,ETTh1,720,2161,1080,1081,1000000000,2.0,1440,True,True,,,,9.861492425867768
DLinear__ETTh2__h96__s2021,DLinear,ETTh2,96,2785,192,2593,50,0.0,0,False,False,20.155531427392653,6.5808489842276305,6.5808489842276305,24.337964039991977
DLinear__ETTh2__h96__s2021,DLinear,ETTh2,96,2785,192,2593,50,0.125,12,False,False,17.627241474407306,3.6227141860128285,3.6227141860128285,24.337964039991977
DLinear__ETTh2__h96__s2021,DLinear,ETTh2,96,2785,192,2593,50,0.25,24,False,False,15.92638074294238,1.6326832124203567,1.6326832124203567,24.337964039991977
DLinear__ETTh2__h96__s2021,DLinear,ETTh2,96,2785,192,2593,50,0.5,48,False,False,13.927722639864808,-0.7057748736336775,-0.7057748736336775,24.337964039991977
DLinear__ETTh2__h96__s2021,DLinear,ETTh2,96,2785,192,2593,50,1.0,96,True,False,10.669555509243377,-4.517876233333535,-4.517876233333535,24.337964039991977
DLinear__ETTh2__h96__s2021,DLinear,ETTh2,96,2785,192,2593,50,2.0,192,True,False,8.856783145437085,-6.638845390484863,-6.638845390484863,24.337964039991977
DLinear__ETTh2__h96__s2021,DLinear,ETTh2,96,2785,192,2593,200,0.0,0,False,False,15.091942284342625,0.6563784818501764,0.6563784818501764,24.337964039991977
DLinear__ETTh2__h96__s2021,DLinear,ETTh2,96,2785,192,2593,200,0.125,12,False,False,13.306622128591563,-1.4324712058391438,-1.4324712058391438,24.337964039991977
DLinear__ETTh2__h96__s2021,DLinear,ETTh2,96,2785,192,2593,200,0.25,24,False,False,11.699813558975995,-3.312459827491163,-3.312459827491163,24.337964039991977
DLinear__ETTh2__h96__s2021,DLinear,ETTh2,96,2785,192,2593,200,0.5,48,False,False,10.361275025124002,-4.8785687348431965,-4.8785687348431965,24.337964039991977
DLinear__ETTh2__h96__s2021,DLinear,ETTh2,96,2785,192,2593,200,1.0,96,True,False,9.465334682640266,-5.926831534407067,-5.926831534407067,24.337964039991977
DLinear__ETTh2__h96__s2021,DLinear,ETTh2,96,2785,192,2593,200,2.0,192,True,False,10.54085222420085,-4.668460886679686,-4.668460886679686,24.337964039991977
DLinear__ETTh2__h96__s2021,DLinear,ETTh2,96,2785,192,2593,1000,0.0,0,False,False,14.23227226950805,-0.34944752432496806,-0.34944752432496806,24.337964039991977
DLinear__ETTh2__h96__s2021,DLinear,ETTh2,96,2785,192,2593,1000,0.125,12,False,False,13.42579876649329,-1.2930328636129793,-1.2930328636129793,24.337964039991977
DLinear__ETTh2__h96__s2021,DLinear,ETTh2,96,2785,192,2593,1000,0.25,24,False,False,13.11862465967838,-1.6524308881183623,-1.6524308881183623,24.337964039991977
DLinear__ETTh2__h96__s2021,DLinear,ETTh2,96,2785,192,2593,1000,0.5,48,False,False,13.458382484411608,-1.2549094554510412,-1.2549094554510412,24.337964039991977
DLinear__ETTh2__h96__s2021,DLinear,ETTh2,96,2785,192,2593,1000,1.0,96,True,False,13.708698599255653,-0.962036081097845,-0.962036081097845,24.337964039991977
DLinear__ETTh2__h96__s2021,DLinear,ETTh2,96,2785,192,2593,1000,2.0,192,True,False,14.200112374680112,-0.3870750535112941,-0.3870750535112941,24.337964039991977
DLinear__ETTh2__h96__s2021,DLinear,ETTh2,96,2785,192,2593,3000,0.0,0,False,False,14.548233571377898,0.020231641961648433,0.020231641961648433,24.337964039991977
DLinear__ETTh2__h96__s2021,DLinear,ETTh2,96,2785,192,2593,3000,0.125,12,False,False,14.20353011478249,-0.38307624953069713,-0.38307624953069713,24.337964039991977
DLinear__ETTh2__h96__s2021,DLinear,ETTh2,96,2785,192,2593,3000,0.25,24,False,False,14.098859805874083,-0.5055419828443346,-0.5055419828443346,24.337964039991977
DLinear__ETTh2__h96__s2021,DLinear,ETTh2,96,2785,192,2593,3000,0.5,48,False,False,14.346213182955529,-0.21613505333587804,-0.21613505333587804,24.337964039991977
DLinear__ETTh2__h96__s2021,DLinear,ETTh2,96,2785,192,2593,3000,1.0,96,True,False,14.40008181378467,-0.15310799775638714,-0.15310799775638714,24.337964039991977
DLinear__ETTh2__h96__s2021,DLinear,ETTh2,96,2785,192,2593,3000,2.0,192,True,False,14.114204520759612,-0.4875884506484066,-0.4875884506484066,24.337964039991977
DLinear__ETTh2__h96__s2021,DLinear,ETTh2,96,2785,192,2593,1000000000,0.0,0,False,False,14.548233571377898,0.020231641961648433,0.020231641961648433,24.337964039991977
DLinear__ETTh2__h96__s2021,DLinear,ETTh2,96,2785,192,2593,1000000000,0.125,12,False,False,14.20353011478249,-0.38307624953069713,-0.38307624953069713,24.337964039991977
DLinear__ETTh2__h96__s2021,DLinear,ETTh2,96,2785,192,2593,1000000000,0.25,24,False,False,14.098859805874083,-0.5055419828443346,-0.5055419828443346,24.337964039991977
DLinear__ETTh2__h96__s2021,DLinear,ETTh2,96,2785,192,2593,1000000000,0.5,48,False,False,14.346213182955529,-0.21613505333587804,-0.21613505333587804,24.337964039991977
DLinear__ETTh2__h96__s2021,DLinear,ETTh2,96,2785,192,2593,1000000000,1.0,96,True,False,14.40008181378467,-0.15310799775638714,-0.15310799775638714,24.337964039991977
DLinear__ETTh2__h96__s2021,DLinear,ETTh2,96,2785,192,2593,1000000000,2.0,192,True,False,14.114204520759612,-0.4875884506484066,-0.4875884506484066,24.337964039991977
DLinear__ETTh2__h192__s2021,DLinear,ETTh2,192,2689,384,2305,50,0.0,0,False,False,25.150185508790123,9.320966662086667,9.320966662086667,27.52745717851034
DLinear__ETTh2__h192__s2021,DLinear,ETTh2,192,2689,384,2305,50,0.125,24,False,False,22.103933562995145,5.630494165580132,5.630494165580132,27.52745717851034
DLinear__ETTh2__h192__s2021,DLinear,ETTh2,192,2689,384,2305,50,0.25,48,False,False,20.524048102653374,3.716494948584875,3.716494948584875,27.52745717851034
DLinear__ETTh2__h192__s2021,DLinear,ETTh2,192,2689,384,2305,50,0.5,96,False,False,14.250768163701558,-3.8834565621710926,-3.8834565621710926,27.52745717851034
DLinear__ETTh2__h192__s2021,DLinear,ETTh2,192,2689,384,2305,50,1.0,192,True,False,7.471381843915196,-12.0965456964761,-12.0965456964761,27.52745717851034
DLinear__ETTh2__h192__s2021,DLinear,ETTh2,192,2689,384,2305,50,2.0,384,True,False,17.877079334669297,0.5097459300601688,0.5097459300601688,27.52745717851034
DLinear__ETTh2__h192__s2021,DLinear,ETTh2,192,2689,384,2305,200,0.0,0,False,False,18.633639136638745,1.4263027975854632,1.4263027975854632,27.52745717851034
DLinear__ETTh2__h192__s2021,DLinear,ETTh2,192,2689,384,2305,200,0.125,24,False,False,15.019974117125932,-2.951579138447065,-2.951579138447065,27.52745717851034
DLinear__ETTh2__h192__s2021,DLinear,ETTh2,192,2689,384,2305,200,0.25,48,False,False,12.914801549065897,-5.501953040891333,-5.501953040891333,27.52745717851034
DLinear__ETTh2__h192__s2021,DLinear,ETTh2,192,2689,384,2305,200,0.5,96,False,False,9.377723444688236,-9.787051481360171,-9.787051481360171,27.52745717851034
DLinear__ETTh2__h192__s2021,DLinear,ETTh2,192,2689,384,2305,200,1.0,192,True,False,10.912563608849283,-7.927623727792759,-7.927623727792759,27.52745717851034
DLinear__ETTh2__h192__s2021,DLinear,ETTh2,192,2689,384,2305,200,2.0,384,True,False,20.43195811162446,3.6049297907636824,3.6049297907636824,27.52745717851034
DLinear__ETTh2__h192__s2021,DLinear,ETTh2,192,2689,384,2305,1000,0.0,0,False,False,15.773692984314025,-2.038464005834546,-2.038464005834546,27.52745717851034
DLinear__ETTh2__h192__s2021,DLinear,ETTh2,192,2689,384,2305,1000,0.125,24,False,False,15.364359544902186,-2.5343631720657203,-2.5343631720657203,27.52745717851034
DLinear__ETTh2__h192__s2021,DLinear,ETTh2,192,2689,384,2305,1000,0.25,48,False,False,15.341932912587183,-2.561532582613666,-2.561532582613666,27.52745717851034
DLinear__ETTh2__h192__s2021,DLinear,ETTh2,192,2689,384,2305,1000,0.5,96,False,False,15.705705513862005,-2.1208294484423336,-2.1208294484423336,27.52745717851034
DLinear__ETTh2__h192__s2021,DLinear,ETTh2,192,2689,384,2305,1000,1.0,192,True,False,17.741888117062548,0.3459645097362061,0.3459645097362061,27.52745717851034
DLinear__ETTh2__h192__s2021,DLinear,ETTh2,192,2689,384,2305,1000,2.0,384,True,False,17.34122462678215,-0.13943118882878244,-0.13943118882878244,27.52745717851034
DLinear__ETTh2__h192__s2021,DLinear,ETTh2,192,2689,384,2305,3000,0.0,0,False,False,17.461924735889394,0.0067945472271251925,0.0067945472271251925,27.52745717851034
DLinear__ETTh2__h192__s2021,DLinear,ETTh2,192,2689,384,2305,3000,0.125,24,False,False,17.409040975712607,-0.05727305647639697,-0.05727305647639697,27.52745717851034
DLinear__ETTh2__h192__s2021,DLinear,ETTh2,192,2689,384,2305,3000,0.25,48,False,False,17.473766239754124,0.021140289177454873,0.021140289177454873,27.52745717851034
DLinear__ETTh2__h192__s2021,DLinear,ETTh2,192,2689,384,2305,3000,0.5,96,False,False,17.45772194964478,0.001702956866110669,0.001702956866110669,27.52745717851034
DLinear__ETTh2__h192__s2021,DLinear,ETTh2,192,2689,384,2305,3000,1.0,192,True,False,17.455701622963442,-0.0007446279640744877,-0.0007446279640744877,27.52745717851034
DLinear__ETTh2__h192__s2021,DLinear,ETTh2,192,2689,384,2305,3000,2.0,384,True,False,17.463147357082942,0.008275728025277665,0.008275728025277665,27.52745717851034
DLinear__ETTh2__h192__s2021,DLinear,ETTh2,192,2689,384,2305,1000000000,0.0,0,False,False,17.461924735889394,0.0067945472271251925,0.0067945472271251925,27.52745717851034
DLinear__ETTh2__h192__s2021,DLinear,ETTh2,192,2689,384,2305,1000000000,0.125,24,False,False,17.409040975712607,-0.05727305647639697,-0.05727305647639697,27.52745717851034
DLinear__ETTh2__h192__s2021,DLinear,ETTh2,192,2689,384,2305,1000000000,0.25,48,False,False,17.473766239754124,0.021140289177454873,0.021140289177454873,27.52745717851034
DLinear__ETTh2__h192__s2021,DLinear,ETTh2,192,2689,384,2305,1000000000,0.5,96,False,False,17.45772194964478,0.001702956866110669,0.001702956866110669,27.52745717851034
DLinear__ETTh2__h192__s2021,DLinear,ETTh2,192,2689,384,2305,1000000000,1.0,192,True,False,17.455701622963442,-0.0007446279640744877,-0.0007446279640744877,27.52745717851034
DLinear__ETTh2__h192__s2021,DLinear,ETTh2,192,2689,384,2305,1000000000,2.0,384,True,False,17.463147357082942,0.008275728025277665,0.008275728025277665,27.52745717851034
DLinear__ETTh2__h336__s2021,DLinear,ETTh2,336,2545,672,1873,50,0.0,0,False,False,29.26275433133484,7.62362881309424,7.62362881309424,31.191895248280055
DLinear__ETTh2__h336__s2021,DLinear,ETTh2,336,2545,672,1873,50,0.125,42,False,False,25.77872517302479,3.0738054815276286,3.0738054815276286,31.191895248280055
DLinear__ETTh2__h336__s2021,DLinear,ETTh2,336,2545,672,1873,50,0.25,84,False,False,22.99720842962962,-0.5586009080851126,-0.5586009080851126,31.191895248280055
DLinear__ETTh2__h336__s2021,DLinear,ETTh2,336,2545,672,1873,50,0.5,168,False,False,17.5731509283996,-7.6419237648965925,-7.6419237648965925,31.191895248280055
DLinear__ETTh2__h336__s2021,DLinear,ETTh2,336,2545,672,1873,50,1.0,336,True,False,16.478960103976675,-9.070836875532072,-9.070836875532072,31.191895248280055
DLinear__ETTh2__h336__s2021,DLinear,ETTh2,336,2545,672,1873,50,2.0,672,True,False,19.2808169258175,-5.4118682043559865,-5.4118682043559865,31.191895248280055
DLinear__ETTh2__h336__s2021,DLinear,ETTh2,336,2545,672,1873,200,0.0,0,False,False,24.192283788052038,1.0020581741620869,1.0020581741620869,31.191895248280055
DLinear__ETTh2__h336__s2021,DLinear,ETTh2,336,2545,672,1873,200,0.125,42,False,False,21.324053972048258,-2.743587555014001,-2.743587555014001,31.191895248280055
DLinear__ETTh2__h336__s2021,DLinear,ETTh2,336,2545,672,1873,200,0.25,84,False,False,19.071892269590855,-5.6847046911495145,-5.6847046911495145,31.191895248280055
DLinear__ETTh2__h336__s2021,DLinear,ETTh2,336,2545,672,1873,200,0.5,168,False,False,15.80062660188434,-9.95667836943622,-9.95667836943622,31.191895248280055
DLinear__ETTh2__h336__s2021,DLinear,ETTh2,336,2545,672,1873,200,1.0,336,True,False,22.250388590409447,-1.53387929255447,-1.53387929255447,31.191895248280055
DLinear__ETTh2__h336__s2021,DLinear,ETTh2,336,2545,672,1873,200,2.0,672,True,False,17.530142652050117,-7.698088639039111,-7.698088639039111,31.191895248280055
DLinear__ETTh2__h336__s2021,DLinear,ETTh2,336,2545,672,1873,1000,0.0,0,False,False,21.91384128344775,-1.9733792851816783,-1.9733792851816783,31.191895248280055
DLinear__ETTh2__h336__s2021,DLinear,ETTh2,336,2545,672,1873,1000,0.125,42,False,False,21.267200980964773,-2.8178323599646182,-2.8178323599646182,31.191895248280055
DLinear__ETTh2__h336__s2021,DLinear,ETTh2,336,2545,672,1873,1000,0.25,84,False,False,21.583348055983368,-2.4049732038650564,-2.4049732038650564,31.191895248280055
DLinear__ETTh2__h336__s2021,DLinear,ETTh2,336,2545,672,1873,1000,0.5,168,False,False,23.430071995150293,0.006679306373933777,0.006679306373933777,31.191895248280055
DLinear__ETTh2__h336__s2021,DLinear,ETTh2,336,2545,672,1873,1000,1.0,336,True,False,23.124560900455798,-0.3922902324940235,-0.3922902324940235,31.191895248280055
DLinear__ETTh2__h336__s2021,DLinear,ETTh2,336,2545,672,1873,1000,2.0,672,True,False,23.332486570935473,-0.12075832969016195,-0.12075832969016195,31.191895248280055
DLinear__ETTh2__h336__s2021,DLinear,ETTh2,336,2545,672,1873,3000,0.0,0,False,False,23.434873480142898,0.012949606492812165,0.012949606492812165,31.191895248280055
DLinear__ETTh2__h336__s2021,DLinear,ETTh2,336,2545,672,1873,3000,0.125,42,False,False,23.34322875544119,-0.10673001951384699,-0.10673001951384699,31.191895248280055
DLinear__ETTh2__h336__s2021,DLinear,ETTh2,336,2545,672,1873,3000,0.25,84,False,False,23.413817474293914,-0.014547610760035851,-0.014547610760035851,31.191895248280055
DLinear__ETTh2__h336__s2021,DLinear,ETTh2,336,2545,672,1873,3000,0.5,168,False,False,23.379604269312978,-0.05922692634459455,-0.05922692634459455,31.191895248280055
DLinear__ETTh2__h336__s2021,DLinear,ETTh2,336,2545,672,1873,3000,1.0,336,True,False,23.22854348124675,-0.2564984952088341,-0.2564984952088341,31.191895248280055
DLinear__ETTh2__h336__s2021,DLinear,ETTh2,336,2545,672,1873,3000,2.0,672,True,False,23.292781254309702,-0.17260984061689763,-0.17260984061689763,31.191895248280055
DLinear__ETTh2__h336__s2021,DLinear,ETTh2,336,2545,672,1873,1000000000,0.0,0,False,False,23.434873480142898,0.012949606492812165,0.012949606492812165,31.191895248280055
DLinear__ETTh2__h336__s2021,DLinear,ETTh2,336,2545,672,1873,1000000000,0.125,42,False,False,23.34322875544119,-0.10673001951384699,-0.10673001951384699,31.191895248280055
DLinear__ETTh2__h336__s2021,DLinear,ETTh2,336,2545,672,1873,1000000000,0.25,84,False,False,23.413817474293914,-0.014547610760035851,-0.014547610760035851,31.191895248280055
DLinear__ETTh2__h336__s2021,DLinear,ETTh2,336,2545,672,1873,1000000000,0.5,168,False,False,23.379604269312978,-0.05922692634459455,-0.05922692634459455,31.191895248280055
DLinear__ETTh2__h336__s2021,DLinear,ETTh2,336,2545,672,1873,1000000000,1.0,336,True,False,23.22854348124675,-0.2564984952088341,-0.2564984952088341,31.191895248280055
DLinear__ETTh2__h336__s2021,DLinear,ETTh2,336,2545,672,1873,1000000000,2.0,672,True,False,23.292781254309702,-0.17260984061689763,-0.17260984061689763,31.191895248280055
DLinear__ETTh2__h720__s2021,DLinear,ETTh2,720,2161,1080,1081,50,0.0,0,False,False,39.4108861262705,6.264492917805582,6.264492917805582,40.48026990806128
DLinear__ETTh2__h720__s2021,DLinear,ETTh2,720,2161,1080,1081,50,0.125,90,False,False,36.662349463471436,2.012318536143611,2.012318536143611,40.48026990806128
DLinear__ETTh2__h720__s2021,DLinear,ETTh2,720,2161,1080,1081,50,0.25,180,False,False,34.40372831742434,-1.4819230015773548,-1.4819230015773548,40.48026990806128
DLinear__ETTh2__h720__s2021,DLinear,ETTh2,720,2161,1080,1081,50,0.5,360,False,False,32.41190550571325,-4.563409251115876,-4.563409251115876,40.48026990806128
DLinear__ETTh2__h720__s2021,DLinear,ETTh2,720,2161,1080,1081,50,1.0,720,True,False,23.77886025677566,-17.919321267904103,-17.919321267904103,40.48026990806128
DLinear__ETTh2__h720__s2021,DLinear,ETTh2,720,2161,1080,1081,50,2.0,1440,True,True,,,,40.48026990806128
DLinear__ETTh2__h720__s2021,DLinear,ETTh2,720,2161,1080,1081,200,0.0,0,False,False,36.962060158548205,2.4759914995661547,2.4759914995661547,40.48026990806128
DLinear__ETTh2__h720__s2021,DLinear,ETTh2,720,2161,1080,1081,200,0.125,90,False,False,33.810267237910836,-2.400047919820542,-2.400047919820542,40.48026990806128
DLinear__ETTh2__h720__s2021,DLinear,ETTh2,720,2161,1080,1081,200,0.25,180,False,False,32.51607583942827,-4.402250613376947,-4.402250613376947,40.48026990806128
DLinear__ETTh2__h720__s2021,DLinear,ETTh2,720,2161,1080,1081,200,0.5,360,False,False,31.565855485924388,-5.872306552157191,-5.872306552157191,40.48026990806128
DLinear__ETTh2__h720__s2021,DLinear,ETTh2,720,2161,1080,1081,200,1.0,720,True,False,24.590044008306773,-16.664364470795803,-16.664364470795803,40.48026990806128
DLinear__ETTh2__h720__s2021,DLinear,ETTh2,720,2161,1080,1081,200,2.0,1440,True,True,,,,40.48026990806128
DLinear__ETTh2__h720__s2021,DLinear,ETTh2,720,2161,1080,1081,1000,0.0,0,False,False,35.35743985411229,-0.006465963405591507,-0.006465963405591507,40.48026990806128
DLinear__ETTh2__h720__s2021,DLinear,ETTh2,720,2161,1080,1081,1000,0.125,90,False,False,35.22482418716228,-0.2116314790213128,-0.2116314790213128,40.48026990806128
DLinear__ETTh2__h720__s2021,DLinear,ETTh2,720,2161,1080,1081,1000,0.25,180,False,False,35.43929850964437,0.12017498073094274,0.12017498073094274,40.48026990806128
DLinear__ETTh2__h720__s2021,DLinear,ETTh2,720,2161,1080,1081,1000,0.5,360,False,False,34.69641295091046,-1.0291198364384233,-1.0291198364384233,40.48026990806128
DLinear__ETTh2__h720__s2021,DLinear,ETTh2,720,2161,1080,1081,1000,1.0,720,True,False,35.493399253995044,0.2038725359684086,0.2038725359684086,40.48026990806128
DLinear__ETTh2__h720__s2021,DLinear,ETTh2,720,2161,1080,1081,1000,2.0,1440,True,True,,,,40.48026990806128
DLinear__ETTh2__h720__s2021,DLinear,ETTh2,720,2161,1080,1081,3000,0.0,0,False,False,35.30432796688488,-0.08863368897638392,-0.08863368897638392,40.48026990806128
DLinear__ETTh2__h720__s2021,DLinear,ETTh2,720,2161,1080,1081,3000,0.125,90,False,False,35.36156447719171,-8.488913079695902e-05,-8.488913079695902e-05,40.48026990806128
DLinear__ETTh2__h720__s2021,DLinear,ETTh2,720,2161,1080,1081,3000,0.25,180,False,False,35.3917714051358,0.046647296359408306,0.046647296359408306,40.48026990806128
DLinear__ETTh2__h720__s2021,DLinear,ETTh2,720,2161,1080,1081,3000,0.5,360,False,False,34.71518510951686,-1.00007802193582,-1.00007802193582,40.48026990806128
DLinear__ETTh2__h720__s2021,DLinear,ETTh2,720,2161,1080,1081,3000,1.0,720,True,False,35.17189071426954,-0.2935231854021483,-0.2935231854021483,40.48026990806128
DLinear__ETTh2__h720__s2021,DLinear,ETTh2,720,2161,1080,1081,3000,2.0,1440,True,True,,,,40.48026990806128
DLinear__ETTh2__h720__s2021,DLinear,ETTh2,720,2161,1080,1081,1000000000,0.0,0,False,False,35.30432796688488,-0.08863368897638392,-0.08863368897638392,40.48026990806128
DLinear__ETTh2__h720__s2021,DLinear,ETTh2,720,2161,1080,1081,1000000000,0.125,90,False,False,35.36156447719171,-8.488913079695902e-05,-8.488913079695902e-05,40.48026990806128
DLinear__ETTh2__h720__s2021,DLinear,ETTh2,720,2161,1080,1081,1000000000,0.25,180,False,False,35.3917714051358,0.046647296359408306,0.046647296359408306,40.48026990806128
DLinear__ETTh2__h720__s2021,DLinear,ETTh2,720,2161,1080,1081,1000000000,0.5,360,False,False,34.71518510951686,-1.00007802193582,-1.00007802193582,40.48026990806128
DLinear__ETTh2__h720__s2021,DLinear,ETTh2,720,2161,1080,1081,1000000000,1.0,720,True,False,35.17189071426954,-0.2935231854021483,-0.2935231854021483,40.48026990806128
DLinear__ETTh2__h720__s2021,DLinear,ETTh2,720,2161,1080,1081,1000000000,2.0,1440,True,True,,,,40.48026990806128
DLinear__ETTm1__h96__s2021,DLinear,ETTm1,96,11425,192,11233,50,0.0,0,False,False,3.7836006494541357,2.9887150015901494,2.9087319336698756,6.340947883002774
DLinear__ETTm1__h96__s2021,DLinear,ETTm1,96,11425,192,11233,50,0.125,12,False,False,2.218377617816264,1.410560979684993,1.3292767682913107,6.340947883002774
DLinear__ETTm1__h96__s2021,DLinear,ETTm1,96,11425,192,11233,50,0.25,24,False,False,1.3959404956651544,0.5813293456930618,0.4993614562086883,6.340947883002774
DLinear__ETTm1__h96__s2021,DLinear,ETTm1,96,11425,192,11233,50,0.5,48,False,False,-0.2491255016930018,-1.0773272595023813,-1.1606626645692144,6.340947883002774
DLinear__ETTm1__h96__s2021,DLinear,ETTm1,96,11425,192,11233,50,1.0,96,True,False,-1.8112696006611801,-2.652376912331926,-2.7370109014074355,6.340947883002774
DLinear__ETTm1__h96__s2021,DLinear,ETTm1,96,11425,192,11233,50,2.0,192,True,False,-1.6787356064254066,-2.5187479969539854,-2.603271812758262,6.340947883002774
DLinear__ETTm1__h96__s2021,DLinear,ETTm1,96,11425,192,11233,200,0.0,0,False,False,1.3987912727743803,0.5842036743155918,0.5022381546340866,6.340947883002774
DLinear__ETTm1__h96__s2021,DLinear,ETTm1,96,11425,192,11233,200,0.125,12,False,False,0.8973629729784,0.07863285659510971,-0.0037494919641174185,6.340947883002774
DLinear__ETTm1__h96__s2021,DLinear,ETTm1,96,11425,192,11233,200,0.25,24,False,False,0.6703243538763778,-0.1502814275811952,-0.23285250951035444,6.340947883002774
DLinear__ETTm1__h96__s2021,DLinear,ETTm1,96,11425,192,11233,200,0.5,48,False,False,0.342358953549876,-0.4809562931493312,-0.5638000071772478,6.340947883002774
DLinear__ETTm1__h96__s2021,DLinear,ETTm1,96,11425,192,11233,200,1.0,96,True,False,0.1046234036732808,-0.7206558801116988,-0.8036972196874553,6.340947883002774
DLinear__ETTm1__h96__s2021,DLinear,ETTm1,96,11425,192,11233,200,2.0,192,True,False,-0.00536432454740492,-0.8315522649355614,-0.914685035452364,6.340947883002774
DLinear__ETTm1__h96__s2021,DLinear,ETTm1,96,11425,192,11233,1000,0.0,0,False,False,0.9345398678675838,0.11611688603078493,0.03376544199645228,6.340947883002774
DLinear__ETTm1__h96__s2021,DLinear,ETTm1,96,11425,192,11233,1000,0.125,12,False,False,0.7938775722957998,-0.025707482126341368,-0.10817585635154044,6.340947883002774
DLinear__ETTm1__h96__s2021,DLinear,ETTm1,96,11425,192,11233,1000,0.25,24,False,False,0.6905035440685882,-0.12993552829596552,-0.21248983560509518,6.340947883002774
DLinear__ETTm1__h96__s2021,DLinear,ETTm1,96,11425,192,11233,1000,0.5,48,False,False,0.5278846779881393,-0.29389785976892324,-0.37658734939519034,6.340947883002774
DLinear__ETTm1__h96__s2021,DLinear,ETTm1,96,11425,192,11233,1000,1.0,96,True,False,0.4602394720360463,-0.3621019122765002,-0.4448476342201131,6.340947883002774
DLinear__ETTm1__h96__s2021,DLinear,ETTm1,96,11425,192,11233,1000,2.0,192,True,False,0.42324792757823654,-0.3993990600200316,-0.4821755324098555,6.340947883002774
DLinear__ETTm1__h96__s2021,DLinear,ETTm1,96,11425,192,11233,3000,0.0,0,False,False,0.9013201890983497,0.08262276500369707,0.0002437060114027496,6.340947883002774
DLinear__ETTm1__h96__s2021,DLinear,ETTm1,96,11425,192,11233,3000,0.125,12,False,False,0.8100754369660175,-0.009375799830029789,-0.09183070904387085,6.340947883002774
DLinear__ETTm1__h96__s2021,DLinear,ETTm1,96,11425,192,11233,3000,0.25,24,False,False,0.7473858574084885,-0.07258328535158634,-0.1550903073542398,6.340947883002774
DLinear__ETTm1__h96__s2021,DLinear,ETTm1,96,11425,192,11233,3000,0.5,48,False,False,0.6575744813244477,-0.1631366323921999,-0.24571831307509737,6.340947883002774
DLinear__ETTm1__h96__s2021,DLinear,ETTm1,96,11425,192,11233,3000,1.0,96,True,False,0.5886662810052198,-0.23261411341433935,-0.3152530763204711,6.340947883002774
DLinear__ETTm1__h96__s2021,DLinear,ETTm1,96,11425,192,11233,3000,2.0,192,True,False,0.6051280827777178,-0.2160163135162072,-0.29864159200452506,6.340947883002774
DLinear__ETTm1__h96__s2021,DLinear,ETTm1,96,11425,192,11233,1000000000,0.0,0,False,False,0.890872446565126,0.07208870911174982,-0.010299034912475533,6.340947883002774
DLinear__ETTm1__h96__s2021,DLinear,ETTm1,96,11425,192,11233,1000000000,0.125,12,False,False,0.8247065072994374,0.005376144157979511,-0.0770666024941764,6.340947883002774
DLinear__ETTm1__h96__s2021,DLinear,ETTm1,96,11425,192,11233,1000000000,0.25,24,False,False,0.7763207697408738,-0.04340932908604132,-0.12589229798471283,6.340947883002774
DLinear__ETTm1__h96__s2021,DLinear,ETTm1,96,11425,192,11233,1000000000,0.5,48,False,False,0.7020341834854651,-0.11830962923681308,-0.2008543513201198,6.340947883002774
DLinear__ETTm1__h96__s2021,DLinear,ETTm1,96,11425,192,11233,1000000000,1.0,96,True,False,0.6383729697230952,-0.1824967760572363,-0.26509441863246136,6.340947883002774
DLinear__ETTm1__h96__s2021,DLinear,ETTm1,96,11425,192,11233,1000000000,2.0,192,True,False,0.6472749249570661,-0.1735212778877454,-0.25611152041791674,6.340947883002774
DLinear__ETTm1__h192__s2021,DLinear,ETTm1,192,11329,384,10945,50,0.0,0,False,False,2.4793973013554855,2.4947391830484893,2.4055392271906935,4.155726569607471
DLinear__ETTm1__h192__s2021,DLinear,ETTm1,192,11329,384,10945,50,0.125,24,False,False,1.0015213964565524,1.0170957766848652,0.9265440401588587,4.155726569607471
DLinear__ETTm1__h192__s2021,DLinear,ETTm1,192,11329,384,10945,50,0.25,48,False,False,0.09066133057252372,0.10637900675044072,0.01499412650483928,4.155726569607471
DLinear__ETTm1__h192__s2021,DLinear,ETTm1,192,11329,384,10945,50,0.5,96,False,False,-1.3707221946476273,-1.354774614505506,-1.4474961902014396,4.155726569607471
DLinear__ETTm1__h192__s2021,DLinear,ETTm1,192,11329,384,10945,50,1.0,192,True,False,-1.9515345762990655,-1.9354956231075724,-2.028748455147,4.155726569607471
DLinear__ETTm1__h192__s2021,DLinear,ETTm1,192,11329,384,10945,50,2.0,384,True,False,-1.7352846938596906,-1.7192797609677106,-1.8123347939838133,4.155726569607471
DLinear__ETTm1__h192__s2021,DLinear,ETTm1,192,11329,384,10945,200,0.0,0,False,False,0.3558173627195703,0.37149332471235297,0.280350976872299,4.155726569607471
DLinear__ETTm1__h192__s2021,DLinear,ETTm1,192,11329,384,10945,200,0.125,24,False,False,-0.5842852316613653,-0.568461373302244,-0.6604636123611792,4.155726569607471
DLinear__ETTm1__h192__s2021,DLinear,ETTm1,192,11329,384,10945,200,0.25,48,False,False,-1.0280896622620816,-1.0121959848608229,-1.104604162096139,4.155726569607471
DLinear__ETTm1__h192__s2021,DLinear,ETTm1,192,11329,384,10945,200,0.5,96,False,False,-1.4265116245451506,-1.4105552676439697,-1.5033278727075088,4.155726569607471
DLinear__ETTm1__h192__s2021,DLinear,ETTm1,192,11329,384,10945,200,1.0,192,True,False,-1.1928611472100117,-1.1769415480593124,-1.2695004381571138,4.155726569607471
DLinear__ETTm1__h192__s2021,DLinear,ETTm1,192,11329,384,10945,200,2.0,384,True,False,-1.6076489582856717,-1.5916641049697073,-1.684602392378584,4.155726569607471
DLinear__ETTm1__h192__s2021,DLinear,ETTm1,192,11329,384,10945,1000,0.0,0,False,False,0.008906863749050777,0.024637401489788054,-0.06682225777306748,4.155726569607471
DLinear__ETTm1__h192__s2021,DLinear,ETTm1,192,11329,384,10945,1000,0.125,24,False,False,-0.09217932450506855,-0.07643288394689501,-0.16798500452849324,4.155726569607471
DLinear__ETTm1__h192__s2021,DLinear,ETTm1,192,11329,384,10945,1000,0.25,48,False,False,-0.13365696065216215,-0.1179039948575866,-0.20949405412302213,4.155726569607471
DLinear__ETTm1__h192__s2021,DLinear,ETTm1,192,11329,384,10945,1000,0.5,96,False,False,-0.14952311596885517,-0.13376765412040942,-0.22537222581003757,4.155726569607471
DLinear__ETTm1__h192__s2021,DLinear,ETTm1,192,11329,384,10945,1000,1.0,192,True,False,-0.10884629422761498,-0.09309723163193769,-0.1846645971250971,4.155726569607471
DLinear__ETTm1__h192__s2021,DLinear,ETTm1,192,11329,384,10945,1000,2.0,384,True,False,-0.009225353663648315,0.006508036626464984,-0.08496820777786895,4.155726569607471
DLinear__ETTm1__h192__s2021,DLinear,ETTm1,192,11329,384,10945,3000,0.0,0,False,False,0.12194476162195676,0.1376575163095955,0.04630125033207148,4.155726569607471
DLinear__ETTm1__h192__s2021,DLinear,ETTm1,192,11329,384,10945,3000,0.125,24,False,False,0.050344541718959475,0.0660685605094908,-0.025353196618395496,4.155726569607471
DLinear__ETTm1__h192__s2021,DLinear,ETTm1,192,11329,384,10945,3000,0.25,48,False,False,0.019426325255849784,0.03515520808132356,-0.0562948292608702,4.155726569607471
DLinear__ETTm1__h192__s2021,DLinear,ETTm1,192,11329,384,10945,3000,0.5,96,False,False,-0.025904812474986726,-0.01016879818259385,-0.1016602989219845,4.155726569607471
DLinear__ETTm1__h192__s2021,DLinear,ETTm1,192,11329,384,10945,3000,1.0,192,True,False,-0.047872959253471715,-0.03213348894563633,-0.12364508346694272,4.155726569607471
DLinear__ETTm1__h192__s2021,DLinear,ETTm1,192,11329,384,10945,3000,2.0,384,True,False,-0.015253732006706298,0.0004806066642083969,-0.09100115176554391,4.155726569607471
DLinear__ETTm1__h192__s2021,DLinear,ETTm1,192,11329,384,10945,1000000000,0.0,0,False,False,0.0766022368197095,0.09232212476567445,0.0009243849754491289,4.155726569607471
DLinear__ETTm1__h192__s2021,DLinear,ETTm1,192,11329,384,10945,1000000000,0.125,24,False,False,0.04480071945900044,0.06052561040026592,-0.03090121754021984,4.155726569607471
DLinear__ETTm1__h192__s2021,DLinear,ETTm1,192,11329,384,10945,1000000000,0.25,48,False,False,0.034087757494934076,0.04981433379283688,-0.04162229305893385,4.155726569607471
DLinear__ETTm1__h192__s2021,DLinear,ETTm1,192,11329,384,10945,1000000000,0.5,96,False,False,-0.0020277086389528954,0.013704549322038339,-0.07776511155429519,4.155726569607471
DLinear__ETTm1__h192__s2021,DLinear,ETTm1,192,11329,384,10945,1000000000,1.0,192,True,False,0.0039565950145865935,0.019687911528579686,-0.07177627563648706,4.155726569607471
DLinear__ETTm1__h192__s2021,DLinear,ETTm1,192,11329,384,10945,1000000000,2.0,384,True,False,0.02969871052485034,0.04542597730494354,-0.046014664111802744,4.155726569607471
DLinear__ETTm1__h336__s2021,DLinear,ETTm1,336,11185,672,10513,50,0.0,0,False,False,2.496695098121242,2.907652727297487,2.4645890719469556,3.949765577013862
DLinear__ETTm1__h336__s2021,DLinear,ETTm1,336,11185,672,10513,50,0.125,42,False,False,0.7964316873181176,1.2145555989191679,0.7637657960025895,3.949765577013862
DLinear__ETTm1__h336__s2021,DLinear,ETTm1,336,11185,672,10513,50,0.25,84,False,False,-0.2698971784616117,0.1527211036948164,-0.3029141920545803,3.949765577013862
DLinear__ETTm1__h336__s2021,DLinear,ETTm1,336,11185,672,10513,50,0.5,168,False,False,-1.3901107382249698,-0.9627709719182894,-1.4234966173236434,3.949765577013862
DLinear__ETTm1__h336__s2021,DLinear,ETTm1,336,11185,672,10513,50,1.0,336,True,False,-1.951712416253787,-1.522005607164543,-1.9852832203474902,3.949765577013862
DLinear__ETTm1__h336__s2021,DLinear,ETTm1,336,11185,672,10513,50,2.0,672,True,False,-3.0833180381712673,-2.6488417295864553,-3.1172614589650176,3.949765577013862
DLinear__ETTm1__h336__s2021,DLinear,ETTm1,336,11185,672,10513,200,0.0,0,False,False,0.7026427658672502,1.1211619796874532,0.6699459916029852,3.949765577013862
DLinear__ETTm1__h336__s2021,DLinear,ETTm1,336,11185,672,10513,200,0.125,42,False,False,-0.3869113715966625,0.03620010282067559,-0.4199669157886845,3.949765577013862
DLinear__ETTm1__h336__s2021,DLinear,ETTm1,336,11185,672,10513,200,0.25,84,False,False,-0.9535734080280098,-0.5280735623932001,-0.9868155434970347,3.949765577013862
DLinear__ETTm1__h336__s2021,DLinear,ETTm1,336,11185,672,10513,200,0.5,168,False,False,-1.2698679333225298,-0.8430349672528049,-1.3032142187003,3.949765577013862
DLinear__ETTm1__h336__s2021,DLinear,ETTm1,336,11185,672,10513,200,1.0,336,True,False,-1.4307750266581019,-1.0032638682167299,-1.4641742957511978,3.949765577013862
DLinear__ETTm1__h336__s2021,DLinear,ETTm1,336,11185,672,10513,200,2.0,672,True,False,-3.465966773422152,-3.029877674202148,-3.500036193332772,3.949765577013862
DLinear__ETTm1__h336__s2021,DLinear,ETTm1,336,11185,672,10513,1000,0.0,0,False,False,-0.08238591073735453,0.33944204758230373,-0.11534118035481802,3.949765577013862
DLinear__ETTm1__h336__s2021,DLinear,ETTm1,336,11185,672,10513,1000,0.125,42,False,False,-0.35252568430903436,0.07044086106677495,-0.3855699059333014,3.949765577013862
DLinear__ETTm1__h336__s2021,DLinear,ETTm1,336,11185,672,10513,1000,0.25,84,False,False,-0.509485873881514,-0.08585777157236102,-0.5425817795790523,3.949765577013862
DLinear__ETTm1__h336__s2021,DLinear,ETTm1,336,11185,672,10513,1000,0.5,168,False,False,-0.6847027494928604,-0.2603361418390387,-0.7178563508510762,3.949765577013862
DLinear__ETTm1__h336__s2021,DLinear,ETTm1,336,11185,672,10513,1000,1.0,336,True,False,-1.3978803957715489,-0.9705078818564867,-1.431268833274051,3.949765577013862
DLinear__ETTm1__h336__s2021,DLinear,ETTm1,336,11185,672,10513,1000,2.0,672,True,False,-1.4503057607280518,-1.022712284008571,-1.4837114609288922,3.949765577013862
DLinear__ETTm1__h336__s2021,DLinear,ETTm1,336,11185,672,10513,3000,0.0,0,False,False,0.10437984061261334,0.5254206173032658,0.07148606948596857,3.949765577013862
DLinear__ETTm1__h336__s2021,DLinear,ETTm1,336,11185,672,10513,3000,0.125,42,False,False,0.06744503561053868,0.48864148538235513,0.03453910253905181,3.949765577013862
DLinear__ETTm1__h336__s2021,DLinear,ETTm1,336,11185,672,10513,3000,0.25,84,False,False,0.03114084224154731,0.45249030718809136,-0.001777045126091001,3.949765577013862
DLinear__ETTm1__h336__s2021,DLinear,ETTm1,336,11185,672,10513,3000,0.5,168,False,False,0.02091067319423253,0.442303256330688,-0.012010582777942118,3.949765577013862
DLinear__ETTm1__h336__s2021,DLinear,ETTm1,336,11185,672,10513,3000,1.0,336,True,False,-0.008042516297593066,0.41347209894969833,-0.04097330601696315,3.949765577013862
DLinear__ETTm1__h336__s2021,DLinear,ETTm1,336,11185,672,10513,3000,2.0,672,True,False,-0.029883066796553875,0.39172360215970653,-0.0628210482032897,3.949765577013862
DLinear__ETTm1__h336__s2021,DLinear,ETTm1,336,11185,672,10513,1000000000,0.0,0,False,False,0.025730347405266602,0.44710261654427186,-0.007189321537765529,3.949765577013862
DLinear__ETTm1__h336__s2021,DLinear,ETTm1,336,11185,672,10513,1000000000,0.125,42,False,False,-0.01540705927949024,0.4061385960964086,-0.04834027400599189,3.949765577013862
DLinear__ETTm1__h336__s2021,DLinear,ETTm1,336,11185,672,10513,1000000000,0.25,84,False,False,-0.025560688125913653,0.39602776283770874,-0.058497246253686006,3.949765577013862
DLinear__ETTm1__h336__s2021,DLinear,ETTm1,336,11185,672,10513,1000000000,0.5,168,False,False,-0.030308441352026476,0.3913000204759628,-0.06324656282669769,3.949765577013862
DLinear__ETTm1__h336__s2021,DLinear,ETTm1,336,11185,672,10513,1000000000,1.0,336,True,False,-0.040025710328610443,0.3816237079143917,-0.07296703151935711,3.949765577013862
DLinear__ETTm1__h336__s2021,DLinear,ETTm1,336,11185,672,10513,1000000000,2.0,672,True,False,-0.07650137145802971,0.34530178466324707,-0.10945470340607455,3.949765577013862
DLinear__ETTm1__h720__s2021,DLinear,ETTm1,720,10801,1440,9361,50,0.0,0,False,False,3.6329478255150938,3.6329478255150938,3.0171227348170113,4.648167821551151
DLinear__ETTm1__h720__s2021,DLinear,ETTm1,720,10801,1440,9361,50,0.125,90,False,False,0.9235150193200616,0.9235150193200616,0.2903755388386921,4.648167821551151
DLinear__ETTm1__h720__s2021,DLinear,ETTm1,720,10801,1440,9361,50,0.25,180,False,False,0.222900373906653,0.222900373906653,-0.4147163222601659,4.648167821551151
DLinear__ETTm1__h720__s2021,DLinear,ETTm1,720,10801,1440,9361,50,0.5,360,False,False,-0.398940642544589,-0.398940642544589,-1.0405311585151154,4.648167821551151
DLinear__ETTm1__h720__s2021,DLinear,ETTm1,720,10801,1440,9361,50,1.0,720,True,False,-2.2595262343463496,-2.2595262343463496,-2.9130066573438986,4.648167821551151
DLinear__ETTm1__h720__s2021,DLinear,ETTm1,720,10801,1440,9361,50,2.0,1440,True,False,-1.989172212393791,-1.989172212393791,-2.6409249620182034,4.648167821551151
DLinear__ETTm1__h720__s2021,DLinear,ETTm1,720,10801,1440,9361,200,0.0,0,False,False,2.259837671250814,2.259837671250814,1.6352378420273987,4.648167821551151
DLinear__ETTm1__h720__s2021,DLinear,ETTm1,720,10801,1440,9361,200,0.125,90,False,False,0.9445691226939474,0.9445691226939474,0.3115641865908402,4.648167821551151
DLinear__ETTm1__h720__s2021,DLinear,ETTm1,720,10801,1440,9361,200,0.25,180,False,False,0.44598505978617486,0.44598505978617486,-0.19020603350273965,4.648167821551151
DLinear__ETTm1__h720__s2021,DLinear,ETTm1,720,10801,1440,9361,200,0.5,360,False,False,-0.3810729981114526,-0.3810729981114526,-1.0225493324866586,4.648167821551151
DLinear__ETTm1__h720__s2021,DLinear,ETTm1,720,10801,1440,9361,200,1.0,720,True,False,-2.2199734790558874,-2.2199734790558874,-2.8732011436825564,4.648167821551151
DLinear__ETTm1__h720__s2021,DLinear,ETTm1,720,10801,1440,9361,200,2.0,1440,True,False,-1.2829447838465509,-1.2829447838465509,-1.9301844497932439,4.648167821551151
DLinear__ETTm1__h720__s2021,DLinear,ETTm1,720,10801,1440,9361,1000,0.0,0,False,False,0.2917346502859734,0.2917346502859734,-0.3454421665492906,4.648167821551151
DLinear__ETTm1__h720__s2021,DLinear,ETTm1,720,10801,1440,9361,1000,0.125,90,False,False,-0.2827850628660109,-0.2827850628660109,-0.9236332969178049,4.648167821551151
DLinear__ETTm1__h720__s2021,DLinear,ETTm1,720,10801,1440,9361,1000,0.25,180,False,False,-1.0050373184248373,-1.0050373184248373,-1.6505010413885581,4.648167821551151
DLinear__ETTm1__h720__s2021,DLinear,ETTm1,720,10801,1440,9361,1000,0.5,360,False,False,-1.840114793551648,-1.840114793551648,-2.4909150049754367,4.648167821551151
DLinear__ETTm1__h720__s2021,DLinear,ETTm1,720,10801,1440,9361,1000,1.0,720,True,False,-2.9363379134772245,-2.9363379134772245,-3.5941434414176086,4.648167821551151
DLinear__ETTm1__h720__s2021,DLinear,ETTm1,720,10801,1440,9361,1000,2.0,1440,True,False,-0.7946271994770052,-0.7946271994770052,-1.4387463152574511,4.648167821551151
DLinear__ETTm1__h720__s2021,DLinear,ETTm1,720,10801,1440,9361,3000,0.0,0,False,False,0.7668694117511786,0.7668694117511786,0.13272890142286614,4.648167821551151
DLinear__ETTm1__h720__s2021,DLinear,ETTm1,720,10801,1440,9361,3000,0.125,90,False,False,0.6355393398447441,0.6355393398447441,0.0005595763524276767,4.648167821551151
DLinear__ETTm1__h720__s2021,DLinear,ETTm1,720,10801,1440,9361,3000,0.25,180,False,False,0.5198467444076929,0.5198467444076929,-0.11587234234366772,4.648167821551151
DLinear__ETTm1__h720__s2021,DLinear,ETTm1,720,10801,1440,9361,3000,0.5,360,False,False,0.32728505315762646,0.32728505315762646,-0.3096645819845299,4.648167821551151
DLinear__ETTm1__h720__s2021,DLinear,ETTm1,720,10801,1440,9361,3000,1.0,720,True,False,0.10863291726285118,0.10863291726285118,-0.5297139949400886,4.648167821551151
DLinear__ETTm1__h720__s2021,DLinear,ETTm1,720,10801,1440,9361,3000,2.0,1440,True,False,0.38574285198171043,0.38574285198171043,-0.25083321378740264,4.648167821551151
DLinear__ETTm1__h720__s2021,DLinear,ETTm1,720,10801,1440,9361,1000000000,0.0,0,False,False,0.61942691974405,0.61942691974405,-0.015655808738332888,4.648167821551151
DLinear__ETTm1__h720__s2021,DLinear,ETTm1,720,10801,1440,9361,1000000000,0.125,90,False,False,0.5539801911745253,0.5539801911745253,-0.08152076881590696,4.648167821551151
DLinear__ETTm1__h720__s2021,DLinear,ETTm1,720,10801,1440,9361,1000000000,0.25,180,False,False,0.504061975928164,0.504061975928164,-0.13175798198466937,4.648167821551151
DLinear__ETTm1__h720__s2021,DLinear,ETTm1,720,10801,1440,9361,1000000000,0.5,360,False,False,0.37674458159528257,0.37674458159528257,-0.25988898682179795,4.648167821551151
DLinear__ETTm1__h720__s2021,DLinear,ETTm1,720,10801,1440,9361,1000000000,1.0,720,True,False,0.17173559096440486,0.17173559096440486,-0.46620806920499563,4.648167821551151
DLinear__ETTm1__h720__s2021,DLinear,ETTm1,720,10801,1440,9361,1000000000,2.0,1440,True,False,0.2257250330170902,0.2257250330170902,-0.41187361241647885,4.648167821551151
DLinear__ETTm2__h96__s2021,DLinear,ETTm2,96,11425,192,11233,50,0.0,0,False,False,17.605340917803954,11.710787950117638,10.915305273445469,20.905274651884575
DLinear__ETTm2__h96__s2021,DLinear,ETTm2,96,11425,192,11233,50,0.125,12,False,False,15.33172862967796,9.274520361155075,8.457086999707709,20.905274651884575
DLinear__ETTm2__h96__s2021,DLinear,ETTm2,96,11425,192,11233,50,0.25,24,False,False,13.241689932890674,7.034959305273658,6.197347577954176,20.905274651884575
DLinear__ETTm2__h96__s2021,DLinear,ETTm2,96,11425,192,11233,50,0.5,48,False,False,9.01437377981808,2.50521895076606,1.6267944231262197,20.905274651884575
DLinear__ETTm2__h96__s2021,DLinear,ETTm2,96,11425,192,11233,50,1.0,96,True,False,4.638512121007861,-2.1836939253735848,-3.104365392121759,20.905274651884575
DLinear__ETTm2__h96__s2021,DLinear,ETTm2,96,11425,192,11233,50,2.0,192,True,False,5.099717660387362,-1.689493523084939,-2.605712261694562,20.905274651884575
DLinear__ETTm2__h96__s2021,DLinear,ETTm2,96,11425,192,11233,200,0.0,0,False,False,10.959741909439702,4.589759638529637,3.730116748730186,20.905274651884575
DLinear__ETTm2__h96__s2021,DLinear,ETTm2,96,11425,192,11233,200,0.125,12,False,False,9.373691410929865,2.890242335532328,2.0152868549661234,20.905274651884575
DLinear__ETTm2__h96__s2021,DLinear,ETTm2,96,11425,192,11233,200,0.25,24,False,False,7.893844321512129,1.3045262838564033,0.41528355777127296,20.905274651884575
DLinear__ETTm2__h96__s2021,DLinear,ETTm2,96,11425,192,11233,200,0.5,48,False,False,5.855850949615709,-0.8792660999207873,-1.7881847181156116,20.905274651884575
DLinear__ETTm2__h96__s2021,DLinear,ETTm2,96,11425,192,11233,200,1.0,96,True,False,4.506624593628206,-2.3250167489796745,-3.246961529368178,20.905274651884575
DLinear__ETTm2__h96__s2021,DLinear,ETTm2,96,11425,192,11233,200,2.0,192,True,False,5.288431081621459,-1.4872794542412935,-2.401676251245484,20.905274651884575
DLinear__ETTm2__h96__s2021,DLinear,ETTm2,96,11425,192,11233,1000,0.0,0,False,False,7.954126876851669,1.3691214817802397,0.4804607561428602,20.905274651884575
DLinear__ETTm2__h96__s2021,DLinear,ETTm2,96,11425,192,11233,1000,0.125,12,False,False,7.5390005427029925,0.924296812907224,0.031628232742328864,20.905274651884575
DLinear__ETTm2__h96__s2021,DLinear,ETTm2,96,11425,192,11233,1000,0.25,24,False,False,7.255536213208318,0.6205533109119485,-0.27485198745870504,20.905274651884575
DLinear__ETTm2__h96__s2021,DLinear,ETTm2,96,11425,192,11233,1000,0.5,48,False,False,6.804760617923311,0.13752901586234725,-0.762228314316073,20.905274651884575
DLinear__ETTm2__h96__s2021,DLinear,ETTm2,96,11425,192,11233,1000,1.0,96,True,False,6.576113896047602,-0.10747520088010575,-1.009440010382502,20.905274651884575
DLinear__ETTm2__h96__s2021,DLinear,ETTm2,96,11425,192,11233,1000,2.0,192,True,False,5.4934649350278875,-1.267577381771449,-2.1799946708763054,20.905274651884575
DLinear__ETTm2__h96__s2021,DLinear,ETTm2,96,11425,192,11233,3000,0.0,0,False,False,7.620731030175964,1.0118743381961255,0.1199948284353673,20.905274651884575
DLinear__ETTm2__h96__s2021,DLinear,ETTm2,96,11425,192,11233,3000,0.125,12,False,False,7.430063364846268,0.8075662177079247,-0.08615410098949024,20.905274651884575
DLinear__ETTm2__h96__s2021,DLinear,ETTm2,96,11425,192,11233,3000,0.25,24,False,False,7.140995267270729,0.49781805140696705,-0.3986930873091402,20.905274651884575
DLinear__ETTm2__h96__s2021,DLinear,ETTm2,96,11425,192,11233,3000,0.5,48,False,False,6.659152348603992,-0.018496138065713756,-0.9196592493604584,20.905274651884575
DLinear__ETTm2__h96__s2021,DLinear,ETTm2,96,11425,192,11233,3000,1.0,96,True,False,6.360552940529978,-0.33845748933626707,-1.2425034410849116,20.905274651884575
DLinear__ETTm2__h96__s2021,DLinear,ETTm2,96,11425,192,11233,3000,2.0,192,True,False,6.473154153045729,-0.21780073270159617,-1.1207595713421057,20.905274651884575
DLinear__ETTm2__h96__s2021,DLinear,ETTm2,96,11425,192,11233,1000000000,0.0,0,False,False,7.454990449106949,0.8342765973926207,-0.059203061728916394,20.905274651884575
DLinear__ETTm2__h96__s2021,DLinear,ETTm2,96,11425,192,11233,1000000000,0.125,12,False,False,7.181382539772154,0.5410946485276309,-0.35502656957965545,20.905274651884575
DLinear__ETTm2__h96__s2021,DLinear,ETTm2,96,11425,192,11233,1000000000,0.25,24,False,False,7.007091918258506,0.3543351933331694,-0.5434687208573937,20.905274651884575
DLinear__ETTm2__h96__s2021,DLinear,ETTm2,96,11425,192,11233,1000000000,0.5,48,False,False,6.6616872965501415,-0.015779838741872474,-0.9169184762758188,20.905274651884575
DLinear__ETTm2__h96__s2021,DLinear,ETTm2,96,11425,192,11233,1000000000,1.0,96,True,False,6.114309682743817,-0.602317106509365,-1.5087404240727136,20.905274651884575
DLinear__ETTm2__h96__s2021,DLinear,ETTm2,96,11425,192,11233,1000000000,2.0,192,True,False,5.801971919519137,-0.9369996613703552,-1.8464384569110797,20.905274651884575
DLinear__ETTm2__h192__s2021,DLinear,ETTm2,192,11329,384,10945,50,0.0,0,False,False,21.68431935282097,13.348116467531348,12.109105595950231,24.11683879716146
DLinear__ETTm2__h192__s2021,DLinear,ETTm2,192,11329,384,10945,50,0.125,24,False,False,18.604995952191707,9.941018802477169,8.65329080121059,24.11683879716146
DLinear__ETTm2__h192__s2021,DLinear,ETTm2,192,11329,384,10945,50,0.25,48,False,False,16.07698746462615,7.143919993868227,5.8161970647192724,24.11683879716146
DLinear__ETTm2__h192__s2021,DLinear,ETTm2,192,11329,384,10945,50,0.5,96,False,False,10.63284319113039,1.1202814118813467,-0.2935718284080539,24.11683879716146
DLinear__ETTm2__h192__s2021,DLinear,ETTm2,192,11329,384,10945,50,1.0,192,True,False,4.9116974034607015,-5.20984372230255,-6.714209638600707,24.11683879716146
DLinear__ETTm2__h192__s2021,DLinear,ETTm2,192,11329,384,10945,50,2.0,384,True,False,9.268168417578636,-0.3896542556670405,-1.8250976406966826,24.11683879716146
DLinear__ETTm2__h192__s2021,DLinear,ETTm2,192,11329,384,10945,200,0.0,0,False,False,14.470604425254667,5.366547762842807,4.013410688873081,24.11683879716146
DLinear__ETTm2__h192__s2021,DLinear,ETTm2,192,11329,384,10945,200,0.125,24,False,False,11.087874380101084,1.6237477581417201,0.2170934413039729,24.11683879716146
DLinear__ETTm2__h192__s2021,DLinear,ETTm2,192,11329,384,10945,200,0.25,48,False,False,8.938094869723988,-0.754862019801819,-2.19552740776668,24.11683879716146
DLinear__ETTm2__h192__s2021,DLinear,ETTm2,192,11329,384,10945,200,0.5,96,False,False,6.8482519075650945,-3.067155387639192,-4.540883607065322,24.11683879716146
DLinear__ETTm2__h192__s2021,DLinear,ETTm2,192,11329,384,10945,200,1.0,192,True,False,7.361358627183789,-2.499431742250332,-3.9650422412067505,24.11683879716146
DLinear__ETTm2__h192__s2021,DLinear,ETTm2,192,11329,384,10945,200,2.0,384,True,False,8.287744115568685,-1.474438448667964,-2.9253928572744203,24.11683879716146
DLinear__ETTm2__h192__s2021,DLinear,ETTm2,192,11329,384,10945,1000,0.0,0,False,False,9.90658745542168,0.31672040206351126,-1.1086227307308796,24.11683879716146
DLinear__ETTm2__h192__s2021,DLinear,ETTm2,192,11329,384,10945,1000,0.125,24,False,False,9.155315942528075,-0.5145191542878791,-1.9517479473267092,24.11683879716146
DLinear__ETTm2__h192__s2021,DLinear,ETTm2,192,11329,384,10945,1000,0.25,48,False,False,8.700600794242048,-1.0176358193557613,-2.4620585358533833,24.11683879716146
DLinear__ETTm2__h192__s2021,DLinear,ETTm2,192,11329,384,10945,1000,0.5,96,False,False,8.205419117287947,-1.5655264160313684,-3.0177832658223975,24.11683879716146
DLinear__ETTm2__h192__s2021,DLinear,ETTm2,192,11329,384,10945,1000,1.0,192,True,False,7.758965380476687,-2.059502295256499,-3.518822366984642,24.11683879716146
DLinear__ETTm2__h192__s2021,DLinear,ETTm2,192,11329,384,10945,1000,2.0,384,True,False,9.207663547449226,-0.45659948191388205,-1.8930000978742194,24.11683879716146
DLinear__ETTm2__h192__s2021,DLinear,ETTm2,192,11329,384,10945,3000,0.0,0,False,False,10.794686509993731,1.299351916035354,-0.11194084556181842,24.11683879716146
DLinear__ETTm2__h192__s2021,DLinear,ETTm2,192,11329,384,10945,3000,0.125,24,False,False,10.560500747243463,1.0402385779259762,-0.37475917229696437,24.11683879716146
DLinear__ETTm2__h192__s2021,DLinear,ETTm2,192,11329,384,10945,3000,0.25,48,False,False,10.347238871603912,0.8042763407708551,-0.6140953670072984,24.11683879716146
DLinear__ETTm2__h192__s2021,DLinear,ETTm2,192,11329,384,10945,3000,0.5,96,False,False,9.652478455287062,0.03556312548418514,-1.3938001960020694,24.11683879716146
DLinear__ETTm2__h192__s2021,DLinear,ETTm2,192,11329,384,10945,3000,1.0,192,True,False,9.740852734752123,0.13334428129091988,-1.2946208949947757,24.11683879716146
DLinear__ETTm2__h192__s2021,DLinear,ETTm2,192,11329,384,10945,3000,2.0,384,True,False,8.750408598680565,-0.9625262929678331,-2.40616101387276,24.11683879716146
DLinear__ETTm2__h192__s2021,DLinear,ETTm2,192,11329,384,10945,1000000000,0.0,0,False,False,10.896714244008693,1.4122398492294148,0.002561240386871955,24.11683879716146
DLinear__ETTm2__h192__s2021,DLinear,ETTm2,192,11329,384,10945,1000000000,0.125,24,False,False,10.799705118459352,1.3049047232466855,-0.1063086403244755,24.11683879716146
DLinear__ETTm2__h192__s2021,DLinear,ETTm2,192,11329,384,10945,1000000000,0.25,48,False,False,10.71110611630604,1.2068749244600432,-0.2057401395876003,24.11683879716146
DLinear__ETTm2__h192__s2021,DLinear,ETTm2,192,11329,384,10945,1000000000,0.5,96,False,False,10.724564992679394,1.2217664120694762,-0.19063572279198063,24.11683879716146
DLinear__ETTm2__h192__s2021,DLinear,ETTm2,192,11329,384,10945,1000000000,1.0,192,True,False,10.694816606785245,1.1888515009242653,-0.2240212749790653,24.11683879716146
DLinear__ETTm2__h192__s2021,DLinear,ETTm2,192,11329,384,10945,1000000000,2.0,384,True,False,10.886668118845813,1.4011243783508787,-0.008713167478372506,24.11683879716146
DLinear__ETTm2__h336__s2021,DLinear,ETTm2,336,11185,672,10513,50,0.0,0,False,False,26.910786899785727,13.62562168836216,13.62562168836216,28.7513437543085
DLinear__ETTm2__h336__s2021,DLinear,ETTm2,336,11185,672,10513,50,0.125,42,False,False,22.87417066771146,8.855284141424491,8.855284141424491,28.7513437543085
DLinear__ETTm2__h336__s2021,DLinear,ETTm2,336,11185,672,10513,50,0.25,84,False,False,18.529916420598866,3.721390316250132,3.721390316250132,28.7513437543085
DLinear__ETTm2__h336__s2021,DLinear,ETTm2,336,11185,672,10513,50,0.5,168,False,False,11.844163368409523,-4.17960818863453,-4.17960818863453,28.7513437543085
DLinear__ETTm2__h336__s2021,DLinear,ETTm2,336,11185,672,10513,50,1.0,336,True,False,9.982177440765827,-6.380040647863883,-6.380040647863883,28.7513437543085
DLinear__ETTm2__h336__s2021,DLinear,ETTm2,336,11185,672,10513,50,2.0,672,True,False,8.884591494300013,-7.6771308715551445,-7.6771308715551445,28.7513437543085
DLinear__ETTm2__h336__s2021,DLinear,ETTm2,336,11185,672,10513,200,0.0,0,False,False,20.83728866649232,6.448165374004726,6.448165374004726,28.7513437543085
DLinear__ETTm2__h336__s2021,DLinear,ETTm2,336,11185,672,10513,200,0.125,42,False,False,16.328874718133843,1.1202731250206108,1.1202731250206108,28.7513437543085
DLinear__ETTm2__h336__s2021,DLinear,ETTm2,336,11185,672,10513,200,0.25,84,False,False,13.211232192075855,-2.5640521476699143,-2.5640521476699143,28.7513437543085
DLinear__ETTm2__h336__s2021,DLinear,ETTm2,336,11185,672,10513,200,0.5,168,False,False,10.643171392943191,-5.5989001858809235,-5.5989001858809235,28.7513437543085
DLinear__ETTm2__h336__s2021,DLinear,ETTm2,336,11185,672,10513,200,1.0,336,True,False,10.888974027176802,-5.308418884759503,-5.308418884759503,28.7513437543085
DLinear__ETTm2__h336__s2021,DLinear,ETTm2,336,11185,672,10513,200,2.0,672,True,False,9.313666742183926,-7.170064148397657,-7.170064148397657,28.7513437543085
DLinear__ETTm2__h336__s2021,DLinear,ETTm2,336,11185,672,10513,1000,0.0,0,False,False,13.70331707269155,-1.9825227558914083,-1.9825227558914083,28.7513437543085
DLinear__ETTm2__h336__s2021,DLinear,ETTm2,336,11185,672,10513,1000,0.125,42,False,False,12.462382220532303,-3.4490179038626345,-3.4490179038626345,28.7513437543085
DLinear__ETTm2__h336__s2021,DLinear,ETTm2,336,11185,672,10513,1000,0.25,84,False,False,11.896030982898305,-4.118312783116435,-4.118312783116435,28.7513437543085
DLinear__ETTm2__h336__s2021,DLinear,ETTm2,336,11185,672,10513,1000,0.5,168,False,False,11.617989788087273,-4.446892532824501,-4.446892532824501,28.7513437543085
DLinear__ETTm2__h336__s2021,DLinear,ETTm2,336,11185,672,10513,1000,1.0,336,True,False,11.675210297327094,-4.379271255995479,-4.379271255995479,28.7513437543085
DLinear__ETTm2__h336__s2021,DLinear,ETTm2,336,11185,672,10513,1000,2.0,672,True,False,12.348683160093689,-3.583383636416592,-3.583383636416592,28.7513437543085
DLinear__ETTm2__h336__s2021,DLinear,ETTm2,336,11185,672,10513,3000,0.0,0,False,False,15.406299827349873,0.03000509151295677,0.03000509151295677,28.7513437543085
DLinear__ETTm2__h336__s2021,DLinear,ETTm2,336,11185,672,10513,3000,0.125,42,False,False,14.928348665868892,-0.5348215454853271,-0.5348215454853271,28.7513437543085
DLinear__ETTm2__h336__s2021,DLinear,ETTm2,336,11185,672,10513,3000,0.25,84,False,False,14.79244451226276,-0.6954285116816095,-0.6954285116816095,28.7513437543085
DLinear__ETTm2__h336__s2021,DLinear,ETTm2,336,11185,672,10513,3000,0.5,168,False,False,14.324313658172308,-1.2486498390903245,-1.2486498390903245,28.7513437543085
DLinear__ETTm2__h336__s2021,DLinear,ETTm2,336,11185,672,10513,3000,1.0,336,True,False,13.862163409407255,-1.7948034879046535,-1.7948034879046535,28.7513437543085
DLinear__ETTm2__h336__s2021,DLinear,ETTm2,336,11185,672,10513,3000,2.0,672,True,False,13.934061067229502,-1.7098372496179652,-1.7098372496179652,28.7513437543085
DLinear__ETTm2__h336__s2021,DLinear,ETTm2,336,11185,672,10513,1000000000,0.0,0,False,False,15.350780290056468,-0.03560603377433353,-0.03560603377433353,28.7513437543085
DLinear__ETTm2__h336__s2021,DLinear,ETTm2,336,11185,672,10513,1000000000,0.125,42,False,False,15.334719634353283,-0.05458597750061092,-0.05458597750061092,28.7513437543085
DLinear__ETTm2__h336__s2021,DLinear,ETTm2,336,11185,672,10513,1000000000,0.25,84,False,False,15.34924395065359,-0.03742162810310955,-0.03742162810310955,28.7513437543085
DLinear__ETTm2__h336__s2021,DLinear,ETTm2,336,11185,672,10513,1000000000,0.5,168,False,False,15.341384822012337,-0.04670928248691979,-0.04670928248691979,28.7513437543085
DLinear__ETTm2__h336__s2021,DLinear,ETTm2,336,11185,672,10513,1000000000,1.0,336,True,False,15.333687816371144,-0.055805345352004904,-0.055805345352004904,28.7513437543085
DLinear__ETTm2__h336__s2021,DLinear,ETTm2,336,11185,672,10513,1000000000,2.0,672,True,False,15.323235386358327,-0.06815767623515294,-0.06815767623515294,28.7513437543085
DLinear__ETTm2__h720__s2021,DLinear,ETTm2,720,10801,1440,9361,50,0.0,0,False,False,32.80347936305681,15.836914806178887,15.13251735459143,33.96639591968973
DLinear__ETTm2__h720__s2021,DLinear,ETTm2,720,10801,1440,9361,50,0.125,90,False,False,25.7059092200898,6.947267024575716,6.168468245750187,33.96639591968973
DLinear__ETTm2__h720__s2021,DLinear,ETTm2,720,10801,1440,9361,50,0.25,180,False,False,20.80081672664143,0.8036793284189592,-0.02653780688448289,33.96639591968973
DLinear__ETTm2__h720__s2021,DLinear,ETTm2,720,10801,1440,9361,50,0.5,360,False,False,18.63955363519135,-1.9032847817431702,-2.756157676591854,33.96639591968973
DLinear__ETTm2__h720__s2021,DLinear,ETTm2,720,10801,1440,9361,50,1.0,720,True,False,13.12609747920067,-8.808842923304562,-9.719511436570784,33.96639591968973
DLinear__ETTm2__h720__s2021,DLinear,ETTm2,720,10801,1440,9361,50,2.0,1440,True,False,17.309224924115775,-3.569510467013016,-4.436328729046977,33.96639591968973
DLinear__ETTm2__h720__s2021,DLinear,ETTm2,720,10801,1440,9361,200,0.0,0,False,False,29.156381005005162,11.268954338740768,10.526325639988292,33.96639591968973
DLinear__ETTm2__h720__s2021,DLinear,ETTm2,720,10801,1440,9361,200,0.125,90,False,False,21.899579968431368,2.1798711825514303,1.361171995202414,33.96639591968973
DLinear__ETTm2__h720__s2021,DLinear,ETTm2,720,10801,1440,9361,200,0.25,180,False,False,19.837956197266987,-0.4022955047326873,-1.2426059677366803,33.96639591968973
DLinear__ETTm2__h720__s2021,DLinear,ETTm2,720,10801,1440,9361,200,0.5,360,False,False,18.27628745301956,-2.3582726642757375,-3.2149535505285036,33.96639591968973
DLinear__ETTm2__h720__s2021,DLinear,ETTm2,720,10801,1440,9361,200,1.0,720,True,False,13.044198128717854,-8.91142118102784,-9.822948216330918,33.96639591968973
DLinear__ETTm2__h720__s2021,DLinear,ETTm2,720,10801,1440,9361,200,2.0,1440,True,False,19.313311699864986,-1.0594083896375965,-1.9052185160684512,33.96639591968973
DLinear__ETTm2__h720__s2021,DLinear,ETTm2,720,10801,1440,9361,1000,0.0,0,False,False,20.691198523438647,0.66638343738919,-0.16498278691844054,33.96639591968973
DLinear__ETTm2__h720__s2021,DLinear,ETTm2,720,10801,1440,9361,1000,0.125,90,False,False,18.01607128737539,-2.6841912551540763,-3.54359989579359,33.96639591968973
DLinear__ETTm2__h720__s2021,DLinear,ETTm2,720,10801,1440,9361,1000,0.25,180,False,False,16.337162853643104,-4.787010154130671,-5.664018200378688,33.96639591968973
DLinear__ETTm2__h720__s2021,DLinear,ETTm2,720,10801,1440,9361,1000,0.5,360,False,False,14.800018897464037,-6.712270219871945,-7.605391604655831,33.96639591968973
DLinear__ETTm2__h720__s2021,DLinear,ETTm2,720,10801,1440,9361,1000,1.0,720,True,False,17.46604025566493,-3.373100563884597,-4.238274986046106,33.96639591968973
DLinear__ETTm2__h720__s2021,DLinear,ETTm2,720,10801,1440,9361,1000,2.0,1440,True,False,24.521817221600305,5.464201609855355,4.672990411781402,33.96639591968973
DLinear__ETTm2__h720__s2021,DLinear,ETTm2,720,10801,1440,9361,3000,0.0,0,False,False,21.433986543868436,1.5967192769804486,0.7731394377966451,33.96639591968973
DLinear__ETTm2__h720__s2021,DLinear,ETTm2,720,10801,1440,9361,3000,0.125,90,False,False,20.312206249761132,0.1916987555786851,-0.643640311209766,33.96639591968973
DLinear__ETTm2__h720__s2021,DLinear,ETTm2,720,10801,1440,9361,3000,0.25,180,False,False,19.3730620579871,-0.9845715612821128,-1.8297553457596385,33.96639591968973
DLinear__ETTm2__h720__s2021,DLinear,ETTm2,720,10801,1440,9361,3000,0.5,360,False,False,17.98765168735898,-2.7197865686417866,-3.5794931219356605,33.96639591968973
DLinear__ETTm2__h720__s2021,DLinear,ETTm2,720,10801,1440,9361,3000,1.0,720,True,False,18.423747905739283,-2.173579669350842,-3.0287147796300737,33.96639591968973
DLinear__ETTm2__h720__s2021,DLinear,ETTm2,720,10801,1440,9361,3000,2.0,1440,True,False,23.935992189790284,4.730460612649722,3.933108417161444,33.96639591968973
DLinear__ETTm2__h720__s2021,DLinear,ETTm2,720,10801,1440,9361,1000000000,0.0,0,False,False,20.82182887678877,0.8299968723363143,0.0,33.96639591968973
DLinear__ETTm2__h720__s2021,DLinear,ETTm2,720,10801,1440,9361,1000000000,0.125,90,False,False,20.82182887678877,0.8299968723363143,0.0,33.96639591968973
DLinear__ETTm2__h720__s2021,DLinear,ETTm2,720,10801,1440,9361,1000000000,0.25,180,False,False,20.82182887678877,0.8299968723363143,0.0,33.96639591968973
DLinear__ETTm2__h720__s2021,DLinear,ETTm2,720,10801,1440,9361,1000000000,0.5,360,False,False,20.82182887678877,0.8299968723363143,0.0,33.96639591968973
DLinear__ETTm2__h720__s2021,DLinear,ETTm2,720,10801,1440,9361,1000000000,1.0,720,True,False,20.81762355652864,0.8247297435628924,-0.005311211664117117,33.96639591968973
DLinear__ETTm2__h720__s2021,DLinear,ETTm2,720,10801,1440,9361,1000000000,2.0,1440,True,False,20.810132723507838,0.8153475372860413,-0.014771941704402913,33.96639591968973
DLinear__Electricity__h96__s2021,DLinear,Electricity,96,5165,192,4973,50,0.0,0,False,False,1.6897775985231451,0.2167493156586958,0.2167493156586958,2.412208361467164
DLinear__Electricity__h96__s2021,DLinear,Electricity,96,5165,192,4973,50,0.125,12,False,False,1.122893672774494,-0.3586284984703406,-0.3586284984703406,2.412208361467164
DLinear__Electricity__h96__s2021,DLinear,Electricity,96,5165,192,4973,50,0.25,24,False,False,0.8145917306529786,-0.6715498735390467,-0.6715498735390467,2.412208361467164
DLinear__Electricity__h96__s2021,DLinear,Electricity,96,5165,192,4973,50,0.5,48,False,False,0.6241280490039561,-0.864867362076856,-0.864867362076856,2.412208361467164
DLinear__Electricity__h96__s2021,DLinear,Electricity,96,5165,192,4973,50,1.0,96,True,False,0.32636531495576554,-1.1670916151626582,-1.1670916151626582,2.412208361467164
DLinear__Electricity__h96__s2021,DLinear,Electricity,96,5165,192,4973,50,2.0,192,True,False,0.8129723908294954,-0.6731934766924391,-0.6731934766924391,2.412208361467164
DLinear__Electricity__h96__s2021,DLinear,Electricity,96,5165,192,4973,200,0.0,0,False,False,1.4897641783210092,0.013739000345215118,0.013739000345215118,2.412208361467164
DLinear__Electricity__h96__s2021,DLinear,Electricity,96,5165,192,4973,200,0.125,12,False,False,1.358313625718008,-0.11968113768901063,-0.11968113768901063,2.412208361467164
DLinear__Electricity__h96__s2021,DLinear,Electricity,96,5165,192,4973,200,0.25,24,False,False,1.2615455213678102,-0.21789916404228252,-0.21789916404228252,2.412208361467164
DLinear__Electricity__h96__s2021,DLinear,Electricity,96,5165,192,4973,200,0.5,48,False,False,1.2145349407243569,-0.2656141263175755,-0.2656141263175755,2.412208361467164
DLinear__Electricity__h96__s2021,DLinear,Electricity,96,5165,192,4973,200,1.0,96,True,False,1.2914022498012312,-0.1875950782095809,-0.1875950782095809,2.412208361467164
DLinear__Electricity__h96__s2021,DLinear,Electricity,96,5165,192,4973,200,2.0,192,True,False,1.3913770906310365,-0.08612226733637772,-0.08612226733637772,2.412208361467164
DLinear__Electricity__h96__s2021,DLinear,Electricity,96,5165,192,4973,1000,0.0,0,False,False,1.4696735666186356,-0.006652638437910985,-0.006652638437910985,2.412208361467164
DLinear__Electricity__h96__s2021,DLinear,Electricity,96,5165,192,4973,1000,0.125,12,False,False,1.45099662072752,-0.025609429790292817,-0.025609429790292817,2.412208361467164
DLinear__Electricity__h96__s2021,DLinear,Electricity,96,5165,192,4973,1000,0.25,24,False,False,1.4434026126407513,-0.03331722247055403,-0.03331722247055403,2.412208361467164
DLinear__Electricity__h96__s2021,DLinear,Electricity,96,5165,192,4973,1000,0.5,48,False,False,1.4435572099657874,-0.03316030874111306,-0.03316030874111306,2.412208361467164
DLinear__Electricity__h96__s2021,DLinear,Electricity,96,5165,192,4973,1000,1.0,96,True,False,1.4400504776008607,-0.036719584125756176,-0.036719584125756176,2.412208361467164
DLinear__Electricity__h96__s2021,DLinear,Electricity,96,5165,192,4973,1000,2.0,192,True,False,1.448755051977374,-0.02788458501889758,-0.02788458501889758,2.412208361467164
DLinear__Electricity__h96__s2021,DLinear,Electricity,96,5165,192,4973,3000,0.0,0,False,False,1.4771412888700435,0.000926976206944875,0.000926976206944875,2.412208361467164
DLinear__Electricity__h96__s2021,DLinear,Electricity,96,5165,192,4973,3000,0.125,12,False,False,1.4597497192193831,-0.016725179508450646,-0.016725179508450646,2.412208361467164
DLinear__Electricity__h96__s2021,DLinear,Electricity,96,5165,192,4973,3000,0.25,24,False,False,1.4500200581451879,-0.026600624668927653,-0.026600624668927653,2.412208361467164
DLinear__Electricity__h96__s2021,DLinear,Electricity,96,5165,192,4973,3000,0.5,48,False,False,1.4412063188055946,-0.03554642440883229,-0.03554642440883229,2.412208361467164
DLinear__Electricity__h96__s2021,DLinear,Electricity,96,5165,192,4973,3000,1.0,96,True,False,1.4453400191023533,-0.031350786937064966,-0.031350786937064966,2.412208361467164
DLinear__Electricity__h96__s2021,DLinear,Electricity,96,5165,192,4973,3000,2.0,192,True,False,1.4636928997744627,-0.012722916425225026,-0.012722916425225026,2.412208361467164
DLinear__Electricity__h96__s2021,DLinear,Electricity,96,5165,192,4973,1000000000,0.0,0,False,False,1.4771412888700435,0.000926976206944875,0.000926976206944875,2.412208361467164
DLinear__Electricity__h96__s2021,DLinear,Electricity,96,5165,192,4973,1000000000,0.125,12,False,False,1.4597497192193831,-0.016725179508450646,-0.016725179508450646,2.412208361467164
DLinear__Electricity__h96__s2021,DLinear,Electricity,96,5165,192,4973,1000000000,0.25,24,False,False,1.4500200581451879,-0.026600624668927653,-0.026600624668927653,2.412208361467164
DLinear__Electricity__h96__s2021,DLinear,Electricity,96,5165,192,4973,1000000000,0.5,48,False,False,1.4412063188055946,-0.03554642440883229,-0.03554642440883229,2.412208361467164
DLinear__Electricity__h96__s2021,DLinear,Electricity,96,5165,192,4973,1000000000,1.0,96,True,False,1.4453400191023533,-0.031350786937064966,-0.031350786937064966,2.412208361467164
DLinear__Electricity__h96__s2021,DLinear,Electricity,96,5165,192,4973,1000000000,2.0,192,True,False,1.4636928997744627,-0.012722916425225026,-0.012722916425225026,2.412208361467164
DLinear__Electricity__h192__s2021,DLinear,Electricity,192,5069,384,4685,50,0.0,0,False,False,1.8779067445707172,0.146544358900892,0.10978846688327643,2.1597791548681506
DLinear__Electricity__h192__s2021,DLinear,Electricity,192,5069,384,4685,50,0.125,24,False,False,1.5363756937790574,-0.20101300049529042,-0.23789682780257498,2.1597791548681506
DLinear__Electricity__h192__s2021,DLinear,Electricity,192,5069,384,4685,50,0.25,48,False,False,1.426965131452489,-0.3123541100199713,-0.3492789218056852,2.1597791548681506
DLinear__Electricity__h192__s2021,DLinear,Electricity,192,5069,384,4685,50,0.5,96,False,False,1.366426893684922,-0.37396054378996835,-0.41090803280215077,2.1597791548681506
DLinear__Electricity__h192__s2021,DLinear,Electricity,192,5069,384,4685,50,1.0,192,True,False,1.4228091841076065,-0.3165833889731699,-0.3535097575494777,2.1597791548681506
DLinear__Electricity__h192__s2021,DLinear,Electricity,192,5069,384,4685,50,2.0,384,True,False,1.3678208847118214,-0.37254195581909977,-0.40948892265139425,2.1597791548681506
DLinear__Electricity__h192__s2021,DLinear,Electricity,192,5069,384,4685,200,0.0,0,False,False,1.8373401270844048,0.1052619442551486,0.06849085624891947,2.1597791548681506
DLinear__Electricity__h192__s2021,DLinear,Electricity,192,5069,384,4685,200,0.125,24,False,False,1.7916781189577773,0.05879423090249424,0.02200603820776605,2.1597791548681506
DLinear__Electricity__h192__s2021,DLinear,Electricity,192,5069,384,4685,200,0.25,48,False,False,1.7566829788539897,0.023181602246977382,-0.013619699397510454,2.1597791548681506
DLinear__Electricity__h192__s2021,DLinear,Electricity,192,5069,384,4685,200,0.5,96,False,False,1.7441378707077122,0.010415135916747593,-0.02639086504290032,2.1597791548681506
DLinear__Electricity__h192__s2021,DLinear,Electricity,192,5069,384,4685,200,1.0,192,True,False,1.7426402409092419,0.008891080470243298,-0.027915481491696034,2.1597791548681506
DLinear__Electricity__h192__s2021,DLinear,Electricity,192,5069,384,4685,200,2.0,384,True,False,1.6993326857294664,-0.0351806356600982,-0.07200342034791835,2.1597791548681506
DLinear__Electricity__h192__s2021,DLinear,Electricity,192,5069,384,4685,1000,0.0,0,False,False,1.7758858537647721,0.04272331150397275,0.005929203130370518,2.1597791548681506
DLinear__Electricity__h192__s2021,DLinear,Electricity,192,5069,384,4685,1000,0.125,24,False,False,1.7655358864982709,0.03219071927072234,-0.004607266132676263,2.1597791548681506
DLinear__Electricity__h192__s2021,DLinear,Electricity,192,5069,384,4685,1000,0.25,48,False,False,1.7594399336821398,0.0259872034882856,-0.010813065419021457,2.1597791548681506
DLinear__Electricity__h192__s2021,DLinear,Electricity,192,5069,384,4685,1000,0.5,96,False,False,1.7635155809352123,0.030134765456149844,-0.006663976740450522,2.1597791548681506
DLinear__Electricity__h192__s2021,DLinear,Electricity,192,5069,384,4685,1000,1.0,192,True,False,1.7573651554059755,0.023875815790667297,-0.012925230314962266,2.1597791548681506
DLinear__Electricity__h192__s2021,DLinear,Electricity,192,5069,384,4685,1000,2.0,384,True,False,1.7290221630197726,-0.004967288132975533,-0.0417789513374973,2.1597791548681506
DLinear__Electricity__h192__s2021,DLinear,Electricity,192,5069,384,4685,3000,0.0,0,False,False,1.758930938935663,0.025469227539621764,-0.01133123203377606,2.1597791548681506
DLinear__Electricity__h192__s2021,DLinear,Electricity,192,5069,384,4685,3000,0.125,24,False,False,1.752650147020094,0.019077611175510586,-0.017725201141308974,2.1597791548681506
DLinear__Electricity__h192__s2021,DLinear,Electricity,192,5069,384,4685,3000,0.25,48,False,False,1.7516730223010533,0.01808324511021921,-0.018719933231105833,2.1597791548681506
DLinear__Electricity__h192__s2021,DLinear,Electricity,192,5069,384,4685,3000,0.5,96,False,False,1.7547323102834893,0.02119651416831311,-0.015605518183816204,2.1597791548681506
DLinear__Electricity__h192__s2021,DLinear,Electricity,192,5069,384,4685,3000,1.0,192,True,False,1.7508920526726885,0.017288495288281,-0.019514975599140203,2.1597791548681506
DLinear__Electricity__h192__s2021,DLinear,Electricity,192,5069,384,4685,3000,2.0,384,True,False,1.7430084430743475,0.00926577955523551,-0.02754064448058981,2.1597791548681506
DLinear__Electricity__h192__s2021,DLinear,Electricity,192,5069,384,4685,1000000000,0.0,0,False,False,1.763436179473323,0.03005396295704339,-0.0067448089828233745,2.1597791548681506
DLinear__Electricity__h192__s2021,DLinear,Electricity,192,5069,384,4685,1000000000,0.125,24,False,False,1.7575589486819807,0.024073028545176494,-0.012727944966764023,2.1597791548681506
DLinear__Electricity__h192__s2021,DLinear,Electricity,192,5069,384,4685,1000000000,0.25,48,False,False,1.75712673579885,0.023633189274311794,-0.01316794614173751,2.1597791548681506
DLinear__Electricity__h192__s2021,DLinear,Electricity,192,5069,384,4685,1000000000,0.5,96,False,False,1.7570947577440486,0.02360064696736884,-0.013200500427449873,2.1597791548681506
DLinear__Electricity__h192__s2021,DLinear,Electricity,192,5069,384,4685,1000000000,1.0,192,True,False,1.7563234353374755,0.022815714592259007,-0.013985721734869918,2.1597791548681506
DLinear__Electricity__h192__s2021,DLinear,Electricity,192,5069,384,4685,1000000000,2.0,384,True,False,1.7512129816038846,0.01761508700409064,-0.019188263665459657,2.1597791548681506
DLinear__Electricity__h336__s2021,DLinear,Electricity,336,4925,672,4253,50,0.0,0,False,False,1.724865460992609,0.2812481904293546,0.27876940210059786,1.8499597296597743
DLinear__Electricity__h336__s2021,DLinear,Electricity,336,4925,672,4253,50,0.125,42,False,False,1.468946515569099,0.02156991146526235,0.019084668106980576,1.8499597296597743
DLinear__Electricity__h336__s2021,DLinear,Electricity,336,4925,672,4253,50,0.25,84,False,False,1.2372541699540152,-0.21352588989838092,-0.21601697721998941,1.8499597296597743
DLinear__Electricity__h336__s2021,DLinear,Electricity,336,4925,672,4253,50,0.5,168,False,False,1.0130731220781788,-0.44100005595680375,-0.443496797784688,1.8499597296597743
DLinear__Electricity__h336__s2021,DLinear,Electricity,336,4925,672,4253,50,1.0,336,True,False,1.1389454755833002,-0.31327869451840573,-0.3157722614748208,1.8499597296597743
DLinear__Electricity__h336__s2021,DLinear,Electricity,336,4925,672,4253,50,2.0,672,True,False,1.1037350092528573,-0.34900638667140954,-0.35150084173948576,1.8499597296597743
DLinear__Electricity__h336__s2021,DLinear,Electricity,336,4925,672,4253,200,0.0,0,False,False,1.5650496051633513,0.11908471197238747,0.11660189261706393,1.8499597296597743
DLinear__Electricity__h336__s2021,DLinear,Electricity,336,4925,672,4253,200,0.125,42,False,False,1.3901655707202318,-0.05836828982602632,-0.06085552027175942,1.8499597296597743
DLinear__Electricity__h336__s2021,DLinear,Electricity,336,4925,672,4253,200,0.25,84,False,False,1.2024658921866627,-0.24882519172928402,-0.2513171565137147,1.8499597296597743
DLinear__Electricity__h336__s2021,DLinear,Electricity,336,4925,672,4253,200,0.5,168,False,False,1.3579560241327264,-0.09105098008256729,-0.0935390229479275,1.8499597296597743
DLinear__Electricity__h336__s2021,DLinear,Electricity,336,4925,672,4253,200,1.0,336,True,False,1.1533562719216823,-0.29865621010069177,-0.3011494135743811,1.8499597296597743
DLinear__Electricity__h336__s2021,DLinear,Electricity,336,4925,672,4253,200,2.0,672,True,False,1.2306968531907578,-0.22017953067861787,-0.22267078339506743,1.8499597296597743
DLinear__Electricity__h336__s2021,DLinear,Electricity,336,4925,672,4253,1000,0.0,0,False,False,1.452224157121921,0.004601909137034237,0.0021162439916224554,1.8499597296597743
DLinear__Electricity__h336__s2021,DLinear,Electricity,336,4925,672,4253,1000,0.125,42,False,False,1.4258101576256552,-0.022200100063174733,-0.024686431447447182,1.8499597296597743
DLinear__Electricity__h336__s2021,DLinear,Electricity,336,4925,672,4253,1000,0.25,84,False,False,1.4100187952613656,-0.03822343039720301,-0.04071016008614232,1.8499597296597743
DLinear__Electricity__h336__s2021,DLinear,Electricity,336,4925,672,4253,1000,0.5,168,False,False,1.399246405921894,-0.04915406126306532,-0.05164106266339015,1.8499597296597743
DLinear__Electricity__h336__s2021,DLinear,Electricity,336,4925,672,4253,1000,1.0,336,True,False,1.3447582448407496,-0.1044426287821857,-0.10693100453440918,1.8499597296597743
DLinear__Electricity__h336__s2021,DLinear,Electricity,336,4925,672,4253,1000,2.0,672,True,False,1.33591508158343,-0.11341569410745524,-0.11590429291030056,1.8499597296597743
DLinear__Electricity__h336__s2021,DLinear,Electricity,336,4925,672,4253,3000,0.0,0,False,False,1.4309667533541468,-0.016967756276073335,-0.019453957595814527,1.8499597296597743
DLinear__Electricity__h336__s2021,DLinear,Electricity,336,4925,672,4253,3000,0.125,42,False,False,1.4229307437456744,-0.02512181123051863,-0.027608215242089455,1.8499597296597743
DLinear__Electricity__h336__s2021,DLinear,Electricity,336,4925,672,4253,3000,0.25,84,False,False,1.411165101703336,-0.0370602852321442,-0.039546986007859,1.8499597296597743
DLinear__Electricity__h336__s2021,DLinear,Electricity,336,4925,672,4253,3000,0.5,168,False,False,1.4059602346161295,-0.04234160946238411,-0.044828441520175996,1.8499597296597743
DLinear__Electricity__h336__s2021,DLinear,Electricity,336,4925,672,4253,3000,1.0,336,True,False,1.3820738667233583,-0.06657885729424465,-0.06906629183658389,1.8499597296597743
DLinear__Electricity__h336__s2021,DLinear,Electricity,336,4925,672,4253,3000,2.0,672,True,False,1.3738394102326483,-0.07493427422585808,-0.07742191646544178,1.8499597296597743
DLinear__Electricity__h336__s2021,DLinear,Electricity,336,4925,672,4253,1000000000,0.0,0,False,False,1.4309667533541468,-0.016967756276073335,-0.019453957595814527,1.8499597296597743
DLinear__Electricity__h336__s2021,DLinear,Electricity,336,4925,672,4253,1000000000,0.125,42,False,False,1.4229307437456744,-0.02512181123051863,-0.027608215242089455,1.8499597296597743
DLinear__Electricity__h336__s2021,DLinear,Electricity,336,4925,672,4253,1000000000,0.25,84,False,False,1.411165101703336,-0.0370602852321442,-0.039546986007859,1.8499597296597743
DLinear__Electricity__h336__s2021,DLinear,Electricity,336,4925,672,4253,1000000000,0.5,168,False,False,1.4059602346161295,-0.04234160946238411,-0.044828441520175996,1.8499597296597743
DLinear__Electricity__h336__s2021,DLinear,Electricity,336,4925,672,4253,1000000000,1.0,336,True,False,1.3820738667233583,-0.06657885729424465,-0.06906629183658389,1.8499597296597743
DLinear__Electricity__h336__s2021,DLinear,Electricity,336,4925,672,4253,1000000000,2.0,672,True,False,1.3738394102326483,-0.07493427422585808,-0.07742191646544178,1.8499597296597743
DLinear__Electricity__h720__s2021,DLinear,Electricity,720,4541,1440,3101,50,0.0,0,False,False,1.3242432412413137,0.3242045450130053,0.3242045450130053,1.5115433930247801
DLinear__Electricity__h720__s2021,DLinear,Electricity,720,4541,1440,3101,50,0.125,90,False,False,0.7671028217303036,-0.23858226624654758,-0.23858226624654758,1.5115433930247801
DLinear__Electricity__h720__s2021,DLinear,Electricity,720,4541,1440,3101,50,0.25,180,False,False,0.34227574516894077,-0.6677147925933685,-0.6677147925933685,1.5115433930247801
DLinear__Electricity__h720__s2021,DLinear,Electricity,720,4541,1440,3101,50,0.5,360,False,False,0.3526318351434116,-0.6572537478553745,-0.6572537478553745,1.5115433930247801
DLinear__Electricity__h720__s2021,DLinear,Electricity,720,4541,1440,3101,50,1.0,720,True,False,-0.33943851169961536,-1.3563379464294523,-1.3563379464294523,1.5115433930247801
DLinear__Electricity__h720__s2021,DLinear,Electricity,720,4541,1440,3101,50,2.0,1440,True,False,0.3858084376044775,-0.6237409140102254,-0.6237409140102254,1.5115433930247801
DLinear__Electricity__h720__s2021,DLinear,Electricity,720,4541,1440,3101,200,0.0,0,False,False,1.1495127269072039,0.14770320792074643,0.14770320792074643,1.5115433930247801
DLinear__Electricity__h720__s2021,DLinear,Electricity,720,4541,1440,3101,200,0.125,90,False,False,0.5353711527946651,-0.47266244147886205,-0.47266244147886205,1.5115433930247801
DLinear__Electricity__h720__s2021,DLinear,Electricity,720,4541,1440,3101,200,0.25,180,False,False,0.7531699060811916,-0.25265638633389326,-0.25265638633389326,1.5115433930247801
DLinear__Electricity__h720__s2021,DLinear,Electricity,720,4541,1440,3101,200,0.5,360,False,False,0.42679921641415636,-0.5823347103145897,-0.5823347103145897,1.5115433930247801
DLinear__Electricity__h720__s2021,DLinear,Electricity,720,4541,1440,3101,200,1.0,720,True,False,0.007754226606788459,-1.0056265508078102,-1.0056265508078102,1.5115433930247801
DLinear__Electricity__h720__s2021,DLinear,Electricity,720,4541,1440,3101,200,2.0,1440,True,False,0.5995975621173982,-0.4077851235971041,-0.4077851235971041,1.5115433930247801
DLinear__Electricity__h720__s2021,DLinear,Electricity,720,4541,1440,3101,1000,0.0,0,False,False,0.9070048862373928,-0.09726235116719109,-0.09726235116719109,1.5115433930247801
DLinear__Electricity__h720__s2021,DLinear,Electricity,720,4541,1440,3101,1000,0.125,90,False,False,0.8069790337412993,-0.19830192503117713,-0.19830192503117713,1.5115433930247801
DLinear__Electricity__h720__s2021,DLinear,Electricity,720,4541,1440,3101,1000,0.25,180,False,False,0.7793923567241989,-0.22616818180954454,-0.22616818180954454,1.5115433930247801
DLinear__Electricity__h720__s2021,DLinear,Electricity,720,4541,1440,3101,1000,0.5,360,False,False,0.7101840873872215,-0.2960778488323302,-0.2960778488323302,1.5115433930247801
DLinear__Electricity__h720__s2021,DLinear,Electricity,720,4541,1440,3101,1000,1.0,720,True,False,0.8029407490316092,-0.20238113611537636,-0.20238113611537636,1.5115433930247801
DLinear__Electricity__h720__s2021,DLinear,Electricity,720,4541,1440,3101,1000,2.0,1440,True,False,0.6842578682937951,-0.32226681962072157,-0.32226681962072157,1.5115433930247801
DLinear__Electricity__h720__s2021,DLinear,Electricity,720,4541,1440,3101,3000,0.0,0,False,False,1.0086162604928643,0.005378813074901275,0.005378813074901275,1.5115433930247801
DLinear__Electricity__h720__s2021,DLinear,Electricity,720,4541,1440,3101,3000,0.125,90,False,False,0.9623164994903091,-0.041390177190743095,-0.041390177190743095,1.5115433930247801
DLinear__Electricity__h720__s2021,DLinear,Electricity,720,4541,1440,3101,3000,0.25,180,False,False,0.9133389502611468,-0.09086409397850786,-0.09086409397850786,1.5115433930247801
DLinear__Electricity__h720__s2021,DLinear,Electricity,720,4541,1440,3101,3000,0.5,360,False,False,0.8721809908888959,-0.13243917254378063,-0.13243917254378063,1.5115433930247801
DLinear__Electricity__h720__s2021,DLinear,Electricity,720,4541,1440,3101,3000,1.0,720,True,False,0.8557827368231998,-0.14900361625073147,-0.14900361625073147,1.5115433930247801
DLinear__Electricity__h720__s2021,DLinear,Electricity,720,4541,1440,3101,3000,2.0,1440,True,False,0.7778958174812435,-0.22767988786958385,-0.22767988786958385,1.5115433930247801
DLinear__Electricity__h720__s2021,DLinear,Electricity,720,4541,1440,3101,1000000000,0.0,0,False,False,0.9269676093208866,-0.07709731399742792,-0.07709731399742792,1.5115433930247801
DLinear__Electricity__h720__s2021,DLinear,Electricity,720,4541,1440,3101,1000000000,0.125,90,False,False,0.8733589536785058,-0.13124927157998267,-0.13124927157998267,1.5115433930247801
DLinear__Electricity__h720__s2021,DLinear,Electricity,720,4541,1440,3101,1000000000,0.25,180,False,False,0.8343767282636904,-0.17062656600830683,-0.17062656600830683,1.5115433930247801
DLinear__Electricity__h720__s2021,DLinear,Electricity,720,4541,1440,3101,1000000000,0.5,360,False,False,0.8213816299885597,-0.18375336432368342,-0.18375336432368342,1.5115433930247801
DLinear__Electricity__h720__s2021,DLinear,Electricity,720,4541,1440,3101,1000000000,1.0,720,True,False,0.848599116681064,-0.15626003946382527,-0.15626003946382527,1.5115433930247801
DLinear__Electricity__h720__s2021,DLinear,Electricity,720,4541,1440,3101,1000000000,2.0,1440,True,False,0.7778958174812435,-0.22767988786958385,-0.22767988786958385,1.5115433930247801
DLinear__Exchange__h96__s2021,DLinear,Exchange,96,1422,192,1230,50,0.0,0,False,False,21.935927422197093,12.111206735585224,12.111206735585224,27.47806420643877
DLinear__Exchange__h96__s2021,DLinear,Exchange,96,1422,192,1230,50,0.125,12,False,False,16.891433800258408,6.431840512149252,6.431840512149252,27.47806420643877
DLinear__Exchange__h96__s2021,DLinear,Exchange,96,1422,192,1230,50,0.25,24,False,False,12.95427147639691,1.9991682968298266,1.9991682968298266,27.47806420643877
DLinear__Exchange__h96__s2021,DLinear,Exchange,96,1422,192,1230,50,0.5,48,False,False,6.915464221464148,-4.799650479419205,-4.799650479419205,27.47806420643877
DLinear__Exchange__h96__s2021,DLinear,Exchange,96,1422,192,1230,50,1.0,96,True,False,-0.13472797555257024,-12.737141619923472,-12.737141619923472,27.47806420643877
DLinear__Exchange__h96__s2021,DLinear,Exchange,96,1422,192,1230,50,2.0,192,True,False,-1.1725697343272614,-13.905600512293145,-13.905600512293145,27.47806420643877
DLinear__Exchange__h96__s2021,DLinear,Exchange,96,1422,192,1230,200,0.0,0,False,False,11.212272973813505,0.03793131283974433,0.03793131283974433,27.47806420643877
DLinear__Exchange__h96__s2021,DLinear,Exchange,96,1422,192,1230,200,0.125,12,False,False,8.424538792931232,-3.100651968931953,-3.100651968931953,27.47806420643877
DLinear__Exchange__h96__s2021,DLinear,Exchange,96,1422,192,1230,200,0.25,24,False,False,6.485878921457368,-5.283301054837214,-5.283301054837214,27.47806420643877
DLinear__Exchange__h96__s2021,DLinear,Exchange,96,1422,192,1230,200,0.5,48,False,False,4.7437036030459305,-7.244737107736239,-7.244737107736239,27.47806420643877
DLinear__Exchange__h96__s2021,DLinear,Exchange,96,1422,192,1230,200,1.0,96,True,False,3.9656065977348463,-8.120761181054844,-8.120761181054844,27.47806420643877
DLinear__Exchange__h96__s2021,DLinear,Exchange,96,1422,192,1230,200,2.0,192,True,False,-3.136773505578508,-16.117008314629242,-16.117008314629242,27.47806420643877
DLinear__Exchange__h96__s2021,DLinear,Exchange,96,1422,192,1230,1000,0.0,0,False,False,7.902617121883109,-3.688259870137066,-3.688259870137066,27.47806420643877
DLinear__Exchange__h96__s2021,DLinear,Exchange,96,1422,192,1230,1000,0.125,12,False,False,6.718245913236721,-5.021689614034974,-5.021689614034974,27.47806420643877
DLinear__Exchange__h96__s2021,DLinear,Exchange,96,1422,192,1230,1000,0.25,24,False,False,5.957837814221094,-5.877798551271928,-5.877798551271928,27.47806420643877
DLinear__Exchange__h96__s2021,DLinear,Exchange,96,1422,192,1230,1000,0.5,48,False,False,5.235020953113516,-6.691585221325582,-6.691585221325582,27.47806420643877
DLinear__Exchange__h96__s2021,DLinear,Exchange,96,1422,192,1230,1000,1.0,96,True,False,4.461684026268479,-7.562250138525246,-7.562250138525246,27.47806420643877
DLinear__Exchange__h96__s2021,DLinear,Exchange,96,1422,192,1230,1000,2.0,192,True,False,-3.3741847081705862,-16.38429880325287,-16.38429880325287,27.47806420643877
DLinear__Exchange__h96__s2021,DLinear,Exchange,96,1422,192,1230,3000,0.0,0,False,False,7.55206558286976,-4.082929924151481,-4.082929924151481,27.47806420643877
DLinear__Exchange__h96__s2021,DLinear,Exchange,96,1422,192,1230,3000,0.125,12,False,False,6.253432538540009,-5.5450018785154,-5.5450018785154,27.47806420643877
DLinear__Exchange__h96__s2021,DLinear,Exchange,96,1422,192,1230,3000,0.25,24,False,False,5.321581320957513,-6.594130835164132,-6.594130835164132,27.47806420643877
DLinear__Exchange__h96__s2021,DLinear,Exchange,96,1422,192,1230,3000,0.5,48,False,False,4.552188454349519,-7.460355314101361,-7.460355314101361,27.47806420643877
DLinear__Exchange__h96__s2021,DLinear,Exchange,96,1422,192,1230,3000,1.0,96,True,False,3.3442303743304453,-8.820340445047034,-8.820340445047034,27.47806420643877
DLinear__Exchange__h96__s2021,DLinear,Exchange,96,1422,192,1230,3000,2.0,192,True,False,-4.940105569973017,-18.147297969792916,-18.147297969792916,27.47806420643877
DLinear__Exchange__h96__s2021,DLinear,Exchange,96,1422,192,1230,1000000000,0.0,0,False,False,7.55206558286976,-4.082929924151481,-4.082929924151481,27.47806420643877
DLinear__Exchange__h96__s2021,DLinear,Exchange,96,1422,192,1230,1000000000,0.125,12,False,False,6.253432538540009,-5.5450018785154,-5.5450018785154,27.47806420643877
DLinear__Exchange__h96__s2021,DLinear,Exchange,96,1422,192,1230,1000000000,0.25,24,False,False,5.321581320957513,-6.594130835164132,-6.594130835164132,27.47806420643877
DLinear__Exchange__h96__s2021,DLinear,Exchange,96,1422,192,1230,1000000000,0.5,48,False,False,4.552188454349519,-7.460355314101361,-7.460355314101361,27.47806420643877
DLinear__Exchange__h96__s2021,DLinear,Exchange,96,1422,192,1230,1000000000,1.0,96,True,False,3.3442303743304453,-8.820340445047034,-8.820340445047034,27.47806420643877
DLinear__Exchange__h96__s2021,DLinear,Exchange,96,1422,192,1230,1000000000,2.0,192,True,False,-4.940105569973017,-18.147297969792916,-18.147297969792916,27.47806420643877
DLinear__Exchange__h192__s2021,DLinear,Exchange,192,1326,384,942,50,0.0,0,False,False,23.224346431010463,23.08179073403041,23.08179073403041,25.642632458890677
DLinear__Exchange__h192__s2021,DLinear,Exchange,192,1326,384,942,50,0.125,24,False,False,19.886887408988454,19.73813477619724,19.73813477619724,25.642632458890677
DLinear__Exchange__h192__s2021,DLinear,Exchange,192,1326,384,942,50,0.25,48,False,False,16.50142558244115,16.346386883067,16.346386883067,25.642632458890677
DLinear__Exchange__h192__s2021,DLinear,Exchange,192,1326,384,942,50,0.5,96,False,False,6.524928970314985,6.351366085709604,6.351366085709604,25.642632458890677
DLinear__Exchange__h192__s2021,DLinear,Exchange,192,1326,384,942,50,1.0,192,True,False,-9.816395140878072,-10.020300311611368,-10.020300311611368,25.642632458890677
DLinear__Exchange__h192__s2021,DLinear,Exchange,192,1326,384,942,50,2.0,384,True,False,-17.49461371231155,-17.71277566562023,-17.71277566562023,25.642632458890677
DLinear__Exchange__h192__s2021,DLinear,Exchange,192,1326,384,942,200,0.0,0,False,False,14.511069475878458,14.352335117935223,14.352335117935223,25.642632458890677
DLinear__Exchange__h192__s2021,DLinear,Exchange,192,1326,384,942,200,0.125,24,False,False,9.037250380855847,8.868352330909227,8.868352330909227,25.642632458890677
DLinear__Exchange__h192__s2021,DLinear,Exchange,192,1326,384,942,200,0.25,48,False,False,3.0108208447733324,2.8307330253766163,2.8307330253766163,25.642632458890677
DLinear__Exchange__h192__s2021,DLinear,Exchange,192,1326,384,942,200,0.5,96,False,False,-6.194955192924044,-6.39213613700666,-6.39213613700666,25.642632458890677
DLinear__Exchange__h192__s2021,DLinear,Exchange,192,1326,384,942,200,1.0,192,True,False,-18.724413266377432,-18.94485869008885,-18.94485869008885,25.642632458890677
DLinear__Exchange__h192__s2021,DLinear,Exchange,192,1326,384,942,200,2.0,384,True,False,-11.9883977042775,-12.196335811558704,-12.196335811558704,25.642632458890677
DLinear__Exchange__h192__s2021,DLinear,Exchange,192,1326,384,942,1000,0.0,0,False,False,7.310952133193968,7.138848722713755,7.138848722713755,25.642632458890677
DLinear__Exchange__h192__s2021,DLinear,Exchange,192,1326,384,942,1000,0.125,24,False,False,2.654079766313262,2.4733295562924718,2.4733295562924718,25.642632458890677
DLinear__Exchange__h192__s2021,DLinear,Exchange,192,1326,384,942,1000,0.25,48,False,False,-1.9596859778460034,-2.1490029477807338,-2.1490029477807338,25.642632458890677
DLinear__Exchange__h192__s2021,DLinear,Exchange,192,1326,384,942,1000,0.5,96,False,False,-8.948513707233014,-9.150807410829035,-9.150807410829035,25.642632458890677
DLinear__Exchange__h192__s2021,DLinear,Exchange,192,1326,384,942,1000,1.0,192,True,False,-16.960810986617986,-17.177981784318426,-17.177981784318426,25.642632458890677
DLinear__Exchange__h192__s2021,DLinear,Exchange,192,1326,384,942,1000,2.0,384,True,False,-7.275925648596828,-7.475113719803212,-7.475113719803212,25.642632458890677
DLinear__Exchange__h192__s2021,DLinear,Exchange,192,1326,384,942,3000,0.0,0,False,False,0.3353884612727537,0.15033294560224153,0.15033294560224153,25.642632458890677
DLinear__Exchange__h192__s2021,DLinear,Exchange,192,1326,384,942,3000,0.125,24,False,False,-4.509306970673721,-4.703358032482263,-4.703358032482263,25.642632458890677
DLinear__Exchange__h192__s2021,DLinear,Exchange,192,1326,384,942,3000,0.25,48,False,False,-7.936541860133848,-8.136956552021323,-8.136956552021323,25.642632458890677
DLinear__Exchange__h192__s2021,DLinear,Exchange,192,1326,384,942,3000,0.5,96,False,False,-11.13762590738891,-11.343984316408513,-11.343984316408513,25.642632458890677
DLinear__Exchange__h192__s2021,DLinear,Exchange,192,1326,384,942,3000,1.0,192,True,False,-17.39897509809558,-17.616959471290325,-17.616959471290325,25.642632458890677
DLinear__Exchange__h192__s2021,DLinear,Exchange,192,1326,384,942,3000,2.0,384,True,False,-7.275925648596828,-7.475113719803212,-7.475113719803212,25.642632458890677
DLinear__Exchange__h192__s2021,DLinear,Exchange,192,1326,384,942,1000000000,0.0,0,False,False,0.3353884612727537,0.15033294560224153,0.15033294560224153,25.642632458890677
DLinear__Exchange__h192__s2021,DLinear,Exchange,192,1326,384,942,1000000000,0.125,24,False,False,-4.509306970673721,-4.703358032482263,-4.703358032482263,25.642632458890677
DLinear__Exchange__h192__s2021,DLinear,Exchange,192,1326,384,942,1000000000,0.25,48,False,False,-7.936541860133848,-8.136956552021323,-8.136956552021323,25.642632458890677
DLinear__Exchange__h192__s2021,DLinear,Exchange,192,1326,384,942,1000000000,0.5,96,False,False,-11.13762590738891,-11.343984316408513,-11.343984316408513,25.642632458890677
DLinear__Exchange__h192__s2021,DLinear,Exchange,192,1326,384,942,1000000000,1.0,192,True,False,-17.39897509809558,-17.616959471290325,-17.616959471290325,25.642632458890677
DLinear__Exchange__h192__s2021,DLinear,Exchange,192,1326,384,942,1000000000,2.0,384,True,False,-7.275925648596828,-7.475113719803212,-7.475113719803212,25.642632458890677
DLinear__Exchange__h336__s2021,DLinear,Exchange,336,1182,591,591,50,0.0,0,False,False,16.43839979279473,34.36489060933605,16.144664586779474,17.61918294135388
DLinear__Exchange__h336__s2021,DLinear,Exchange,336,1182,591,591,50,0.125,42,False,False,13.517326234334853,32.070475685827226,13.213322889110295,17.61918294135388
DLinear__Exchange__h336__s2021,DLinear,Exchange,336,1182,591,591,50,0.25,84,False,False,9.162090221407274,28.64956953489389,8.84277737822755,17.61918294135388
DLinear__Exchange__h336__s2021,DLinear,Exchange,336,1182,591,591,50,0.5,168,False,False,-23.181391870103152,3.2447426779733273,-23.614398315988456,17.61918294135388
DLinear__Exchange__h336__s2021,DLinear,Exchange,336,1182,591,591,50,1.0,336,True,False,-37.83797100621305,-8.26755690109274,-38.3224981659352,17.61918294135388
DLinear__Exchange__h336__s2021,DLinear,Exchange,336,1182,591,591,50,2.0,672,True,True,,,,17.61918294135388
DLinear__Exchange__h336__s2021,DLinear,Exchange,336,1182,591,591,200,0.0,0,False,False,9.294387332602344,28.753484914013313,8.975539539387148,17.61918294135388
DLinear__Exchange__h336__s2021,DLinear,Exchange,336,1182,591,591,200,0.125,42,False,False,0.31657526493527544,21.70168509580757,-0.0338312762062808,17.61918294135388
DLinear__Exchange__h336__s2021,DLinear,Exchange,336,1182,591,591,200,0.25,84,False,False,-17.84273468236666,7.438096415185803,-18.256974714432744,17.61918294135388
DLinear__Exchange__h336__s2021,DLinear,Exchange,336,1182,591,591,200,0.5,168,False,False,-37.82185864379477,-8.254901127780075,-38.30632916544294,17.61918294135388
DLinear__Exchange__h336__s2021,DLinear,Exchange,336,1182,591,591,200,1.0,336,True,False,-38.881727761323205,-9.087396260667282,-39.36992392815785,17.61918294135388
DLinear__Exchange__h336__s2021,DLinear,Exchange,336,1182,591,591,200,2.0,672,True,True,,,,17.61918294135388
DLinear__Exchange__h336__s2021,DLinear,Exchange,336,1182,591,591,1000,0.0,0,False,False,-10.53141327765598,13.180918225665083,-10.919952599183597,17.61918294135388
DLinear__Exchange__h336__s2021,DLinear,Exchange,336,1182,591,591,1000,0.125,42,False,False,-20.54137894073236,5.318392978857319,-20.965105229945596,17.61918294135388
DLinear__Exchange__h336__s2021,DLinear,Exchange,336,1182,591,591,1000,0.25,84,False,False,-27.558659484433253,-0.193468629449596,-28.00705287361896,17.61918294135388
DLinear__Exchange__h336__s2021,DLinear,Exchange,336,1182,591,591,1000,0.5,168,False,False,-30.627599735415952,-2.6040283672619413,-31.08678104386882,17.61918294135388
DLinear__Exchange__h336__s2021,DLinear,Exchange,336,1182,591,591,1000,1.0,336,True,False,-27.69280171699142,-0.2988332955884815,-28.141666642100542,17.61918294135388
DLinear__Exchange__h336__s2021,DLinear,Exchange,336,1182,591,591,1000,2.0,672,True,True,,,,17.61918294135388
DLinear__Exchange__h336__s2021,DLinear,Exchange,336,1182,591,591,3000,0.0,0,False,False,-10.53141327765598,13.180918225665083,-10.919952599183597,17.61918294135388
DLinear__Exchange__h336__s2021,DLinear,Exchange,336,1182,591,591,3000,0.125,42,False,False,-20.54137894073236,5.318392978857319,-20.965105229945596,17.61918294135388
DLinear__Exchange__h336__s2021,DLinear,Exchange,336,1182,591,591,3000,0.25,84,False,False,-27.558659484433253,-0.193468629449596,-28.00705287361896,17.61918294135388
DLinear__Exchange__h336__s2021,DLinear,Exchange,336,1182,591,591,3000,0.5,168,False,False,-30.627599735415952,-2.6040283672619413,-31.08678104386882,17.61918294135388
DLinear__Exchange__h336__s2021,DLinear,Exchange,336,1182,591,591,3000,1.0,336,True,False,-27.69280171699142,-0.2988332955884815,-28.141666642100542,17.61918294135388
DLinear__Exchange__h336__s2021,DLinear,Exchange,336,1182,591,591,3000,2.0,672,True,True,,,,17.61918294135388
DLinear__Exchange__h336__s2021,DLinear,Exchange,336,1182,591,591,1000000000,0.0,0,False,False,-10.53141327765598,13.180918225665083,-10.919952599183597,17.61918294135388
DLinear__Exchange__h336__s2021,DLinear,Exchange,336,1182,591,591,1000000000,0.125,42,False,False,-20.54137894073236,5.318392978857319,-20.965105229945596,17.61918294135388
DLinear__Exchange__h336__s2021,DLinear,Exchange,336,1182,591,591,1000000000,0.25,84,False,False,-27.558659484433253,-0.193468629449596,-28.00705287361896,17.61918294135388
DLinear__Exchange__h336__s2021,DLinear,Exchange,336,1182,591,591,1000000000,0.5,168,False,False,-30.627599735415952,-2.6040283672619413,-31.08678104386882,17.61918294135388
DLinear__Exchange__h336__s2021,DLinear,Exchange,336,1182,591,591,1000000000,1.0,336,True,False,-27.69280171699142,-0.2988332955884815,-28.141666642100542,17.61918294135388
DLinear__Exchange__h336__s2021,DLinear,Exchange,336,1182,591,591,1000000000,2.0,672,True,True,,,,17.61918294135388
DLinear__Exchange__h720__s2021,DLinear,Exchange,720,798,399,399,50,0.0,0,False,False,13.99928737358905,53.12863441387763,2.0391275044148265,14.399531821213507
DLinear__Exchange__h720__s2021,DLinear,Exchange,720,798,399,399,50,0.125,90,False,False,9.825425599117866,50.8538323202366,-2.7151952054367943,14.399531821213507
DLinear__Exchange__h720__s2021,DLinear,Exchange,720,798,399,399,50,0.25,180,False,False,6.018588314649279,48.77906274405506,-7.051451155492054,14.399531821213507
DLinear__Exchange__h720__s2021,DLinear,Exchange,720,798,399,399,50,0.5,360,False,False,1.7974858391006445,46.47851393154247,-11.859584353111993,14.399531821213507
DLinear__Exchange__h720__s2021,DLinear,Exchange,720,798,399,399,50,1.0,720,True,True,,,,14.399531821213507
DLinear__Exchange__h720__s2021,DLinear,Exchange,720,798,399,399,50,2.0,1440,True,True,,,,14.399531821213507
DLinear__Exchange__h720__s2021,DLinear,Exchange,720,798,399,399,200,0.0,0,False,False,10.880409766579692,51.42881067902625,-1.5134938897450103,14.399531821213507
DLinear__Exchange__h720__s2021,DLinear,Exchange,720,798,399,399,200,0.125,90,False,False,6.628119140293449,49.11126396997846,-6.357152589008778,14.399531821213507
DLinear__Exchange__h720__s2021,DLinear,Exchange,720,798,399,399,200,0.25,180,False,False,2.8778131378565286,47.067304584855094,-10.629015424844479,14.399531821213507
DLinear__Exchange__h720__s2021,DLinear,Exchange,720,798,399,399,200,0.5,360,False,False,1.786059548490553,46.47228647332587,-11.872599703373275,14.399531821213507
DLinear__Exchange__h720__s2021,DLinear,Exchange,720,798,399,399,200,1.0,720,True,True,,,,14.399531821213507
DLinear__Exchange__h720__s2021,DLinear,Exchange,720,798,399,399,200,2.0,1440,True,True,,,,14.399531821213507
DLinear__Exchange__h720__s2021,DLinear,Exchange,720,798,399,399,1000,0.0,0,False,False,2.708601618198501,46.975082383933014,-10.821759270747373,14.399531821213507
DLinear__Exchange__h720__s2021,DLinear,Exchange,720,798,399,399,1000,0.125,90,False,False,1.7804425659350407,46.46922515400875,-11.878997842355224,14.399531821213507
DLinear__Exchange__h720__s2021,DLinear,Exchange,720,798,399,399,1000,0.25,180,False,False,1.786059548490553,46.47228647332587,-11.872599703373275,14.399531821213507
DLinear__Exchange__h720__s2021,DLinear,Exchange,720,798,399,399,1000,0.5,360,False,False,1.786059548490553,46.47228647332587,-11.872599703373275,14.399531821213507
DLinear__Exchange__h720__s2021,DLinear,Exchange,720,798,399,399,1000,1.0,720,True,True,,,,14.399531821213507
DLinear__Exchange__h720__s2021,DLinear,Exchange,720,798,399,399,1000,2.0,1440,True,True,,,,14.399531821213507
DLinear__Exchange__h720__s2021,DLinear,Exchange,720,798,399,399,3000,0.0,0,False,False,2.708601618198501,46.975082383933014,-10.821759270747373,14.399531821213507
DLinear__Exchange__h720__s2021,DLinear,Exchange,720,798,399,399,3000,0.125,90,False,False,1.7804425659350407,46.46922515400875,-11.878997842355224,14.399531821213507
DLinear__Exchange__h720__s2021,DLinear,Exchange,720,798,399,399,3000,0.25,180,False,False,1.786059548490553,46.47228647332587,-11.872599703373275,14.399531821213507
DLinear__Exchange__h720__s2021,DLinear,Exchange,720,798,399,399,3000,0.5,360,False,False,1.786059548490553,46.47228647332587,-11.872599703373275,14.399531821213507
DLinear__Exchange__h720__s2021,DLinear,Exchange,720,798,399,399,3000,1.0,720,True,True,,,,14.399531821213507
DLinear__Exchange__h720__s2021,DLinear,Exchange,720,798,399,399,3000,2.0,1440,True,True,,,,14.399531821213507
DLinear__Exchange__h720__s2021,DLinear,Exchange,720,798,399,399,1000000000,0.0,0,False,False,2.708601618198501,46.975082383933014,-10.821759270747373,14.399531821213507
DLinear__Exchange__h720__s2021,DLinear,Exchange,720,798,399,399,1000000000,0.125,90,False,False,1.7804425659350407,46.46922515400875,-11.878997842355224,14.399531821213507
DLinear__Exchange__h720__s2021,DLinear,Exchange,720,798,399,399,1000000000,0.25,180,False,False,1.786059548490553,46.47228647332587,-11.872599703373275,14.399531821213507
DLinear__Exchange__h720__s2021,DLinear,Exchange,720,798,399,399,1000000000,0.5,360,False,False,1.786059548490553,46.47228647332587,-11.872599703373275,14.399531821213507
DLinear__Exchange__h720__s2021,DLinear,Exchange,720,798,399,399,1000000000,1.0,720,True,True,,,,14.399531821213507
DLinear__Exchange__h720__s2021,DLinear,Exchange,720,798,399,399,1000000000,2.0,1440,True,True,,,,14.399531821213507
DLinear__ILI__h24__s2021,DLinear,ILI,24,170,48,122,50,0.0,0,False,False,0.273769517227477,1.0129053979978182,0.1506064024411356,11.664712666283517
DLinear__ILI__h24__s2021,DLinear,ILI,24,170,48,122,50,0.125,3,False,False,-0.5457982609998046,0.19941196900321587,-0.6699735520195836,11.664712666283517
DLinear__ILI__h24__s2021,DLinear,ILI,24,170,48,122,50,0.25,6,False,False,-1.1430620460175969,-0.39342510609428516,-1.2679749651193337,11.664712666283517
DLinear__ILI__h24__s2021,DLinear,ILI,24,170,48,122,50,0.5,12,False,False,-1.7163545250722396,-0.9624685421499721,-1.841975467399783,11.664712666283517
DLinear__ILI__h24__s2021,DLinear,ILI,24,170,48,122,50,1.0,24,True,False,-1.022003262202772,-0.27326356757156417,-1.1467666722253556,11.664712666283517
DLinear__ILI__h24__s2021,DLinear,ILI,24,170,48,122,50,2.0,48,True,False,-1.5354480641387127,-0.7829028965234295,-1.6608455847736312,11.664712666283517
DLinear__ILI__h24__s2021,DLinear,ILI,24,170,48,122,200,0.0,0,False,False,0.14628706626382268,0.8863678022966123,0.022966509090806553,11.664712666283517
DLinear__ILI__h24__s2021,DLinear,ILI,24,170,48,122,200,0.125,3,False,False,-0.41027164308817754,0.3339341111052891,-0.5342795570766816,11.664712666283517
DLinear__ILI__h24__s2021,DLinear,ILI,24,170,48,122,200,0.25,6,False,False,-0.8967093053575413,-0.14889824563712573,-1.0213179758104627,11.664712666283517
DLinear__ILI__h24__s2021,DLinear,ILI,24,170,48,122,200,0.5,12,False,False,-1.2408047653279481,-0.49044339061374315,-1.365838397883905,11.664712666283517
DLinear__ILI__h24__s2021,DLinear,ILI,24,170,48,122,200,1.0,24,True,False,-1.0686651170069645,-0.319579581056155,-1.1934861549911344,11.664712666283517
DLinear__ILI__h24__s2021,DLinear,ILI,24,170,48,122,200,2.0,48,True,False,-0.5750893068666555,0.17033801810607022,-0.6993007726864531,11.664712666283517
DLinear__ILI__h24__s2021,DLinear,ILI,24,170,48,122,1000,0.0,0,False,False,0.14628706626382268,0.8863678022966123,0.022966509090806553,11.664712666283517
DLinear__ILI__h24__s2021,DLinear,ILI,24,170,48,122,1000,0.125,3,False,False,-0.41027164308817754,0.3339341111052891,-0.5342795570766816,11.664712666283517
DLinear__ILI__h24__s2021,DLinear,ILI,24,170,48,122,1000,0.25,6,False,False,-0.8967093053575413,-0.14889824563712573,-1.0213179758104627,11.664712666283517
DLinear__ILI__h24__s2021,DLinear,ILI,24,170,48,122,1000,0.5,12,False,False,-1.2408047653279481,-0.49044339061374315,-1.365838397883905,11.664712666283517
DLinear__ILI__h24__s2021,DLinear,ILI,24,170,48,122,1000,1.0,24,True,False,-1.0686651170069645,-0.319579581056155,-1.1934861549911344,11.664712666283517
DLinear__ILI__h24__s2021,DLinear,ILI,24,170,48,122,1000,2.0,48,True,False,-0.5750893068666555,0.17033801810607022,-0.6993007726864531,11.664712666283517
DLinear__ILI__h24__s2021,DLinear,ILI,24,170,48,122,3000,0.0,0,False,False,0.14628706626382268,0.8863678022966123,0.022966509090806553,11.664712666283517
DLinear__ILI__h24__s2021,DLinear,ILI,24,170,48,122,3000,0.125,3,False,False,-0.41027164308817754,0.3339341111052891,-0.5342795570766816,11.664712666283517
DLinear__ILI__h24__s2021,DLinear,ILI,24,170,48,122,3000,0.25,6,False,False,-0.8967093053575413,-0.14889824563712573,-1.0213179758104627,11.664712666283517
DLinear__ILI__h24__s2021,DLinear,ILI,24,170,48,122,3000,0.5,12,False,False,-1.2408047653279481,-0.49044339061374315,-1.365838397883905,11.664712666283517
DLinear__ILI__h24__s2021,DLinear,ILI,24,170,48,122,3000,1.0,24,True,False,-1.0686651170069645,-0.319579581056155,-1.1934861549911344,11.664712666283517
DLinear__ILI__h24__s2021,DLinear,ILI,24,170,48,122,3000,2.0,48,True,False,-0.5750893068666555,0.17033801810607022,-0.6993007726864531,11.664712666283517
DLinear__ILI__h24__s2021,DLinear,ILI,24,170,48,122,1000000000,0.0,0,False,False,0.14628706626382268,0.8863678022966123,0.022966509090806553,11.664712666283517
DLinear__ILI__h24__s2021,DLinear,ILI,24,170,48,122,1000000000,0.125,3,False,False,-0.41027164308817754,0.3339341111052891,-0.5342795570766816,11.664712666283517
DLinear__ILI__h24__s2021,DLinear,ILI,24,170,48,122,1000000000,0.25,6,False,False,-0.8967093053575413,-0.14889824563712573,-1.0213179758104627,11.664712666283517
DLinear__ILI__h24__s2021,DLinear,ILI,24,170,48,122,1000000000,0.5,12,False,False,-1.2408047653279481,-0.49044339061374315,-1.365838397883905,11.664712666283517
DLinear__ILI__h24__s2021,DLinear,ILI,24,170,48,122,1000000000,1.0,24,True,False,-1.0686651170069645,-0.319579581056155,-1.1934861549911344,11.664712666283517
DLinear__ILI__h24__s2021,DLinear,ILI,24,170,48,122,1000000000,2.0,48,True,False,-0.5750893068666555,0.17033801810607022,-0.6993007726864531,11.664712666283517
DLinear__ILI__h36__s2021,DLinear,ILI,36,158,72,86,50,0.0,0,False,False,0.7859638530435601,1.2196645844359328,0.7751605203047613,7.879306199095493
DLinear__ILI__h36__s2021,DLinear,ILI,36,158,72,86,50,0.125,4,False,False,-0.04909787099514987,0.38825321970663473,-0.059992132900955474,7.879306199095493
DLinear__ILI__h36__s2021,DLinear,ILI,36,158,72,86,50,0.25,9,False,False,-0.43905573874376397,0.0,-0.4499924628329764,7.879306199095493
DLinear__ILI__h36__s2021,DLinear,ILI,36,158,72,86,50,0.5,18,False,False,-0.43905573874376397,0.0,-0.4499924628329764,7.879306199095493
DLinear__ILI__h36__s2021,DLinear,ILI,36,158,72,86,50,1.0,36,True,False,-0.43905573874376397,0.0,-0.4499924628329764,7.879306199095493
DLinear__ILI__h36__s2021,DLinear,ILI,36,158,72,86,50,2.0,72,True,False,-0.43905573874376397,0.0,-0.4499924628329764,7.879306199095493
DLinear__ILI__h36__s2021,DLinear,ILI,36,158,72,86,200,0.0,0,False,False,-0.43905573874376397,0.0,-0.4499924628329764,7.879306199095493
DLinear__ILI__h36__s2021,DLinear,ILI,36,158,72,86,200,0.125,4,False,False,-0.43905573874376397,0.0,-0.4499924628329764,7.879306199095493
DLinear__ILI__h36__s2021,DLinear,ILI,36,158,72,86,200,0.25,9,False,False,-0.43905573874376397,0.0,-0.4499924628329764,7.879306199095493
DLinear__ILI__h36__s2021,DLinear,ILI,36,158,72,86,200,0.5,18,False,False,-0.43905573874376397,0.0,-0.4499924628329764,7.879306199095493
DLinear__ILI__h36__s2021,DLinear,ILI,36,158,72,86,200,1.0,36,True,False,-0.43905573874376397,0.0,-0.4499924628329764,7.879306199095493
DLinear__ILI__h36__s2021,DLinear,ILI,36,158,72,86,200,2.0,72,True,False,-0.43905573874376397,0.0,-0.4499924628329764,7.879306199095493
DLinear__ILI__h36__s2021,DLinear,ILI,36,158,72,86,1000,0.0,0,False,False,-0.43905573874376397,0.0,-0.4499924628329764,7.879306199095493
DLinear__ILI__h36__s2021,DLinear,ILI,36,158,72,86,1000,0.125,4,False,False,-0.43905573874376397,0.0,-0.4499924628329764,7.879306199095493
DLinear__ILI__h36__s2021,DLinear,ILI,36,158,72,86,1000,0.25,9,False,False,-0.43905573874376397,0.0,-0.4499924628329764,7.879306199095493
DLinear__ILI__h36__s2021,DLinear,ILI,36,158,72,86,1000,0.5,18,False,False,-0.43905573874376397,0.0,-0.4499924628329764,7.879306199095493
DLinear__ILI__h36__s2021,DLinear,ILI,36,158,72,86,1000,1.0,36,True,False,-0.43905573874376397,0.0,-0.4499924628329764,7.879306199095493
DLinear__ILI__h36__s2021,DLinear,ILI,36,158,72,86,1000,2.0,72,True,False,-0.43905573874376397,0.0,-0.4499924628329764,7.879306199095493
DLinear__ILI__h36__s2021,DLinear,ILI,36,158,72,86,3000,0.0,0,False,False,-0.43905573874376397,0.0,-0.4499924628329764,7.879306199095493
DLinear__ILI__h36__s2021,DLinear,ILI,36,158,72,86,3000,0.125,4,False,False,-0.43905573874376397,0.0,-0.4499924628329764,7.879306199095493
DLinear__ILI__h36__s2021,DLinear,ILI,36,158,72,86,3000,0.25,9,False,False,-0.43905573874376397,0.0,-0.4499924628329764,7.879306199095493
DLinear__ILI__h36__s2021,DLinear,ILI,36,158,72,86,3000,0.5,18,False,False,-0.43905573874376397,0.0,-0.4499924628329764,7.879306199095493
DLinear__ILI__h36__s2021,DLinear,ILI,36,158,72,86,3000,1.0,36,True,False,-0.43905573874376397,0.0,-0.4499924628329764,7.879306199095493
DLinear__ILI__h36__s2021,DLinear,ILI,36,158,72,86,3000,2.0,72,True,False,-0.43905573874376397,0.0,-0.4499924628329764,7.879306199095493
DLinear__ILI__h36__s2021,DLinear,ILI,36,158,72,86,1000000000,0.0,0,False,False,-0.43905573874376397,0.0,-0.4499924628329764,7.879306199095493
DLinear__ILI__h36__s2021,DLinear,ILI,36,158,72,86,1000000000,0.125,4,False,False,-0.43905573874376397,0.0,-0.4499924628329764,7.879306199095493
DLinear__ILI__h36__s2021,DLinear,ILI,36,158,72,86,1000000000,0.25,9,False,False,-0.43905573874376397,0.0,-0.4499924628329764,7.879306199095493
DLinear__ILI__h36__s2021,DLinear,ILI,36,158,72,86,1000000000,0.5,18,False,False,-0.43905573874376397,0.0,-0.4499924628329764,7.879306199095493
DLinear__ILI__h36__s2021,DLinear,ILI,36,158,72,86,1000000000,1.0,36,True,False,-0.43905573874376397,0.0,-0.4499924628329764,7.879306199095493
DLinear__ILI__h36__s2021,DLinear,ILI,36,158,72,86,1000000000,2.0,72,True,False,-0.43905573874376397,0.0,-0.4499924628329764,7.879306199095493
DLinear__ILI__h48__s2021,DLinear,ILI,48,146,73,73,50,0.0,0,False,False,1.7973206006350388,0.0,0.0,5.745907694901379
DLinear__ILI__h48__s2021,DLinear,ILI,48,146,73,73,50,0.125,6,False,False,1.7973206006350388,0.0,0.0,5.745907694901379
DLinear__ILI__h48__s2021,DLinear,ILI,48,146,73,73,50,0.25,12,False,False,1.7973206006350388,0.0,0.0,5.745907694901379
DLinear__ILI__h48__s2021,DLinear,ILI,48,146,73,73,50,0.5,24,False,False,1.7973206006350388,0.0,0.0,5.745907694901379
DLinear__ILI__h48__s2021,DLinear,ILI,48,146,73,73,50,1.0,48,True,False,1.7973206006350388,0.0,0.0,5.745907694901379
DLinear__ILI__h48__s2021,DLinear,ILI,48,146,73,73,50,2.0,96,True,True,,,,5.745907694901379
DLinear__ILI__h48__s2021,DLinear,ILI,48,146,73,73,200,0.0,0,False,False,1.7973206006350388,0.0,0.0,5.745907694901379
DLinear__ILI__h48__s2021,DLinear,ILI,48,146,73,73,200,0.125,6,False,False,1.7973206006350388,0.0,0.0,5.745907694901379
DLinear__ILI__h48__s2021,DLinear,ILI,48,146,73,73,200,0.25,12,False,False,1.7973206006350388,0.0,0.0,5.745907694901379
DLinear__ILI__h48__s2021,DLinear,ILI,48,146,73,73,200,0.5,24,False,False,1.7973206006350388,0.0,0.0,5.745907694901379
DLinear__ILI__h48__s2021,DLinear,ILI,48,146,73,73,200,1.0,48,True,False,1.7973206006350388,0.0,0.0,5.745907694901379
DLinear__ILI__h48__s2021,DLinear,ILI,48,146,73,73,200,2.0,96,True,True,,,,5.745907694901379
DLinear__ILI__h48__s2021,DLinear,ILI,48,146,73,73,1000,0.0,0,False,False,1.7973206006350388,0.0,0.0,5.745907694901379
DLinear__ILI__h48__s2021,DLinear,ILI,48,146,73,73,1000,0.125,6,False,False,1.7973206006350388,0.0,0.0,5.745907694901379
DLinear__ILI__h48__s2021,DLinear,ILI,48,146,73,73,1000,0.25,12,False,False,1.7973206006350388,0.0,0.0,5.745907694901379
DLinear__ILI__h48__s2021,DLinear,ILI,48,146,73,73,1000,0.5,24,False,False,1.7973206006350388,0.0,0.0,5.745907694901379
DLinear__ILI__h48__s2021,DLinear,ILI,48,146,73,73,1000,1.0,48,True,False,1.7973206006350388,0.0,0.0,5.745907694901379
DLinear__ILI__h48__s2021,DLinear,ILI,48,146,73,73,1000,2.0,96,True,True,,,,5.745907694901379
DLinear__ILI__h48__s2021,DLinear,ILI,48,146,73,73,3000,0.0,0,False,False,1.7973206006350388,0.0,0.0,5.745907694901379
DLinear__ILI__h48__s2021,DLinear,ILI,48,146,73,73,3000,0.125,6,False,False,1.7973206006350388,0.0,0.0,5.745907694901379
DLinear__ILI__h48__s2021,DLinear,ILI,48,146,73,73,3000,0.25,12,False,False,1.7973206006350388,0.0,0.0,5.745907694901379
DLinear__ILI__h48__s2021,DLinear,ILI,48,146,73,73,3000,0.5,24,False,False,1.7973206006350388,0.0,0.0,5.745907694901379
DLinear__ILI__h48__s2021,DLinear,ILI,48,146,73,73,3000,1.0,48,True,False,1.7973206006350388,0.0,0.0,5.745907694901379
DLinear__ILI__h48__s2021,DLinear,ILI,48,146,73,73,3000,2.0,96,True,True,,,,5.745907694901379
DLinear__ILI__h48__s2021,DLinear,ILI,48,146,73,73,1000000000,0.0,0,False,False,1.7973206006350388,0.0,0.0,5.745907694901379
DLinear__ILI__h48__s2021,DLinear,ILI,48,146,73,73,1000000000,0.125,6,False,False,1.7973206006350388,0.0,0.0,5.745907694901379
DLinear__ILI__h48__s2021,DLinear,ILI,48,146,73,73,1000000000,0.25,12,False,False,1.7973206006350388,0.0,0.0,5.745907694901379
DLinear__ILI__h48__s2021,DLinear,ILI,48,146,73,73,1000000000,0.5,24,False,False,1.7973206006350388,0.0,0.0,5.745907694901379
DLinear__ILI__h48__s2021,DLinear,ILI,48,146,73,73,1000000000,1.0,48,True,False,1.7973206006350388,0.0,0.0,5.745907694901379
DLinear__ILI__h48__s2021,DLinear,ILI,48,146,73,73,1000000000,2.0,96,True,True,,,,5.745907694901379
DLinear__ILI__h60__s2021,DLinear,ILI,60,134,67,67,50,0.0,0,False,False,4.020010884605547,-0.8751595704704335,-0.8751595704704335,7.394796040714397
DLinear__ILI__h60__s2021,DLinear,ILI,60,134,67,67,50,0.125,8,False,False,2.485625222999473,-2.487801954405949,-2.487801954405949,7.394796040714397
DLinear__ILI__h60__s2021,DLinear,ILI,60,134,67,67,50,0.25,15,False,False,1.8836471943932063,-3.1204820604702097,-3.1204820604702097,7.394796040714397
DLinear__ILI__h60__s2021,DLinear,ILI,60,134,67,67,50,0.5,30,False,False,2.6682555592686295,-2.2958571075336445,-2.2958571075336445,7.394796040714397
DLinear__ILI__h60__s2021,DLinear,ILI,60,134,67,67,50,1.0,60,True,False,4.852701572834946,0.0,0.0,7.394796040714397
DLinear__ILI__h60__s2021,DLinear,ILI,60,134,67,67,50,2.0,120,True,True,,,,7.394796040714397
DLinear__ILI__h60__s2021,DLinear,ILI,60,134,67,67,200,0.0,0,False,False,4.852701572834946,0.0,0.0,7.394796040714397
DLinear__ILI__h60__s2021,DLinear,ILI,60,134,67,67,200,0.125,8,False,False,4.852701572834946,0.0,0.0,7.394796040714397
DLinear__ILI__h60__s2021,DLinear,ILI,60,134,67,67,200,0.25,15,False,False,4.852701572834946,0.0,0.0,7.394796040714397
DLinear__ILI__h60__s2021,DLinear,ILI,60,134,67,67,200,0.5,30,False,False,4.852701572834946,0.0,0.0,7.394796040714397
DLinear__ILI__h60__s2021,DLinear,ILI,60,134,67,67,200,1.0,60,True,False,4.852701572834946,0.0,0.0,7.394796040714397
DLinear__ILI__h60__s2021,DLinear,ILI,60,134,67,67,200,2.0,120,True,True,,,,7.394796040714397
DLinear__ILI__h60__s2021,DLinear,ILI,60,134,67,67,1000,0.0,0,False,False,4.852701572834946,0.0,0.0,7.394796040714397
DLinear__ILI__h60__s2021,DLinear,ILI,60,134,67,67,1000,0.125,8,False,False,4.852701572834946,0.0,0.0,7.394796040714397
DLinear__ILI__h60__s2021,DLinear,ILI,60,134,67,67,1000,0.25,15,False,False,4.852701572834946,0.0,0.0,7.394796040714397
DLinear__ILI__h60__s2021,DLinear,ILI,60,134,67,67,1000,0.5,30,False,False,4.852701572834946,0.0,0.0,7.394796040714397
DLinear__ILI__h60__s2021,DLinear,ILI,60,134,67,67,1000,1.0,60,True,False,4.852701572834946,0.0,0.0,7.394796040714397
DLinear__ILI__h60__s2021,DLinear,ILI,60,134,67,67,1000,2.0,120,True,True,,,,7.394796040714397
DLinear__ILI__h60__s2021,DLinear,ILI,60,134,67,67,3000,0.0,0,False,False,4.852701572834946,0.0,0.0,7.394796040714397
DLinear__ILI__h60__s2021,DLinear,ILI,60,134,67,67,3000,0.125,8,False,False,4.852701572834946,0.0,0.0,7.394796040714397
DLinear__ILI__h60__s2021,DLinear,ILI,60,134,67,67,3000,0.25,15,False,False,4.852701572834946,0.0,0.0,7.394796040714397
DLinear__ILI__h60__s2021,DLinear,ILI,60,134,67,67,3000,0.5,30,False,False,4.852701572834946,0.0,0.0,7.394796040714397
DLinear__ILI__h60__s2021,DLinear,ILI,60,134,67,67,3000,1.0,60,True,False,4.852701572834946,0.0,0.0,7.394796040714397
DLinear__ILI__h60__s2021,DLinear,ILI,60,134,67,67,3000,2.0,120,True,True,,,,7.394796040714397
DLinear__ILI__h60__s2021,DLinear,ILI,60,134,67,67,1000000000,0.0,0,False,False,4.852701572834946,0.0,0.0,7.394796040714397
DLinear__ILI__h60__s2021,DLinear,ILI,60,134,67,67,1000000000,0.125,8,False,False,4.852701572834946,0.0,0.0,7.394796040714397
DLinear__ILI__h60__s2021,DLinear,ILI,60,134,67,67,1000000000,0.25,15,False,False,4.852701572834946,0.0,0.0,7.394796040714397
DLinear__ILI__h60__s2021,DLinear,ILI,60,134,67,67,1000000000,0.5,30,False,False,4.852701572834946,0.0,0.0,7.394796040714397
DLinear__ILI__h60__s2021,DLinear,ILI,60,134,67,67,1000000000,1.0,60,True,False,4.852701572834946,0.0,0.0,7.394796040714397
DLinear__ILI__h60__s2021,DLinear,ILI,60,134,67,67,1000000000,2.0,120,True,True,,,,7.394796040714397
DLinear__Weather__h96__s2021,DLinear,Weather,96,10444,192,10252,50,0.0,0,False,False,7.308666300738077,7.308666300738077,6.37258238226055,11.22415128125044
DLinear__Weather__h96__s2021,DLinear,Weather,96,10444,192,10252,50,0.125,12,False,False,5.08203884633503,5.08203884633503,4.123468357977414,11.22415128125044
DLinear__Weather__h96__s2021,DLinear,Weather,96,10444,192,10252,50,0.25,24,False,False,3.698970925773538,3.698970925773538,2.726432921932756,11.22415128125044
DLinear__Weather__h96__s2021,DLinear,Weather,96,10444,192,10252,50,0.5,48,False,False,2.028367795696171,2.028367795696171,1.0389584764711752,11.22415128125044
DLinear__Weather__h96__s2021,DLinear,Weather,96,10444,192,10252,50,1.0,96,True,False,0.3767911370258066,0.3767911370258066,-0.6292973504516413,11.22415128125044
DLinear__Weather__h96__s2021,DLinear,Weather,96,10444,192,10252,50,2.0,192,True,False,-0.8703435079950085,-0.8703435079950085,-1.8890267294005265,11.22415128125044
DLinear__Weather__h96__s2021,DLinear,Weather,96,10444,192,10252,200,0.0,0,False,False,3.7624055130365903,3.7624055130365903,2.790508131081829,11.22415128125044
DLinear__Weather__h96__s2021,DLinear,Weather,96,10444,192,10252,200,0.125,12,False,False,2.775116402437721,2.775116402437721,1.7932484501778858,11.22415128125044
DLinear__Weather__h96__s2021,DLinear,Weather,96,10444,192,10252,200,0.25,24,False,False,1.9587102442701223,1.9587102442701223,0.96859745783748,11.22415128125044
DLinear__Weather__h96__s2021,DLinear,Weather,96,10444,192,10252,200,0.5,48,False,False,0.7189947152558197,0.7189947152558197,-0.28363787992142786,11.22415128125044
DLinear__Weather__h96__s2021,DLinear,Weather,96,10444,192,10252,200,1.0,96,True,False,-0.4634867482055998,-0.4634867482055998,-1.4780611489181454,11.22415128125044
DLinear__Weather__h96__s2021,DLinear,Weather,96,10444,192,10252,200,2.0,192,True,False,-1.088698839094817,-1.088698839094817,-2.109587217183262,11.22415128125044
DLinear__Weather__h96__s2021,DLinear,Weather,96,10444,192,10252,1000,0.0,0,False,False,1.2300181441140057,1.2300181441140057,0.23254634223455928,11.22415128125044
DLinear__Weather__h96__s2021,DLinear,Weather,96,10444,192,10252,1000,0.125,12,False,False,0.6001135786954723,0.6001135786954723,-0.4037195895634565,11.22415128125044
DLinear__Weather__h96__s2021,DLinear,Weather,96,10444,192,10252,1000,0.25,24,False,False,0.22542066110485257,0.22542066110485257,-0.7821965072382911,11.22415128125044
DLinear__Weather__h96__s2021,DLinear,Weather,96,10444,192,10252,1000,0.5,48,False,False,-0.35838390364129497,-0.35838390364129497,-1.3718968773718736,11.22415128125044
DLinear__Weather__h96__s2021,DLinear,Weather,96,10444,192,10252,1000,1.0,96,True,False,-0.7649523044726343,-0.7649523044726343,-1.7825711867772998,11.22415128125044
DLinear__Weather__h96__s2021,DLinear,Weather,96,10444,192,10252,1000,2.0,192,True,False,-0.18819580277481868,-0.18819580277481868,-1.1999900576351499,11.22415128125044
DLinear__Weather__h96__s2021,DLinear,Weather,96,10444,192,10252,3000,0.0,0,False,False,1.3840278779680004,1.3840278779680004,0.3881114106532444,11.22415128125044
DLinear__Weather__h96__s2021,DLinear,Weather,96,10444,192,10252,3000,0.125,12,False,False,1.2158856753288942,1.2158856753288942,0.2182711505407339,11.22415128125044
DLinear__Weather__h96__s2021,DLinear,Weather,96,10444,192,10252,3000,0.25,24,False,False,1.0990092469614217,1.0990092469614217,0.10021439451286901,11.22415128125044
DLinear__Weather__h96__s2021,DLinear,Weather,96,10444,192,10252,3000,0.5,48,False,False,0.9412375621047974,0.9412375621047974,-0.059150616613766124,11.22415128125044
DLinear__Weather__h96__s2021,DLinear,Weather,96,10444,192,10252,3000,1.0,96,True,False,0.7427619477620196,0.7427619477620196,-0.2596306236368674,11.22415128125044
DLinear__Weather__h96__s2021,DLinear,Weather,96,10444,192,10252,3000,2.0,192,True,False,1.0132126157331283,1.0132126157331283,0.013551308530424355,11.22415128125044
DLinear__Weather__h96__s2021,DLinear,Weather,96,10444,192,10252,1000000000,0.0,0,False,False,0.9152617436621004,0.9152617436621004,-0.08538876320455506,11.22415128125044
DLinear__Weather__h96__s2021,DLinear,Weather,96,10444,192,10252,1000000000,0.125,12,False,False,0.893989778591246,0.893989778591246,-0.10687555250570757,11.22415128125044
DLinear__Weather__h96__s2021,DLinear,Weather,96,10444,192,10252,1000000000,0.25,24,False,False,0.8743026264396733,0.8743026264396733,-0.1267615239621087,11.22415128125044
DLinear__Weather__h96__s2021,DLinear,Weather,96,10444,192,10252,1000000000,0.5,48,False,False,0.8415726673094434,0.8415726673094434,-0.15982202088019307,11.22415128125044
DLinear__Weather__h96__s2021,DLinear,Weather,96,10444,192,10252,1000000000,1.0,96,True,False,0.8042893240150251,0.8042893240150251,-0.19748188630124527,11.22415128125044
DLinear__Weather__h96__s2021,DLinear,Weather,96,10444,192,10252,1000000000,2.0,192,True,False,0.7558477814303942,0.7558477814303942,-0.24641263696164778,11.22415128125044
DLinear__Weather__h192__s2021,DLinear,Weather,192,10348,384,9964,50,0.0,0,False,False,7.255046461875826,7.255046461875826,6.119109489143838,10.051836873506483
DLinear__Weather__h192__s2021,DLinear,Weather,192,10348,384,9964,50,0.125,24,False,False,5.1619914369528175,5.1619914369528175,4.0004187989035245,10.051836873506483
DLinear__Weather__h192__s2021,DLinear,Weather,192,10348,384,9964,50,0.25,48,False,False,4.018233108164347,4.018233108164347,2.842651757791887,10.051836873506483
DLinear__Weather__h192__s2021,DLinear,Weather,192,10348,384,9964,50,0.5,96,False,False,0.8045833330959199,0.8045833330959199,-0.4103586882095569,10.051836873506483
DLinear__Weather__h192__s2021,DLinear,Weather,192,10348,384,9964,50,1.0,192,True,False,-2.259098965944132,-2.259098965944132,-3.511564861740026,10.051836873506483
DLinear__Weather__h192__s2021,DLinear,Weather,192,10348,384,9964,50,2.0,384,True,False,0.673604115360124,0.673604115360124,-0.5429421348592682,10.051836873506483
DLinear__Weather__h192__s2021,DLinear,Weather,192,10348,384,9964,200,0.0,0,False,False,4.089600264544784,4.089600264544784,2.9148930166272677,10.051836873506483
DLinear__Weather__h192__s2021,DLinear,Weather,192,10348,384,9964,200,0.125,24,False,False,2.5911974274222063,2.5911974274222063,1.3981377935494328,10.051836873506483
DLinear__Weather__h192__s2021,DLinear,Weather,192,10348,384,9964,200,0.25,48,False,False,1.3090588136747592,1.3090588136747592,0.10029559055036817,10.051836873506483
DLinear__Weather__h192__s2021,DLinear,Weather,192,10348,384,9964,200,0.5,96,False,False,-0.8573345243573868,-0.8573345243573868,-2.092631657913243,10.051836873506483
DLinear__Weather__h192__s2021,DLinear,Weather,192,10348,384,9964,200,1.0,192,True,False,-1.754999053841711,-1.754999053841711,-3.001290751406186,10.051836873506483
DLinear__Weather__h192__s2021,DLinear,Weather,192,10348,384,9964,200,2.0,384,True,False,0.7790523775005054,0.7790523775005054,-0.4362023460631928,10.051836873506483
DLinear__Weather__h192__s2021,DLinear,Weather,192,10348,384,9964,1000,0.0,0,False,False,1.6134172958494715,1.6134172958494715,0.40838184485367096,10.051836873506483
DLinear__Weather__h192__s2021,DLinear,Weather,192,10348,384,9964,1000,0.125,24,False,False,0.921428784283416,0.921428784283416,-0.2920821179903943,10.051836873506483
DLinear__Weather__h192__s2021,DLinear,Weather,192,10348,384,9964,1000,0.25,48,False,False,0.4473612511284564,0.4473612511284564,-0.7719560138415323,10.051836873506483
DLinear__Weather__h192__s2021,DLinear,Weather,192,10348,384,9964,1000,0.5,96,False,False,-0.16651649534283156,-0.16651649534283156,-1.3933525136503535,10.051836873506483
DLinear__Weather__h192__s2021,DLinear,Weather,192,10348,384,9964,1000,1.0,192,True,False,0.7346744206447663,0.7346744206447663,-0.4811238425946083,10.051836873506483
DLinear__Weather__h192__s2021,DLinear,Weather,192,10348,384,9964,1000,2.0,384,True,False,1.2245429010933087,1.2245429010933087,0.014744530004279454,10.051836873506483
DLinear__Weather__h192__s2021,DLinear,Weather,192,10348,384,9964,3000,0.0,0,False,False,1.1530297032776256,1.1530297032776256,-0.05764455897677851,10.051836873506483
DLinear__Weather__h192__s2021,DLinear,Weather,192,10348,384,9964,3000,0.125,24,False,False,0.9358259718129472,0.9358259718129472,-0.2775085942075765,10.051836873506483
DLinear__Weather__h192__s2021,DLinear,Weather,192,10348,384,9964,3000,0.25,48,False,False,0.8960387534066522,0.8960387534066522,-0.31778312508431555,10.051836873506483
DLinear__Weather__h192__s2021,DLinear,Weather,192,10348,384,9964,3000,0.5,96,False,False,0.7455692948950102,0.7455692948950102,-0.470095528302594,10.051836873506483
DLinear__Weather__h192__s2021,DLinear,Weather,192,10348,384,9964,3000,1.0,192,True,False,0.7708009106906024,0.7708009106906024,-0.44455487655226167,10.051836873506483
DLinear__Weather__h192__s2021,DLinear,Weather,192,10348,384,9964,3000,2.0,384,True,False,1.0330076596203444,1.0330076596203444,-0.1791366284600699,10.051836873506483
DLinear__Weather__h192__s2021,DLinear,Weather,192,10348,384,9964,1000000000,0.0,0,False,False,1.0803614699850035,1.0803614699850035,-0.1312028302692175,10.051836873506483
DLinear__Weather__h192__s2021,DLinear,Weather,192,10348,384,9964,1000000000,0.125,24,False,False,1.0435318610404172,1.0435318610404172,-0.16848352698618846,10.051836873506483
DLinear__Weather__h192__s2021,DLinear,Weather,192,10348,384,9964,1000000000,0.25,48,False,False,0.9983249614818284,0.9983249614818284,-0.21424411908191424,10.051836873506483
DLinear__Weather__h192__s2021,DLinear,Weather,192,10348,384,9964,1000000000,0.5,96,False,False,0.9167386837577396,0.9167386837577396,-0.2968296627045651,10.051836873506483
DLinear__Weather__h192__s2021,DLinear,Weather,192,10348,384,9964,1000000000,1.0,192,True,False,0.9586069486381107,0.9586069486381107,-0.25444859676874687,10.051836873506483
DLinear__Weather__h192__s2021,DLinear,Weather,192,10348,384,9964,1000000000,2.0,384,True,False,0.9896087483033429,0.9896087483033429,-0.2230670881369617,10.051836873506483
DLinear__Weather__h336__s2021,DLinear,Weather,336,10204,672,9532,50,0.0,0,False,False,7.487742605182205,7.487742605182205,6.629551267248322,9.07237537131323
DLinear__Weather__h336__s2021,DLinear,Weather,336,10204,672,9532,50,0.125,42,False,False,5.38862397230113,5.38862397230113,4.5109601290067305,9.07237537131323
DLinear__Weather__h336__s2021,DLinear,Weather,336,10204,672,9532,50,0.25,84,False,False,3.3453298358024983,3.3453298358024983,2.4487113439223376,9.07237537131323
DLinear__Weather__h336__s2021,DLinear,Weather,336,10204,672,9532,50,0.5,168,False,False,-0.004041869916881551,-0.004041869916881551,-0.9317308584675752,9.07237537131323
DLinear__Weather__h336__s2021,DLinear,Weather,336,10204,672,9532,50,1.0,336,True,False,-2.1472946444212133,-2.1472946444212133,-3.0948655493565935,9.07237537131323
DLinear__Weather__h336__s2021,DLinear,Weather,336,10204,672,9532,50,2.0,672,True,False,-1.1154480722673696,-1.1154480722673696,-2.05344703705951,9.07237537131323
DLinear__Weather__h336__s2021,DLinear,Weather,336,10204,672,9532,200,0.0,0,False,False,4.978249597864703,4.978249597864703,4.096778910554505,9.07237537131323
DLinear__Weather__h336__s2021,DLinear,Weather,336,10204,672,9532,200,0.125,42,False,False,2.886363627435371,2.886363627435371,1.9854875286659524,9.07237537131323
DLinear__Weather__h336__s2021,DLinear,Weather,336,10204,672,9532,200,0.25,84,False,False,1.2320462610532865,1.2320462610532865,0.315823862517733,9.07237537131323
DLinear__Weather__h336__s2021,DLinear,Weather,336,10204,672,9532,200,0.5,168,False,False,-1.085177115058482,-1.085177115058482,-2.022895270863801,9.07237537131323
DLinear__Weather__h336__s2021,DLinear,Weather,336,10204,672,9532,200,1.0,336,True,False,-0.2051512617332861,-0.2051512617332861,-1.134705844561908,9.07237537131323
DLinear__Weather__h336__s2021,DLinear,Weather,336,10204,672,9532,200,2.0,672,True,False,-0.6653817954609612,-0.6653817954609612,-1.5992057137119386,9.07237537131323
DLinear__Weather__h336__s2021,DLinear,Weather,336,10204,672,9532,1000,0.0,0,False,False,1.5386443659291236,1.5386443659291236,0.6252661292942839,9.07237537131323
DLinear__Weather__h336__s2021,DLinear,Weather,336,10204,672,9532,1000,0.125,42,False,False,0.7761341230176609,0.7761341230176609,-0.14431755127809065,9.07237537131323
DLinear__Weather__h336__s2021,DLinear,Weather,336,10204,672,9532,1000,0.25,84,False,False,0.3699453201636263,0.3699453201636263,-0.5542743706306027,9.07237537131323
DLinear__Weather__h336__s2021,DLinear,Weather,336,10204,672,9532,1000,0.5,168,False,False,0.5063283938858484,0.5063283938858484,-0.4166261372873187,9.07237537131323
DLinear__Weather__h336__s2021,DLinear,Weather,336,10204,672,9532,1000,1.0,336,True,False,1.567048924891699,1.567048924891699,0.6539341835724637,9.07237537131323
DLinear__Weather__h336__s2021,DLinear,Weather,336,10204,672,9532,1000,2.0,672,True,False,2.2882315620107034,2.2882315620107034,1.381806882199777,9.07237537131323
DLinear__Weather__h336__s2021,DLinear,Weather,336,10204,672,9532,3000,0.0,0,False,False,1.4485127453729425,1.4485127453729425,0.5342984014133714,9.07237537131323
DLinear__Weather__h336__s2021,DLinear,Weather,336,10204,672,9532,3000,0.125,42,False,False,1.0892265661483889,1.0892265661483889,0.17167929857920378,9.07237537131323
DLinear__Weather__h336__s2021,DLinear,Weather,336,10204,672,9532,3000,0.25,84,False,False,0.851541735377748,0.851541735377748,-0.06821041907529213,9.07237537131323
DLinear__Weather__h336__s2021,DLinear,Weather,336,10204,672,9532,3000,0.5,168,False,False,0.7331043588959099,0.7331043588959099,-0.18774648164961794,9.07237537131323
DLinear__Weather__h336__s2021,DLinear,Weather,336,10204,672,9532,3000,1.0,336,True,False,0.5602790356340024,0.5602790356340024,-0.36217502160492004,9.07237537131323
DLinear__Weather__h336__s2021,DLinear,Weather,336,10204,672,9532,3000,2.0,672,True,False,0.0986692944724489,0.0986692944724489,-0.828066892427196,9.07237537131323
DLinear__Weather__h336__s2021,DLinear,Weather,336,10204,672,9532,1000000000,0.0,0,False,False,0.7743435818905275,0.7743435818905275,-0.14612470238674202,9.07237537131323
DLinear__Weather__h336__s2021,DLinear,Weather,336,10204,672,9532,1000000000,0.125,42,False,False,0.6924924724161071,0.6924924724161071,-0.22873510490112628,9.07237537131323
DLinear__Weather__h336__s2021,DLinear,Weather,336,10204,672,9532,1000000000,0.25,84,False,False,0.6720708050093233,0.6720708050093233,-0.249346214210726,9.07237537131323
DLinear__Weather__h336__s2021,DLinear,Weather,336,10204,672,9532,1000000000,0.5,168,False,False,0.6601352536183492,0.6601352536183492,-0.2613924859225056,9.07237537131323
DLinear__Weather__h336__s2021,DLinear,Weather,336,10204,672,9532,1000000000,1.0,336,True,False,0.6034413385053106,0.6034413385053106,-0.31861232298614506,9.07237537131323
DLinear__Weather__h336__s2021,DLinear,Weather,336,10204,672,9532,1000000000,2.0,672,True,False,0.5007860583560282,0.5007860583560282,-0.4222198863754884,9.07237537131323
DLinear__Weather__h720__s2021,DLinear,Weather,720,9820,1440,8380,50,0.0,0,False,False,8.937110175547506,8.937110175547506,7.34989937112156,10.040272188438015
DLinear__Weather__h720__s2021,DLinear,Weather,720,9820,1440,8380,50,0.125,90,False,False,5.294634240309441,5.294634240309441,3.6439356949341746,10.040272188438015
DLinear__Weather__h720__s2021,DLinear,Weather,720,9820,1440,8380,50,0.25,180,False,False,2.261857255170526,2.261857255170526,0.5582979186705065,10.040272188438015
DLinear__Weather__h720__s2021,DLinear,Weather,720,9820,1440,8380,50,0.5,360,False,False,1.1388075679534424,1.1388075679534424,-0.5843263351004654,10.040272188438015
DLinear__Weather__h720__s2021,DLinear,Weather,720,9820,1440,8380,50,1.0,720,True,False,-0.16027915775421794,-0.16027915775421794,-1.906055923239841,10.040272188438015
DLinear__Weather__h720__s2021,DLinear,Weather,720,9820,1440,8380,50,2.0,1440,True,False,2.2692908210958245,2.2692908210958245,0.565861050395603,10.040272188438015
DLinear__Weather__h720__s2021,DLinear,Weather,720,9820,1440,8380,200,0.0,0,False,False,6.62868176124637,6.62868176124637,5.001235439064664,10.040272188438015
DLinear__Weather__h720__s2021,DLinear,Weather,720,9820,1440,8380,200,0.125,90,False,False,3.709666072289622,3.709666072289622,2.0313417991804585,10.040272188438015
DLinear__Weather__h720__s2021,DLinear,Weather,720,9820,1440,8380,200,0.25,180,False,False,2.365021736851494,2.365021736851494,0.6632605398600347,10.040272188438015
DLinear__Weather__h720__s2021,DLinear,Weather,720,9820,1440,8380,200,0.5,360,False,False,0.11099623089245672,0.11099623089245672,-1.6300522503418662,10.040272188438015
DLinear__Weather__h720__s2021,DLinear,Weather,720,9820,1440,8380,200,1.0,720,True,False,-0.30800091453708556,-0.30800091453708556,-2.0563524453180615,10.040272188438015
DLinear__Weather__h720__s2021,DLinear,Weather,720,9820,1440,8380,200,2.0,1440,True,False,1.2519376554716952,1.2519376554716952,-0.4692244092454238,10.040272188438015
DLinear__Weather__h720__s2021,DLinear,Weather,720,9820,1440,8380,1000,0.0,0,False,False,3.9630929372877937,3.9630929372877937,2.289185851674352,10.040272188438015
DLinear__Weather__h720__s2021,DLinear,Weather,720,9820,1440,8380,1000,0.125,90,False,False,2.876687658326711,2.876687658326711,1.1838447120122024,10.040272188438015
DLinear__Weather__h720__s2021,DLinear,Weather,720,9820,1440,8380,1000,0.25,180,False,False,2.3689166910820423,2.3689166910820423,0.6672233824856184,10.040272188438015
DLinear__Weather__h720__s2021,DLinear,Weather,720,9820,1440,8380,1000,0.5,360,False,False,3.0114507714763548,3.0114507714763548,1.3209567234852087,10.040272188438015
DLinear__Weather__h720__s2021,DLinear,Weather,720,9820,1440,8380,1000,1.0,720,True,False,4.334439251694501,4.334439251694501,2.6670046696832,10.040272188438015
DLinear__Weather__h720__s2021,DLinear,Weather,720,9820,1440,8380,1000,2.0,1440,True,False,-0.7645625527401162,-0.7645625527401162,-2.520871875838459,10.040272188438015
DLinear__Weather__h720__s2021,DLinear,Weather,720,9820,1440,8380,3000,0.0,0,False,False,2.095522845813114,2.095522845813114,0.3890643286239156,10.040272188438015
DLinear__Weather__h720__s2021,DLinear,Weather,720,9820,1440,8380,3000,0.125,90,False,False,1.5517598993053545,1.5517598993053545,-0.1641763142913202,10.040272188438015
DLinear__Weather__h720__s2021,DLinear,Weather,720,9820,1440,8380,3000,0.25,180,False,False,1.1096582800582437,1.1096582800582437,-0.6139836901652627,10.040272188438015
DLinear__Weather__h720__s2021,DLinear,Weather,720,9820,1440,8380,3000,0.5,360,False,False,0.34751151833757044,0.34751151833757044,-1.3894145413442576,10.040272188438015
DLinear__Weather__h720__s2021,DLinear,Weather,720,9820,1440,8380,3000,1.0,720,True,False,-0.44335256652602384,-0.44335256652602384,-2.194063253763026,10.040272188438015
DLinear__Weather__h720__s2021,DLinear,Weather,720,9820,1440,8380,3000,2.0,1440,True,False,-1.0144305151129211,-1.0144305151129211,-2.7750949946347263,10.040272188438015
DLinear__Weather__h720__s2021,DLinear,Weather,720,9820,1440,8380,1000000000,0.0,0,False,False,1.4889522992355437,1.4889522992355437,-0.22807864023270222,10.040272188438015
DLinear__Weather__h720__s2021,DLinear,Weather,720,9820,1440,8380,1000000000,0.125,90,False,False,1.4088920466730035,1.4088920466730035,-0.30953432948868903,10.040272188438015
DLinear__Weather__h720__s2021,DLinear,Weather,720,9820,1440,8380,1000000000,0.25,180,False,False,1.3715360777901515,1.3715360777901515,-0.3475414066060257,10.040272188438015
DLinear__Weather__h720__s2021,DLinear,Weather,720,9820,1440,8380,1000000000,0.5,360,False,False,1.2798382386116633,1.2798382386116633,-0.4408375236490445,10.040272188438015
DLinear__Weather__h720__s2021,DLinear,Weather,720,9820,1440,8380,1000000000,1.0,720,True,False,1.0802686881956458,1.0802686881956458,-0.6438855376550642,10.040272188438015
DLinear__Weather__h720__s2021,DLinear,Weather,720,9820,1440,8380,1000000000,2.0,1440,True,False,0.8178746465948239,0.8178746465948239,-0.9108530631267436,10.040272188438015
PatchTST__ETTh1__h96__s2021,PatchTST,ETTh1,96,2785,192,2593,50,0.0,0,False,False,3.422608147153733,3.4226422143931945,3.194908872652606,5.17935210980201
PatchTST__ETTh1__h96__s2021,PatchTST,ETTh1,96,2785,192,2593,50,0.125,12,False,False,2.315014061775047,2.3150485197133275,2.084703426945752,5.17935210980201
PatchTST__ETTh1__h96__s2021,PatchTST,ETTh1,96,2785,192,2593,50,0.25,24,False,False,1.3920640347598692,1.3920988182646095,1.1595773725237417,5.17935210980201
PatchTST__ETTh1__h96__s2021,PatchTST,ETTh1,96,2785,192,2593,50,0.5,48,False,False,-0.3963847877238518,-0.3963493733518543,-0.6330880527440182,5.17935210980201
PatchTST__ETTh1__h96__s2021,PatchTST,ETTh1,96,2785,192,2593,50,1.0,96,True,False,-2.5363602033492594,-2.536324034110584,-2.778108860880445,5.17935210980201
PatchTST__ETTh1__h96__s2021,PatchTST,ETTh1,96,2785,192,2593,50,2.0,192,True,False,-2.522380248695464,-2.5223440843881546,-2.764095945867386,5.17935210980201
PatchTST__ETTh1__h96__s2021,PatchTST,ETTh1,96,2785,192,2593,200,0.0,0,False,False,0.7703450424073724,0.7703800452206837,0.5363925613001169,5.17935210980201
PatchTST__ETTh1__h96__s2021,PatchTST,ETTh1,96,2785,192,2593,200,0.125,12,False,False,0.07852782350371092,0.07856307035242645,-0.1570557461617423,5.17935210980201
PatchTST__ETTh1__h96__s2021,PatchTST,ETTh1,96,2785,192,2593,200,0.25,24,False,False,-0.5461607387280403,-0.5461252715232514,-0.7832171285813284,5.17935210980201
PatchTST__ETTh1__h96__s2021,PatchTST,ETTh1,96,2785,192,2593,200,0.5,48,False,False,-1.8319444758592474,-1.8319085551000434,-2.0720323414905955,5.17935210980201
PatchTST__ETTh1__h96__s2021,PatchTST,ETTh1,96,2785,192,2593,200,1.0,96,True,False,-3.1392438296728713,-3.1392074477697154,-3.3824138981749776,5.17935210980201
PatchTST__ETTh1__h96__s2021,PatchTST,ETTh1,96,2785,192,2593,200,2.0,192,True,False,-2.3284492761187363,-2.3284131802197034,-2.5697077447311396,5.17935210980201
PatchTST__ETTh1__h96__s2021,PatchTST,ETTh1,96,2785,192,2593,1000,0.0,0,False,False,-0.043059883487762726,-0.04302459374953186,-0.27893011892601294,5.17935210980201
PatchTST__ETTh1__h96__s2021,PatchTST,ETTh1,96,2785,192,2593,1000,0.125,12,False,False,-0.2880784418057029,-0.2880430656382805,-0.5245263543472375,5.17935210980201
PatchTST__ETTh1__h96__s2021,PatchTST,ETTh1,96,2785,192,2593,1000,0.25,24,False,False,-0.4975859224035186,-0.4975504723332772,-0.734527788037174,5.17935210980201
PatchTST__ETTh1__h96__s2021,PatchTST,ETTh1,96,2785,192,2593,1000,0.5,48,False,False,-1.0381307387401109,-1.0380950979951231,-1.2763470399342411,5.17935210980201
PatchTST__ETTh1__h96__s2021,PatchTST,ETTh1,96,2785,192,2593,1000,1.0,96,True,False,-1.6650277001304001,-1.6649918382503361,-1.904722028226655,5.17935210980201
PatchTST__ETTh1__h96__s2021,PatchTST,ETTh1,96,2785,192,2593,1000,2.0,192,True,False,-1.2065557629670647,-1.2065200628109092,-1.445169157674372,5.17935210980201
PatchTST__ETTh1__h96__s2021,PatchTST,ETTh1,96,2785,192,2593,3000,0.0,0,False,False,0.18271744921242966,0.18275265930872456,-0.052620473912676276,5.17935210980201
PatchTST__ETTh1__h96__s2021,PatchTST,ETTh1,96,2785,192,2593,3000,0.125,12,False,False,-0.006926480228622129,-0.006891203236286319,-0.2427115244067905,5.17935210980201
PatchTST__ETTh1__h96__s2021,PatchTST,ETTh1,96,2785,192,2593,3000,0.25,24,False,False,-0.17814534864473078,-0.17811001125571124,-0.4143340733465838,5.17935210980201
PatchTST__ETTh1__h96__s2021,PatchTST,ETTh1,96,2785,192,2593,3000,0.5,48,False,False,-0.6844430407996765,-0.6844075248164293,-0.9218254570578406,5.17935210980201
PatchTST__ETTh1__h96__s2021,PatchTST,ETTh1,96,2785,192,2593,3000,1.0,96,True,False,-1.1972873552746546,-1.197251658387888,-1.4358788979763646,5.17935210980201
PatchTST__ETTh1__h96__s2021,PatchTST,ETTh1,96,2785,192,2593,3000,2.0,192,True,False,-1.0247228543702773,-1.0246872183548603,-1.2629075439678938,5.17935210980201
PatchTST__ETTh1__h96__s2021,PatchTST,ETTh1,96,2785,192,2593,1000000000,0.0,0,False,False,0.18271744921242966,0.18275265930872456,-0.052620473912676276,5.17935210980201
PatchTST__ETTh1__h96__s2021,PatchTST,ETTh1,96,2785,192,2593,1000000000,0.125,12,False,False,-0.006926480228622129,-0.006891203236286319,-0.2427115244067905,5.17935210980201
PatchTST__ETTh1__h96__s2021,PatchTST,ETTh1,96,2785,192,2593,1000000000,0.25,24,False,False,-0.17814534864473078,-0.17811001125571124,-0.4143340733465838,5.17935210980201
PatchTST__ETTh1__h96__s2021,PatchTST,ETTh1,96,2785,192,2593,1000000000,0.5,48,False,False,-0.6844430407996765,-0.6844075248164293,-0.9218254570578406,5.17935210980201
PatchTST__ETTh1__h96__s2021,PatchTST,ETTh1,96,2785,192,2593,1000000000,1.0,96,True,False,-1.1972873552746546,-1.197251658387888,-1.4358788979763646,5.17935210980201
PatchTST__ETTh1__h96__s2021,PatchTST,ETTh1,96,2785,192,2593,1000000000,2.0,192,True,False,-1.0247228543702773,-1.0246872183548603,-1.2629075439678938,5.17935210980201
PatchTST__ETTh1__h192__s2021,PatchTST,ETTh1,192,2689,384,2305,50,0.0,0,False,False,3.3242330465595082,3.3242330465595082,2.9138063233628353,4.702111650052924
PatchTST__ETTh1__h192__s2021,PatchTST,ETTh1,192,2689,384,2305,50,0.125,24,False,False,2.080182555930378,2.080182555930378,1.6644743482164315,4.702111650052924
PatchTST__ETTh1__h192__s2021,PatchTST,ETTh1,192,2689,384,2305,50,0.25,48,False,False,0.9064562536478117,0.9064562536478117,0.48576511530547306,4.702111650052924
PatchTST__ETTh1__h192__s2021,PatchTST,ETTh1,192,2689,384,2305,50,0.5,96,False,False,-0.9414938849785083,-0.9414938849785083,-1.3700302997942417,4.702111650052924
PatchTST__ETTh1__h192__s2021,PatchTST,ETTh1,192,2689,384,2305,50,1.0,192,True,False,-2.9774592009810337,-2.9774592009810337,-3.4146390907804354,4.702111650052924
PatchTST__ETTh1__h192__s2021,PatchTST,ETTh1,192,2689,384,2305,50,2.0,384,True,False,-0.5685622366621818,-0.5685622366621818,-0.9955154096871517,4.702111650052924
PatchTST__ETTh1__h192__s2021,PatchTST,ETTh1,192,2689,384,2305,200,0.0,0,False,False,1.050743809046737,1.050743809046737,0.6306652282296875,4.702111650052924
PatchTST__ETTh1__h192__s2021,PatchTST,ETTh1,192,2689,384,2305,200,0.125,24,False,False,0.0013682761068175224,0.0013682761068175224,-0.42316531732569646,4.702111650052924
PatchTST__ETTh1__h192__s2021,PatchTST,ETTh1,192,2689,384,2305,200,0.25,48,False,False,-0.8445165109710262,-0.8445165109710262,-1.2726412186227785,4.702111650052924
PatchTST__ETTh1__h192__s2021,PatchTST,ETTh1,192,2689,384,2305,200,0.5,96,False,False,-2.0879459904977478,-2.0879459904977478,-2.5213495462299513,4.702111650052924
PatchTST__ETTh1__h192__s2021,PatchTST,ETTh1,192,2689,384,2305,200,1.0,192,True,False,-2.1191583150229616,-2.1191583150229616,-2.5526943793711494,4.702111650052924
PatchTST__ETTh1__h192__s2021,PatchTST,ETTh1,192,2689,384,2305,200,2.0,384,True,False,-0.7700016081256735,-0.7700016081256735,-1.197809970654259,4.702111650052924
PatchTST__ETTh1__h192__s2021,PatchTST,ETTh1,192,2689,384,2305,1000,0.0,0,False,False,-0.09800162175759103,-0.09800162175759103,-0.5229570795605684,4.702111650052924
PatchTST__ETTh1__h192__s2021,PatchTST,ETTh1,192,2689,384,2305,1000,0.125,24,False,False,-0.28776180908847626,-0.28776180908847626,-0.7135228736565585,4.702111650052924
PatchTST__ETTh1__h192__s2021,PatchTST,ETTh1,192,2689,384,2305,1000,0.25,48,False,False,-0.3574536817052255,-0.3574536817052255,-0.7835106157327693,4.702111650052924
PatchTST__ETTh1__h192__s2021,PatchTST,ETTh1,192,2689,384,2305,1000,0.5,96,False,False,-0.43838149860971715,-0.43838149860971715,-0.8647820031074447,4.702111650052924
PatchTST__ETTh1__h192__s2021,PatchTST,ETTh1,192,2689,384,2305,1000,1.0,192,True,False,-0.3450264489797242,-0.3450264489797242,-0.7710306245077322,4.702111650052924
PatchTST__ETTh1__h192__s2021,PatchTST,ETTh1,192,2689,384,2305,1000,2.0,384,True,False,0.22391986229065572,0.22391986229065572,-0.19966891196805595,4.702111650052924
PatchTST__ETTh1__h192__s2021,PatchTST,ETTh1,192,2689,384,2305,3000,0.0,0,False,False,0.22810654260034288,0.22810654260034288,-0.19546445755080566,4.702111650052924
PatchTST__ETTh1__h192__s2021,PatchTST,ETTh1,192,2689,384,2305,3000,0.125,24,False,False,0.14382367531651608,0.14382367531651608,-0.28010513881564364,4.702111650052924
PatchTST__ETTh1__h192__s2021,PatchTST,ETTh1,192,2689,384,2305,3000,0.25,48,False,False,0.0829486916278814,0.0829486916278814,-0.34123856079618253,4.702111650052924
PatchTST__ETTh1__h192__s2021,PatchTST,ETTh1,192,2689,384,2305,3000,0.5,96,False,False,-0.020682034683720985,-0.020682034683720985,-0.4453092403738712,4.702111650052924
PatchTST__ETTh1__h192__s2021,PatchTST,ETTh1,192,2689,384,2305,3000,1.0,192,True,False,0.00988980670855514,0.00988980670855514,-0.4146076094688751,4.702111650052924
PatchTST__ETTh1__h192__s2021,PatchTST,ETTh1,192,2689,384,2305,3000,2.0,384,True,False,0.343561170071013,0.343561170071013,-0.07951967969473957,4.702111650052924
PatchTST__ETTh1__h192__s2021,PatchTST,ETTh1,192,2689,384,2305,1000000000,0.0,0,False,False,0.22810654260034288,0.22810654260034288,-0.19546445755080566,4.702111650052924
PatchTST__ETTh1__h192__s2021,PatchTST,ETTh1,192,2689,384,2305,1000000000,0.125,24,False,False,0.14382367531651608,0.14382367531651608,-0.28010513881564364,4.702111650052924
PatchTST__ETTh1__h192__s2021,PatchTST,ETTh1,192,2689,384,2305,1000000000,0.25,48,False,False,0.0829486916278814,0.0829486916278814,-0.34123856079618253,4.702111650052924
PatchTST__ETTh1__h192__s2021,PatchTST,ETTh1,192,2689,384,2305,1000000000,0.5,96,False,False,-0.020682034683720985,-0.020682034683720985,-0.4453092403738712,4.702111650052924
PatchTST__ETTh1__h192__s2021,PatchTST,ETTh1,192,2689,384,2305,1000000000,1.0,192,True,False,0.00988980670855514,0.00988980670855514,-0.4146076094688751,4.702111650052924
PatchTST__ETTh1__h192__s2021,PatchTST,ETTh1,192,2689,384,2305,1000000000,2.0,384,True,False,0.343561170071013,0.343561170071013,-0.07951967969473957,4.702111650052924
PatchTST__ETTh1__h336__s2021,PatchTST,ETTh1,336,2545,672,1873,50,0.0,0,False,False,3.664504423516718,3.664504423516718,3.584750468635318,4.708467826733687
PatchTST__ETTh1__h336__s2021,PatchTST,ETTh1,336,2545,672,1873,50,0.125,42,False,False,1.9088376816380623,1.9088376816380623,1.8276302503897153,4.708467826733687
PatchTST__ETTh1__h336__s2021,PatchTST,ETTh1,336,2545,672,1873,50,0.25,84,False,False,0.3335351609485759,0.3335351609485759,0.2510235727494829,4.708467826733687
PatchTST__ETTh1__h336__s2021,PatchTST,ETTh1,336,2545,672,1873,50,0.5,168,False,False,-1.6492407506491826,-1.6492407506491826,-1.7333938337058794,4.708467826733687
PatchTST__ETTh1__h336__s2021,PatchTST,ETTh1,336,2545,672,1873,50,1.0,336,True,False,-1.6314948240330223,-1.6314948240330223,-1.7156332156426857,4.708467826733687
PatchTST__ETTh1__h336__s2021,PatchTST,ETTh1,336,2545,672,1873,50,2.0,672,True,False,-0.5593957246528066,-0.5593957246528066,-0.6426465499226833,4.708467826733687
PatchTST__ETTh1__h336__s2021,PatchTST,ETTh1,336,2545,672,1873,200,0.0,0,False,False,1.37304165842525,1.37304165842525,1.2913906538957856,4.708467826733687
PatchTST__ETTh1__h336__s2021,PatchTST,ETTh1,336,2545,672,1873,200,0.125,42,False,False,-0.5667934987127292,-0.5667934987127292,-0.6500504484306618,4.708467826733687
PatchTST__ETTh1__h336__s2021,PatchTST,ETTh1,336,2545,672,1873,200,0.25,84,False,False,-1.5866510231754782,-1.5866510231754782,-1.6707522896273908,4.708467826733687
PatchTST__ETTh1__h336__s2021,PatchTST,ETTh1,336,2545,672,1873,200,0.5,168,False,False,-2.188354262332416,-2.188354262332416,-2.2729536651431084,4.708467826733687
PatchTST__ETTh1__h336__s2021,PatchTST,ETTh1,336,2545,672,1873,200,1.0,336,True,False,-0.6189782006367885,-0.6189782006367885,-0.7022783528766767,4.708467826733687
PatchTST__ETTh1__h336__s2021,PatchTST,ETTh1,336,2545,672,1873,200,2.0,672,True,False,-0.2383930132340735,-0.2383930132340735,-0.3213780876962122,4.708467826733687
PatchTST__ETTh1__h336__s2021,PatchTST,ETTh1,336,2545,672,1873,1000,0.0,0,False,False,-0.6414044266086887,-0.6414044266086887,-0.7247231450084708,4.708467826733687
PatchTST__ETTh1__h336__s2021,PatchTST,ETTh1,336,2545,672,1873,1000,0.125,42,False,False,-1.1188568424905712,-1.1188568424905712,-1.2025708328325007,4.708467826733687
PatchTST__ETTh1__h336__s2021,PatchTST,ETTh1,336,2545,672,1873,1000,0.25,84,False,False,-1.3518506330458044,-1.3518506330458044,-1.435757513621478,4.708467826733687
PatchTST__ETTh1__h336__s2021,PatchTST,ETTh1,336,2545,672,1873,1000,0.5,168,False,False,-1.2460628121389123,-1.2460628121389123,-1.3298821133956118,4.708467826733687
PatchTST__ETTh1__h336__s2021,PatchTST,ETTh1,336,2545,672,1873,1000,1.0,336,True,False,-0.40992534647276196,-0.40992534647276196,-0.493052428632935,4.708467826733687
PatchTST__ETTh1__h336__s2021,PatchTST,ETTh1,336,2545,672,1873,1000,2.0,672,True,False,-0.01992976169696472,-0.01992976169696472,-0.10273397542649312,4.708467826733687
PatchTST__ETTh1__h336__s2021,PatchTST,ETTh1,336,2545,672,1873,3000,0.0,0,False,False,0.01243529406973141,0.01243529406973141,-0.07034212536988438,4.708467826733687
PatchTST__ETTh1__h336__s2021,PatchTST,ETTh1,336,2545,672,1873,3000,0.125,42,False,False,-0.1459710634352811,-0.1459710634352811,-0.2288796238776372,4.708467826733687
PatchTST__ETTh1__h336__s2021,PatchTST,ETTh1,336,2545,672,1873,3000,0.25,84,False,False,-0.24261564906285468,-0.24261564906285468,-0.32560421934868067,4.708467826733687
PatchTST__ETTh1__h336__s2021,PatchTST,ETTh1,336,2545,672,1873,3000,0.5,168,False,False,-0.23799673330163512,-0.23799673330163512,-0.3209814796926753,4.708467826733687
PatchTST__ETTh1__h336__s2021,PatchTST,ETTh1,336,2545,672,1873,3000,1.0,336,True,False,-0.10056916370057004,-0.10056916370057004,-0.18344013694787092,4.708467826733687
PatchTST__ETTh1__h336__s2021,PatchTST,ETTh1,336,2545,672,1873,3000,2.0,672,True,False,-0.006899014111832387,-0.006899014111832387,-0.08969243998327425,4.708467826733687
PatchTST__ETTh1__h336__s2021,PatchTST,ETTh1,336,2545,672,1873,1000000000,0.0,0,False,False,0.01243529406973141,0.01243529406973141,-0.07034212536988438,4.708467826733687
PatchTST__ETTh1__h336__s2021,PatchTST,ETTh1,336,2545,672,1873,1000000000,0.125,42,False,False,-0.1459710634352811,-0.1459710634352811,-0.2288796238776372,4.708467826733687
PatchTST__ETTh1__h336__s2021,PatchTST,ETTh1,336,2545,672,1873,1000000000,0.25,84,False,False,-0.24261564906285468,-0.24261564906285468,-0.32560421934868067,4.708467826733687
PatchTST__ETTh1__h336__s2021,PatchTST,ETTh1,336,2545,672,1873,1000000000,0.5,168,False,False,-0.23799673330163512,-0.23799673330163512,-0.3209814796926753,4.708467826733687
PatchTST__ETTh1__h336__s2021,PatchTST,ETTh1,336,2545,672,1873,1000000000,1.0,336,True,False,-0.10056916370057004,-0.10056916370057004,-0.18344013694787092,4.708467826733687
PatchTST__ETTh1__h336__s2021,PatchTST,ETTh1,336,2545,672,1873,1000000000,2.0,672,True,False,-0.006899014111832387,-0.006899014111832387,-0.08969243998327425,4.708467826733687
PatchTST__ETTh1__h720__s2021,PatchTST,ETTh1,720,2161,1080,1081,50,0.0,0,False,False,3.42916195634391,3.42916195634391,1.3708164107524148,5.145562823913088
PatchTST__ETTh1__h720__s2021,PatchTST,ETTh1,720,2161,1080,1081,50,0.125,90,False,False,1.2005890263994377,1.2005890263994377,-0.9052571234770003,5.145562823913088
PatchTST__ETTh1__h720__s2021,PatchTST,ETTh1,720,2161,1080,1081,50,0.25,180,False,False,1.623411359482416,1.623411359482416,-0.47342260324199026,5.145562823913088
PatchTST__ETTh1__h720__s2021,PatchTST,ETTh1,720,2161,1080,1081,50,0.5,360,False,False,2.0815918604451857,2.0815918604451857,-0.005476278430749115,5.145562823913088
PatchTST__ETTh1__h720__s2021,PatchTST,ETTh1,720,2161,1080,1081,50,1.0,720,True,False,1.030133077075309,1.030133077075309,-1.079346232159778,5.145562823913088
PatchTST__ETTh1__h720__s2021,PatchTST,ETTh1,720,2161,1080,1081,50,2.0,1440,True,True,,,,5.145562823913088
PatchTST__ETTh1__h720__s2021,PatchTST,ETTh1,720,2161,1080,1081,200,0.0,0,False,False,2.3057363379407056,2.3057363379407056,0.22344569500628128,5.145562823913088
PatchTST__ETTh1__h720__s2021,PatchTST,ETTh1,720,2161,1080,1081,200,0.125,90,False,False,1.618000384527443,1.618000384527443,-0.4789489096616322,5.145562823913088
PatchTST__ETTh1__h720__s2021,PatchTST,ETTh1,720,2161,1080,1081,200,0.25,180,False,False,1.3910683855171073,1.3910683855171073,-0.7107178188487641,5.145562823913088
PatchTST__ETTh1__h720__s2021,PatchTST,ETTh1,720,2161,1080,1081,200,0.5,360,False,False,1.929770398440966,1.929770398440966,-0.16053371763442462,5.145562823913088
PatchTST__ETTh1__h720__s2021,PatchTST,ETTh1,720,2161,1080,1081,200,1.0,720,True,False,0.6172980209757655,0.6172980209757655,-1.5009806030007176,5.145562823913088
PatchTST__ETTh1__h720__s2021,PatchTST,ETTh1,720,2161,1080,1081,200,2.0,1440,True,True,,,,5.145562823913088
PatchTST__ETTh1__h720__s2021,PatchTST,ETTh1,720,2161,1080,1081,1000,0.0,0,False,False,1.2800668584732133,1.2800668584732133,-0.824085272329388,5.145562823913088
PatchTST__ETTh1__h720__s2021,PatchTST,ETTh1,720,2161,1080,1081,1000,0.125,90,False,False,1.049578390790786,1.049578390790786,-1.059486454039935,5.145562823913088
PatchTST__ETTh1__h720__s2021,PatchTST,ETTh1,720,2161,1080,1081,1000,0.25,180,False,False,0.9888161291691561,0.9888161291691561,-1.1215438243411893,5.145562823913088
PatchTST__ETTh1__h720__s2021,PatchTST,ETTh1,720,2161,1080,1081,1000,0.5,360,False,False,1.2025572668395097,1.2025572668395097,-0.903246931252885,5.145562823913088
PatchTST__ETTh1__h720__s2021,PatchTST,ETTh1,720,2161,1080,1081,1000,1.0,720,True,False,1.1059172243845385,1.1059172243845385,-1.0019467943011395,5.145562823913088
PatchTST__ETTh1__h720__s2021,PatchTST,ETTh1,720,2161,1080,1081,1000,2.0,1440,True,True,,,,5.145562823913088
PatchTST__ETTh1__h720__s2021,PatchTST,ETTh1,720,2161,1080,1081,3000,0.0,0,False,False,0.8329898787836828,0.8329898787836828,-1.2806914114248298,5.145562823913088
PatchTST__ETTh1__h720__s2021,PatchTST,ETTh1,720,2161,1080,1081,3000,0.125,90,False,False,0.6889556443485488,0.6889556443485488,-1.4277956432926073,5.145562823913088
PatchTST__ETTh1__h720__s2021,PatchTST,ETTh1,720,2161,1080,1081,3000,0.25,180,False,False,0.8322279180687071,0.8322279180687071,-1.2814696128443015,5.145562823913088
PatchTST__ETTh1__h720__s2021,PatchTST,ETTh1,720,2161,1080,1081,3000,0.5,360,False,False,0.8322279180687071,0.8322279180687071,-1.2814696128443015,5.145562823913088
PatchTST__ETTh1__h720__s2021,PatchTST,ETTh1,720,2161,1080,1081,3000,1.0,720,True,False,0.8322279180687071,0.8322279180687071,-1.2814696128443015,5.145562823913088
PatchTST__ETTh1__h720__s2021,PatchTST,ETTh1,720,2161,1080,1081,3000,2.0,1440,True,True,,,,5.145562823913088
PatchTST__ETTh1__h720__s2021,PatchTST,ETTh1,720,2161,1080,1081,1000000000,0.0,0,False,False,0.8329898787836828,0.8329898787836828,-1.2806914114248298,5.145562823913088
PatchTST__ETTh1__h720__s2021,PatchTST,ETTh1,720,2161,1080,1081,1000000000,0.125,90,False,False,0.6889556443485488,0.6889556443485488,-1.4277956432926073,5.145562823913088
PatchTST__ETTh1__h720__s2021,PatchTST,ETTh1,720,2161,1080,1081,1000000000,0.25,180,False,False,0.8322279180687071,0.8322279180687071,-1.2814696128443015,5.145562823913088
PatchTST__ETTh1__h720__s2021,PatchTST,ETTh1,720,2161,1080,1081,1000000000,0.5,360,False,False,0.8322279180687071,0.8322279180687071,-1.2814696128443015,5.145562823913088
PatchTST__ETTh1__h720__s2021,PatchTST,ETTh1,720,2161,1080,1081,1000000000,1.0,720,True,False,0.8322279180687071,0.8322279180687071,-1.2814696128443015,5.145562823913088
PatchTST__ETTh1__h720__s2021,PatchTST,ETTh1,720,2161,1080,1081,1000000000,2.0,1440,True,True,,,,5.145562823913088
PatchTST__ETTh2__h96__s2021,PatchTST,ETTh2,96,2785,192,2593,50,0.0,0,False,False,4.183031239938812,3.2139655655679085,3.2139655655679085,9.185947280156679
PatchTST__ETTh2__h96__s2021,PatchTST,ETTh2,96,2785,192,2593,50,0.125,12,False,False,1.7392257536172557,0.7454441229571924,0.7454441229571924,9.185947280156679
PatchTST__ETTh2__h96__s2021,PatchTST,ETTh2,96,2785,192,2593,50,0.25,24,False,False,0.616826944903408,-0.38830630930052973,-0.38830630930052973,9.185947280156679
PatchTST__ETTh2__h96__s2021,PatchTST,ETTh2,96,2785,192,2593,50,0.5,48,False,False,-0.521757720052934,-1.53840629696487,-1.53840629696487,9.185947280156679
PatchTST__ETTh2__h96__s2021,PatchTST,ETTh2,96,2785,192,2593,50,1.0,96,True,False,-0.7626753574943579,-1.781760507132568,-1.781760507132568,9.185947280156679
PatchTST__ETTh2__h96__s2021,PatchTST,ETTh2,96,2785,192,2593,50,2.0,192,True,False,-2.797648461398075,-3.8373147524434956,-3.8373147524434956,9.185947280156679
PatchTST__ETTh2__h96__s2021,PatchTST,ETTh2,96,2785,192,2593,200,0.0,0,False,False,1.7082505106429426,0.714155605151603,0.714155605151603,9.185947280156679
PatchTST__ETTh2__h96__s2021,PatchTST,ETTh2,96,2785,192,2593,200,0.125,12,False,False,0.2673816538646813,-0.7412857910050473,-0.7412857910050473,9.185947280156679
PatchTST__ETTh2__h96__s2021,PatchTST,ETTh2,96,2785,192,2593,200,0.25,24,False,False,-0.3433102753124425,-1.358154085327502,-1.358154085327502,9.185947280156679
PatchTST__ETTh2__h96__s2021,PatchTST,ETTh2,96,2785,192,2593,200,0.5,48,False,False,-1.4522849803626412,-2.4783446463405507,-2.4783446463405507,9.185947280156679
PatchTST__ETTh2__h96__s2021,PatchTST,ETTh2,96,2785,192,2593,200,1.0,96,True,False,-1.0661517834658831,-2.088306207692879,-2.088306207692879,9.185947280156679
PatchTST__ETTh2__h96__s2021,PatchTST,ETTh2,96,2785,192,2593,200,2.0,192,True,False,-0.992966336864649,-2.0143805842202354,-2.0143805842202354,9.185947280156679
PatchTST__ETTh2__h96__s2021,PatchTST,ETTh2,96,2785,192,2593,1000,0.0,0,False,False,0.6648117767695683,-0.33983617244034064,-0.33983617244034064,9.185947280156679
PatchTST__ETTh2__h96__s2021,PatchTST,ETTh2,96,2785,192,2593,1000,0.125,12,False,False,-0.27182856867926525,-1.2859494329662342,-1.2859494329662342,9.185947280156679
PatchTST__ETTh2__h96__s2021,PatchTST,ETTh2,96,2785,192,2593,1000,0.25,24,False,False,-0.5845946254948832,-1.601878717064979,-1.601878717064979,9.185947280156679
PatchTST__ETTh2__h96__s2021,PatchTST,ETTh2,96,2785,192,2593,1000,0.5,48,False,False,-0.5020454090617695,-1.5184946212453982,-1.5184946212453982,9.185947280156679
PatchTST__ETTh2__h96__s2021,PatchTST,ETTh2,96,2785,192,2593,1000,1.0,96,True,False,-0.2459441396946204,-1.2598032162006325,-1.2598032162006325,9.185947280156679
PatchTST__ETTh2__h96__s2021,PatchTST,ETTh2,96,2785,192,2593,1000,2.0,192,True,False,0.507942495111877,-0.49829198556719556,-0.49829198556719556,9.185947280156679
PatchTST__ETTh2__h96__s2021,PatchTST,ETTh2,96,2785,192,2593,3000,0.0,0,False,False,1.0166795802519646,0.015590322312335076,0.015590322312335076,9.185947280156679
PatchTST__ETTh2__h96__s2021,PatchTST,ETTh2,96,2785,192,2593,3000,0.125,12,False,False,0.3616784339631561,-0.6460353199896123,-0.6460353199896123,9.185947280156679
PatchTST__ETTh2__h96__s2021,PatchTST,ETTh2,96,2785,192,2593,3000,0.25,24,False,False,0.08231376898100809,-0.9282254000414464,-0.9282254000414464,9.185947280156679
PatchTST__ETTh2__h96__s2021,PatchTST,ETTh2,96,2785,192,2593,3000,0.5,48,False,False,0.045757319827127274,-0.9651515707645894,-0.9651515707645894,9.185947280156679
PatchTST__ETTh2__h96__s2021,PatchTST,ETTh2,96,2785,192,2593,3000,1.0,96,True,False,0.2526789834823821,-0.756137160029909,-0.756137160029909,9.185947280156679
PatchTST__ETTh2__h96__s2021,PatchTST,ETTh2,96,2785,192,2593,3000,2.0,192,True,False,0.723467571508609,-0.2805871496121618,-0.2805871496121618,9.185947280156679
PatchTST__ETTh2__h96__s2021,PatchTST,ETTh2,96,2785,192,2593,1000000000,0.0,0,False,False,1.0166795802519646,0.015590322312335076,0.015590322312335076,9.185947280156679
PatchTST__ETTh2__h96__s2021,PatchTST,ETTh2,96,2785,192,2593,1000000000,0.125,12,False,False,0.3616784339631561,-0.6460353199896123,-0.6460353199896123,9.185947280156679
PatchTST__ETTh2__h96__s2021,PatchTST,ETTh2,96,2785,192,2593,1000000000,0.25,24,False,False,0.08231376898100809,-0.9282254000414464,-0.9282254000414464,9.185947280156679
PatchTST__ETTh2__h96__s2021,PatchTST,ETTh2,96,2785,192,2593,1000000000,0.5,48,False,False,0.045757319827127274,-0.9651515707645894,-0.9651515707645894,9.185947280156679
PatchTST__ETTh2__h96__s2021,PatchTST,ETTh2,96,2785,192,2593,1000000000,1.0,96,True,False,0.2526789834823821,-0.756137160029909,-0.756137160029909,9.185947280156679
PatchTST__ETTh2__h96__s2021,PatchTST,ETTh2,96,2785,192,2593,1000000000,2.0,192,True,False,0.723467571508609,-0.2805871496121618,-0.2805871496121618,9.185947280156679
PatchTST__ETTh2__h192__s2021,PatchTST,ETTh2,192,2689,384,2305,50,0.0,0,False,False,3.365176290678154,4.972954844968969,2.4870682406733806,7.9053516770459185
PatchTST__ETTh2__h192__s2021,PatchTST,ETTh2,192,2689,384,2305,50,0.125,24,False,False,0.42239409642574377,2.0791336972653665,-0.4824546318872623,7.9053516770459185
PatchTST__ETTh2__h192__s2021,PatchTST,ETTh2,192,2689,384,2305,50,0.25,48,False,False,-0.5191366247741158,1.1532678559053517,-1.4325409200543604,7.9053516770459185
PatchTST__ETTh2__h192__s2021,PatchTST,ETTh2,192,2689,384,2305,50,0.5,96,False,False,-1.4102587303132874,0.27697194816470877,-2.3317605360392997,7.9053516770459185
PatchTST__ETTh2__h192__s2021,PatchTST,ETTh2,192,2689,384,2305,50,1.0,192,True,False,-2.7933988730422916,-1.0831559617718234,-3.7274690930003045,7.9053516770459185
PatchTST__ETTh2__h192__s2021,PatchTST,ETTh2,192,2689,384,2305,50,2.0,384,True,False,-1.6477342332217009,0.043447484913531786,-2.571393947895838,7.9053516770459185
PatchTST__ETTh2__h192__s2021,PatchTST,ETTh2,192,2689,384,2305,200,0.0,0,False,False,0.7329278005083594,2.3845008432621486,-0.16909914850308788,7.9053516770459185
PatchTST__ETTh2__h192__s2021,PatchTST,ETTh2,192,2689,384,2305,200,0.125,24,False,False,-1.5847831078260517,0.10535125009787619,-2.507870793827243,7.9053516770459185
PatchTST__ETTh2__h192__s2021,PatchTST,ETTh2,192,2689,384,2305,200,0.25,48,False,False,-1.7004681253715124,-0.008409038006137903,-2.624607026051557,7.9053516770459185
PatchTST__ETTh2__h192__s2021,PatchTST,ETTh2,192,2689,384,2305,200,0.5,96,False,False,-1.3407033526982075,0.3453700861825862,-2.261573117771994,7.9053516770459185
PatchTST__ETTh2__h192__s2021,PatchTST,ETTh2,192,2689,384,2305,200,1.0,192,True,False,-0.8998134327372983,0.7789246240223628,-1.8166768885633116,7.9053516770459185
PatchTST__ETTh2__h192__s2021,PatchTST,ETTh2,192,2689,384,2305,200,2.0,384,True,False,-1.671965330046453,0.01961953714339961,-2.5958452295397425,7.9053516770459185
PatchTST__ETTh2__h192__s2021,PatchTST,ETTh2,192,2689,384,2305,1000,0.0,0,False,False,0.7375402541842941,2.3890365564441476,-0.1644447820616754,7.9053516770459185
PatchTST__ETTh2__h192__s2021,PatchTST,ETTh2,192,2689,384,2305,1000,0.125,24,False,False,-0.10422458466380839,1.5612767253531554,-1.0138586283051543,7.9053516770459185
PatchTST__ETTh2__h192__s2021,PatchTST,ETTh2,192,2689,384,2305,1000,0.25,48,False,False,0.30419505454562096,1.9629012123403662,-0.6017277330577502,7.9053516770459185
PatchTST__ETTh2__h192__s2021,PatchTST,ETTh2,192,2689,384,2305,1000,0.5,96,False,False,0.20346238145612192,1.8638444964813252,-0.7033757508205573,7.9053516770459185
PatchTST__ETTh2__h192__s2021,PatchTST,ETTh2,192,2689,384,2305,1000,1.0,192,True,False,-0.10316120116614205,1.5623224166243872,-1.0127855819802203,7.9053516770459185
PatchTST__ETTh2__h192__s2021,PatchTST,ETTh2,192,2689,384,2305,1000,2.0,384,True,False,-0.3471449572312696,1.3223979824014227,-1.2589863866417796,7.9053516770459185
PatchTST__ETTh2__h192__s2021,PatchTST,ETTh2,192,2689,384,2305,3000,0.0,0,False,False,0.8443874989631617,2.494106111750975,-0.05662663029338371,7.9053516770459185
PatchTST__ETTh2__h192__s2021,PatchTST,ETTh2,192,2689,384,2305,3000,0.125,24,False,False,-0.42258270298835415,1.2482153451565359,-1.3351096253638306,7.9053516770459185
PatchTST__ETTh2__h192__s2021,PatchTST,ETTh2,192,2689,384,2305,3000,0.25,48,False,False,-0.4718618610528122,1.199756077587743,-1.3848365767157687,7.9053516770459185
PatchTST__ETTh2__h192__s2021,PatchTST,ETTh2,192,2689,384,2305,3000,0.5,96,False,False,-1.1654346417875987,0.5177227336719183,-2.0847117629256187,7.9053516770459185
PatchTST__ETTh2__h192__s2021,PatchTST,ETTh2,192,2689,384,2305,3000,1.0,192,True,False,-0.8363058702314632,0.8413755684984564,-1.752592241113023,7.9053516770459185
PatchTST__ETTh2__h192__s2021,PatchTST,ETTh2,192,2689,384,2305,3000,2.0,384,True,False,-0.7397494794682347,0.9363254856490688,-1.6551584550097498,7.9053516770459185
PatchTST__ETTh2__h192__s2021,PatchTST,ETTh2,192,2689,384,2305,1000000000,0.0,0,False,False,0.8443874989631617,2.494106111750975,-0.05662663029338371,7.9053516770459185
PatchTST__ETTh2__h192__s2021,PatchTST,ETTh2,192,2689,384,2305,1000000000,0.125,24,False,False,-0.42258270298835415,1.2482153451565359,-1.3351096253638306,7.9053516770459185
PatchTST__ETTh2__h192__s2021,PatchTST,ETTh2,192,2689,384,2305,1000000000,0.25,48,False,False,-0.4718618610528122,1.199756077587743,-1.3848365767157687,7.9053516770459185
PatchTST__ETTh2__h192__s2021,PatchTST,ETTh2,192,2689,384,2305,1000000000,0.5,96,False,False,-1.1654346417875987,0.5177227336719183,-2.0847117629256187,7.9053516770459185
PatchTST__ETTh2__h192__s2021,PatchTST,ETTh2,192,2689,384,2305,1000000000,1.0,192,True,False,-0.8363058702314632,0.8413755684984564,-1.752592241113023,7.9053516770459185
PatchTST__ETTh2__h192__s2021,PatchTST,ETTh2,192,2689,384,2305,1000000000,2.0,384,True,False,-0.7397494794682347,0.9363254856490688,-1.6551584550097498,7.9053516770459185
PatchTST__ETTh2__h336__s2021,PatchTST,ETTh2,336,2545,672,1873,50,0.0,0,False,False,3.457010847204281,3.457010847204281,2.1744869431063862,8.314584441323486
PatchTST__ETTh2__h336__s2021,PatchTST,ETTh2,336,2545,672,1873,50,0.125,42,False,False,-0.8334100401156253,-0.8334100401156253,-2.172929976705532,8.314584441323486
PatchTST__ETTh2__h336__s2021,PatchTST,ETTh2,336,2545,672,1873,50,0.25,84,False,False,0.8789867173115697,0.8789867173115697,-0.43778491001245895,8.314584441323486
PatchTST__ETTh2__h336__s2021,PatchTST,ETTh2,336,2545,672,1873,50,0.5,168,False,False,0.03849093973346048,0.03849093973346048,-1.289446241252173,8.314584441323486
PatchTST__ETTh2__h336__s2021,PatchTST,ETTh2,336,2545,672,1873,50,1.0,336,True,False,0.2129092785025244,0.2129092785025244,-1.1127108446548049,8.314584441323486
PatchTST__ETTh2__h336__s2021,PatchTST,ETTh2,336,2545,672,1873,50,2.0,672,True,False,-1.2878064200769386,-1.2878064200769386,-2.6333627786209406,8.314584441323486
PatchTST__ETTh2__h336__s2021,PatchTST,ETTh2,336,2545,672,1873,200,0.0,0,False,False,1.5370529629296918,1.5370529629296918,0.22902340686212136,8.314584441323486
PatchTST__ETTh2__h336__s2021,PatchTST,ETTh2,336,2545,672,1873,200,0.125,42,False,False,-0.31806490096920803,-0.31806490096920803,-1.6507387427197484,8.314584441323486
PatchTST__ETTh2__h336__s2021,PatchTST,ETTh2,336,2545,672,1873,200,0.25,84,False,False,-0.2334903860940073,-0.2334903860940073,-1.5650406989590555,8.314584441323486
PatchTST__ETTh2__h336__s2021,PatchTST,ETTh2,336,2545,672,1873,200,0.5,168,False,False,-0.5032313973343333,-0.5032313973343333,-1.8383650806529703,8.314584441323486
PatchTST__ETTh2__h336__s2021,PatchTST,ETTh2,336,2545,672,1873,200,1.0,336,True,False,-0.05465174242629529,-0.05465174242629529,-1.38382627598833,8.314584441323486
PatchTST__ETTh2__h336__s2021,PatchTST,ETTh2,336,2545,672,1873,200,2.0,672,True,False,0.2595701355865062,0.2595701355865062,-1.0654301221085969,8.314584441323486
PatchTST__ETTh2__h336__s2021,PatchTST,ETTh2,336,2545,672,1873,1000,0.0,0,False,False,1.1394961516196151,1.1394961516196151,-0.17381474199733615,8.314584441323486
PatchTST__ETTh2__h336__s2021,PatchTST,ETTh2,336,2545,672,1873,1000,0.125,42,False,False,0.3352708053745797,0.3352708053745797,-0.9887238078981638,8.314584441323486
PatchTST__ETTh2__h336__s2021,PatchTST,ETTh2,336,2545,672,1873,1000,0.25,84,False,False,0.5979747819724083,0.5979747819724083,-0.7225299442288354,8.314584441323486
PatchTST__ETTh2__h336__s2021,PatchTST,ETTh2,336,2545,672,1873,1000,0.5,168,False,False,0.4775019273973042,0.4775019273973042,-0.8446032186494753,8.314584441323486
PatchTST__ETTh2__h336__s2021,PatchTST,ETTh2,336,2545,672,1873,1000,1.0,336,True,False,0.0488740849553071,0.0488740849553071,-1.2789251612919927,8.314584441323486
PatchTST__ETTh2__h336__s2021,PatchTST,ETTh2,336,2545,672,1873,1000,2.0,672,True,False,0.16685485120330582,0.16685485120330582,-1.1593770813087898,8.314584441323486
PatchTST__ETTh2__h336__s2021,PatchTST,ETTh2,336,2545,672,1873,3000,0.0,0,False,False,1.1049914770955194,1.1049914770955194,-0.2087777933571669,8.314584441323486
PatchTST__ETTh2__h336__s2021,PatchTST,ETTh2,336,2545,672,1873,3000,0.125,42,False,False,0.71946841938619,0.71946841938619,-0.5994223263950734,8.314584441323486
PatchTST__ETTh2__h336__s2021,PatchTST,ETTh2,336,2545,672,1873,3000,0.25,84,False,False,0.6383834888795488,0.6383834888795488,-0.6815844284555423,8.314584441323486
PatchTST__ETTh2__h336__s2021,PatchTST,ETTh2,336,2545,672,1873,3000,0.5,168,False,False,0.44453415424875814,0.44453415424875814,-0.878008951690282,8.314584441323486
PatchTST__ETTh2__h336__s2021,PatchTST,ETTh2,336,2545,672,1873,3000,1.0,336,True,False,0.060392525099542134,0.060392525099542134,-1.267253704600906,8.314584441323486
PatchTST__ETTh2__h336__s2021,PatchTST,ETTh2,336,2545,672,1873,3000,2.0,672,True,False,0.2117664995110021,0.2117664995110021,-1.1138688048768504,8.314584441323486
PatchTST__ETTh2__h336__s2021,PatchTST,ETTh2,336,2545,672,1873,1000000000,0.0,0,False,False,1.1049914770955194,1.1049914770955194,-0.2087777933571669,8.314584441323486
PatchTST__ETTh2__h336__s2021,PatchTST,ETTh2,336,2545,672,1873,1000000000,0.125,42,False,False,0.71946841938619,0.71946841938619,-0.5994223263950734,8.314584441323486
PatchTST__ETTh2__h336__s2021,PatchTST,ETTh2,336,2545,672,1873,1000000000,0.25,84,False,False,0.6383834888795488,0.6383834888795488,-0.6815844284555423,8.314584441323486
PatchTST__ETTh2__h336__s2021,PatchTST,ETTh2,336,2545,672,1873,1000000000,0.5,168,False,False,0.44453415424875814,0.44453415424875814,-0.878008951690282,8.314584441323486
PatchTST__ETTh2__h336__s2021,PatchTST,ETTh2,336,2545,672,1873,1000000000,1.0,336,True,False,0.060392525099542134,0.060392525099542134,-1.267253704600906,8.314584441323486
PatchTST__ETTh2__h336__s2021,PatchTST,ETTh2,336,2545,672,1873,1000000000,2.0,672,True,False,0.2117664995110021,0.2117664995110021,-1.1138688048768504,8.314584441323486
PatchTST__ETTh2__h720__s2021,PatchTST,ETTh2,720,2161,1080,1081,50,0.0,0,False,False,4.228874159440079,3.548993706006209,3.548993706006209,8.650203784275384
PatchTST__ETTh2__h720__s2021,PatchTST,ETTh2,720,2161,1080,1081,50,0.125,90,False,False,1.7392888038190617,1.0417347519432156,1.0417347519432156,8.650203784275384
PatchTST__ETTh2__h720__s2021,PatchTST,ETTh2,720,2161,1080,1081,50,0.25,180,False,False,0.009406467598659079,-0.7004280412188206,-0.7004280412188206,8.650203784275384
PatchTST__ETTh2__h720__s2021,PatchTST,ETTh2,720,2161,1080,1081,50,0.5,360,False,False,-4.028573560388539,-4.767073741330989,-4.767073741330989,8.650203784275384
PatchTST__ETTh2__h720__s2021,PatchTST,ETTh2,720,2161,1080,1081,50,1.0,720,True,False,-0.5349625608736939,-1.2486615524219007,-1.2486615524219007,8.650203784275384
PatchTST__ETTh2__h720__s2021,PatchTST,ETTh2,720,2161,1080,1081,50,2.0,1440,True,True,,,,8.650203784275384
PatchTST__ETTh2__h720__s2021,PatchTST,ETTh2,720,2161,1080,1081,200,0.0,0,False,False,1.895063443452544,1.198615237745864,1.198615237745864,8.650203784275384
PatchTST__ETTh2__h720__s2021,PatchTST,ETTh2,720,2161,1080,1081,200,0.125,90,False,False,1.3552024056430063,0.6549217194892627,0.6549217194892627,8.650203784275384
PatchTST__ETTh2__h720__s2021,PatchTST,ETTh2,720,2161,1080,1081,200,0.25,180,False,False,1.1313632343802742,0.4294935110723914,0.4294935110723914,8.650203784275384
PatchTST__ETTh2__h720__s2021,PatchTST,ETTh2,720,2161,1080,1081,200,0.5,360,False,False,-3.8154417975098633,-4.552428953327932,-4.552428953327932,8.650203784275384
PatchTST__ETTh2__h720__s2021,PatchTST,ETTh2,720,2161,1080,1081,200,1.0,720,True,False,0.5658148550813872,-0.14006970344099057,-0.14006970344099057,8.650203784275384
PatchTST__ETTh2__h720__s2021,PatchTST,ETTh2,720,2161,1080,1081,200,2.0,1440,True,True,,,,8.650203784275384
PatchTST__ETTh2__h720__s2021,PatchTST,ETTh2,720,2161,1080,1081,1000,0.0,0,False,False,0.11086444980726344,-0.5982498074903239,-0.5982498074903239,8.650203784275384
PatchTST__ETTh2__h720__s2021,PatchTST,ETTh2,720,2161,1080,1081,1000,0.125,90,False,False,0.8468021844537694,0.1429123585945632,0.1429123585945632,8.650203784275384
PatchTST__ETTh2__h720__s2021,PatchTST,ETTh2,720,2161,1080,1081,1000,0.25,180,False,False,-0.7089582875778621,-1.423892477026573,-1.423892477026573,8.650203784275384
PatchTST__ETTh2__h720__s2021,PatchTST,ETTh2,720,2161,1080,1081,1000,0.5,360,False,False,-1.769087345711239,-2.4915474049710875,-2.4915474049710875,8.650203784275384
PatchTST__ETTh2__h720__s2021,PatchTST,ETTh2,720,2161,1080,1081,1000,1.0,720,True,False,0.3349317724618368,-0.372591828031948,-0.372591828031948,8.650203784275384
PatchTST__ETTh2__h720__s2021,PatchTST,ETTh2,720,2161,1080,1081,1000,2.0,1440,True,True,,,,8.650203784275384
PatchTST__ETTh2__h720__s2021,PatchTST,ETTh2,720,2161,1080,1081,3000,0.0,0,False,False,0.12415593942043461,-0.5848639614215331,-0.5848639614215331,8.650203784275384
PatchTST__ETTh2__h720__s2021,PatchTST,ETTh2,720,2161,1080,1081,3000,0.125,90,False,False,0.11856372075578465,-0.5904958793183687,-0.5904958793183687,8.650203784275384
PatchTST__ETTh2__h720__s2021,PatchTST,ETTh2,720,2161,1080,1081,3000,0.25,180,False,False,-0.7445426912134663,-1.4597294948010069,-1.4597294948010069,8.650203784275384
PatchTST__ETTh2__h720__s2021,PatchTST,ETTh2,720,2161,1080,1081,3000,0.5,360,False,False,-1.5873280425798886,-2.3084977902103794,-2.3084977902103794,8.650203784275384
PatchTST__ETTh2__h720__s2021,PatchTST,ETTh2,720,2161,1080,1081,3000,1.0,720,True,False,-0.12358374914610133,-0.8343623572217773,-0.8343623572217773,8.650203784275384
PatchTST__ETTh2__h720__s2021,PatchTST,ETTh2,720,2161,1080,1081,3000,2.0,1440,True,True,,,,8.650203784275384
PatchTST__ETTh2__h720__s2021,PatchTST,ETTh2,720,2161,1080,1081,1000000000,0.0,0,False,False,0.12415593942043461,-0.5848639614215331,-0.5848639614215331,8.650203784275384
PatchTST__ETTh2__h720__s2021,PatchTST,ETTh2,720,2161,1080,1081,1000000000,0.125,90,False,False,0.11856372075578465,-0.5904958793183687,-0.5904958793183687,8.650203784275384
PatchTST__ETTh2__h720__s2021,PatchTST,ETTh2,720,2161,1080,1081,1000000000,0.25,180,False,False,-0.7445426912134663,-1.4597294948010069,-1.4597294948010069,8.650203784275384
PatchTST__ETTh2__h720__s2021,PatchTST,ETTh2,720,2161,1080,1081,1000000000,0.5,360,False,False,-1.5873280425798886,-2.3084977902103794,-2.3084977902103794,8.650203784275384
PatchTST__ETTh2__h720__s2021,PatchTST,ETTh2,720,2161,1080,1081,1000000000,1.0,720,True,False,-0.12358374914610133,-0.8343623572217773,-0.8343623572217773,8.650203784275384
PatchTST__ETTh2__h720__s2021,PatchTST,ETTh2,720,2161,1080,1081,1000000000,2.0,1440,True,True,,,,8.650203784275384
PatchTST__ETTm1__h96__s2021,PatchTST,ETTm1,96,11425,192,11233,50,0.0,0,False,False,4.523030841061518,4.086534200312554,4.086534200312554,9.089022849290663
PatchTST__ETTm1__h96__s2021,PatchTST,ETTm1,96,11425,192,11233,50,0.125,12,False,False,2.6249957998505478,2.17982182123874,2.17982182123874,9.089022849290663
PatchTST__ETTm1__h96__s2021,PatchTST,ETTm1,96,11425,192,11233,50,0.25,24,False,False,1.306705047660023,0.8555041759667682,0.8555041759667682,9.089022849290663
PatchTST__ETTm1__h96__s2021,PatchTST,ETTm1,96,11425,192,11233,50,0.5,48,False,False,-1.2916345881081726,-1.7547144137787962,-1.7547144137787962,9.089022849290663
PatchTST__ETTm1__h96__s2021,PatchTST,ETTm1,96,11425,192,11233,50,1.0,96,True,False,-4.234119314475099,-4.710651438745359,-4.710651438745359,9.089022849290663
PatchTST__ETTm1__h96__s2021,PatchTST,ETTm1,96,11425,192,11233,50,2.0,192,True,False,-6.108487447440726,-6.593588710433901,-6.593588710433901,9.089022849290663
PatchTST__ETTm1__h96__s2021,PatchTST,ETTm1,96,11425,192,11233,200,0.0,0,False,False,-0.3519894676646702,-0.8107734726553668,-0.8107734726553668,9.089022849290663
PatchTST__ETTm1__h96__s2021,PatchTST,ETTm1,96,11425,192,11233,200,0.125,12,False,False,-1.6108110810842693,-2.0753501012414524,-2.0753501012414524,9.089022849290663
PatchTST__ETTm1__h96__s2021,PatchTST,ETTm1,96,11425,192,11233,200,0.25,24,False,False,-2.3902813826271574,-2.8583839445597463,-2.8583839445597463,9.089022849290663
PatchTST__ETTm1__h96__s2021,PatchTST,ETTm1,96,11425,192,11233,200,0.5,48,False,False,-3.177855028428447,-3.649558178584175,-3.649558178584175,9.089022849290663
PatchTST__ETTm1__h96__s2021,PatchTST,ETTm1,96,11425,192,11233,200,1.0,96,True,False,-3.241897853699763,-3.7138937915124655,-3.7138937915124655,9.089022849290663
PatchTST__ETTm1__h96__s2021,PatchTST,ETTm1,96,11425,192,11233,200,2.0,192,True,False,-2.671127304462014,-3.1405138231700316,-3.1405138231700316,9.089022849290663
PatchTST__ETTm1__h96__s2021,PatchTST,ETTm1,96,11425,192,11233,1000,0.0,0,False,False,0.30289522376717454,-0.15289481345929545,-0.15289481345929545,9.089022849290663
PatchTST__ETTm1__h96__s2021,PatchTST,ETTm1,96,11425,192,11233,1000,0.125,12,False,False,0.16457542885931337,-0.2918469716099179,-0.2918469716099179,9.089022849290663
PatchTST__ETTm1__h96__s2021,PatchTST,ETTm1,96,11425,192,11233,1000,0.25,24,False,False,0.0916889094334843,-0.3650667098335944,-0.3650667098335944,9.089022849290663
PatchTST__ETTm1__h96__s2021,PatchTST,ETTm1,96,11425,192,11233,1000,0.5,48,False,False,-0.022594857732945776,-0.4798729535815469,-0.4798729535815469,9.089022849290663
PatchTST__ETTm1__h96__s2021,PatchTST,ETTm1,96,11425,192,11233,1000,1.0,96,True,False,0.005047216014855376,-0.4521045072389667,-0.4521045072389667,9.089022849290663
PatchTST__ETTm1__h96__s2021,PatchTST,ETTm1,96,11425,192,11233,1000,2.0,192,True,False,-0.22986036801838483,-0.6880860295446533,-0.6880860295446533,9.089022849290663
PatchTST__ETTm1__h96__s2021,PatchTST,ETTm1,96,11425,192,11233,3000,0.0,0,False,False,0.43197967938545784,-0.023220216241979022,-0.023220216241979022,9.089022849290663
PatchTST__ETTm1__h96__s2021,PatchTST,ETTm1,96,11425,192,11233,3000,0.125,12,False,False,0.3488573931590552,-0.10672251661240842,-0.10672251661240842,9.089022849290663
PatchTST__ETTm1__h96__s2021,PatchTST,ETTm1,96,11425,192,11233,3000,0.25,24,False,False,0.30675848953365,-0.14901388581536157,-0.14901388581536157,9.089022849290663
PatchTST__ETTm1__h96__s2021,PatchTST,ETTm1,96,11425,192,11233,3000,0.5,48,False,False,0.28711389836256357,-0.1687482871064235,-0.1687482871064235,9.089022849290663
PatchTST__ETTm1__h96__s2021,PatchTST,ETTm1,96,11425,192,11233,3000,1.0,96,True,False,0.31938747363268294,-0.13632716518380292,-0.13632716518380292,9.089022849290663
PatchTST__ETTm1__h96__s2021,PatchTST,ETTm1,96,11425,192,11233,3000,2.0,192,True,False,0.4448295621560912,-0.010311587045764625,-0.010311587045764625,9.089022849290663
PatchTST__ETTm1__h96__s2021,PatchTST,ETTm1,96,11425,192,11233,1000000000,0.0,0,False,False,0.4380900052391542,-0.017081955518412836,-0.017081955518412836,9.089022849290663
PatchTST__ETTm1__h96__s2021,PatchTST,ETTm1,96,11425,192,11233,1000000000,0.125,12,False,False,0.425309119420544,-0.029921272325928165,-0.029921272325928165,9.089022849290663
PatchTST__ETTm1__h96__s2021,PatchTST,ETTm1,96,11425,192,11233,1000000000,0.25,24,False,False,0.41821203842827465,-0.03705079938387741,-0.03705079938387741,9.089022849290663
PatchTST__ETTm1__h96__s2021,PatchTST,ETTm1,96,11425,192,11233,1000000000,0.5,48,False,False,0.4199498174221173,-0.03530507570243252,-0.03530507570243252,9.089022849290663
PatchTST__ETTm1__h96__s2021,PatchTST,ETTm1,96,11425,192,11233,1000000000,1.0,96,True,False,0.4296215070334891,-0.025589169563630894,-0.025589169563630894,9.089022849290663
PatchTST__ETTm1__h96__s2021,PatchTST,ETTm1,96,11425,192,11233,1000000000,2.0,192,True,False,0.43042466486080594,-0.0247823399011406,-0.0247823399011406,9.089022849290663
PatchTST__ETTm1__h192__s2021,PatchTST,ETTm1,192,11329,384,10945,50,0.0,0,False,False,3.255954831939944,3.255954831939944,3.12624912091528,5.8650949302567135
PatchTST__ETTm1__h192__s2021,PatchTST,ETTm1,192,11329,384,10945,50,0.125,24,False,False,0.9753076891784297,0.9753076891784297,0.8425442916704852,5.8650949302567135
PatchTST__ETTm1__h192__s2021,PatchTST,ETTm1,192,11329,384,10945,50,0.25,48,False,False,-0.40377390986939854,-0.40377390986939854,-0.5383862558997539,5.8650949302567135
PatchTST__ETTm1__h192__s2021,PatchTST,ETTm1,192,11329,384,10945,50,0.5,96,False,False,-2.199613935018376,-2.199613935018376,-2.3366339817701953,5.8650949302567135
PatchTST__ETTm1__h192__s2021,PatchTST,ETTm1,192,11329,384,10945,50,1.0,192,True,False,-3.2217825321204843,-3.2217825321204843,-3.3601730105556586,5.8650949302567135
PatchTST__ETTm1__h192__s2021,PatchTST,ETTm1,192,11329,384,10945,50,2.0,384,True,False,-2.2775833838939166,-2.2775833838939166,-2.414707965067333,5.8650949302567135
PatchTST__ETTm1__h192__s2021,PatchTST,ETTm1,192,11329,384,10945,200,0.0,0,False,False,0.45236035585207746,0.45236035585207746,0.31889583761282886,5.8650949302567135
PatchTST__ETTm1__h192__s2021,PatchTST,ETTm1,192,11329,384,10945,200,0.125,24,False,False,-0.8524649228727353,-0.8524649228727353,-0.9876788334414649,5.8650949302567135
PatchTST__ETTm1__h192__s2021,PatchTST,ETTm1,192,11329,384,10945,200,0.25,48,False,False,-1.3293284623862105,-1.3293284623862105,-1.4651817086819803,5.8650949302567135
PatchTST__ETTm1__h192__s2021,PatchTST,ETTm1,192,11329,384,10945,200,0.5,96,False,False,-1.888344955089791,-1.888344955089791,-2.024947680400364,5.8650949302567135
PatchTST__ETTm1__h192__s2021,PatchTST,ETTm1,192,11329,384,10945,200,1.0,192,True,False,-1.1321606746958799,-1.1321606746958799,-1.2677495761624757,5.8650949302567135
PatchTST__ETTm1__h192__s2021,PatchTST,ETTm1,192,11329,384,10945,200,2.0,384,True,False,-1.2668169381465206,-1.2668169381465206,-1.4025863746151879,5.8650949302567135
PatchTST__ETTm1__h192__s2021,PatchTST,ETTm1,192,11329,384,10945,1000,0.0,0,False,False,0.029174272142944133,0.029174272142944133,-0.10485761592033743,5.8650949302567135
PatchTST__ETTm1__h192__s2021,PatchTST,ETTm1,192,11329,384,10945,1000,0.125,24,False,False,-0.09137771031469534,-0.09137771031469534,-0.22557122362915322,5.8650949302567135
PatchTST__ETTm1__h192__s2021,PatchTST,ETTm1,192,11329,384,10945,1000,0.25,48,False,False,-0.0734326070888448,-0.0734326070888448,-0.2076020612235436,5.8650949302567135
PatchTST__ETTm1__h192__s2021,PatchTST,ETTm1,192,11329,384,10945,1000,0.5,96,False,False,-0.21875969853029373,-0.21875969853029373,-0.3531239941531049,5.8650949302567135
PatchTST__ETTm1__h192__s2021,PatchTST,ETTm1,192,11329,384,10945,1000,1.0,192,True,False,-0.4138936394326151,-0.4138936394326151,-0.5485195530858261,5.8650949302567135
PatchTST__ETTm1__h192__s2021,PatchTST,ETTm1,192,11329,384,10945,1000,2.0,384,True,False,-0.943637812125891,-0.943637812125891,-1.0789739591010703,5.8650949302567135
PatchTST__ETTm1__h192__s2021,PatchTST,ETTm1,192,11329,384,10945,3000,0.0,0,False,False,0.12435943759469616,0.12435943759469616,-0.009544834763221093,5.8650949302567135
PatchTST__ETTm1__h192__s2021,PatchTST,ETTm1,192,11329,384,10945,3000,0.125,24,False,False,0.10795326967230347,0.10795326967230347,-0.025972998599386742,5.8650949302567135
PatchTST__ETTm1__h192__s2021,PatchTST,ETTm1,192,11329,384,10945,3000,0.25,48,False,False,0.10444212243235941,0.10444212243235941,-0.029488853269627698,5.8650949302567135
PatchTST__ETTm1__h192__s2021,PatchTST,ETTm1,192,11329,384,10945,3000,0.5,96,False,False,0.10449484992891724,0.10449484992891724,-0.029436055080786748,5.8650949302567135
PatchTST__ETTm1__h192__s2021,PatchTST,ETTm1,192,11329,384,10945,3000,1.0,192,True,False,0.07876498318149429,0.07876498318149429,-0.05520041811844902,5.8650949302567135
PatchTST__ETTm1__h192__s2021,PatchTST,ETTm1,192,11329,384,10945,3000,2.0,384,True,False,0.0636019923031073,0.0636019923031073,-0.07038373817068569,5.8650949302567135
PatchTST__ETTm1__h192__s2021,PatchTST,ETTm1,192,11329,384,10945,1000000000,0.0,0,False,False,0.09795023739226837,0.09795023739226837,-0.03598944204506031,5.8650949302567135
PatchTST__ETTm1__h192__s2021,PatchTST,ETTm1,192,11329,384,10945,1000000000,0.125,24,False,False,0.04864624743327082,0.04864624743327082,-0.08535953435757095,5.8650949302567135
PatchTST__ETTm1__h192__s2021,PatchTST,ETTm1,192,11329,384,10945,1000000000,0.25,48,False,False,0.035679903772731676,0.035679903772731676,-0.09834326212501773,5.8650949302567135
PatchTST__ETTm1__h192__s2021,PatchTST,ETTm1,192,11329,384,10945,1000000000,0.5,96,False,False,-0.01218506358241044,-0.01218506358241044,-0.14627240252164458,5.8650949302567135
PatchTST__ETTm1__h192__s2021,PatchTST,ETTm1,192,11329,384,10945,1000000000,1.0,192,True,False,-0.02480697311720467,-0.02480697311720467,-0.1589112343770618,5.8650949302567135
PatchTST__ETTm1__h192__s2021,PatchTST,ETTm1,192,11329,384,10945,1000000000,2.0,384,True,False,0.02953247590799754,0.02953247590799754,-0.10449893190790593,5.8650949302567135
PatchTST__ETTm1__h336__s2021,PatchTST,ETTm1,336,11185,672,10513,50,0.0,0,False,False,2.358299579590067,2.358299579590067,2.358299579590067,4.477454135814957
PatchTST__ETTm1__h336__s2021,PatchTST,ETTm1,336,11185,672,10513,50,0.125,42,False,False,-0.005327948565508915,-0.005327948565508915,-0.005327948565508915,4.477454135814957
PatchTST__ETTm1__h336__s2021,PatchTST,ETTm1,336,11185,672,10513,50,0.25,84,False,False,-0.8507138040782547,-0.8507138040782547,-0.8507138040782547,4.477454135814957
PatchTST__ETTm1__h336__s2021,PatchTST,ETTm1,336,11185,672,10513,50,0.5,168,False,False,-1.8664734133093972,-1.8664734133093972,-1.8664734133093972,4.477454135814957
PatchTST__ETTm1__h336__s2021,PatchTST,ETTm1,336,11185,672,10513,50,1.0,336,True,False,-2.780465456457923,-2.780465456457923,-2.780465456457923,4.477454135814957
PatchTST__ETTm1__h336__s2021,PatchTST,ETTm1,336,11185,672,10513,50,2.0,672,True,False,-3.9297348199820514,-3.9297348199820514,-3.9297348199820514,4.477454135814957
PatchTST__ETTm1__h336__s2021,PatchTST,ETTm1,336,11185,672,10513,200,0.0,0,False,False,0.5933135906142925,0.5933135906142925,0.5933135906142925,4.477454135814957
PatchTST__ETTm1__h336__s2021,PatchTST,ETTm1,336,11185,672,10513,200,0.125,42,False,False,-0.6198588812976529,-0.6198588812976529,-0.6198588812976529,4.477454135814957
PatchTST__ETTm1__h336__s2021,PatchTST,ETTm1,336,11185,672,10513,200,0.25,84,False,False,-1.3391364765546319,-1.3391364765546319,-1.3391364765546319,4.477454135814957
PatchTST__ETTm1__h336__s2021,PatchTST,ETTm1,336,11185,672,10513,200,0.5,168,False,False,-1.320325019513807,-1.320325019513807,-1.320325019513807,4.477454135814957
PatchTST__ETTm1__h336__s2021,PatchTST,ETTm1,336,11185,672,10513,200,1.0,336,True,False,-2.43713251962957,-2.43713251962957,-2.43713251962957,4.477454135814957
PatchTST__ETTm1__h336__s2021,PatchTST,ETTm1,336,11185,672,10513,200,2.0,672,True,False,-3.771107704773746,-3.771107704773746,-3.771107704773746,4.477454135814957
PatchTST__ETTm1__h336__s2021,PatchTST,ETTm1,336,11185,672,10513,1000,0.0,0,False,False,-0.27673204813064306,-0.27673204813064306,-0.27673204813064306,4.477454135814957
PatchTST__ETTm1__h336__s2021,PatchTST,ETTm1,336,11185,672,10513,1000,0.125,42,False,False,-0.38412191977739224,-0.38412191977739224,-0.38412191977739224,4.477454135814957
PatchTST__ETTm1__h336__s2021,PatchTST,ETTm1,336,11185,672,10513,1000,0.25,84,False,False,-0.5184074452421517,-0.5184074452421517,-0.5184074452421517,4.477454135814957
PatchTST__ETTm1__h336__s2021,PatchTST,ETTm1,336,11185,672,10513,1000,0.5,168,False,False,-0.5445324012665087,-0.5445324012665087,-0.5445324012665087,4.477454135814957
PatchTST__ETTm1__h336__s2021,PatchTST,ETTm1,336,11185,672,10513,1000,1.0,336,True,False,-1.2790661381212944,-1.2790661381212944,-1.2790661381212944,4.477454135814957
PatchTST__ETTm1__h336__s2021,PatchTST,ETTm1,336,11185,672,10513,1000,2.0,672,True,False,-1.0446429904541847,-1.0446429904541847,-1.0446429904541847,4.477454135814957
PatchTST__ETTm1__h336__s2021,PatchTST,ETTm1,336,11185,672,10513,3000,0.0,0,False,False,-0.014918671412969814,-0.014918671412969814,-0.014918671412969814,4.477454135814957
PatchTST__ETTm1__h336__s2021,PatchTST,ETTm1,336,11185,672,10513,3000,0.125,42,False,False,-0.045881552492708956,-0.045881552492708956,-0.045881552492708956,4.477454135814957
PatchTST__ETTm1__h336__s2021,PatchTST,ETTm1,336,11185,672,10513,3000,0.25,84,False,False,-0.04422084847208745,-0.04422084847208745,-0.04422084847208745,4.477454135814957
PatchTST__ETTm1__h336__s2021,PatchTST,ETTm1,336,11185,672,10513,3000,0.5,168,False,False,-0.06888144270079816,-0.06888144270079816,-0.06888144270079816,4.477454135814957
PatchTST__ETTm1__h336__s2021,PatchTST,ETTm1,336,11185,672,10513,3000,1.0,336,True,False,-0.10538318811899634,-0.10538318811899634,-0.10538318811899634,4.477454135814957
PatchTST__ETTm1__h336__s2021,PatchTST,ETTm1,336,11185,672,10513,3000,2.0,672,True,False,-0.1318413049221354,-0.1318413049221354,-0.1318413049221354,4.477454135814957
PatchTST__ETTm1__h336__s2021,PatchTST,ETTm1,336,11185,672,10513,1000000000,0.0,0,False,False,0.0,0.0,0.0,4.477454135814957
PatchTST__ETTm1__h336__s2021,PatchTST,ETTm1,336,11185,672,10513,1000000000,0.125,42,False,False,0.0,0.0,0.0,4.477454135814957
PatchTST__ETTm1__h336__s2021,PatchTST,ETTm1,336,11185,672,10513,1000000000,0.25,84,False,False,0.0,0.0,0.0,4.477454135814957
PatchTST__ETTm1__h336__s2021,PatchTST,ETTm1,336,11185,672,10513,1000000000,0.5,168,False,False,0.0,0.0,0.0,4.477454135814957
PatchTST__ETTm1__h336__s2021,PatchTST,ETTm1,336,11185,672,10513,1000000000,1.0,336,True,False,0.0,0.0,0.0,4.477454135814957
PatchTST__ETTm1__h336__s2021,PatchTST,ETTm1,336,11185,672,10513,1000000000,2.0,672,True,False,-0.030126871745721276,-0.030126871745721276,-0.030126871745721276,4.477454135814957
PatchTST__ETTm1__h720__s2021,PatchTST,ETTm1,720,10801,1440,9361,50,0.0,0,False,False,2.5992727784709087,2.5992727784709087,2.5992727784709087,4.1334494689995545
PatchTST__ETTm1__h720__s2021,PatchTST,ETTm1,720,10801,1440,9361,50,0.125,90,False,False,-0.09507139796488251,-0.09507139796488251,-0.09507139796488251,4.1334494689995545
PatchTST__ETTm1__h720__s2021,PatchTST,ETTm1,720,10801,1440,9361,50,0.25,180,False,False,-0.9501632340659288,-0.9501632340659288,-0.9501632340659288,4.1334494689995545
PatchTST__ETTm1__h720__s2021,PatchTST,ETTm1,720,10801,1440,9361,50,0.5,360,False,False,-2.1677072087020504,-2.1677072087020504,-2.1677072087020504,4.1334494689995545
PatchTST__ETTm1__h720__s2021,PatchTST,ETTm1,720,10801,1440,9361,50,1.0,720,True,False,-3.209055141551026,-3.209055141551026,-3.209055141551026,4.1334494689995545
PatchTST__ETTm1__h720__s2021,PatchTST,ETTm1,720,10801,1440,9361,50,2.0,1440,True,False,-2.383322831944183,-2.383322831944183,-2.383322831944183,4.1334494689995545
PatchTST__ETTm1__h720__s2021,PatchTST,ETTm1,720,10801,1440,9361,200,0.0,0,False,False,1.5418711905110254,1.5418711905110254,1.5418711905110254,4.1334494689995545
PatchTST__ETTm1__h720__s2021,PatchTST,ETTm1,720,10801,1440,9361,200,0.125,90,False,False,-0.1425833950210826,-0.1425833950210826,-0.1425833950210826,4.1334494689995545
PatchTST__ETTm1__h720__s2021,PatchTST,ETTm1,720,10801,1440,9361,200,0.25,180,False,False,-1.1416649347303574,-1.1416649347303574,-1.1416649347303574,4.1334494689995545
PatchTST__ETTm1__h720__s2021,PatchTST,ETTm1,720,10801,1440,9361,200,0.5,360,False,False,-2.474550879406657,-2.474550879406657,-2.474550879406657,4.1334494689995545
PatchTST__ETTm1__h720__s2021,PatchTST,ETTm1,720,10801,1440,9361,200,1.0,720,True,False,-3.30669928813678,-3.30669928813678,-3.30669928813678,4.1334494689995545
PatchTST__ETTm1__h720__s2021,PatchTST,ETTm1,720,10801,1440,9361,200,2.0,1440,True,False,-1.6684508886368252,-1.6684508886368252,-1.6684508886368252,4.1334494689995545
PatchTST__ETTm1__h720__s2021,PatchTST,ETTm1,720,10801,1440,9361,1000,0.0,0,False,False,0.254566181621878,0.254566181621878,0.254566181621878,4.1334494689995545
PatchTST__ETTm1__h720__s2021,PatchTST,ETTm1,720,10801,1440,9361,1000,0.125,90,False,False,-0.3541300604249721,-0.3541300604249721,-0.3541300604249721,4.1334494689995545
PatchTST__ETTm1__h720__s2021,PatchTST,ETTm1,720,10801,1440,9361,1000,0.25,180,False,False,-0.890937265319004,-0.890937265319004,-0.890937265319004,4.1334494689995545
PatchTST__ETTm1__h720__s2021,PatchTST,ETTm1,720,10801,1440,9361,1000,0.5,360,False,False,-1.5731428213635075,-1.5731428213635075,-1.5731428213635075,4.1334494689995545
PatchTST__ETTm1__h720__s2021,PatchTST,ETTm1,720,10801,1440,9361,1000,1.0,720,True,False,-1.5258628599950224,-1.5258628599950224,-1.5258628599950224,4.1334494689995545
PatchTST__ETTm1__h720__s2021,PatchTST,ETTm1,720,10801,1440,9361,1000,2.0,1440,True,False,-1.2269371331338526,-1.2269371331338526,-1.2269371331338526,4.1334494689995545
PatchTST__ETTm1__h720__s2021,PatchTST,ETTm1,720,10801,1440,9361,3000,0.0,0,False,False,-0.04339674025415876,-0.04339674025415876,-0.04339674025415876,4.1334494689995545
PatchTST__ETTm1__h720__s2021,PatchTST,ETTm1,720,10801,1440,9361,3000,0.125,90,False,False,-0.24795297478221331,-0.24795297478221331,-0.24795297478221331,4.1334494689995545
PatchTST__ETTm1__h720__s2021,PatchTST,ETTm1,720,10801,1440,9361,3000,0.25,180,False,False,-0.4183236487265508,-0.4183236487265508,-0.4183236487265508,4.1334494689995545
PatchTST__ETTm1__h720__s2021,PatchTST,ETTm1,720,10801,1440,9361,3000,0.5,360,False,False,-0.5314195534924568,-0.5314195534924568,-0.5314195534924568,4.1334494689995545
PatchTST__ETTm1__h720__s2021,PatchTST,ETTm1,720,10801,1440,9361,3000,1.0,720,True,False,-0.9153593434709242,-0.9153593434709242,-0.9153593434709242,4.1334494689995545
PatchTST__ETTm1__h720__s2021,PatchTST,ETTm1,720,10801,1440,9361,3000,2.0,1440,True,False,-0.9257959228951705,-0.9257959228951705,-0.9257959228951705,4.1334494689995545
PatchTST__ETTm1__h720__s2021,PatchTST,ETTm1,720,10801,1440,9361,1000000000,0.0,0,False,False,0.0,0.0,0.0,4.1334494689995545
PatchTST__ETTm1__h720__s2021,PatchTST,ETTm1,720,10801,1440,9361,1000000000,0.125,90,False,False,0.0,0.0,0.0,4.1334494689995545
PatchTST__ETTm1__h720__s2021,PatchTST,ETTm1,720,10801,1440,9361,1000000000,0.25,180,False,False,0.0,0.0,0.0,4.1334494689995545
PatchTST__ETTm1__h720__s2021,PatchTST,ETTm1,720,10801,1440,9361,1000000000,0.5,360,False,False,0.0,0.0,0.0,4.1334494689995545
PatchTST__ETTm1__h720__s2021,PatchTST,ETTm1,720,10801,1440,9361,1000000000,1.0,720,True,False,0.0,0.0,0.0,4.1334494689995545
PatchTST__ETTm1__h720__s2021,PatchTST,ETTm1,720,10801,1440,9361,1000000000,2.0,1440,True,False,-0.002150722068995742,-0.002150722068995742,-0.002150722068995742,4.1334494689995545
PatchTST__ETTm2__h96__s2021,PatchTST,ETTm2,96,11425,192,11233,50,0.0,0,False,False,2.9170318844942105,2.75479088303271,2.75479088303271,8.326524472503595
PatchTST__ETTm2__h96__s2021,PatchTST,ETTm2,96,11425,192,11233,50,0.125,12,False,False,-0.4183492431592196,-0.5861641942527757,-0.5861641942527757,8.326524472503595
PatchTST__ETTm2__h96__s2021,PatchTST,ETTm2,96,11425,192,11233,50,0.25,24,False,False,-1.6689673749977658,-1.8388723068788273,-1.8388723068788273,8.326524472503595
PatchTST__ETTm2__h96__s2021,PatchTST,ETTm2,96,11425,192,11233,50,0.5,48,False,False,-1.9242237160080613,-2.0945552216249568,-2.0945552216249568,8.326524472503595
PatchTST__ETTm2__h96__s2021,PatchTST,ETTm2,96,11425,192,11233,50,1.0,96,True,False,-1.3915350954704562,-1.5609763941134536,-1.5609763941134536,8.326524472503595
PatchTST__ETTm2__h96__s2021,PatchTST,ETTm2,96,11425,192,11233,50,2.0,192,True,False,-2.2249999800512925,-2.39583413039817,-2.39583413039817,8.326524472503595
PatchTST__ETTm2__h96__s2021,PatchTST,ETTm2,96,11425,192,11233,200,0.0,0,False,False,1.5194977729094703,1.3549212708113354,1.3549212708113354,8.326524472503595
PatchTST__ETTm2__h96__s2021,PatchTST,ETTm2,96,11425,192,11233,200,0.125,12,False,False,0.2961602455441581,0.12953935286528775,0.12953935286528775,8.326524472503595
PatchTST__ETTm2__h96__s2021,PatchTST,ETTm2,96,11425,192,11233,200,0.25,24,False,False,-0.2211426194686611,-0.38862800708941175,-0.38862800708941175,8.326524472503595
PatchTST__ETTm2__h96__s2021,PatchTST,ETTm2,96,11425,192,11233,200,0.5,48,False,False,-0.9850079146720092,-1.1537698420698301,-1.1537698420698301,8.326524472503595
PatchTST__ETTm2__h96__s2021,PatchTST,ETTm2,96,11425,192,11233,200,1.0,96,True,False,-1.066836008151081,-1.2357346832410194,-1.2357346832410194,8.326524472503595
PatchTST__ETTm2__h96__s2021,PatchTST,ETTm2,96,11425,192,11233,200,2.0,192,True,False,-0.8470940238012825,-1.0156254752649136,-1.0156254752649136,8.326524472503595
PatchTST__ETTm2__h96__s2021,PatchTST,ETTm2,96,11425,192,11233,1000,0.0,0,False,False,0.4351060030033556,0.26871731067101967,0.26871731067101967,8.326524472503595
PatchTST__ETTm2__h96__s2021,PatchTST,ETTm2,96,11425,192,11233,1000,0.125,12,False,False,0.04085873430351777,-0.12618880759778917,-0.12618880759778917,8.326524472503595
PatchTST__ETTm2__h96__s2021,PatchTST,ETTm2,96,11425,192,11233,1000,0.25,24,False,False,-0.20526547212628166,-0.3727243265215327,-0.3727243265215327,8.326524472503595
PatchTST__ETTm2__h96__s2021,PatchTST,ETTm2,96,11425,192,11233,1000,0.5,48,False,False,-0.3029681907646472,-0.47059032186254857,-0.47059032186254857,8.326524472503595
PatchTST__ETTm2__h96__s2021,PatchTST,ETTm2,96,11425,192,11233,1000,1.0,96,True,False,-0.12457924639155164,-0.2919032613363671,-0.2919032613363671,8.326524472503595
PatchTST__ETTm2__h96__s2021,PatchTST,ETTm2,96,11425,192,11233,1000,2.0,192,True,False,-0.4232169364371109,-0.5910400222163645,-0.5910400222163645,8.326524472503595
PatchTST__ETTm2__h96__s2021,PatchTST,ETTm2,96,11425,192,11233,3000,0.0,0,False,False,0.1870899618433338,0.02028679546186859,0.02028679546186859,8.326524472503595
PatchTST__ETTm2__h96__s2021,PatchTST,ETTm2,96,11425,192,11233,3000,0.125,12,False,False,0.0014715826699658657,-0.16564178139407243,-0.16564178139407243,8.326524472503595
PatchTST__ETTm2__h96__s2021,PatchTST,ETTm2,96,11425,192,11233,3000,0.25,24,False,False,-0.07761838147835334,-0.24486391738713492,-0.24486391738713492,8.326524472503595
PatchTST__ETTm2__h96__s2021,PatchTST,ETTm2,96,11425,192,11233,3000,0.5,48,False,False,-0.1717182396530523,-0.3391210313145575,-0.3391210313145575,8.326524472503595
PatchTST__ETTm2__h96__s2021,PatchTST,ETTm2,96,11425,192,11233,3000,1.0,96,True,False,-0.3505394769451616,-0.5182411071896234,-0.5182411071896234,8.326524472503595
PatchTST__ETTm2__h96__s2021,PatchTST,ETTm2,96,11425,192,11233,3000,2.0,192,True,False,-0.3375132924086346,-0.505193153837562,-0.505193153837562,8.326524472503595
PatchTST__ETTm2__h96__s2021,PatchTST,ETTm2,96,11425,192,11233,1000000000,0.0,0,False,False,0.1490802879694834,-0.017786398591414124,-0.017786398591414124,8.326524472503595
PatchTST__ETTm2__h96__s2021,PatchTST,ETTm2,96,11425,192,11233,1000000000,0.125,12,False,False,0.0519047853166649,-0.11512429688554801,-0.11512429688554801,8.326524472503595
PatchTST__ETTm2__h96__s2021,PatchTST,ETTm2,96,11425,192,11233,1000000000,0.25,24,False,False,-0.016535942261528706,-0.18367939974911432,-0.18367939974911432,8.326524472503595
PatchTST__ETTm2__h96__s2021,PatchTST,ETTm2,96,11425,192,11233,1000000000,0.5,48,False,False,-0.06676896431673272,-0.23399636913270014,-0.23399636913270014,8.326524472503595
PatchTST__ETTm2__h96__s2021,PatchTST,ETTm2,96,11425,192,11233,1000000000,1.0,96,True,False,-0.09275921587622503,-0.26003005451506683,-0.26003005451506683,8.326524472503595
PatchTST__ETTm2__h96__s2021,PatchTST,ETTm2,96,11425,192,11233,1000000000,2.0,192,True,False,-0.09095109668176743,-0.25821891366733096,-0.25821891366733096,8.326524472503595
PatchTST__ETTm2__h192__s2021,PatchTST,ETTm2,192,11329,384,10945,50,0.0,0,False,False,2.731844872971567,2.609701578082962,2.609701578082962,6.973694027438096
PatchTST__ETTm2__h192__s2021,PatchTST,ETTm2,192,11329,384,10945,50,0.125,24,False,False,-0.6268684488864866,-0.7532294069062798,-0.7532294069062798,6.973694027438096
PatchTST__ETTm2__h192__s2021,PatchTST,ETTm2,192,11329,384,10945,50,0.25,48,False,False,-1.54953662389581,-1.677056211179593,-1.677056211179593,6.973694027438096
PatchTST__ETTm2__h192__s2021,PatchTST,ETTm2,192,11329,384,10945,50,0.5,96,False,False,-1.2862477046377945,-1.413436670084823,-1.413436670084823,6.973694027438096
PatchTST__ETTm2__h192__s2021,PatchTST,ETTm2,192,11329,384,10945,50,1.0,192,True,False,-1.7088460877840692,-1.836565725976609,-1.836565725976609,6.973694027438096
PatchTST__ETTm2__h192__s2021,PatchTST,ETTm2,192,11329,384,10945,50,2.0,384,True,False,-1.5285401804016756,-1.656033401658613,-1.656033401658613,6.973694027438096
PatchTST__ETTm2__h192__s2021,PatchTST,ETTm2,192,11329,384,10945,200,0.0,0,False,False,1.2583498034604648,1.1343561851792023,1.1343561851792023,6.973694027438096
PatchTST__ETTm2__h192__s2021,PatchTST,ETTm2,192,11329,384,10945,200,0.125,24,False,False,-0.10206654911324888,-0.22776849357286516,-0.22776849357286516,6.973694027438096
PatchTST__ETTm2__h192__s2021,PatchTST,ETTm2,192,11329,384,10945,200,0.25,48,False,False,-0.3887668838207629,-0.5148288487154447,-0.5148288487154447,6.973694027438096
PatchTST__ETTm2__h192__s2021,PatchTST,ETTm2,192,11329,384,10945,200,0.5,96,False,False,-0.7847931871656719,-0.9113524572419922,-0.9113524572419922,6.973694027438096
PatchTST__ETTm2__h192__s2021,PatchTST,ETTm2,192,11329,384,10945,200,1.0,192,True,False,-0.4648160079694006,-0.5909734706206171,-0.5909734706206171,6.973694027438096
PatchTST__ETTm2__h192__s2021,PatchTST,ETTm2,192,11329,384,10945,200,2.0,384,True,False,-0.5554439535329359,-0.6817152211171816,-0.6817152211171816,6.973694027438096
PatchTST__ETTm2__h192__s2021,PatchTST,ETTm2,192,11329,384,10945,1000,0.0,0,False,False,0.11714429808112052,-0.008282375041060875,-0.008282375041060875,6.973694027438096
PatchTST__ETTm2__h192__s2021,PatchTST,ETTm2,192,11329,384,10945,1000,0.125,24,False,False,-0.4548787789153227,-0.5810237630128219,-0.5810237630128219,6.973694027438096
PatchTST__ETTm2__h192__s2021,PatchTST,ETTm2,192,11329,384,10945,1000,0.25,48,False,False,-0.525514211303558,-0.6517478949804469,-0.6517478949804469,6.973694027438096
PatchTST__ETTm2__h192__s2021,PatchTST,ETTm2,192,11329,384,10945,1000,0.5,96,False,False,-0.14675947550148133,-0.2725175425562074,-0.2725175425562074,6.973694027438096
PatchTST__ETTm2__h192__s2021,PatchTST,ETTm2,192,11329,384,10945,1000,1.0,192,True,False,-0.37847218509918745,-0.5045212225519937,-0.5045212225519937,6.973694027438096
PatchTST__ETTm2__h192__s2021,PatchTST,ETTm2,192,11329,384,10945,1000,2.0,384,True,False,-0.5382319295208438,-0.6644815833166735,-0.6644815833166735,6.973694027438096
PatchTST__ETTm2__h192__s2021,PatchTST,ETTm2,192,11329,384,10945,3000,0.0,0,False,False,0.14888716992773504,0.023500357528228082,0.023500357528228082,6.973694027438096
PatchTST__ETTm2__h192__s2021,PatchTST,ETTm2,192,11329,384,10945,3000,0.125,24,False,False,-0.2787726401197496,-0.404696481089629,-0.404696481089629,6.973694027438096
PatchTST__ETTm2__h192__s2021,PatchTST,ETTm2,192,11329,384,10945,3000,0.25,48,False,False,-0.2714056878534105,-0.39732027786317947,-0.39732027786317947,6.973694027438096
PatchTST__ETTm2__h192__s2021,PatchTST,ETTm2,192,11329,384,10945,3000,0.5,96,False,False,-0.10446713601477142,-0.23017209498199748,-0.23017209498199748,6.973694027438096
PatchTST__ETTm2__h192__s2021,PatchTST,ETTm2,192,11329,384,10945,3000,1.0,192,True,False,-0.3265557308987752,-0.45253957489986346,-0.45253957489986346,6.973694027438096
PatchTST__ETTm2__h192__s2021,PatchTST,ETTm2,192,11329,384,10945,3000,2.0,384,True,False,-0.5770061454774823,-0.7033044895202636,-0.7033044895202636,6.973694027438096
PatchTST__ETTm2__h192__s2021,PatchTST,ETTm2,192,11329,384,10945,1000000000,0.0,0,False,False,0.12450114635968672,-0.0009162884903431598,-0.0009162884903431598,6.973694027438096
PatchTST__ETTm2__h192__s2021,PatchTST,ETTm2,192,11329,384,10945,1000000000,0.125,24,False,False,0.02572365546226003,-0.09981781801257242,-0.09981781801257242,6.973694027438096
PatchTST__ETTm2__h192__s2021,PatchTST,ETTm2,192,11329,384,10945,1000000000,0.25,48,False,False,-0.07637058137461603,-0.20204025843735562,-0.20204025843735562,6.973694027438096
PatchTST__ETTm2__h192__s2021,PatchTST,ETTm2,192,11329,384,10945,1000000000,0.5,96,False,False,-0.16819226373175425,-0.29397724474788606,-0.29397724474788606,6.973694027438096
PatchTST__ETTm2__h192__s2021,PatchTST,ETTm2,192,11329,384,10945,1000000000,1.0,192,True,False,-0.13414255522286397,-0.2598847787344267,-0.2598847787344267,6.973694027438096
PatchTST__ETTm2__h192__s2021,PatchTST,ETTm2,192,11329,384,10945,1000000000,2.0,384,True,False,-0.31837398169190684,-0.44434755156160255,-0.44434755156160255,6.973694027438096
PatchTST__ETTm2__h336__s2021,PatchTST,ETTm2,336,11185,672,10513,50,0.0,0,False,False,2.990430549588792,3.2835884836758944,2.990430549588792,6.876952460453379
PatchTST__ETTm2__h336__s2021,PatchTST,ETTm2,336,11185,672,10513,50,0.125,42,False,False,-0.7248109310083493,-0.42042572807285455,-0.7248109310083493,6.876952460453379
PatchTST__ETTm2__h336__s2021,PatchTST,ETTm2,336,11185,672,10513,50,0.25,84,False,False,-0.9601021539280575,-0.6550059130072305,-0.9601021539280575,6.876952460453379
PatchTST__ETTm2__h336__s2021,PatchTST,ETTm2,336,11185,672,10513,50,0.5,168,False,False,-1.434130375763225,-1.1276016459137341,-1.434130375763225,6.876952460453379
PatchTST__ETTm2__h336__s2021,PatchTST,ETTm2,336,11185,672,10513,50,1.0,336,True,False,-1.5960793976229137,-1.2890612661510388,-1.5960793976229137,6.876952460453379
PatchTST__ETTm2__h336__s2021,PatchTST,ETTm2,336,11185,672,10513,50,2.0,672,True,False,-1.831852891354987,-1.5241222645001657,-1.831852891354987,6.876952460453379
PatchTST__ETTm2__h336__s2021,PatchTST,ETTm2,336,11185,672,10513,200,0.0,0,False,False,1.2905444843025138,1.5888393867310489,1.2905444843025138,6.876952460453379
PatchTST__ETTm2__h336__s2021,PatchTST,ETTm2,336,11185,672,10513,200,0.125,42,False,False,-1.0867400152255662,-0.7812610811951263,-1.0867400152255662,6.876952460453379
PatchTST__ETTm2__h336__s2021,PatchTST,ETTm2,336,11185,672,10513,200,0.25,84,False,False,-1.3046125592990472,-0.9984752256356976,-1.3046125592990472,6.876952460453379
PatchTST__ETTm2__h336__s2021,PatchTST,ETTm2,336,11185,672,10513,200,0.5,168,False,False,-1.831479367841024,-1.5237498697550687,-1.831479367841024,6.876952460453379
PatchTST__ETTm2__h336__s2021,PatchTST,ETTm2,336,11185,672,10513,200,1.0,336,True,False,-1.3501192204279677,-1.0438443679730254,-1.3501192204279677,6.876952460453379
PatchTST__ETTm2__h336__s2021,PatchTST,ETTm2,336,11185,672,10513,200,2.0,672,True,False,-1.3276673828877041,-1.021460378732131,-1.3276673828877041,6.876952460453379
PatchTST__ETTm2__h336__s2021,PatchTST,ETTm2,336,11185,672,10513,1000,0.0,0,False,False,0.0931916885307929,0.39510492958272814,0.0931916885307929,6.876952460453379
PatchTST__ETTm2__h336__s2021,PatchTST,ETTm2,336,11185,672,10513,1000,0.125,42,False,False,-0.9758285918347814,-0.670684826426696,-0.9758285918347814,6.876952460453379
PatchTST__ETTm2__h336__s2021,PatchTST,ETTm2,336,11185,672,10513,1000,0.25,84,False,False,-1.2904578984606347,-0.9843633394550081,-1.2904578984606347,6.876952460453379
PatchTST__ETTm2__h336__s2021,PatchTST,ETTm2,336,11185,672,10513,1000,0.5,168,False,False,-1.2634544752750083,-0.9574415192266901,-1.2634544752750083,6.876952460453379
PatchTST__ETTm2__h336__s2021,PatchTST,ETTm2,336,11185,672,10513,1000,1.0,336,True,False,-1.4988558444852202,-1.1921315175951397,-1.4988558444852202,6.876952460453379
PatchTST__ETTm2__h336__s2021,PatchTST,ETTm2,336,11185,672,10513,1000,2.0,672,True,False,-0.7382289039770333,-0.43380315261670355,-0.7382289039770333,6.876952460453379
PatchTST__ETTm2__h336__s2021,PatchTST,ETTm2,336,11185,672,10513,3000,0.0,0,False,False,-0.2973912255105871,0.005702337037658083,-0.2973912255105871,6.876952460453379
PatchTST__ETTm2__h336__s2021,PatchTST,ETTm2,336,11185,672,10513,3000,0.125,42,False,False,-0.5704032641903606,-0.266484673289823,-0.5704032641903606,6.876952460453379
PatchTST__ETTm2__h336__s2021,PatchTST,ETTm2,336,11185,672,10513,3000,0.25,84,False,False,-0.7072763823766818,-0.4029441679461473,-0.7072763823766818,6.876952460453379
PatchTST__ETTm2__h336__s2021,PatchTST,ETTm2,336,11185,672,10513,3000,0.5,168,False,False,-0.9315841199986062,-0.626574059110928,-0.9315841199986062,6.876952460453379
PatchTST__ETTm2__h336__s2021,PatchTST,ETTm2,336,11185,672,10513,3000,1.0,336,True,False,-0.9760304952195519,-0.6708861196698125,-0.9760304952195519,6.876952460453379
PatchTST__ETTm2__h336__s2021,PatchTST,ETTm2,336,11185,672,10513,3000,2.0,672,True,False,-1.1635811870642516,-0.8578700429609634,-1.1635811870642516,6.876952460453379
PatchTST__ETTm2__h336__s2021,PatchTST,ETTm2,336,11185,672,10513,1000000000,0.0,0,False,False,-0.04357940359935146,0.2587471526650815,-0.04357940359935146,6.876952460453379
PatchTST__ETTm2__h336__s2021,PatchTST,ETTm2,336,11185,672,10513,1000000000,0.125,42,False,False,-0.1851049788185727,0.11764926046194625,-0.1851049788185727,6.876952460453379
PatchTST__ETTm2__h336__s2021,PatchTST,ETTm2,336,11185,672,10513,1000000000,0.25,84,False,False,-0.18306423214840167,0.11968384010054288,-0.18306423214840167,6.876952460453379
PatchTST__ETTm2__h336__s2021,PatchTST,ETTm2,336,11185,672,10513,1000000000,0.5,168,False,False,-0.2273984859259989,0.07548356215976634,-0.2273984859259989,6.876952460453379
PatchTST__ETTm2__h336__s2021,PatchTST,ETTm2,336,11185,672,10513,1000000000,1.0,336,True,False,-0.47001000469402854,-0.16639479706502747,-0.47001000469402854,6.876952460453379
PatchTST__ETTm2__h336__s2021,PatchTST,ETTm2,336,11185,672,10513,1000000000,2.0,672,True,False,-0.7615305204123057,-0.4570343527644514,-0.7615305204123057,6.876952460453379
PatchTST__ETTm2__h720__s2021,PatchTST,ETTm2,720,10801,1440,9361,50,0.0,0,False,False,2.8125912293299433,2.8125912293299433,2.8125912293299433,6.4237120522422675
PatchTST__ETTm2__h720__s2021,PatchTST,ETTm2,720,10801,1440,9361,50,0.125,90,False,False,-0.6064777459225096,-0.6064777459225096,-0.6064777459225096,6.4237120522422675
PatchTST__ETTm2__h720__s2021,PatchTST,ETTm2,720,10801,1440,9361,50,0.25,180,False,False,-0.8991087428594405,-0.8991087428594405,-0.8991087428594405,6.4237120522422675
PatchTST__ETTm2__h720__s2021,PatchTST,ETTm2,720,10801,1440,9361,50,0.5,360,False,False,-1.0130941935885702,-1.0130941935885702,-1.0130941935885702,6.4237120522422675
PatchTST__ETTm2__h720__s2021,PatchTST,ETTm2,720,10801,1440,9361,50,1.0,720,True,False,-1.3631846189763068,-1.3631846189763068,-1.3631846189763068,6.4237120522422675
PatchTST__ETTm2__h720__s2021,PatchTST,ETTm2,720,10801,1440,9361,50,2.0,1440,True,False,-2.3393177120345925,-2.3393177120345925,-2.3393177120345925,6.4237120522422675
PatchTST__ETTm2__h720__s2021,PatchTST,ETTm2,720,10801,1440,9361,200,0.0,0,False,False,1.7245156332847986,1.7245156332847986,1.7245156332847986,6.4237120522422675
PatchTST__ETTm2__h720__s2021,PatchTST,ETTm2,720,10801,1440,9361,200,0.125,90,False,False,-0.23541385920320373,-0.23541385920320373,-0.23541385920320373,6.4237120522422675
PatchTST__ETTm2__h720__s2021,PatchTST,ETTm2,720,10801,1440,9361,200,0.25,180,False,False,-0.42633637026298093,-0.42633637026298093,-0.42633637026298093,6.4237120522422675
PatchTST__ETTm2__h720__s2021,PatchTST,ETTm2,720,10801,1440,9361,200,0.5,360,False,False,-1.2332931782713779,-1.2332931782713779,-1.2332931782713779,6.4237120522422675
PatchTST__ETTm2__h720__s2021,PatchTST,ETTm2,720,10801,1440,9361,200,1.0,720,True,False,-1.7310974818444962,-1.7310974818444962,-1.7310974818444962,6.4237120522422675
PatchTST__ETTm2__h720__s2021,PatchTST,ETTm2,720,10801,1440,9361,200,2.0,1440,True,False,-1.9685110809752802,-1.9685110809752802,-1.9685110809752802,6.4237120522422675
PatchTST__ETTm2__h720__s2021,PatchTST,ETTm2,720,10801,1440,9361,1000,0.0,0,False,False,0.21136791813019945,0.21136791813019945,0.21136791813019945,6.4237120522422675
PatchTST__ETTm2__h720__s2021,PatchTST,ETTm2,720,10801,1440,9361,1000,0.125,90,False,False,-0.3441406186793826,-0.3441406186793826,-0.3441406186793826,6.4237120522422675
PatchTST__ETTm2__h720__s2021,PatchTST,ETTm2,720,10801,1440,9361,1000,0.25,180,False,False,-0.5675389209923972,-0.5675389209923972,-0.5675389209923972,6.4237120522422675
PatchTST__ETTm2__h720__s2021,PatchTST,ETTm2,720,10801,1440,9361,1000,0.5,360,False,False,-0.7299007494681772,-0.7299007494681772,-0.7299007494681772,6.4237120522422675
PatchTST__ETTm2__h720__s2021,PatchTST,ETTm2,720,10801,1440,9361,1000,1.0,720,True,False,-0.9250628182303394,-0.9250628182303394,-0.9250628182303394,6.4237120522422675
PatchTST__ETTm2__h720__s2021,PatchTST,ETTm2,720,10801,1440,9361,1000,2.0,1440,True,False,-2.1853289562868534,-2.1853289562868534,-2.1853289562868534,6.4237120522422675
PatchTST__ETTm2__h720__s2021,PatchTST,ETTm2,720,10801,1440,9361,3000,0.0,0,False,False,-0.288036645945762,-0.288036645945762,-0.288036645945762,6.4237120522422675
PatchTST__ETTm2__h720__s2021,PatchTST,ETTm2,720,10801,1440,9361,3000,0.125,90,False,False,-0.553137696915045,-0.553137696915045,-0.553137696915045,6.4237120522422675
PatchTST__ETTm2__h720__s2021,PatchTST,ETTm2,720,10801,1440,9361,3000,0.25,180,False,False,-0.7594954617205109,-0.7594954617205109,-0.7594954617205109,6.4237120522422675
PatchTST__ETTm2__h720__s2021,PatchTST,ETTm2,720,10801,1440,9361,3000,0.5,360,False,False,-0.7067660558020555,-0.7067660558020555,-0.7067660558020555,6.4237120522422675
PatchTST__ETTm2__h720__s2021,PatchTST,ETTm2,720,10801,1440,9361,3000,1.0,720,True,False,-1.361863570414829,-1.361863570414829,-1.361863570414829,6.4237120522422675
PatchTST__ETTm2__h720__s2021,PatchTST,ETTm2,720,10801,1440,9361,3000,2.0,1440,True,False,-1.2551182068399747,-1.2551182068399747,-1.2551182068399747,6.4237120522422675
PatchTST__ETTm2__h720__s2021,PatchTST,ETTm2,720,10801,1440,9361,1000000000,0.0,0,False,False,-0.06038585673910449,-0.06038585673910449,-0.06038585673910449,6.4237120522422675
PatchTST__ETTm2__h720__s2021,PatchTST,ETTm2,720,10801,1440,9361,1000000000,0.125,90,False,False,-0.26393896247563076,-0.26393896247563076,-0.26393896247563076,6.4237120522422675
PatchTST__ETTm2__h720__s2021,PatchTST,ETTm2,720,10801,1440,9361,1000000000,0.25,180,False,False,-0.3772686254412249,-0.3772686254412249,-0.3772686254412249,6.4237120522422675
PatchTST__ETTm2__h720__s2021,PatchTST,ETTm2,720,10801,1440,9361,1000000000,0.5,360,False,False,-0.7647418188180277,-0.7647418188180277,-0.7647418188180277,6.4237120522422675
PatchTST__ETTm2__h720__s2021,PatchTST,ETTm2,720,10801,1440,9361,1000000000,1.0,720,True,False,-1.0154568119840752,-1.0154568119840752,-1.0154568119840752,6.4237120522422675
PatchTST__ETTm2__h720__s2021,PatchTST,ETTm2,720,10801,1440,9361,1000000000,2.0,1440,True,False,-1.2868798075045658,-1.2868798075045658,-1.2868798075045658,6.4237120522422675
PatchTST__Electricity__h96__s2021,PatchTST,Electricity,96,5165,192,4973,50,0.0,0,False,False,0.024951528649831037,0.024951528649831037,0.024951528649831037,0.25082293984178444
PatchTST__Electricity__h96__s2021,PatchTST,Electricity,96,5165,192,4973,50,0.125,12,False,False,-0.047856288690917556,-0.047856288690917556,-0.047856288690917556,0.25082293984178444
PatchTST__Electricity__h96__s2021,PatchTST,Electricity,96,5165,192,4973,50,0.25,24,False,False,-0.12246991542150877,-0.12246991542150877,-0.12246991542150877,0.25082293984178444
PatchTST__Electricity__h96__s2021,PatchTST,Electricity,96,5165,192,4973,50,0.5,48,False,False,-0.23907136915170665,-0.23907136915170665,-0.23907136915170665,0.25082293984178444
PatchTST__Electricity__h96__s2021,PatchTST,Electricity,96,5165,192,4973,50,1.0,96,True,False,-0.11892227728618494,-0.11892227728618494,-0.11892227728618494,0.25082293984178444
PatchTST__Electricity__h96__s2021,PatchTST,Electricity,96,5165,192,4973,50,2.0,192,True,False,-0.014247457195457232,-0.014247457195457232,-0.014247457195457232,0.25082293984178444
PatchTST__Electricity__h96__s2021,PatchTST,Electricity,96,5165,192,4973,200,0.0,0,False,False,0.0,0.0,0.0,0.25082293984178444
PatchTST__Electricity__h96__s2021,PatchTST,Electricity,96,5165,192,4973,200,0.125,12,False,False,0.0,0.0,0.0,0.25082293984178444
PatchTST__Electricity__h96__s2021,PatchTST,Electricity,96,5165,192,4973,200,0.25,24,False,False,0.0,0.0,0.0,0.25082293984178444
PatchTST__Electricity__h96__s2021,PatchTST,Electricity,96,5165,192,4973,200,0.5,48,False,False,0.0,0.0,0.0,0.25082293984178444
PatchTST__Electricity__h96__s2021,PatchTST,Electricity,96,5165,192,4973,200,1.0,96,True,False,0.0,0.0,0.0,0.25082293984178444
PatchTST__Electricity__h96__s2021,PatchTST,Electricity,96,5165,192,4973,200,2.0,192,True,False,0.0,0.0,0.0,0.25082293984178444
PatchTST__Electricity__h96__s2021,PatchTST,Electricity,96,5165,192,4973,1000,0.0,0,False,False,0.0,0.0,0.0,0.25082293984178444
PatchTST__Electricity__h96__s2021,PatchTST,Electricity,96,5165,192,4973,1000,0.125,12,False,False,0.0,0.0,0.0,0.25082293984178444
PatchTST__Electricity__h96__s2021,PatchTST,Electricity,96,5165,192,4973,1000,0.25,24,False,False,0.0,0.0,0.0,0.25082293984178444
PatchTST__Electricity__h96__s2021,PatchTST,Electricity,96,5165,192,4973,1000,0.5,48,False,False,0.0,0.0,0.0,0.25082293984178444
PatchTST__Electricity__h96__s2021,PatchTST,Electricity,96,5165,192,4973,1000,1.0,96,True,False,0.0,0.0,0.0,0.25082293984178444
PatchTST__Electricity__h96__s2021,PatchTST,Electricity,96,5165,192,4973,1000,2.0,192,True,False,0.0,0.0,0.0,0.25082293984178444
PatchTST__Electricity__h96__s2021,PatchTST,Electricity,96,5165,192,4973,3000,0.0,0,False,False,0.0,0.0,0.0,0.25082293984178444
PatchTST__Electricity__h96__s2021,PatchTST,Electricity,96,5165,192,4973,3000,0.125,12,False,False,0.0,0.0,0.0,0.25082293984178444
PatchTST__Electricity__h96__s2021,PatchTST,Electricity,96,5165,192,4973,3000,0.25,24,False,False,0.0,0.0,0.0,0.25082293984178444
PatchTST__Electricity__h96__s2021,PatchTST,Electricity,96,5165,192,4973,3000,0.5,48,False,False,0.0,0.0,0.0,0.25082293984178444
PatchTST__Electricity__h96__s2021,PatchTST,Electricity,96,5165,192,4973,3000,1.0,96,True,False,0.0,0.0,0.0,0.25082293984178444
PatchTST__Electricity__h96__s2021,PatchTST,Electricity,96,5165,192,4973,3000,2.0,192,True,False,0.0,0.0,0.0,0.25082293984178444
PatchTST__Electricity__h96__s2021,PatchTST,Electricity,96,5165,192,4973,1000000000,0.0,0,False,False,0.0,0.0,0.0,0.25082293984178444
PatchTST__Electricity__h96__s2021,PatchTST,Electricity,96,5165,192,4973,1000000000,0.125,12,False,False,0.0,0.0,0.0,0.25082293984178444
PatchTST__Electricity__h96__s2021,PatchTST,Electricity,96,5165,192,4973,1000000000,0.25,24,False,False,0.0,0.0,0.0,0.25082293984178444
PatchTST__Electricity__h96__s2021,PatchTST,Electricity,96,5165,192,4973,1000000000,0.5,48,False,False,0.0,0.0,0.0,0.25082293984178444
PatchTST__Electricity__h96__s2021,PatchTST,Electricity,96,5165,192,4973,1000000000,1.0,96,True,False,0.0,0.0,0.0,0.25082293984178444
PatchTST__Electricity__h96__s2021,PatchTST,Electricity,96,5165,192,4973,1000000000,2.0,192,True,False,0.0,0.0,0.0,0.25082293984178444
PatchTST__Electricity__h192__s2021,PatchTST,Electricity,192,5069,384,4685,50,0.0,0,False,False,-0.03446910414190861,-0.03446910414190861,-0.03446910414190861,0.13331565621846206
PatchTST__Electricity__h192__s2021,PatchTST,Electricity,192,5069,384,4685,50,0.125,24,False,False,-0.2310329577929719,-0.2310329577929719,-0.2310329577929719,0.13331565621846206
PatchTST__Electricity__h192__s2021,PatchTST,Electricity,192,5069,384,4685,50,0.25,48,False,False,-0.18122409500638664,-0.18122409500638664,-0.18122409500638664,0.13331565621846206
PatchTST__Electricity__h192__s2021,PatchTST,Electricity,192,5069,384,4685,50,0.5,96,False,False,-0.1776892997572165,-0.1776892997572165,-0.1776892997572165,0.13331565621846206
PatchTST__Electricity__h192__s2021,PatchTST,Electricity,192,5069,384,4685,50,1.0,192,True,False,-0.26616477636693153,-0.26616477636693153,-0.26616477636693153,0.13331565621846206
PatchTST__Electricity__h192__s2021,PatchTST,Electricity,192,5069,384,4685,50,2.0,384,True,False,-0.17020076399415732,-0.17020076399415732,-0.17020076399415732,0.13331565621846206
PatchTST__Electricity__h192__s2021,PatchTST,Electricity,192,5069,384,4685,200,0.0,0,False,False,0.0,0.0,0.0,0.13331565621846206
PatchTST__Electricity__h192__s2021,PatchTST,Electricity,192,5069,384,4685,200,0.125,24,False,False,0.0,0.0,0.0,0.13331565621846206
PatchTST__Electricity__h192__s2021,PatchTST,Electricity,192,5069,384,4685,200,0.25,48,False,False,0.0,0.0,0.0,0.13331565621846206
PatchTST__Electricity__h192__s2021,PatchTST,Electricity,192,5069,384,4685,200,0.5,96,False,False,0.0,0.0,0.0,0.13331565621846206
PatchTST__Electricity__h192__s2021,PatchTST,Electricity,192,5069,384,4685,200,1.0,192,True,False,0.0,0.0,0.0,0.13331565621846206
PatchTST__Electricity__h192__s2021,PatchTST,Electricity,192,5069,384,4685,200,2.0,384,True,False,0.0,0.0,0.0,0.13331565621846206
PatchTST__Electricity__h192__s2021,PatchTST,Electricity,192,5069,384,4685,1000,0.0,0,False,False,0.0,0.0,0.0,0.13331565621846206
PatchTST__Electricity__h192__s2021,PatchTST,Electricity,192,5069,384,4685,1000,0.125,24,False,False,0.0,0.0,0.0,0.13331565621846206
PatchTST__Electricity__h192__s2021,PatchTST,Electricity,192,5069,384,4685,1000,0.25,48,False,False,0.0,0.0,0.0,0.13331565621846206
PatchTST__Electricity__h192__s2021,PatchTST,Electricity,192,5069,384,4685,1000,0.5,96,False,False,0.0,0.0,0.0,0.13331565621846206
PatchTST__Electricity__h192__s2021,PatchTST,Electricity,192,5069,384,4685,1000,1.0,192,True,False,0.0,0.0,0.0,0.13331565621846206
PatchTST__Electricity__h192__s2021,PatchTST,Electricity,192,5069,384,4685,1000,2.0,384,True,False,0.0,0.0,0.0,0.13331565621846206
PatchTST__Electricity__h192__s2021,PatchTST,Electricity,192,5069,384,4685,3000,0.0,0,False,False,0.0,0.0,0.0,0.13331565621846206
PatchTST__Electricity__h192__s2021,PatchTST,Electricity,192,5069,384,4685,3000,0.125,24,False,False,0.0,0.0,0.0,0.13331565621846206
PatchTST__Electricity__h192__s2021,PatchTST,Electricity,192,5069,384,4685,3000,0.25,48,False,False,0.0,0.0,0.0,0.13331565621846206
PatchTST__Electricity__h192__s2021,PatchTST,Electricity,192,5069,384,4685,3000,0.5,96,False,False,0.0,0.0,0.0,0.13331565621846206
PatchTST__Electricity__h192__s2021,PatchTST,Electricity,192,5069,384,4685,3000,1.0,192,True,False,0.0,0.0,0.0,0.13331565621846206
PatchTST__Electricity__h192__s2021,PatchTST,Electricity,192,5069,384,4685,3000,2.0,384,True,False,0.0,0.0,0.0,0.13331565621846206
PatchTST__Electricity__h192__s2021,PatchTST,Electricity,192,5069,384,4685,1000000000,0.0,0,False,False,0.0,0.0,0.0,0.13331565621846206
PatchTST__Electricity__h192__s2021,PatchTST,Electricity,192,5069,384,4685,1000000000,0.125,24,False,False,0.0,0.0,0.0,0.13331565621846206
PatchTST__Electricity__h192__s2021,PatchTST,Electricity,192,5069,384,4685,1000000000,0.25,48,False,False,0.0,0.0,0.0,0.13331565621846206
PatchTST__Electricity__h192__s2021,PatchTST,Electricity,192,5069,384,4685,1000000000,0.5,96,False,False,0.0,0.0,0.0,0.13331565621846206
PatchTST__Electricity__h192__s2021,PatchTST,Electricity,192,5069,384,4685,1000000000,1.0,192,True,False,0.0,0.0,0.0,0.13331565621846206
PatchTST__Electricity__h192__s2021,PatchTST,Electricity,192,5069,384,4685,1000000000,2.0,384,True,False,0.0,0.0,0.0,0.13331565621846206
PatchTST__Electricity__h336__s2021,PatchTST,Electricity,336,4925,672,4253,50,0.0,0,False,False,-0.010685506126546401,-0.010685506126546401,-0.010685506126546401,0.07206233622668376
PatchTST__Electricity__h336__s2021,PatchTST,Electricity,336,4925,672,4253,50,0.125,42,False,False,-0.06885765533716445,-0.06885765533716445,-0.06885765533716445,0.07206233622668376
PatchTST__Electricity__h336__s2021,PatchTST,Electricity,336,4925,672,4253,50,0.25,84,False,False,-0.12713584119021412,-0.12713584119021412,-0.12713584119021412,0.07206233622668376
PatchTST__Electricity__h336__s2021,PatchTST,Electricity,336,4925,672,4253,50,0.5,168,False,False,-0.11453963449235693,-0.11453963449235693,-0.11453963449235693,0.07206233622668376
PatchTST__Electricity__h336__s2021,PatchTST,Electricity,336,4925,672,4253,50,1.0,336,True,False,-0.1099617418749025,-0.1099617418749025,-0.1099617418749025,0.07206233622668376
PatchTST__Electricity__h336__s2021,PatchTST,Electricity,336,4925,672,4253,50,2.0,672,True,False,-0.10152282569061458,-0.10152282569061458,-0.10152282569061458,0.07206233622668376
PatchTST__Electricity__h336__s2021,PatchTST,Electricity,336,4925,672,4253,200,0.0,0,False,False,-0.003013843322461727,-0.003013843322461727,-0.003013843322461727,0.07206233622668376
PatchTST__Electricity__h336__s2021,PatchTST,Electricity,336,4925,672,4253,200,0.125,42,False,False,-0.014449315579122757,-0.014449315579122757,-0.014449315579122757,0.07206233622668376
PatchTST__Electricity__h336__s2021,PatchTST,Electricity,336,4925,672,4253,200,0.25,84,False,False,-0.02639419392688448,-0.02639419392688448,-0.02639419392688448,0.07206233622668376
PatchTST__Electricity__h336__s2021,PatchTST,Electricity,336,4925,672,4253,200,0.5,168,False,False,-0.037923151889331305,-0.037923151889331305,-0.037923151889331305,0.07206233622668376
PatchTST__Electricity__h336__s2021,PatchTST,Electricity,336,4925,672,4253,200,1.0,336,True,False,-0.05328889666374368,-0.05328889666374368,-0.05328889666374368,0.07206233622668376
PatchTST__Electricity__h336__s2021,PatchTST,Electricity,336,4925,672,4253,200,2.0,672,True,False,-0.03365711346897221,-0.03365711346897221,-0.03365711346897221,0.07206233622668376
PatchTST__Electricity__h336__s2021,PatchTST,Electricity,336,4925,672,4253,1000,0.0,0,False,False,0.0,0.0,0.0,0.07206233622668376
PatchTST__Electricity__h336__s2021,PatchTST,Electricity,336,4925,672,4253,1000,0.125,42,False,False,0.0,0.0,0.0,0.07206233622668376
PatchTST__Electricity__h336__s2021,PatchTST,Electricity,336,4925,672,4253,1000,0.25,84,False,False,0.0,0.0,0.0,0.07206233622668376
PatchTST__Electricity__h336__s2021,PatchTST,Electricity,336,4925,672,4253,1000,0.5,168,False,False,0.0,0.0,0.0,0.07206233622668376
PatchTST__Electricity__h336__s2021,PatchTST,Electricity,336,4925,672,4253,1000,1.0,336,True,False,0.0,0.0,0.0,0.07206233622668376
PatchTST__Electricity__h336__s2021,PatchTST,Electricity,336,4925,672,4253,1000,2.0,672,True,False,0.0,0.0,0.0,0.07206233622668376
PatchTST__Electricity__h336__s2021,PatchTST,Electricity,336,4925,672,4253,3000,0.0,0,False,False,0.0,0.0,0.0,0.07206233622668376
PatchTST__Electricity__h336__s2021,PatchTST,Electricity,336,4925,672,4253,3000,0.125,42,False,False,0.0,0.0,0.0,0.07206233622668376
PatchTST__Electricity__h336__s2021,PatchTST,Electricity,336,4925,672,4253,3000,0.25,84,False,False,0.0,0.0,0.0,0.07206233622668376
PatchTST__Electricity__h336__s2021,PatchTST,Electricity,336,4925,672,4253,3000,0.5,168,False,False,0.0,0.0,0.0,0.07206233622668376
PatchTST__Electricity__h336__s2021,PatchTST,Electricity,336,4925,672,4253,3000,1.0,336,True,False,0.0,0.0,0.0,0.07206233622668376
PatchTST__Electricity__h336__s2021,PatchTST,Electricity,336,4925,672,4253,3000,2.0,672,True,False,0.0,0.0,0.0,0.07206233622668376
PatchTST__Electricity__h336__s2021,PatchTST,Electricity,336,4925,672,4253,1000000000,0.0,0,False,False,0.0,0.0,0.0,0.07206233622668376
PatchTST__Electricity__h336__s2021,PatchTST,Electricity,336,4925,672,4253,1000000000,0.125,42,False,False,0.0,0.0,0.0,0.07206233622668376
PatchTST__Electricity__h336__s2021,PatchTST,Electricity,336,4925,672,4253,1000000000,0.25,84,False,False,0.0,0.0,0.0,0.07206233622668376
PatchTST__Electricity__h336__s2021,PatchTST,Electricity,336,4925,672,4253,1000000000,0.5,168,False,False,0.0,0.0,0.0,0.07206233622668376
PatchTST__Electricity__h336__s2021,PatchTST,Electricity,336,4925,672,4253,1000000000,1.0,336,True,False,0.0,0.0,0.0,0.07206233622668376
PatchTST__Electricity__h336__s2021,PatchTST,Electricity,336,4925,672,4253,1000000000,2.0,672,True,False,0.0,0.0,0.0,0.07206233622668376
PatchTST__Electricity__h720__s2021,PatchTST,Electricity,720,4541,1440,3101,50,0.0,0,False,False,0.0,0.0,0.0,0.029432721509048933
PatchTST__Electricity__h720__s2021,PatchTST,Electricity,720,4541,1440,3101,50,0.125,90,False,False,0.0,0.0,0.0,0.029432721509048933
PatchTST__Electricity__h720__s2021,PatchTST,Electricity,720,4541,1440,3101,50,0.25,180,False,False,0.0,0.0,0.0,0.029432721509048933
PatchTST__Electricity__h720__s2021,PatchTST,Electricity,720,4541,1440,3101,50,0.5,360,False,False,-0.08033460897500445,-0.08033460897500445,-0.08033460897500445,0.029432721509048933
PatchTST__Electricity__h720__s2021,PatchTST,Electricity,720,4541,1440,3101,50,1.0,720,True,False,-0.04963721554735222,-0.04963721554735222,-0.04963721554735222,0.029432721509048933
PatchTST__Electricity__h720__s2021,PatchTST,Electricity,720,4541,1440,3101,50,2.0,1440,True,False,-0.2023607183035867,-0.2023607183035867,-0.2023607183035867,0.029432721509048933
PatchTST__Electricity__h720__s2021,PatchTST,Electricity,720,4541,1440,3101,200,0.0,0,False,False,0.0,0.0,0.0,0.029432721509048933
PatchTST__Electricity__h720__s2021,PatchTST,Electricity,720,4541,1440,3101,200,0.125,90,False,False,0.0,0.0,0.0,0.029432721509048933
PatchTST__Electricity__h720__s2021,PatchTST,Electricity,720,4541,1440,3101,200,0.25,180,False,False,0.0,0.0,0.0,0.029432721509048933
PatchTST__Electricity__h720__s2021,PatchTST,Electricity,720,4541,1440,3101,200,0.5,360,False,False,0.0,0.0,0.0,0.029432721509048933
PatchTST__Electricity__h720__s2021,PatchTST,Electricity,720,4541,1440,3101,200,1.0,720,True,False,0.0,0.0,0.0,0.029432721509048933
PatchTST__Electricity__h720__s2021,PatchTST,Electricity,720,4541,1440,3101,200,2.0,1440,True,False,0.0,0.0,0.0,0.029432721509048933
PatchTST__Electricity__h720__s2021,PatchTST,Electricity,720,4541,1440,3101,1000,0.0,0,False,False,0.0,0.0,0.0,0.029432721509048933
PatchTST__Electricity__h720__s2021,PatchTST,Electricity,720,4541,1440,3101,1000,0.125,90,False,False,0.0,0.0,0.0,0.029432721509048933
PatchTST__Electricity__h720__s2021,PatchTST,Electricity,720,4541,1440,3101,1000,0.25,180,False,False,0.0,0.0,0.0,0.029432721509048933
PatchTST__Electricity__h720__s2021,PatchTST,Electricity,720,4541,1440,3101,1000,0.5,360,False,False,0.0,0.0,0.0,0.029432721509048933
PatchTST__Electricity__h720__s2021,PatchTST,Electricity,720,4541,1440,3101,1000,1.0,720,True,False,0.0,0.0,0.0,0.029432721509048933
PatchTST__Electricity__h720__s2021,PatchTST,Electricity,720,4541,1440,3101,1000,2.0,1440,True,False,0.0,0.0,0.0,0.029432721509048933
PatchTST__Electricity__h720__s2021,PatchTST,Electricity,720,4541,1440,3101,3000,0.0,0,False,False,0.0,0.0,0.0,0.029432721509048933
PatchTST__Electricity__h720__s2021,PatchTST,Electricity,720,4541,1440,3101,3000,0.125,90,False,False,0.0,0.0,0.0,0.029432721509048933
PatchTST__Electricity__h720__s2021,PatchTST,Electricity,720,4541,1440,3101,3000,0.25,180,False,False,0.0,0.0,0.0,0.029432721509048933
PatchTST__Electricity__h720__s2021,PatchTST,Electricity,720,4541,1440,3101,3000,0.5,360,False,False,0.0,0.0,0.0,0.029432721509048933
PatchTST__Electricity__h720__s2021,PatchTST,Electricity,720,4541,1440,3101,3000,1.0,720,True,False,0.0,0.0,0.0,0.029432721509048933
PatchTST__Electricity__h720__s2021,PatchTST,Electricity,720,4541,1440,3101,3000,2.0,1440,True,False,0.0,0.0,0.0,0.029432721509048933
PatchTST__Electricity__h720__s2021,PatchTST,Electricity,720,4541,1440,3101,1000000000,0.0,0,False,False,0.0,0.0,0.0,0.029432721509048933
PatchTST__Electricity__h720__s2021,PatchTST,Electricity,720,4541,1440,3101,1000000000,0.125,90,False,False,0.0,0.0,0.0,0.029432721509048933
PatchTST__Electricity__h720__s2021,PatchTST,Electricity,720,4541,1440,3101,1000000000,0.25,180,False,False,0.0,0.0,0.0,0.029432721509048933
PatchTST__Electricity__h720__s2021,PatchTST,Electricity,720,4541,1440,3101,1000000000,0.5,360,False,False,0.0,0.0,0.0,0.029432721509048933
PatchTST__Electricity__h720__s2021,PatchTST,Electricity,720,4541,1440,3101,1000000000,1.0,720,True,False,0.0,0.0,0.0,0.029432721509048933
PatchTST__Electricity__h720__s2021,PatchTST,Electricity,720,4541,1440,3101,1000000000,2.0,1440,True,False,0.0,0.0,0.0,0.029432721509048933
PatchTST__Exchange__h96__s2021,PatchTST,Exchange,96,1422,192,1230,50,0.0,0,False,False,4.550577435870825,7.676931243221941,4.550577435870825,14.439342073229072
PatchTST__Exchange__h96__s2021,PatchTST,Exchange,96,1422,192,1230,50,0.125,12,False,False,-1.657721478104734,1.671979174365752,-1.657721478104734,14.439342073229072
PatchTST__Exchange__h96__s2021,PatchTST,Exchange,96,1422,192,1230,50,0.25,24,False,False,-7.609623889341432,-4.08497441199094,-7.609623889341432,14.439342073229072
PatchTST__Exchange__h96__s2021,PatchTST,Exchange,96,1422,192,1230,50,0.5,48,False,False,-13.395110931234745,-9.680963403975662,-13.395110931234745,14.439342073229072
PatchTST__Exchange__h96__s2021,PatchTST,Exchange,96,1422,192,1230,50,1.0,96,True,False,-10.522925781315768,-6.9028539093895755,-10.522925781315768,14.439342073229072
PatchTST__Exchange__h96__s2021,PatchTST,Exchange,96,1422,192,1230,50,2.0,192,True,False,-2.7761330668145208,0.5902000789138392,-2.7761330668145208,14.439342073229072
PatchTST__Exchange__h96__s2021,PatchTST,Exchange,96,1422,192,1230,200,0.0,0,False,False,1.537044287066362,4.762103467171449,1.537044287066362,14.439342073229072
PatchTST__Exchange__h96__s2021,PatchTST,Exchange,96,1422,192,1230,200,0.125,12,False,False,-3.2907404879520494,0.09244812769058393,-3.2907404879520494,14.439342073229072
PatchTST__Exchange__h96__s2021,PatchTST,Exchange,96,1422,192,1230,200,0.25,24,False,False,-5.692024304607814,-2.2301839527780025,-5.692024304607814,14.439342073229072
PatchTST__Exchange__h96__s2021,PatchTST,Exchange,96,1422,192,1230,200,0.5,48,False,False,-6.68920291957902,-3.194700943657877,-6.68920291957902,14.439342073229072
PatchTST__Exchange__h96__s2021,PatchTST,Exchange,96,1422,192,1230,200,1.0,96,True,False,-1.5079889450040442,1.8168073627111954,-1.5079889450040442,14.439342073229072
PatchTST__Exchange__h96__s2021,PatchTST,Exchange,96,1422,192,1230,200,2.0,192,True,False,-4.443086631812246,-1.0221540292762061,-4.443086631812246,14.439342073229072
PatchTST__Exchange__h96__s2021,PatchTST,Exchange,96,1422,192,1230,1000,0.0,0,False,False,0.08238630512176447,3.355091404899028,0.08238630512176447,14.439342073229072
PatchTST__Exchange__h96__s2021,PatchTST,Exchange,96,1422,192,1230,1000,0.125,12,False,False,-0.37384174813296744,2.913806661650755,-0.37384174813296744,14.439342073229072
PatchTST__Exchange__h96__s2021,PatchTST,Exchange,96,1422,192,1230,1000,0.25,24,False,False,-0.05002631496140995,3.2270158325194185,-0.05002631496140995,14.439342073229072
PatchTST__Exchange__h96__s2021,PatchTST,Exchange,96,1422,192,1230,1000,0.5,48,False,False,-0.5242073273947494,2.768366161960867,-0.5242073273947494,14.439342073229072
PatchTST__Exchange__h96__s2021,PatchTST,Exchange,96,1422,192,1230,1000,1.0,96,True,False,-0.19556913605889303,3.086240126200079,-0.19556913605889303,14.439342073229072
PatchTST__Exchange__h96__s2021,PatchTST,Exchange,96,1422,192,1230,1000,2.0,192,True,False,-0.2502345595269079,3.0333652159714175,-0.2502345595269079,14.439342073229072
PatchTST__Exchange__h96__s2021,PatchTST,Exchange,96,1422,192,1230,3000,0.0,0,False,False,0.0,3.2754035837677558,0.0,14.439342073229072
PatchTST__Exchange__h96__s2021,PatchTST,Exchange,96,1422,192,1230,3000,0.125,12,False,False,0.0,3.2754035837677558,0.0,14.439342073229072
PatchTST__Exchange__h96__s2021,PatchTST,Exchange,96,1422,192,1230,3000,0.25,24,False,False,0.0,3.2754035837677558,0.0,14.439342073229072
PatchTST__Exchange__h96__s2021,PatchTST,Exchange,96,1422,192,1230,3000,0.5,48,False,False,0.0,3.2754035837677558,0.0,14.439342073229072
PatchTST__Exchange__h96__s2021,PatchTST,Exchange,96,1422,192,1230,3000,1.0,96,True,False,0.0,3.2754035837677558,0.0,14.439342073229072
PatchTST__Exchange__h96__s2021,PatchTST,Exchange,96,1422,192,1230,3000,2.0,192,True,False,-0.0620361125660433,3.2153994042559306,-0.0620361125660433,14.439342073229072
PatchTST__Exchange__h96__s2021,PatchTST,Exchange,96,1422,192,1230,1000000000,0.0,0,False,False,0.0,3.2754035837677558,0.0,14.439342073229072
PatchTST__Exchange__h96__s2021,PatchTST,Exchange,96,1422,192,1230,1000000000,0.125,12,False,False,0.0,3.2754035837677558,0.0,14.439342073229072
PatchTST__Exchange__h96__s2021,PatchTST,Exchange,96,1422,192,1230,1000000000,0.25,24,False,False,0.0,3.2754035837677558,0.0,14.439342073229072
PatchTST__Exchange__h96__s2021,PatchTST,Exchange,96,1422,192,1230,1000000000,0.5,48,False,False,0.0,3.2754035837677558,0.0,14.439342073229072
PatchTST__Exchange__h96__s2021,PatchTST,Exchange,96,1422,192,1230,1000000000,1.0,96,True,False,0.0,3.2754035837677558,0.0,14.439342073229072
PatchTST__Exchange__h96__s2021,PatchTST,Exchange,96,1422,192,1230,1000000000,2.0,192,True,False,-0.0620361125660433,3.2153994042559306,-0.0620361125660433,14.439342073229072
PatchTST__Exchange__h192__s2021,PatchTST,Exchange,192,1326,384,942,50,0.0,0,False,False,5.47437674161545,5.9029807713296245,5.385751597097471,10.72194303417808
PatchTST__Exchange__h192__s2021,PatchTST,Exchange,192,1326,384,942,50,0.125,24,False,False,-2.5848544973296788,-2.1197077941441207,-2.681035799729876,10.72194303417808
PatchTST__Exchange__h192__s2021,PatchTST,Exchange,192,1326,384,942,50,0.25,48,False,False,-8.035269485077718,-7.545409167246342,-8.136560976644843,10.72194303417808
PatchTST__Exchange__h192__s2021,PatchTST,Exchange,192,1326,384,942,50,0.5,96,False,False,-14.228714712408477,-13.710771685458203,-14.335813041946258,10.72194303417808
PatchTST__Exchange__h192__s2021,PatchTST,Exchange,192,1326,384,942,50,1.0,192,True,False,-4.867858363920951,-4.392359920928301,-4.9661801605134865,10.72194303417808
PatchTST__Exchange__h192__s2021,PatchTST,Exchange,192,1326,384,942,50,2.0,384,True,False,-5.598533088164526,-5.119721573854006,-5.697539949301463,10.72194303417808
PatchTST__Exchange__h192__s2021,PatchTST,Exchange,192,1326,384,942,200,0.0,0,False,False,-0.2458586412439255,0.20868243973205686,-0.33984695259442693,10.72194303417808
PatchTST__Exchange__h192__s2021,PatchTST,Exchange,192,1326,384,942,200,0.125,24,False,False,-5.117612137452414,-4.640981245182182,-5.216168097687676,10.72194303417808
PatchTST__Exchange__h192__s2021,PatchTST,Exchange,192,1326,384,942,200,0.25,48,False,False,-7.511205226817871,-7.023721154126984,-7.612005367267447,10.72194303417808
PatchTST__Exchange__h192__s2021,PatchTST,Exchange,192,1326,384,942,200,0.5,96,False,False,-6.374039130547372,-5.891711267934927,-6.473773089086172,10.72194303417808
PatchTST__Exchange__h192__s2021,PatchTST,Exchange,192,1326,384,942,200,1.0,192,True,False,-2.3605685552778386,-1.8964388235256122,-2.4565395721137357,10.72194303417808
PatchTST__Exchange__h192__s2021,PatchTST,Exchange,192,1326,384,942,200,2.0,384,True,False,-1.401776971698147,-0.9419946530833616,-1.4968490466415894,10.72194303417808
PatchTST__Exchange__h192__s2021,PatchTST,Exchange,192,1326,384,942,1000,0.0,0,False,False,-0.34321885158483917,0.11176368618399472,-0.4372984457263377,10.72194303417808
PatchTST__Exchange__h192__s2021,PatchTST,Exchange,192,1326,384,942,1000,0.125,24,False,False,-2.104680320466355,-1.6417108532521034,-2.2004114221236066,10.72194303417808
PatchTST__Exchange__h192__s2021,PatchTST,Exchange,192,1326,384,942,1000,0.25,48,False,False,-2.8800829290189833,-2.4135975824989897,-2.976541031100816,10.72194303417808
PatchTST__Exchange__h192__s2021,PatchTST,Exchange,192,1326,384,942,1000,0.5,96,False,False,-1.0719102750456793,-0.6136236587661991,-1.1666730742324034,10.72194303417808
PatchTST__Exchange__h192__s2021,PatchTST,Exchange,192,1326,384,942,1000,1.0,192,True,False,-0.7437850833266062,-0.2869862729411651,-0.8382402395533195,10.72194303417808
PatchTST__Exchange__h192__s2021,PatchTST,Exchange,192,1326,384,942,1000,2.0,384,True,False,-0.0366118797140905,0.41698042142733655,-0.13040400590504203,10.72194303417808
PatchTST__Exchange__h192__s2021,PatchTST,Exchange,192,1326,384,942,3000,0.0,0,False,False,0.07372935777386283,0.5268213427322195,-0.019959314900660337,10.72194303417808
PatchTST__Exchange__h192__s2021,PatchTST,Exchange,192,1326,384,942,3000,0.125,24,False,False,-1.4441106529977392,-0.9841363823410398,-1.5392224190692994,10.72194303417808
PatchTST__Exchange__h192__s2021,PatchTST,Exchange,192,1326,384,942,3000,0.25,48,False,False,-2.1569969021438435,-1.6937902177925355,-2.2527770546769537,10.72194303417808
PatchTST__Exchange__h192__s2021,PatchTST,Exchange,192,1326,384,942,3000,0.5,96,False,False,-0.4475695556659859,0.007886135632345848,-0.5417469867316004,10.72194303417808
PatchTST__Exchange__h192__s2021,PatchTST,Exchange,192,1326,384,942,3000,1.0,192,True,False,-0.9075905278800572,-0.4500489805392318,-1.0021992644873694,10.72194303417808
PatchTST__Exchange__h192__s2021,PatchTST,Exchange,192,1326,384,942,3000,2.0,384,True,False,-0.0366118797140905,0.41698042142733655,-0.13040400590504203,10.72194303417808
PatchTST__Exchange__h192__s2021,PatchTST,Exchange,192,1326,384,942,1000000000,0.0,0,False,False,0.07372935777386283,0.5268213427322195,-0.019959314900660337,10.72194303417808
PatchTST__Exchange__h192__s2021,PatchTST,Exchange,192,1326,384,942,1000000000,0.125,24,False,False,-1.4441106529977392,-0.9841363823410398,-1.5392224190692994,10.72194303417808
PatchTST__Exchange__h192__s2021,PatchTST,Exchange,192,1326,384,942,1000000000,0.25,48,False,False,-2.1569969021438435,-1.6937902177925355,-2.2527770546769537,10.72194303417808
PatchTST__Exchange__h192__s2021,PatchTST,Exchange,192,1326,384,942,1000000000,0.5,96,False,False,-0.4475695556659859,0.007886135632345848,-0.5417469867316004,10.72194303417808
PatchTST__Exchange__h192__s2021,PatchTST,Exchange,192,1326,384,942,1000000000,1.0,192,True,False,-0.9075905278800572,-0.4500489805392318,-1.0021992644873694,10.72194303417808
PatchTST__Exchange__h192__s2021,PatchTST,Exchange,192,1326,384,942,1000000000,2.0,384,True,False,-0.0366118797140905,0.41698042142733655,-0.13040400590504203,10.72194303417808
PatchTST__Exchange__h336__s2021,PatchTST,Exchange,336,1182,591,591,50,0.0,0,False,False,2.923806564168365,8.032471141972618,2.923806564168365,6.166900927004516
PatchTST__Exchange__h336__s2021,PatchTST,Exchange,336,1182,591,591,50,0.125,42,False,False,-7.312145166975858,-1.664810476776065,-7.312145166975858,6.166900927004516
PatchTST__Exchange__h336__s2021,PatchTST,Exchange,336,1182,591,591,50,0.25,84,False,False,-11.040196835241723,-5.196672277806529,-11.040196835241723,6.166900927004516
PatchTST__Exchange__h336__s2021,PatchTST,Exchange,336,1182,591,591,50,0.5,168,False,False,-15.609416658834515,-9.525435500920656,-15.609416658834515,6.166900927004516
PatchTST__Exchange__h336__s2021,PatchTST,Exchange,336,1182,591,591,50,1.0,336,True,False,-1.1149211477064835,4.206282719812397,-1.1149211477064835,6.166900927004516
PatchTST__Exchange__h336__s2021,PatchTST,Exchange,336,1182,591,591,50,2.0,672,True,True,,,,6.166900927004516
PatchTST__Exchange__h336__s2021,PatchTST,Exchange,336,1182,591,591,200,0.0,0,False,False,-2.274103943667951,3.1081022755020875,-2.274103943667951,6.166900927004516
PatchTST__Exchange__h336__s2021,PatchTST,Exchange,336,1182,591,591,200,0.125,42,False,False,-7.563528285747402,-1.9029644814994258,-7.563528285747402,6.166900927004516
PatchTST__Exchange__h336__s2021,PatchTST,Exchange,336,1182,591,591,200,0.25,84,False,False,-11.771984279713433,-5.889949182631611,-11.771984279713433,6.166900927004516
PatchTST__Exchange__h336__s2021,PatchTST,Exchange,336,1182,591,591,200,0.5,168,False,False,-11.396592595591102,-5.534312601502122,-11.396592595591102,6.166900927004516
PatchTST__Exchange__h336__s2021,PatchTST,Exchange,336,1182,591,591,200,1.0,336,True,False,-0.8075249452840119,4.497502102408232,-0.8075249452840119,6.166900927004516
PatchTST__Exchange__h336__s2021,PatchTST,Exchange,336,1182,591,591,200,2.0,672,True,True,,,,6.166900927004516
PatchTST__Exchange__h336__s2021,PatchTST,Exchange,336,1182,591,591,1000,0.0,0,False,False,0.0,5.262530798739171,0.0,6.166900927004516
PatchTST__Exchange__h336__s2021,PatchTST,Exchange,336,1182,591,591,1000,0.125,42,False,False,0.0,5.262530798739171,0.0,6.166900927004516
PatchTST__Exchange__h336__s2021,PatchTST,Exchange,336,1182,591,591,1000,0.25,84,False,False,0.0,5.262530798739171,0.0,6.166900927004516
PatchTST__Exchange__h336__s2021,PatchTST,Exchange,336,1182,591,591,1000,0.5,168,False,False,0.0,5.262530798739171,0.0,6.166900927004516
PatchTST__Exchange__h336__s2021,PatchTST,Exchange,336,1182,591,591,1000,1.0,336,True,False,0.0,5.262530798739171,0.0,6.166900927004516
PatchTST__Exchange__h336__s2021,PatchTST,Exchange,336,1182,591,591,1000,2.0,672,True,True,,,,6.166900927004516
PatchTST__Exchange__h336__s2021,PatchTST,Exchange,336,1182,591,591,3000,0.0,0,False,False,0.0,5.262530798739171,0.0,6.166900927004516
PatchTST__Exchange__h336__s2021,PatchTST,Exchange,336,1182,591,591,3000,0.125,42,False,False,0.0,5.262530798739171,0.0,6.166900927004516
PatchTST__Exchange__h336__s2021,PatchTST,Exchange,336,1182,591,591,3000,0.25,84,False,False,0.0,5.262530798739171,0.0,6.166900927004516
PatchTST__Exchange__h336__s2021,PatchTST,Exchange,336,1182,591,591,3000,0.5,168,False,False,0.0,5.262530798739171,0.0,6.166900927004516
PatchTST__Exchange__h336__s2021,PatchTST,Exchange,336,1182,591,591,3000,1.0,336,True,False,0.0,5.262530798739171,0.0,6.166900927004516
PatchTST__Exchange__h336__s2021,PatchTST,Exchange,336,1182,591,591,3000,2.0,672,True,True,,,,6.166900927004516
PatchTST__Exchange__h336__s2021,PatchTST,Exchange,336,1182,591,591,1000000000,0.0,0,False,False,0.0,5.262530798739171,0.0,6.166900927004516
PatchTST__Exchange__h336__s2021,PatchTST,Exchange,336,1182,591,591,1000000000,0.125,42,False,False,0.0,5.262530798739171,0.0,6.166900927004516
PatchTST__Exchange__h336__s2021,PatchTST,Exchange,336,1182,591,591,1000000000,0.25,84,False,False,0.0,5.262530798739171,0.0,6.166900927004516
PatchTST__Exchange__h336__s2021,PatchTST,Exchange,336,1182,591,591,1000000000,0.5,168,False,False,0.0,5.262530798739171,0.0,6.166900927004516
PatchTST__Exchange__h336__s2021,PatchTST,Exchange,336,1182,591,591,1000000000,1.0,336,True,False,0.0,5.262530798739171,0.0,6.166900927004516
PatchTST__Exchange__h336__s2021,PatchTST,Exchange,336,1182,591,591,1000000000,2.0,672,True,True,,,,6.166900927004516
PatchTST__Exchange__h720__s2021,PatchTST,Exchange,720,798,399,399,50,0.0,0,False,False,3.9320757937335595,7.460009056739622,3.9320757937335595,6.171201872747251
PatchTST__Exchange__h720__s2021,PatchTST,Exchange,720,798,399,399,50,0.125,90,False,False,-7.4209921543433195,-3.4761365274773772,-7.4209921543433195,6.171201872747251
PatchTST__Exchange__h720__s2021,PatchTST,Exchange,720,798,399,399,50,0.25,180,False,False,-6.664902352769776,-2.747812854742672,-6.664902352769776,6.171201872747251
PatchTST__Exchange__h720__s2021,PatchTST,Exchange,720,798,399,399,50,0.5,360,False,False,-8.059290663138409,-4.090994594943991,-8.059290663138409,6.171201872747251
PatchTST__Exchange__h720__s2021,PatchTST,Exchange,720,798,399,399,50,1.0,720,True,True,,,,6.171201872747251
PatchTST__Exchange__h720__s2021,PatchTST,Exchange,720,798,399,399,50,2.0,1440,True,True,,,,6.171201872747251
PatchTST__Exchange__h720__s2021,PatchTST,Exchange,720,798,399,399,200,0.0,0,False,False,-1.3610461661928792,2.361268116095728,-1.3610461661928792,6.171201872747251
PatchTST__Exchange__h720__s2021,PatchTST,Exchange,720,798,399,399,200,0.125,90,False,False,-8.001484038152176,-4.035310821229878,-8.001484038152176,6.171201872747251
PatchTST__Exchange__h720__s2021,PatchTST,Exchange,720,798,399,399,200,0.25,180,False,False,-3.4897857012246667,0.3107029673220419,-3.4897857012246667,6.171201872747251
PatchTST__Exchange__h720__s2021,PatchTST,Exchange,720,798,399,399,200,0.5,360,False,False,-1.4586666141794107,2.2672326152020656,-1.4586666141794107,6.171201872747251
PatchTST__Exchange__h720__s2021,PatchTST,Exchange,720,798,399,399,200,1.0,720,True,True,,,,6.171201872747251
PatchTST__Exchange__h720__s2021,PatchTST,Exchange,720,798,399,399,200,2.0,1440,True,True,,,,6.171201872747251
PatchTST__Exchange__h720__s2021,PatchTST,Exchange,720,798,399,399,1000,0.0,0,False,False,0.0,3.672332146400159,0.0,6.171201872747251
PatchTST__Exchange__h720__s2021,PatchTST,Exchange,720,798,399,399,1000,0.125,90,False,False,0.0,3.672332146400159,0.0,6.171201872747251
PatchTST__Exchange__h720__s2021,PatchTST,Exchange,720,798,399,399,1000,0.25,180,False,False,0.0,3.672332146400159,0.0,6.171201872747251
PatchTST__Exchange__h720__s2021,PatchTST,Exchange,720,798,399,399,1000,0.5,360,False,False,0.0,3.672332146400159,0.0,6.171201872747251
PatchTST__Exchange__h720__s2021,PatchTST,Exchange,720,798,399,399,1000,1.0,720,True,True,,,,6.171201872747251
PatchTST__Exchange__h720__s2021,PatchTST,Exchange,720,798,399,399,1000,2.0,1440,True,True,,,,6.171201872747251
PatchTST__Exchange__h720__s2021,PatchTST,Exchange,720,798,399,399,3000,0.0,0,False,False,0.0,3.672332146400159,0.0,6.171201872747251
PatchTST__Exchange__h720__s2021,PatchTST,Exchange,720,798,399,399,3000,0.125,90,False,False,0.0,3.672332146400159,0.0,6.171201872747251
PatchTST__Exchange__h720__s2021,PatchTST,Exchange,720,798,399,399,3000,0.25,180,False,False,0.0,3.672332146400159,0.0,6.171201872747251
PatchTST__Exchange__h720__s2021,PatchTST,Exchange,720,798,399,399,3000,0.5,360,False,False,0.0,3.672332146400159,0.0,6.171201872747251
PatchTST__Exchange__h720__s2021,PatchTST,Exchange,720,798,399,399,3000,1.0,720,True,True,,,,6.171201872747251
PatchTST__Exchange__h720__s2021,PatchTST,Exchange,720,798,399,399,3000,2.0,1440,True,True,,,,6.171201872747251
PatchTST__Exchange__h720__s2021,PatchTST,Exchange,720,798,399,399,1000000000,0.0,0,False,False,0.0,3.672332146400159,0.0,6.171201872747251
PatchTST__Exchange__h720__s2021,PatchTST,Exchange,720,798,399,399,1000000000,0.125,90,False,False,0.0,3.672332146400159,0.0,6.171201872747251
PatchTST__Exchange__h720__s2021,PatchTST,Exchange,720,798,399,399,1000000000,0.25,180,False,False,0.0,3.672332146400159,0.0,6.171201872747251
PatchTST__Exchange__h720__s2021,PatchTST,Exchange,720,798,399,399,1000000000,0.5,360,False,False,0.0,3.672332146400159,0.0,6.171201872747251
PatchTST__Exchange__h720__s2021,PatchTST,Exchange,720,798,399,399,1000000000,1.0,720,True,True,,,,6.171201872747251
PatchTST__Exchange__h720__s2021,PatchTST,Exchange,720,798,399,399,1000000000,2.0,1440,True,True,,,,6.171201872747251
PatchTST__ILI__h24__s2021,PatchTST,ILI,24,170,48,122,50,0.0,0,False,False,3.693331363716372,3.75902656279042,3.693331363716372,14.138502547800552
PatchTST__ILI__h24__s2021,PatchTST,ILI,24,170,48,122,50,0.125,3,False,False,0.47383659469963096,0.541727958927799,0.47383659469963096,14.138502547800552
PatchTST__ILI__h24__s2021,PatchTST,ILI,24,170,48,122,50,0.25,6,False,False,-0.27628593652301636,-0.20788287928629137,-0.27628593652301636,14.138502547800552
PatchTST__ILI__h24__s2021,PatchTST,ILI,24,170,48,122,50,0.5,12,False,False,-0.35378976798530254,-0.28533384182777466,-0.35378976798530254,14.138502547800552
PatchTST__ILI__h24__s2021,PatchTST,ILI,24,170,48,122,50,1.0,24,True,False,-0.07806640137187011,-0.009798558778186072,-0.07806640137187011,14.138502547800552
PatchTST__ILI__h24__s2021,PatchTST,ILI,24,170,48,122,50,2.0,48,True,False,-0.4514267739613642,-0.38290424512060145,-0.4514267739613642,14.138502547800552
PatchTST__ILI__h24__s2021,PatchTST,ILI,24,170,48,122,200,0.0,0,False,False,-0.05136272642498106,0.016886900366344895,-0.05136272642498106,14.138502547800552
PatchTST__ILI__h24__s2021,PatchTST,ILI,24,170,48,122,200,0.125,3,False,False,-0.17280264248986582,-0.10447017595779928,-0.17280264248986582,14.138502547800552
PatchTST__ILI__h24__s2021,PatchTST,ILI,24,170,48,122,200,0.25,6,False,False,-0.28485168212640494,-0.21644278180144316,-0.28485168212640494,14.138502547800552
PatchTST__ILI__h24__s2021,PatchTST,ILI,24,170,48,122,200,0.5,12,False,False,-0.35295915246203663,-0.2845037929054818,-0.35295915246203663,14.138502547800552
PatchTST__ILI__h24__s2021,PatchTST,ILI,24,170,48,122,200,1.0,24,True,False,-0.10742034659773451,-0.039132480330689855,-0.10742034659773451,14.138502547800552
PatchTST__ILI__h24__s2021,PatchTST,ILI,24,170,48,122,200,2.0,48,True,False,-0.2949439273624767,-0.2265281426538136,-0.2949439273624767,14.138502547800552
PatchTST__ILI__h24__s2021,PatchTST,ILI,24,170,48,122,1000,0.0,0,False,False,-0.05136272642498106,0.016886900366344895,-0.05136272642498106,14.138502547800552
PatchTST__ILI__h24__s2021,PatchTST,ILI,24,170,48,122,1000,0.125,3,False,False,-0.17280264248986582,-0.10447017595779928,-0.17280264248986582,14.138502547800552
PatchTST__ILI__h24__s2021,PatchTST,ILI,24,170,48,122,1000,0.25,6,False,False,-0.28485168212640494,-0.21644278180144316,-0.28485168212640494,14.138502547800552
PatchTST__ILI__h24__s2021,PatchTST,ILI,24,170,48,122,1000,0.5,12,False,False,-0.35295915246203663,-0.2845037929054818,-0.35295915246203663,14.138502547800552
PatchTST__ILI__h24__s2021,PatchTST,ILI,24,170,48,122,1000,1.0,24,True,False,-0.10742034659773451,-0.039132480330689855,-0.10742034659773451,14.138502547800552
PatchTST__ILI__h24__s2021,PatchTST,ILI,24,170,48,122,1000,2.0,48,True,False,-0.2949439273624767,-0.2265281426538136,-0.2949439273624767,14.138502547800552
PatchTST__ILI__h24__s2021,PatchTST,ILI,24,170,48,122,3000,0.0,0,False,False,-0.05136272642498106,0.016886900366344895,-0.05136272642498106,14.138502547800552
PatchTST__ILI__h24__s2021,PatchTST,ILI,24,170,48,122,3000,0.125,3,False,False,-0.17280264248986582,-0.10447017595779928,-0.17280264248986582,14.138502547800552
PatchTST__ILI__h24__s2021,PatchTST,ILI,24,170,48,122,3000,0.25,6,False,False,-0.28485168212640494,-0.21644278180144316,-0.28485168212640494,14.138502547800552
PatchTST__ILI__h24__s2021,PatchTST,ILI,24,170,48,122,3000,0.5,12,False,False,-0.35295915246203663,-0.2845037929054818,-0.35295915246203663,14.138502547800552
PatchTST__ILI__h24__s2021,PatchTST,ILI,24,170,48,122,3000,1.0,24,True,False,-0.10742034659773451,-0.039132480330689855,-0.10742034659773451,14.138502547800552
PatchTST__ILI__h24__s2021,PatchTST,ILI,24,170,48,122,3000,2.0,48,True,False,-0.2949439273624767,-0.2265281426538136,-0.2949439273624767,14.138502547800552
PatchTST__ILI__h24__s2021,PatchTST,ILI,24,170,48,122,1000000000,0.0,0,False,False,-0.05136272642498106,0.016886900366344895,-0.05136272642498106,14.138502547800552
PatchTST__ILI__h24__s2021,PatchTST,ILI,24,170,48,122,1000000000,0.125,3,False,False,-0.17280264248986582,-0.10447017595779928,-0.17280264248986582,14.138502547800552
PatchTST__ILI__h24__s2021,PatchTST,ILI,24,170,48,122,1000000000,0.25,6,False,False,-0.28485168212640494,-0.21644278180144316,-0.28485168212640494,14.138502547800552
PatchTST__ILI__h24__s2021,PatchTST,ILI,24,170,48,122,1000000000,0.5,12,False,False,-0.35295915246203663,-0.2845037929054818,-0.35295915246203663,14.138502547800552
PatchTST__ILI__h24__s2021,PatchTST,ILI,24,170,48,122,1000000000,1.0,24,True,False,-0.10742034659773451,-0.039132480330689855,-0.10742034659773451,14.138502547800552
PatchTST__ILI__h24__s2021,PatchTST,ILI,24,170,48,122,1000000000,2.0,48,True,False,-0.2949439273624767,-0.2265281426538136,-0.2949439273624767,14.138502547800552
PatchTST__ILI__h36__s2021,PatchTST,ILI,36,158,72,86,50,0.0,0,False,False,-0.024988739118596698,0.10067706000132846,-0.024988739118596698,6.156240726794773
PatchTST__ILI__h36__s2021,PatchTST,ILI,36,158,72,86,50,0.125,4,False,False,-0.10005710009883279,0.02570301070950265,-0.10005710009883279,6.156240726794773
PatchTST__ILI__h36__s2021,PatchTST,ILI,36,158,72,86,50,0.25,9,False,False,-0.1018650220022476,0.02389736017800801,-0.1018650220022476,6.156240726794773
PatchTST__ILI__h36__s2021,PatchTST,ILI,36,158,72,86,50,0.5,18,False,False,-0.1492424132100488,-0.023420508726402844,-0.1492424132100488,6.156240726794773
PatchTST__ILI__h36__s2021,PatchTST,ILI,36,158,72,86,50,1.0,36,True,False,-0.3290168411216293,-0.20296907810573442,-0.3290168411216293,6.156240726794773
PatchTST__ILI__h36__s2021,PatchTST,ILI,36,158,72,86,50,2.0,72,True,False,-0.1480472951979918,-0.02222689219374537,-0.1480472951979918,6.156240726794773
PatchTST__ILI__h36__s2021,PatchTST,ILI,36,158,72,86,200,0.0,0,False,False,-0.018884073767363726,0.10677405579259054,-0.018884073767363726,6.156240726794773
PatchTST__ILI__h36__s2021,PatchTST,ILI,36,158,72,86,200,0.125,4,False,False,-0.224320869949265,-0.09840464109346209,-0.224320869949265,6.156240726794773
PatchTST__ILI__h36__s2021,PatchTST,ILI,36,158,72,86,200,0.25,9,False,False,-0.3880741190606006,-0.2619521597851549,-0.3880741190606006,6.156240726794773
PatchTST__ILI__h36__s2021,PatchTST,ILI,36,158,72,86,200,0.5,18,False,False,-0.32162624414038427,-0.195587766257008,-0.32162624414038427,6.156240726794773
PatchTST__ILI__h36__s2021,PatchTST,ILI,36,158,72,86,200,1.0,36,True,False,-0.02977183394279726,0.09589997438983491,-0.02977183394279726,6.156240726794773
PatchTST__ILI__h36__s2021,PatchTST,ILI,36,158,72,86,200,2.0,72,True,False,-0.22957983468853313,-0.1036569987636884,-0.22957983468853313,6.156240726794773
PatchTST__ILI__h36__s2021,PatchTST,ILI,36,158,72,86,1000,0.0,0,False,False,-0.018884073767363726,0.10677405579259054,-0.018884073767363726,6.156240726794773
PatchTST__ILI__h36__s2021,PatchTST,ILI,36,158,72,86,1000,0.125,4,False,False,-0.224320869949265,-0.09840464109346209,-0.224320869949265,6.156240726794773
PatchTST__ILI__h36__s2021,PatchTST,ILI,36,158,72,86,1000,0.25,9,False,False,-0.3880741190606006,-0.2619521597851549,-0.3880741190606006,6.156240726794773
PatchTST__ILI__h36__s2021,PatchTST,ILI,36,158,72,86,1000,0.5,18,False,False,-0.32162624414038427,-0.195587766257008,-0.32162624414038427,6.156240726794773
PatchTST__ILI__h36__s2021,PatchTST,ILI,36,158,72,86,1000,1.0,36,True,False,-0.02977183394279726,0.09589997438983491,-0.02977183394279726,6.156240726794773
PatchTST__ILI__h36__s2021,PatchTST,ILI,36,158,72,86,1000,2.0,72,True,False,-0.22957983468853313,-0.1036569987636884,-0.22957983468853313,6.156240726794773
PatchTST__ILI__h36__s2021,PatchTST,ILI,36,158,72,86,3000,0.0,0,False,False,-0.018884073767363726,0.10677405579259054,-0.018884073767363726,6.156240726794773
PatchTST__ILI__h36__s2021,PatchTST,ILI,36,158,72,86,3000,0.125,4,False,False,-0.224320869949265,-0.09840464109346209,-0.224320869949265,6.156240726794773
PatchTST__ILI__h36__s2021,PatchTST,ILI,36,158,72,86,3000,0.25,9,False,False,-0.3880741190606006,-0.2619521597851549,-0.3880741190606006,6.156240726794773
PatchTST__ILI__h36__s2021,PatchTST,ILI,36,158,72,86,3000,0.5,18,False,False,-0.32162624414038427,-0.195587766257008,-0.32162624414038427,6.156240726794773
PatchTST__ILI__h36__s2021,PatchTST,ILI,36,158,72,86,3000,1.0,36,True,False,-0.02977183394279726,0.09589997438983491,-0.02977183394279726,6.156240726794773
PatchTST__ILI__h36__s2021,PatchTST,ILI,36,158,72,86,3000,2.0,72,True,False,-0.22957983468853313,-0.1036569987636884,-0.22957983468853313,6.156240726794773
PatchTST__ILI__h36__s2021,PatchTST,ILI,36,158,72,86,1000000000,0.0,0,False,False,-0.018884073767363726,0.10677405579259054,-0.018884073767363726,6.156240726794773
PatchTST__ILI__h36__s2021,PatchTST,ILI,36,158,72,86,1000000000,0.125,4,False,False,-0.224320869949265,-0.09840464109346209,-0.224320869949265,6.156240726794773
PatchTST__ILI__h36__s2021,PatchTST,ILI,36,158,72,86,1000000000,0.25,9,False,False,-0.3880741190606006,-0.2619521597851549,-0.3880741190606006,6.156240726794773
PatchTST__ILI__h36__s2021,PatchTST,ILI,36,158,72,86,1000000000,0.5,18,False,False,-0.32162624414038427,-0.195587766257008,-0.32162624414038427,6.156240726794773
PatchTST__ILI__h36__s2021,PatchTST,ILI,36,158,72,86,1000000000,1.0,36,True,False,-0.02977183394279726,0.09589997438983491,-0.02977183394279726,6.156240726794773
PatchTST__ILI__h36__s2021,PatchTST,ILI,36,158,72,86,1000000000,2.0,72,True,False,-0.22957983468853313,-0.1036569987636884,-0.22957983468853313,6.156240726794773
PatchTST__ILI__h48__s2021,PatchTST,ILI,48,146,73,73,50,0.0,0,False,False,0.05236346248024538,0.5482042578569363,0.05236346248024538,0.9963364430876933
PatchTST__ILI__h48__s2021,PatchTST,ILI,48,146,73,73,50,0.125,6,False,False,-0.13443362033894019,0.3623338764318787,-0.13443362033894019,0.9963364430876933
PatchTST__ILI__h48__s2021,PatchTST,ILI,48,146,73,73,50,0.25,12,False,False,-0.5148396568675931,-0.016184963578148703,-0.5148396568675931,0.9963364430876933
PatchTST__ILI__h48__s2021,PatchTST,ILI,48,146,73,73,50,0.5,24,False,False,-0.7130013320015144,-0.21336355751059807,-0.7130013320015144,0.9963364430876933
PatchTST__ILI__h48__s2021,PatchTST,ILI,48,146,73,73,50,1.0,48,True,False,-0.958261593467609,-0.457407081419582,-0.958261593467609,0.9963364430876933
PatchTST__ILI__h48__s2021,PatchTST,ILI,48,146,73,73,50,2.0,96,True,True,,,,0.9963364430876933
PatchTST__ILI__h48__s2021,PatchTST,ILI,48,146,73,73,200,0.0,0,False,False,0.024520667333612734,0.5204995909759564,0.024520667333612734,0.9963364430876933
PatchTST__ILI__h48__s2021,PatchTST,ILI,48,146,73,73,200,0.125,6,False,False,-0.3489714076636032,0.14886041229474284,-0.3489714076636032,0.9963364430876933
PatchTST__ILI__h48__s2021,PatchTST,ILI,48,146,73,73,200,0.25,12,False,False,-0.6461605003542312,-0.14685432361065312,-0.6461605003542312,0.9963364430876933
PatchTST__ILI__h48__s2021,PatchTST,ILI,48,146,73,73,200,0.5,24,False,False,-0.6195490973872821,-0.1203749399657245,-0.6195490973872821,0.9963364430876933
PatchTST__ILI__h48__s2021,PatchTST,ILI,48,146,73,73,200,1.0,48,True,False,-0.6784446376749962,-0.1789782991418878,-0.6784446376749962,0.9963364430876933
PatchTST__ILI__h48__s2021,PatchTST,ILI,48,146,73,73,200,2.0,96,True,True,,,,0.9963364430876933
PatchTST__ILI__h48__s2021,PatchTST,ILI,48,146,73,73,1000,0.0,0,False,False,0.024520667333612734,0.5204995909759564,0.024520667333612734,0.9963364430876933
PatchTST__ILI__h48__s2021,PatchTST,ILI,48,146,73,73,1000,0.125,6,False,False,-0.3489714076636032,0.14886041229474284,-0.3489714076636032,0.9963364430876933
PatchTST__ILI__h48__s2021,PatchTST,ILI,48,146,73,73,1000,0.25,12,False,False,-0.6461605003542312,-0.14685432361065312,-0.6461605003542312,0.9963364430876933
PatchTST__ILI__h48__s2021,PatchTST,ILI,48,146,73,73,1000,0.5,24,False,False,-0.6195490973872821,-0.1203749399657245,-0.6195490973872821,0.9963364430876933
PatchTST__ILI__h48__s2021,PatchTST,ILI,48,146,73,73,1000,1.0,48,True,False,-0.6784446376749962,-0.1789782991418878,-0.6784446376749962,0.9963364430876933
PatchTST__ILI__h48__s2021,PatchTST,ILI,48,146,73,73,1000,2.0,96,True,True,,,,0.9963364430876933
PatchTST__ILI__h48__s2021,PatchTST,ILI,48,146,73,73,3000,0.0,0,False,False,0.024520667333612734,0.5204995909759564,0.024520667333612734,0.9963364430876933
PatchTST__ILI__h48__s2021,PatchTST,ILI,48,146,73,73,3000,0.125,6,False,False,-0.3489714076636032,0.14886041229474284,-0.3489714076636032,0.9963364430876933
PatchTST__ILI__h48__s2021,PatchTST,ILI,48,146,73,73,3000,0.25,12,False,False,-0.6461605003542312,-0.14685432361065312,-0.6461605003542312,0.9963364430876933
PatchTST__ILI__h48__s2021,PatchTST,ILI,48,146,73,73,3000,0.5,24,False,False,-0.6195490973872821,-0.1203749399657245,-0.6195490973872821,0.9963364430876933
PatchTST__ILI__h48__s2021,PatchTST,ILI,48,146,73,73,3000,1.0,48,True,False,-0.6784446376749962,-0.1789782991418878,-0.6784446376749962,0.9963364430876933
PatchTST__ILI__h48__s2021,PatchTST,ILI,48,146,73,73,3000,2.0,96,True,True,,,,0.9963364430876933
PatchTST__ILI__h48__s2021,PatchTST,ILI,48,146,73,73,1000000000,0.0,0,False,False,0.024520667333612734,0.5204995909759564,0.024520667333612734,0.9963364430876933
PatchTST__ILI__h48__s2021,PatchTST,ILI,48,146,73,73,1000000000,0.125,6,False,False,-0.3489714076636032,0.14886041229474284,-0.3489714076636032,0.9963364430876933
PatchTST__ILI__h48__s2021,PatchTST,ILI,48,146,73,73,1000000000,0.25,12,False,False,-0.6461605003542312,-0.14685432361065312,-0.6461605003542312,0.9963364430876933
PatchTST__ILI__h48__s2021,PatchTST,ILI,48,146,73,73,1000000000,0.5,24,False,False,-0.6195490973872821,-0.1203749399657245,-0.6195490973872821,0.9963364430876933
PatchTST__ILI__h48__s2021,PatchTST,ILI,48,146,73,73,1000000000,1.0,48,True,False,-0.6784446376749962,-0.1789782991418878,-0.6784446376749962,0.9963364430876933
PatchTST__ILI__h48__s2021,PatchTST,ILI,48,146,73,73,1000000000,2.0,96,True,True,,,,0.9963364430876933
PatchTST__ILI__h60__s2021,PatchTST,ILI,60,134,67,67,50,0.0,0,False,False,0.18826118572235448,0.18826118572235448,0.0,1.6966263195370646
PatchTST__ILI__h60__s2021,PatchTST,ILI,60,134,67,67,50,0.125,8,False,False,0.18826118572235448,0.18826118572235448,0.0,1.6966263195370646
PatchTST__ILI__h60__s2021,PatchTST,ILI,60,134,67,67,50,0.25,15,False,False,0.18826118572235448,0.18826118572235448,0.0,1.6966263195370646
PatchTST__ILI__h60__s2021,PatchTST,ILI,60,134,67,67,50,0.5,30,False,False,0.2146045457222902,0.2146045457222902,0.026393047864794263,1.6966263195370646
PatchTST__ILI__h60__s2021,PatchTST,ILI,60,134,67,67,50,1.0,60,True,False,0.07722781215665751,0.07722781215665751,-0.1112428005811017,1.6966263195370646
PatchTST__ILI__h60__s2021,PatchTST,ILI,60,134,67,67,50,2.0,120,True,True,,,,1.6966263195370646
PatchTST__ILI__h60__s2021,PatchTST,ILI,60,134,67,67,200,0.0,0,False,False,0.20869319367530478,0.20869319367530478,0.02047054604565972,1.6966263195370646
PatchTST__ILI__h60__s2021,PatchTST,ILI,60,134,67,67,200,0.125,8,False,False,0.00937157658796948,0.00937157658796948,-0.17922702405500585,1.6966263195370646
PatchTST__ILI__h60__s2021,PatchTST,ILI,60,134,67,67,200,0.25,15,False,False,0.04177816665676661,0.04177816665676661,-0.14675930988253066,1.6966263195370646
PatchTST__ILI__h60__s2021,PatchTST,ILI,60,134,67,67,200,0.5,30,False,False,0.24267162218041743,0.24267162218041743,0.05451306339758885,1.6966263195370646
PatchTST__ILI__h60__s2021,PatchTST,ILI,60,134,67,67,200,1.0,60,True,False,0.07722781215665751,0.07722781215665751,-0.1112428005811017,1.6966263195370646
PatchTST__ILI__h60__s2021,PatchTST,ILI,60,134,67,67,200,2.0,120,True,True,,,,1.6966263195370646
PatchTST__ILI__h60__s2021,PatchTST,ILI,60,134,67,67,1000,0.0,0,False,False,0.20869319367530478,0.20869319367530478,0.02047054604565972,1.6966263195370646
PatchTST__ILI__h60__s2021,PatchTST,ILI,60,134,67,67,1000,0.125,8,False,False,0.00937157658796948,0.00937157658796948,-0.17922702405500585,1.6966263195370646
PatchTST__ILI__h60__s2021,PatchTST,ILI,60,134,67,67,1000,0.25,15,False,False,0.04177816665676661,0.04177816665676661,-0.14675930988253066,1.6966263195370646
PatchTST__ILI__h60__s2021,PatchTST,ILI,60,134,67,67,1000,0.5,30,False,False,0.24267162218041743,0.24267162218041743,0.05451306339758885,1.6966263195370646
PatchTST__ILI__h60__s2021,PatchTST,ILI,60,134,67,67,1000,1.0,60,True,False,0.07722781215665751,0.07722781215665751,-0.1112428005811017,1.6966263195370646
PatchTST__ILI__h60__s2021,PatchTST,ILI,60,134,67,67,1000,2.0,120,True,True,,,,1.6966263195370646
PatchTST__ILI__h60__s2021,PatchTST,ILI,60,134,67,67,3000,0.0,0,False,False,0.20869319367530478,0.20869319367530478,0.02047054604565972,1.6966263195370646
PatchTST__ILI__h60__s2021,PatchTST,ILI,60,134,67,67,3000,0.125,8,False,False,0.00937157658796948,0.00937157658796948,-0.17922702405500585,1.6966263195370646
PatchTST__ILI__h60__s2021,PatchTST,ILI,60,134,67,67,3000,0.25,15,False,False,0.04177816665676661,0.04177816665676661,-0.14675930988253066,1.6966263195370646
PatchTST__ILI__h60__s2021,PatchTST,ILI,60,134,67,67,3000,0.5,30,False,False,0.24267162218041743,0.24267162218041743,0.05451306339758885,1.6966263195370646
PatchTST__ILI__h60__s2021,PatchTST,ILI,60,134,67,67,3000,1.0,60,True,False,0.07722781215665751,0.07722781215665751,-0.1112428005811017,1.6966263195370646
PatchTST__ILI__h60__s2021,PatchTST,ILI,60,134,67,67,3000,2.0,120,True,True,,,,1.6966263195370646
PatchTST__ILI__h60__s2021,PatchTST,ILI,60,134,67,67,1000000000,0.0,0,False,False,0.20869319367530478,0.20869319367530478,0.02047054604565972,1.6966263195370646
PatchTST__ILI__h60__s2021,PatchTST,ILI,60,134,67,67,1000000000,0.125,8,False,False,0.00937157658796948,0.00937157658796948,-0.17922702405500585,1.6966263195370646
PatchTST__ILI__h60__s2021,PatchTST,ILI,60,134,67,67,1000000000,0.25,15,False,False,0.04177816665676661,0.04177816665676661,-0.14675930988253066,1.6966263195370646
PatchTST__ILI__h60__s2021,PatchTST,ILI,60,134,67,67,1000000000,0.5,30,False,False,0.24267162218041743,0.24267162218041743,0.05451306339758885,1.6966263195370646
PatchTST__ILI__h60__s2021,PatchTST,ILI,60,134,67,67,1000000000,1.0,60,True,False,0.07722781215665751,0.07722781215665751,-0.1112428005811017,1.6966263195370646
PatchTST__ILI__h60__s2021,PatchTST,ILI,60,134,67,67,1000000000,2.0,120,True,True,,,,1.6966263195370646
PatchTST__Weather__h96__s2021,PatchTST,Weather,96,10444,192,10252,50,0.0,0,False,False,2.3590400209506024,2.2068777238580903,2.2068777238580903,6.03415010371698
PatchTST__Weather__h96__s2021,PatchTST,Weather,96,10444,192,10252,50,0.125,12,False,False,0.6531828286708752,0.4983621477510762,0.4983621477510762,6.03415010371698
PatchTST__Weather__h96__s2021,PatchTST,Weather,96,10444,192,10252,50,0.25,24,False,False,-0.17833680853726497,-0.3344533179505801,-0.3344533179505801,6.03415010371698
PatchTST__Weather__h96__s2021,PatchTST,Weather,96,10444,192,10252,50,0.5,48,False,False,-0.8008465608816341,-0.9579331807270828,-0.9579331807270828,6.03415010371698
PatchTST__Weather__h96__s2021,PatchTST,Weather,96,10444,192,10252,50,1.0,96,True,False,-0.30043921377291016,-0.45674600585514996,-0.45674600585514996,6.03415010371698
PatchTST__Weather__h96__s2021,PatchTST,Weather,96,10444,192,10252,50,2.0,192,True,False,-0.37117710283531763,-0.5275941318477712,-0.5275941318477712,6.03415010371698
PatchTST__Weather__h96__s2021,PatchTST,Weather,96,10444,192,10252,200,0.0,0,False,False,1.1607420224008258,1.006712314581301,1.006712314581301,6.03415010371698
PatchTST__Weather__h96__s2021,PatchTST,Weather,96,10444,192,10252,200,0.125,12,False,False,0.4703236651757356,0.3152180191104914,0.3152180191104914,6.03415010371698
PatchTST__Weather__h96__s2021,PatchTST,Weather,96,10444,192,10252,200,0.25,24,False,False,0.15046883105055173,-0.005135272284132173,-0.005135272284132173,6.03415010371698
PatchTST__Weather__h96__s2021,PatchTST,Weather,96,10444,192,10252,200,0.5,48,False,False,0.056045388071179314,-0.09970586342741251,-0.09970586342741251,6.03415010371698
PatchTST__Weather__h96__s2021,PatchTST,Weather,96,10444,192,10252,200,1.0,96,True,False,0.30102759572454796,0.14565812104862697,0.14565812104862697,6.03415010371698
PatchTST__Weather__h96__s2021,PatchTST,Weather,96,10444,192,10252,200,2.0,192,True,False,0.03503608559608582,-0.12074790650363906,-0.12074790650363906,6.03415010371698
PatchTST__Weather__h96__s2021,PatchTST,Weather,96,10444,192,10252,1000,0.0,0,False,False,0.48645739610894567,0.33137689262279946,0.33137689262279946,6.03415010371698
PatchTST__Weather__h96__s2021,PatchTST,Weather,96,10444,192,10252,1000,0.125,12,False,False,0.34278359452192764,0.18747919180654207,0.18747919180654207,6.03415010371698
PatchTST__Weather__h96__s2021,PatchTST,Weather,96,10444,192,10252,1000,0.25,24,False,False,0.26423393033520487,0.10880711692925397,0.10880711692925397,6.03415010371698
PatchTST__Weather__h96__s2021,PatchTST,Weather,96,10444,192,10252,1000,0.5,48,False,False,0.27610729213869245,0.12069898201258047,0.12069898201258047,6.03415010371698
PatchTST__Weather__h96__s2021,PatchTST,Weather,96,10444,192,10252,1000,1.0,96,True,False,0.12695242654328798,-0.028688324425031952,-0.028688324425031952,6.03415010371698
PatchTST__Weather__h96__s2021,PatchTST,Weather,96,10444,192,10252,1000,2.0,192,True,False,-0.171708846720949,-0.32781502721190175,-0.32781502721190175,6.03415010371698
PatchTST__Weather__h96__s2021,PatchTST,Weather,96,10444,192,10252,3000,0.0,0,False,False,0.17917571757220913,0.023616350645242284,0.023616350645242284,6.03415010371698
PatchTST__Weather__h96__s2021,PatchTST,Weather,96,10444,192,10252,3000,0.125,12,False,False,-0.003693858197570722,-0.15953820649632489,-0.15953820649632489,6.03415010371698
PatchTST__Weather__h96__s2021,PatchTST,Weather,96,10444,192,10252,3000,0.25,24,False,False,-0.07185838335583453,-0.22780895829073122,-0.22780895829073122,6.03415010371698
PatchTST__Weather__h96__s2021,PatchTST,Weather,96,10444,192,10252,3000,0.5,48,False,False,-0.09044504202581258,-0.24642458214785107,-0.24642458214785107,6.03415010371698
PatchTST__Weather__h96__s2021,PatchTST,Weather,96,10444,192,10252,3000,1.0,96,True,False,-0.24134494975381252,-0.39755965016714545,-0.39755965016714545,6.03415010371698
PatchTST__Weather__h96__s2021,PatchTST,Weather,96,10444,192,10252,3000,2.0,192,True,False,-0.34446510911747263,-0.5008405105350633,-0.5008405105350633,6.03415010371698
PatchTST__Weather__h96__s2021,PatchTST,Weather,96,10444,192,10252,1000000000,0.0,0,False,False,0.15645839262691588,0.0008636233406501124,0.0008636233406501124,6.03415010371698
PatchTST__Weather__h96__s2021,PatchTST,Weather,96,10444,192,10252,1000000000,0.125,12,False,False,0.14208662312962064,-0.013530542919852508,-0.013530542919852508,6.03415010371698
PatchTST__Weather__h96__s2021,PatchTST,Weather,96,10444,192,10252,1000000000,0.25,24,False,False,0.11868960574763548,-0.03696402188425883,-0.03696402188425883,6.03415010371698
PatchTST__Weather__h96__s2021,PatchTST,Weather,96,10444,192,10252,1000000000,0.5,48,False,False,0.10223158003950034,-0.05344769554790256,-0.05344769554790256,6.03415010371698
PatchTST__Weather__h96__s2021,PatchTST,Weather,96,10444,192,10252,1000000000,1.0,96,True,False,0.0414694582616169,-0.11430450816073806,-0.11430450816073806,6.03415010371698
PatchTST__Weather__h96__s2021,PatchTST,Weather,96,10444,192,10252,1000000000,2.0,192,True,False,-0.1513021408417673,-0.3073765198096366,-0.3073765198096366,6.03415010371698
PatchTST__Weather__h192__s2021,PatchTST,Weather,192,10348,384,9964,50,0.0,0,False,False,1.5895432561503637,1.5895432561503637,1.5895432561503637,4.344074848823497
PatchTST__Weather__h192__s2021,PatchTST,Weather,192,10348,384,9964,50,0.125,24,False,False,-0.6587291113260605,-0.6587291113260605,-0.6587291113260605,4.344074848823497
PatchTST__Weather__h192__s2021,PatchTST,Weather,192,10348,384,9964,50,0.25,48,False,False,-1.255237401930334,-1.255237401930334,-1.255237401930334,4.344074848823497
PatchTST__Weather__h192__s2021,PatchTST,Weather,192,10348,384,9964,50,0.5,96,False,False,-1.623372791282128,-1.623372791282128,-1.623372791282128,4.344074848823497
PatchTST__Weather__h192__s2021,PatchTST,Weather,192,10348,384,9964,50,1.0,192,True,False,-1.2741986355411392,-1.2741986355411392,-1.2741986355411392,4.344074848823497
PatchTST__Weather__h192__s2021,PatchTST,Weather,192,10348,384,9964,50,2.0,384,True,False,-1.4859570804888407,-1.4859570804888407,-1.4859570804888407,4.344074848823497
PatchTST__Weather__h192__s2021,PatchTST,Weather,192,10348,384,9964,200,0.0,0,False,False,0.44178994711221337,0.44178994711221337,0.44178994711221337,4.344074848823497
PatchTST__Weather__h192__s2021,PatchTST,Weather,192,10348,384,9964,200,0.125,24,False,False,-0.606823043360863,-0.606823043360863,-0.606823043360863,4.344074848823497
PatchTST__Weather__h192__s2021,PatchTST,Weather,192,10348,384,9964,200,0.25,48,False,False,-0.7233572589351112,-0.7233572589351112,-0.7233572589351112,4.344074848823497
PatchTST__Weather__h192__s2021,PatchTST,Weather,192,10348,384,9964,200,0.5,96,False,False,-0.6772895905261875,-0.6772895905261875,-0.6772895905261875,4.344074848823497
PatchTST__Weather__h192__s2021,PatchTST,Weather,192,10348,384,9964,200,1.0,192,True,False,-0.9358501299424182,-0.9358501299424182,-0.9358501299424182,4.344074848823497
PatchTST__Weather__h192__s2021,PatchTST,Weather,192,10348,384,9964,200,2.0,384,True,False,-0.9194844712845822,-0.9194844712845822,-0.9194844712845822,4.344074848823497
PatchTST__Weather__h192__s2021,PatchTST,Weather,192,10348,384,9964,1000,0.0,0,False,False,-0.018677054025576897,-0.018677054025576897,-0.018677054025576897,4.344074848823497
PatchTST__Weather__h192__s2021,PatchTST,Weather,192,10348,384,9964,1000,0.125,24,False,False,-0.31879801374280575,-0.31879801374280575,-0.31879801374280575,4.344074848823497
PatchTST__Weather__h192__s2021,PatchTST,Weather,192,10348,384,9964,1000,0.25,48,False,False,-0.4233579718236529,-0.4233579718236529,-0.4233579718236529,4.344074848823497
PatchTST__Weather__h192__s2021,PatchTST,Weather,192,10348,384,9964,1000,0.5,96,False,False,-0.5279284475382319,-0.5279284475382319,-0.5279284475382319,4.344074848823497
PatchTST__Weather__h192__s2021,PatchTST,Weather,192,10348,384,9964,1000,1.0,192,True,False,-0.5447027175940421,-0.5447027175940421,-0.5447027175940421,4.344074848823497
PatchTST__Weather__h192__s2021,PatchTST,Weather,192,10348,384,9964,1000,2.0,384,True,False,-0.7377573166602628,-0.7377573166602628,-0.7377573166602628,4.344074848823497
PatchTST__Weather__h192__s2021,PatchTST,Weather,192,10348,384,9964,3000,0.0,0,False,False,0.008060169162619406,0.008060169162619406,0.008060169162619406,4.344074848823497
PatchTST__Weather__h192__s2021,PatchTST,Weather,192,10348,384,9964,3000,0.125,24,False,False,-0.008106569519999659,-0.008106569519999659,-0.008106569519999659,4.344074848823497
PatchTST__Weather__h192__s2021,PatchTST,Weather,192,10348,384,9964,3000,0.25,48,False,False,-0.01637604270533925,-0.01637604270533925,-0.01637604270533925,4.344074848823497
PatchTST__Weather__h192__s2021,PatchTST,Weather,192,10348,384,9964,3000,0.5,96,False,False,-0.025549064379788603,-0.025549064379788603,-0.025549064379788603,4.344074848823497
PatchTST__Weather__h192__s2021,PatchTST,Weather,192,10348,384,9964,3000,1.0,192,True,False,-0.005013410025176659,-0.005013410025176659,-0.005013410025176659,4.344074848823497
PatchTST__Weather__h192__s2021,PatchTST,Weather,192,10348,384,9964,3000,2.0,384,True,False,-0.044920948533268015,-0.044920948533268015,-0.044920948533268015,4.344074848823497
PatchTST__Weather__h192__s2021,PatchTST,Weather,192,10348,384,9964,1000000000,0.0,0,False,False,-0.000481152785705411,-0.000481152785705411,-0.000481152785705411,4.344074848823497
PatchTST__Weather__h192__s2021,PatchTST,Weather,192,10348,384,9964,1000000000,0.125,24,False,False,-0.0014085154613646335,-0.0014085154613646335,-0.0014085154613646335,4.344074848823497
PatchTST__Weather__h192__s2021,PatchTST,Weather,192,10348,384,9964,1000000000,0.25,48,False,False,-0.0037690399293203803,-0.0037690399293203803,-0.0037690399293203803,4.344074848823497
PatchTST__Weather__h192__s2021,PatchTST,Weather,192,10348,384,9964,1000000000,0.5,96,False,False,-0.0033322266892548123,-0.0033322266892548123,-0.0033322266892548123,4.344074848823497
PatchTST__Weather__h192__s2021,PatchTST,Weather,192,10348,384,9964,1000000000,1.0,192,True,False,-0.004714203456909132,-0.004714203456909132,-0.004714203456909132,4.344074848823497
PatchTST__Weather__h192__s2021,PatchTST,Weather,192,10348,384,9964,1000000000,2.0,384,True,False,-0.04267447297092686,-0.04267447297092686,-0.04267447297092686,4.344074848823497
PatchTST__Weather__h336__s2021,PatchTST,Weather,336,10204,672,9532,50,0.0,0,False,False,1.8724229263914995,1.9013773119015211,1.8724229263914995,3.989423841668852
PatchTST__Weather__h336__s2021,PatchTST,Weather,336,10204,672,9532,50,0.125,42,False,False,-0.38842962934564973,-0.3588081368058577,-0.38842962934564973,3.989423841668852
PatchTST__Weather__h336__s2021,PatchTST,Weather,336,10204,672,9532,50,0.25,84,False,False,-0.8283960313727964,-0.798644718478771,-0.8283960313727964,3.989423841668852
PatchTST__Weather__h336__s2021,PatchTST,Weather,336,10204,672,9532,50,0.5,168,False,False,-0.6358506215114128,-0.606156122758647,-0.6358506215114128,3.989423841668852
PatchTST__Weather__h336__s2021,PatchTST,Weather,336,10204,672,9532,50,1.0,336,True,False,-0.6087481303125823,-0.5790616286591219,-0.6087481303125823,3.989423841668852
PatchTST__Weather__h336__s2021,PatchTST,Weather,336,10204,672,9532,50,2.0,672,True,False,-1.3523268308765994,-1.3224209223551082,-1.3523268308765994,3.989423841668852
PatchTST__Weather__h336__s2021,PatchTST,Weather,336,10204,672,9532,200,0.0,0,False,False,0.8680206225032103,0.8972713757865046,0.8680206225032103,3.989423841668852
PatchTST__Weather__h336__s2021,PatchTST,Weather,336,10204,672,9532,200,0.125,42,False,False,-0.26033196267336495,-0.23074826775718066,-0.26033196267336495,3.989423841668852
PatchTST__Weather__h336__s2021,PatchTST,Weather,336,10204,672,9532,200,0.25,84,False,False,-0.436730620661692,-0.40709487600679856,-0.436730620661692,3.989423841668852
PatchTST__Weather__h336__s2021,PatchTST,Weather,336,10204,672,9532,200,0.5,168,False,False,-0.7949642489022272,-0.7652228006838293,-0.7949642489022272,3.989423841668852
PatchTST__Weather__h336__s2021,PatchTST,Weather,336,10204,672,9532,200,1.0,336,True,False,0.1326546261084147,0.1621223629470514,0.1326546261084147,3.989423841668852
PatchTST__Weather__h336__s2021,PatchTST,Weather,336,10204,672,9532,200,2.0,672,True,False,-1.1173453755282228,-1.0875088027006188,-1.1173453755282228,3.989423841668852
PatchTST__Weather__h336__s2021,PatchTST,Weather,336,10204,672,9532,1000,0.0,0,False,False,0.22960559777689818,0.259044727409559,0.22960559777689818,3.989423841668852
PatchTST__Weather__h336__s2021,PatchTST,Weather,336,10204,672,9532,1000,0.125,42,False,False,-0.12125191322062448,-0.0917092564864549,-0.12125191322062448,3.989423841668852
PatchTST__Weather__h336__s2021,PatchTST,Weather,336,10204,672,9532,1000,0.25,84,False,False,-0.22395694692086673,-0.19438398513659544,-0.22395694692086673,3.989423841668852
PatchTST__Weather__h336__s2021,PatchTST,Weather,336,10204,672,9532,1000,0.5,168,False,False,-0.2905957851613032,-0.26100316033561277,-0.2905957851613032,3.989423841668852
PatchTST__Weather__h336__s2021,PatchTST,Weather,336,10204,672,9532,1000,1.0,336,True,False,-0.31001150320942544,-0.2804131494112883,-0.31001150320942544,3.989423841668852
PatchTST__Weather__h336__s2021,PatchTST,Weather,336,10204,672,9532,1000,2.0,672,True,False,-0.6514684408225496,-0.621769333738725,-0.6514684408225496,3.989423841668852
PatchTST__Weather__h336__s2021,PatchTST,Weather,336,10204,672,9532,3000,0.0,0,False,False,-0.12617091853011594,-0.09662681035099781,-0.12617091853011594,3.989423841668852
PatchTST__Weather__h336__s2021,PatchTST,Weather,336,10204,672,9532,3000,0.125,42,False,False,-0.3472590636277654,-0.31764971923701585,-0.3472590636277654,3.989423841668852
PatchTST__Weather__h336__s2021,PatchTST,Weather,336,10204,672,9532,3000,0.25,84,False,False,-0.4205892672135094,-0.3909582853682596,-0.4205892672135094,3.989423841668852
PatchTST__Weather__h336__s2021,PatchTST,Weather,336,10204,672,9532,3000,0.5,168,False,False,-0.4682717084187726,-0.43862665697325454,-0.4682717084187726,3.989423841668852
PatchTST__Weather__h336__s2021,PatchTST,Weather,336,10204,672,9532,3000,1.0,336,True,False,-0.5030769310789589,-0.47342160969847746,-0.5030769310789589,3.989423841668852
PatchTST__Weather__h336__s2021,PatchTST,Weather,336,10204,672,9532,3000,2.0,672,True,False,-0.4340421477213089,-0.404407196350875,-0.4340421477213089,3.989423841668852
PatchTST__Weather__h336__s2021,PatchTST,Weather,336,10204,672,9532,1000000000,0.0,0,False,False,0.0004322871358841028,0.029939038660196537,0.0004322871358841028,3.989423841668852
PatchTST__Weather__h336__s2021,PatchTST,Weather,336,10204,672,9532,1000000000,0.125,42,False,False,-0.2076567285135639,-0.17808857641502762,-0.2076567285135639,3.989423841668852
PatchTST__Weather__h336__s2021,PatchTST,Weather,336,10204,672,9532,1000000000,0.25,84,False,False,-0.18434962500043628,-0.15478835010075034,-0.18434962500043628,3.989423841668852
PatchTST__Weather__h336__s2021,PatchTST,Weather,336,10204,672,9532,1000000000,0.5,168,False,False,-0.20554576054320992,-0.17597823132544005,-0.20554576054320992,3.989423841668852
PatchTST__Weather__h336__s2021,PatchTST,Weather,336,10204,672,9532,1000000000,1.0,336,True,False,-0.30048936321093617,-0.27089381909913407,-0.30048936321093617,3.989423841668852
PatchTST__Weather__h336__s2021,PatchTST,Weather,336,10204,672,9532,1000000000,2.0,672,True,False,-0.375642920763084,-0.34602520118193164,-0.375642920763084,3.989423841668852
PatchTST__Weather__h720__s2021,PatchTST,Weather,720,9820,1440,8380,50,0.0,0,False,False,1.7801426631860762,1.5869249979051023,1.3338747711142624,3.4097333694417498
PatchTST__Weather__h720__s2021,PatchTST,Weather,720,9820,1440,8380,50,0.125,90,False,False,-0.22339003095906024,-0.42054903681996714,-0.6787610956108038,3.4097333694417498
PatchTST__Weather__h720__s2021,PatchTST,Weather,720,9820,1440,8380,50,0.25,180,False,False,-0.49855374654691,-0.6962540532418591,-0.9551750342661637,3.4097333694417498
PatchTST__Weather__h720__s2021,PatchTST,Weather,720,9820,1440,8380,50,0.5,360,False,False,-0.2810403921550882,-0.4783128075494126,-0.7366733947271843,3.4097333694417498
PatchTST__Weather__h720__s2021,PatchTST,Weather,720,9820,1440,8380,50,1.0,720,True,False,-0.8082358295714849,-1.0065453414789418,-1.2662641766588851,3.4097333694417498
PatchTST__Weather__h720__s2021,PatchTST,Weather,720,9820,1440,8380,50,2.0,1440,True,False,-0.25568387162042794,-0.45290640578064956,-0.711201665300187,3.4097333694417498
PatchTST__Weather__h720__s2021,PatchTST,Weather,720,9820,1440,8380,200,0.0,0,False,False,1.0817513683524138,0.8871598308311498,0.6323102929810362,3.4097333694417498
PatchTST__Weather__h720__s2021,PatchTST,Weather,720,9820,1440,8380,200,0.125,90,False,False,-0.10522697912217574,-0.3021535351545301,-0.5600611627653959,3.4097333694417498
PatchTST__Weather__h720__s2021,PatchTST,Weather,720,9820,1440,8380,200,0.25,180,False,False,-0.11564287017170966,-0.31258991629848054,-0.5705243790490399,3.4097333694417498
PatchTST__Weather__h720__s2021,PatchTST,Weather,720,9820,1440,8380,200,0.5,360,False,False,0.09554720486367924,-0.10098438908941437,-0.35837474907060785,3.4097333694417498
PatchTST__Weather__h720__s2021,PatchTST,Weather,720,9820,1440,8380,200,1.0,720,True,False,-0.3286326403296832,-0.5259986789823496,-0.7844818811742399,3.4097333694417498
PatchTST__Weather__h720__s2021,PatchTST,Weather,720,9820,1440,8380,200,2.0,1440,True,False,-0.04649898145708141,-0.24331000803436267,-0.501066330873148,3.4097333694417498
PatchTST__Weather__h720__s2021,PatchTST,Weather,720,9820,1440,8380,1000,0.0,0,False,False,0.540582743096401,0.34492662106920846,0.08868283518141437,3.4097333694417498
PatchTST__Weather__h720__s2021,PatchTST,Weather,720,9820,1440,8380,1000,0.125,90,False,False,0.3184053817919339,0.12231219345052012,-0.13450400246911803,3.4097333694417498
PatchTST__Weather__h720__s2021,PatchTST,Weather,720,9820,1440,8380,1000,0.25,180,False,False,0.2501015405108147,0.05387398515747575,-0.20311818640492477,3.4097333694417498
PatchTST__Weather__h720__s2021,PatchTST,Weather,720,9820,1440,8380,1000,0.5,360,False,False,0.11374448386853417,-0.08275131247846307,-0.3400947896224787,3.4097333694417498
PatchTST__Weather__h720__s2021,PatchTST,Weather,720,9820,1440,8380,1000,1.0,720,True,False,0.05508515179882725,-0.14152603892459006,-0.39902064393303266,3.4097333694417498
PatchTST__Weather__h720__s2021,PatchTST,Weather,720,9820,1440,8380,1000,2.0,1440,True,False,0.22902659964721125,0.03275758576420215,-0.22428888254337537,3.4097333694417498
PatchTST__Weather__h720__s2021,PatchTST,Weather,720,9820,1440,8380,3000,0.0,0,False,False,0.328644576984007,0.13257153114170708,-0.1242182848713036,3.4097333694417498
PatchTST__Weather__h720__s2021,PatchTST,Weather,720,9820,1440,8380,3000,0.125,90,False,False,0.23474372701161553,0.038485959836058625,-0.21854577906327718,3.4097333694417498
PatchTST__Weather__h720__s2021,PatchTST,Weather,720,9820,1440,8380,3000,0.25,180,False,False,0.16683540655149778,-0.02955594956918924,-0.2867626451051906,3.4097333694417498
PatchTST__Weather__h720__s2021,PatchTST,Weather,720,9820,1440,8380,3000,0.5,360,False,False,0.21455549630885593,0.018258014935902407,-0.2388257362193698,3.4097333694417498
PatchTST__Weather__h720__s2021,PatchTST,Weather,720,9820,1440,8380,3000,1.0,720,True,False,0.25070493029162383,0.05447856192397052,-0.20251205508596964,3.4097333694417498
PatchTST__Weather__h720__s2021,PatchTST,Weather,720,9820,1440,8380,3000,2.0,1440,True,False,0.05771933824266765,-0.13888667052092613,-0.3963744889029665,3.4097333694417498
PatchTST__Weather__h720__s2021,PatchTST,Weather,720,9820,1440,8380,1000000000,0.0,0,False,False,0.45292513544792873,0.2570965737659332,0.0006269498643521401,3.4097333694417498
PatchTST__Weather__h720__s2021,PatchTST,Weather,720,9820,1440,8380,1000000000,0.125,90,False,False,0.3768422544747798,0.18086402288867245,-0.07580161830317138,3.4097333694417498
PatchTST__Weather__h720__s2021,PatchTST,Weather,720,9820,1440,8380,1000000000,0.25,180,False,False,0.31703593232545096,0.1209400500091546,-0.1358796741124935,3.4097333694417498
PatchTST__Weather__h720__s2021,PatchTST,Weather,720,9820,1440,8380,1000000000,0.5,360,False,False,0.3475925849936972,0.15155681358824358,-0.10518418543547291,3.4097333694417498
PatchTST__Weather__h720__s2021,PatchTST,Weather,720,9820,1440,8380,1000000000,1.0,720,True,False,0.46720744708279577,0.2714069815005476,0.014974154050277844,3.4097333694417498
PatchTST__Weather__h720__s2021,PatchTST,Weather,720,9820,1440,8380,1000000000,2.0,1440,True,False,0.3667467029320047,0.1707486114219297,-0.08594303959803593,3.4097333694417498
TimesNet__ETTh1__h96__s2021,TimesNet,ETTh1,96,2785,192,2593,50,0.0,0,False,False,3.8467896457740536,8.53292429575097,3.291748397165737,8.089172102030492
TimesNet__ETTh1__h96__s2021,TimesNet,ETTh1,96,2785,192,2593,50,0.125,12,False,False,1.509514031009881,6.309558431940955,0.9409809356833807,8.089172102030492
TimesNet__ETTh1__h96__s2021,TimesNet,ETTh1,96,2785,192,2593,50,0.25,24,False,False,0.576045800498051,5.421583823571735,0.002124290470775104,8.089172102030492
TimesNet__ETTh1__h96__s2021,TimesNet,ETTh1,96,2785,192,2593,50,0.5,48,False,False,-0.08886958951186755,4.789073831540204,-0.6666293017887657,8.089172102030492
TimesNet__ETTh1__h96__s2021,TimesNet,ETTh1,96,2785,192,2593,50,1.0,96,True,False,-1.062802793126205,3.8626063559593526,-1.646184502832037,8.089172102030492
TimesNet__ETTh1__h96__s2021,TimesNet,ETTh1,96,2785,192,2593,50,2.0,192,True,False,-2.4313361206085657,2.560770036532547,-3.022617643997681,8.089172102030492
TimesNet__ETTh1__h96__s2021,TimesNet,ETTh1,96,2785,192,2593,200,0.0,0,False,False,1.2512233928638345,6.06385587800678,0.6811993233122172,8.089172102030492
TimesNet__ETTh1__h96__s2021,TimesNet,ETTh1,96,2785,192,2593,200,0.125,12,False,False,0.4213051561941761,5.274384638282705,-0.15350958911987253,8.089172102030492
TimesNet__ETTh1__h96__s2021,TimesNet,ETTh1,96,2785,192,2593,200,0.25,24,False,False,-0.04761936233592948,4.828313682586459,-0.6251409590313222,8.089172102030492
TimesNet__ETTh1__h96__s2021,TimesNet,ETTh1,96,2785,192,2593,200,0.5,48,False,False,-0.5155670156674955,4.383171983466656,-1.0957898248219589,8.089172102030492
TimesNet__ETTh1__h96__s2021,TimesNet,ETTh1,96,2785,192,2593,200,1.0,96,True,False,-1.8092449841665512,3.1525428630691,-2.396935506903198,8.089172102030492
TimesNet__ETTh1__h96__s2021,TimesNet,ETTh1,96,2785,192,2593,200,2.0,192,True,False,-3.4118029319990972,1.6280873758852217,-4.008744167853437,8.089172102030492
TimesNet__ETTh1__h96__s2021,TimesNet,ETTh1,96,2785,192,2593,1000,0.0,0,False,False,0.629387200234178,5.472325570309685,0.055773601684875586,8.089172102030492
TimesNet__ETTh1__h96__s2021,TimesNet,ETTh1,96,2785,192,2593,1000,0.125,12,False,False,0.2067078194871924,5.070245943691057,-0.36934568190452705,8.089172102030492
TimesNet__ETTh1__h96__s2021,TimesNet,ETTh1,96,2785,192,2593,1000,0.25,24,False,False,-0.1623561758685988,4.719168696466963,-0.7405400870515672,8.089172102030492
TimesNet__ETTh1__h96__s2021,TimesNet,ETTh1,96,2785,192,2593,1000,0.5,48,False,False,-0.9586635794353211,3.961670228162413,-1.541444148950585,8.089172102030492
TimesNet__ETTh1__h96__s2021,TimesNet,ETTh1,96,2785,192,2593,1000,1.0,96,True,False,-1.585270458312439,3.365601738967787,-2.171668095455058,8.089172102030492
TimesNet__ETTh1__h96__s2021,TimesNet,ETTh1,96,2785,192,2593,1000,2.0,192,True,False,-0.6946503980255666,4.212816430790107,-1.2759069601226811,8.089172102030492
TimesNet__ETTh1__h96__s2021,TimesNet,ETTh1,96,2785,192,2593,3000,0.0,0,False,False,0.2988673329872845,5.157913959840755,-0.2766541806397438,8.089172102030492
TimesNet__ETTh1__h96__s2021,TimesNet,ETTh1,96,2785,192,2593,3000,0.125,12,False,False,-0.21367281484516717,4.670353031499921,-0.7921529496411278,8.089172102030492
TimesNet__ETTh1__h96__s2021,TimesNet,ETTh1,96,2785,192,2593,3000,0.25,24,False,False,-0.7157104708767276,4.192782744231772,-1.2970886015526553,8.089172102030492
TimesNet__ETTh1__h96__s2021,TimesNet,ETTh1,96,2785,192,2593,3000,0.5,48,False,False,-1.206085420746204,3.726306768048129,-1.7902942247138407,8.089172102030492
TimesNet__ETTh1__h96__s2021,TimesNet,ETTh1,96,2785,192,2593,3000,1.0,96,True,False,-0.6692600964278209,4.236969307535866,-1.2503700938429092,8.089172102030492
TimesNet__ETTh1__h96__s2021,TimesNet,ETTh1,96,2785,192,2593,3000,2.0,192,True,False,0.2156440096457569,5.07874661859031,-0.3603579078817823,8.089172102030492
TimesNet__ETTh1__h96__s2021,TimesNet,ETTh1,96,2785,192,2593,1000000000,0.0,0,False,False,0.2988673329872845,5.157913959840755,-0.2766541806397438,8.089172102030492
TimesNet__ETTh1__h96__s2021,TimesNet,ETTh1,96,2785,192,2593,1000000000,0.125,12,False,False,-0.21367281484516717,4.670353031499921,-0.7921529496411278,8.089172102030492
TimesNet__ETTh1__h96__s2021,TimesNet,ETTh1,96,2785,192,2593,1000000000,0.25,24,False,False,-0.7157104708767276,4.192782744231772,-1.2970886015526553,8.089172102030492
TimesNet__ETTh1__h96__s2021,TimesNet,ETTh1,96,2785,192,2593,1000000000,0.5,48,False,False,-1.206085420746204,3.726306768048129,-1.7902942247138407,8.089172102030492
TimesNet__ETTh1__h96__s2021,TimesNet,ETTh1,96,2785,192,2593,1000000000,1.0,96,True,False,-0.6692600964278209,4.236969307535866,-1.2503700938429092,8.089172102030492
TimesNet__ETTh1__h96__s2021,TimesNet,ETTh1,96,2785,192,2593,1000000000,2.0,192,True,False,0.2156440096457569,5.07874661859031,-0.3603579078817823,8.089172102030492
TimesNet__ETTh1__h192__s2021,TimesNet,ETTh1,192,2689,384,2305,50,0.0,0,False,False,13.382495551619067,12.273463577646844,1.833222319594505,16.657264618700026
TimesNet__ETTh1__h192__s2021,TimesNet,ETTh1,192,2689,384,2305,50,0.125,24,False,False,10.862873918625032,9.721581248952809,-1.022356795274454,16.657264618700026
TimesNet__ETTh1__h192__s2021,TimesNet,ETTh1,192,2689,384,2305,50,0.25,48,False,False,8.232998279723786,7.058033245675721,-4.002890797209194,16.657264618700026
TimesNet__ETTh1__h192__s2021,TimesNet,ETTh1,192,2689,384,2305,50,0.5,96,False,False,4.0633678169069665,2.8350157275245107,-8.728485112809869,16.657264618700026
TimesNet__ETTh1__h192__s2021,TimesNet,ETTh1,192,2689,384,2305,50,1.0,192,True,False,7.049442257772362,5.859323225930307,-5.344258014137624,16.657264618700026
TimesNet__ETTh1__h192__s2021,TimesNet,ETTh1,192,2689,384,2305,50,2.0,384,True,False,8.079961907728782,6.903037428753227,-4.176332500503732,16.657264618700026
TimesNet__ETTh1__h192__s2021,TimesNet,ETTh1,192,2689,384,2305,200,0.0,0,False,False,10.85720048180184,9.715835170659751,-1.0287867081985558,16.657264618700026
TimesNet__ETTh1__h192__s2021,TimesNet,ETTh1,192,2689,384,2305,200,0.125,24,False,False,9.688173941915238,8.531840665355386,-2.3536871330535787,16.657264618700026
TimesNet__ETTh1__h192__s2021,TimesNet,ETTh1,192,2689,384,2305,200,0.25,48,False,False,9.090128168916392,7.926137642377121,-3.0314742248725395,16.657264618700026
TimesNet__ETTh1__h192__s2021,TimesNet,ETTh1,192,2689,384,2305,200,0.5,96,False,False,9.245900571547244,8.083904521485682,-2.854931678245392,16.657264618700026
TimesNet__ETTh1__h192__s2021,TimesNet,ETTh1,192,2689,384,2305,200,1.0,192,True,False,9.726215240768624,8.570369036851057,-2.310573541280225,16.657264618700026
TimesNet__ETTh1__h192__s2021,TimesNet,ETTh1,192,2689,384,2305,200,2.0,384,True,False,9.123392939936094,7.959828328399833,-2.9937740463453832,16.657264618700026
TimesNet__ETTh1__h192__s2021,TimesNet,ETTh1,192,2689,384,2305,1000,0.0,0,False,False,11.766840773593033,10.637122301907178,0.002141819032574563,16.657264618700026
TimesNet__ETTh1__h192__s2021,TimesNet,ETTh1,192,2689,384,2305,1000,0.125,24,False,False,11.561353943600444,10.429004462557494,-0.23074390175328674,16.657264618700026
TimesNet__ETTh1__h192__s2021,TimesNet,ETTh1,192,2689,384,2305,1000,0.25,48,False,False,11.414232443168874,10.279999249946998,-0.39748206532483815,16.657264618700026
TimesNet__ETTh1__h192__s2021,TimesNet,ETTh1,192,2689,384,2305,1000,0.5,96,False,False,11.00736338593839,9.867920728456811,-0.858601610854849,16.657264618700026
TimesNet__ETTh1__h192__s2021,TimesNet,ETTh1,192,2689,384,2305,1000,1.0,192,True,False,11.322880593005271,10.187477750260957,-0.5010144497177438,16.657264618700026
TimesNet__ETTh1__h192__s2021,TimesNet,ETTh1,192,2689,384,2305,1000,2.0,384,True,False,10.519666767332488,9.373979746808168,-1.4113259803580382,16.657264618700026
TimesNet__ETTh1__h192__s2021,TimesNet,ETTh1,192,2689,384,2305,3000,0.0,0,False,False,11.766840773593033,10.637122301907178,0.002141819032574563,16.657264618700026
TimesNet__ETTh1__h192__s2021,TimesNet,ETTh1,192,2689,384,2305,3000,0.125,24,False,False,11.561353943600444,10.429004462557494,-0.23074390175328674,16.657264618700026
TimesNet__ETTh1__h192__s2021,TimesNet,ETTh1,192,2689,384,2305,3000,0.25,48,False,False,11.414232443168874,10.279999249946998,-0.39748206532483815,16.657264618700026
TimesNet__ETTh1__h192__s2021,TimesNet,ETTh1,192,2689,384,2305,3000,0.5,96,False,False,11.00736338593839,9.867920728456811,-0.858601610854849,16.657264618700026
TimesNet__ETTh1__h192__s2021,TimesNet,ETTh1,192,2689,384,2305,3000,1.0,192,True,False,11.322880593005271,10.187477750260957,-0.5010144497177438,16.657264618700026
TimesNet__ETTh1__h192__s2021,TimesNet,ETTh1,192,2689,384,2305,3000,2.0,384,True,False,10.519666767332488,9.373979746808168,-1.4113259803580382,16.657264618700026
TimesNet__ETTh1__h192__s2021,TimesNet,ETTh1,192,2689,384,2305,1000000000,0.0,0,False,False,11.766840773593033,10.637122301907178,0.002141819032574563,16.657264618700026
TimesNet__ETTh1__h192__s2021,TimesNet,ETTh1,192,2689,384,2305,1000000000,0.125,24,False,False,11.561353943600444,10.429004462557494,-0.23074390175328674,16.657264618700026
TimesNet__ETTh1__h192__s2021,TimesNet,ETTh1,192,2689,384,2305,1000000000,0.25,48,False,False,11.414232443168874,10.279999249946998,-0.39748206532483815,16.657264618700026
TimesNet__ETTh1__h192__s2021,TimesNet,ETTh1,192,2689,384,2305,1000000000,0.5,96,False,False,11.00736338593839,9.867920728456811,-0.858601610854849,16.657264618700026
TimesNet__ETTh1__h192__s2021,TimesNet,ETTh1,192,2689,384,2305,1000000000,1.0,192,True,False,11.322880593005271,10.187477750260957,-0.5010144497177438,16.657264618700026
TimesNet__ETTh1__h192__s2021,TimesNet,ETTh1,192,2689,384,2305,1000000000,2.0,384,True,False,10.519666767332488,9.373979746808168,-1.4113259803580382,16.657264618700026
TimesNet__ETTh1__h336__s2021,TimesNet,ETTh1,336,2545,672,1873,50,0.0,0,False,False,8.937384075113028,8.937384075113028,4.6454595639444705,10.806308696067587
TimesNet__ETTh1__h336__s2021,TimesNet,ETTh1,336,2545,672,1873,50,0.125,42,False,False,4.061464221651963,4.061464221651963,-0.46027007173089596,10.806308696067587
TimesNet__ETTh1__h336__s2021,TimesNet,ETTh1,336,2545,672,1873,50,0.25,84,False,False,1.6631727123496234,1.6631727123496234,-2.9715968371496713,10.806308696067587
TimesNet__ETTh1__h336__s2021,TimesNet,ETTh1,336,2545,672,1873,50,0.5,168,False,False,2.531221808678703,2.531221808678703,-2.062635219742726,10.806308696067587
TimesNet__ETTh1__h336__s2021,TimesNet,ETTh1,336,2545,672,1873,50,1.0,336,True,False,-0.035783145702413796,-0.035783145702413796,-4.75062716062868,10.806308696067587
TimesNet__ETTh1__h336__s2021,TimesNet,ETTh1,336,2545,672,1873,50,2.0,672,True,False,1.3728247731976289,1.3728247731976289,-3.275629331968742,10.806308696067587
TimesNet__ETTh1__h336__s2021,TimesNet,ETTh1,336,2545,672,1873,200,0.0,0,False,False,6.586692948987863,6.586692948987863,2.1839766627320962,10.806308696067587
TimesNet__ETTh1__h336__s2021,TimesNet,ETTh1,336,2545,672,1873,200,0.125,42,False,False,4.025930107148084,4.025930107148084,-0.49747896501718714,10.806308696067587
TimesNet__ETTh1__h336__s2021,TimesNet,ETTh1,336,2545,672,1873,200,0.25,84,False,False,2.43012273433905,2.43012273433905,-2.168499252685949,10.806308696067587
TimesNet__ETTh1__h336__s2021,TimesNet,ETTh1,336,2545,672,1873,200,0.5,168,False,False,0.9237282028905733,0.9237282028905733,-3.745892530956578,10.806308696067587
TimesNet__ETTh1__h336__s2021,TimesNet,ETTh1,336,2545,672,1873,200,1.0,336,True,False,4.113333906040955,4.113333906040955,-0.40595568742246296,10.806308696067587
TimesNet__ETTh1__h336__s2021,TimesNet,ETTh1,336,2545,672,1873,200,2.0,672,True,False,1.903553655580212,1.903553655580212,-2.7198863614672564,10.806308696067587
TimesNet__ETTh1__h336__s2021,TimesNet,ETTh1,336,2545,672,1873,1000,0.0,0,False,False,4.501017457104425,4.501017457104425,0.0,10.806308696067587
TimesNet__ETTh1__h336__s2021,TimesNet,ETTh1,336,2545,672,1873,1000,0.125,42,False,False,4.501017457104425,4.501017457104425,0.0,10.806308696067587
TimesNet__ETTh1__h336__s2021,TimesNet,ETTh1,336,2545,672,1873,1000,0.25,84,False,False,4.501017457104425,4.501017457104425,0.0,10.806308696067587
TimesNet__ETTh1__h336__s2021,TimesNet,ETTh1,336,2545,672,1873,1000,0.5,168,False,False,4.501017457104425,4.501017457104425,0.0,10.806308696067587
TimesNet__ETTh1__h336__s2021,TimesNet,ETTh1,336,2545,672,1873,1000,1.0,336,True,False,4.501017457104425,4.501017457104425,0.0,10.806308696067587
TimesNet__ETTh1__h336__s2021,TimesNet,ETTh1,336,2545,672,1873,1000,2.0,672,True,False,4.501017457104425,4.501017457104425,0.0,10.806308696067587
TimesNet__ETTh1__h336__s2021,TimesNet,ETTh1,336,2545,672,1873,3000,0.0,0,False,False,4.501017457104425,4.501017457104425,0.0,10.806308696067587
TimesNet__ETTh1__h336__s2021,TimesNet,ETTh1,336,2545,672,1873,3000,0.125,42,False,False,4.501017457104425,4.501017457104425,0.0,10.806308696067587
TimesNet__ETTh1__h336__s2021,TimesNet,ETTh1,336,2545,672,1873,3000,0.25,84,False,False,4.501017457104425,4.501017457104425,0.0,10.806308696067587
TimesNet__ETTh1__h336__s2021,TimesNet,ETTh1,336,2545,672,1873,3000,0.5,168,False,False,4.501017457104425,4.501017457104425,0.0,10.806308696067587
TimesNet__ETTh1__h336__s2021,TimesNet,ETTh1,336,2545,672,1873,3000,1.0,336,True,False,4.501017457104425,4.501017457104425,0.0,10.806308696067587
TimesNet__ETTh1__h336__s2021,TimesNet,ETTh1,336,2545,672,1873,3000,2.0,672,True,False,4.501017457104425,4.501017457104425,0.0,10.806308696067587
TimesNet__ETTh1__h336__s2021,TimesNet,ETTh1,336,2545,672,1873,1000000000,0.0,0,False,False,4.501017457104425,4.501017457104425,0.0,10.806308696067587
TimesNet__ETTh1__h336__s2021,TimesNet,ETTh1,336,2545,672,1873,1000000000,0.125,42,False,False,4.501017457104425,4.501017457104425,0.0,10.806308696067587
TimesNet__ETTh1__h336__s2021,TimesNet,ETTh1,336,2545,672,1873,1000000000,0.25,84,False,False,4.501017457104425,4.501017457104425,0.0,10.806308696067587
TimesNet__ETTh1__h336__s2021,TimesNet,ETTh1,336,2545,672,1873,1000000000,0.5,168,False,False,4.501017457104425,4.501017457104425,0.0,10.806308696067587
TimesNet__ETTh1__h336__s2021,TimesNet,ETTh1,336,2545,672,1873,1000000000,1.0,336,True,False,4.501017457104425,4.501017457104425,0.0,10.806308696067587
TimesNet__ETTh1__h336__s2021,TimesNet,ETTh1,336,2545,672,1873,1000000000,2.0,672,True,False,4.501017457104425,4.501017457104425,0.0,10.806308696067587
TimesNet__ETTh1__h720__s2021,TimesNet,ETTh1,720,2161,1080,1081,50,0.0,0,False,False,14.099916393473093,12.75520390615377,2.295765244863124,16.19378604156022
TimesNet__ETTh1__h720__s2021,TimesNet,ETTh1,720,2161,1080,1081,50,0.125,90,False,False,4.528163276531316,3.033610935727717,-8.591311627374443,16.19378604156022
TimesNet__ETTh1__h720__s2021,TimesNet,ETTh1,720,2161,1080,1081,50,0.25,180,False,False,4.8190660935568586,3.32906765577904,-8.260433752379749,16.19378604156022
TimesNet__ETTh1__h720__s2021,TimesNet,ETTh1,720,2161,1080,1081,50,0.5,360,False,False,9.788977248726443,8.37677968506461,-2.6075711959110985,16.19378604156022
TimesNet__ETTh1__h720__s2021,TimesNet,ETTh1,720,2161,1080,1081,50,1.0,720,True,False,8.423302685090352,6.989726333862402,-4.160912968846009,16.19378604156022
TimesNet__ETTh1__h720__s2021,TimesNet,ETTh1,720,2161,1080,1081,50,2.0,1440,True,True,,,,16.19378604156022
TimesNet__ETTh1__h720__s2021,TimesNet,ETTh1,720,2161,1080,1081,200,0.0,0,False,False,12.613889499061775,11.245914183145446,0.6055326577905499,16.19378604156022
TimesNet__ETTh1__h720__s2021,TimesNet,ETTh1,720,2161,1080,1081,200,0.125,90,False,False,8.534048560607424,7.102205867316396,-4.034948702393761,16.19378604156022
TimesNet__ETTh1__h720__s2021,TimesNet,ETTh1,720,2161,1080,1081,200,0.25,180,False,False,10.699326217085693,9.301379601434324,-1.5721245981977683,16.19378604156022
TimesNet__ETTh1__h720__s2021,TimesNet,ETTh1,720,2161,1080,1081,200,0.5,360,False,False,12.364252725366143,10.992369500716915,0.3215914913023277,16.19378604156022
TimesNet__ETTh1__h720__s2021,TimesNet,ETTh1,720,2161,1080,1081,200,1.0,720,True,False,11.482985493161834,10.09730657702948,-0.6807770387645894,16.19378604156022
TimesNet__ETTh1__h720__s2021,TimesNet,ETTh1,720,2161,1080,1081,200,2.0,1440,True,True,,,,16.19378604156022
TimesNet__ETTh1__h720__s2021,TimesNet,ETTh1,720,2161,1080,1081,1000,0.0,0,False,False,12.081514356253997,10.705205037943081,0.0,16.19378604156022
TimesNet__ETTh1__h720__s2021,TimesNet,ETTh1,720,2161,1080,1081,1000,0.125,90,False,False,12.081514356253997,10.705205037943081,0.0,16.19378604156022
TimesNet__ETTh1__h720__s2021,TimesNet,ETTh1,720,2161,1080,1081,1000,0.25,180,False,False,12.081514356253997,10.705205037943081,0.0,16.19378604156022
TimesNet__ETTh1__h720__s2021,TimesNet,ETTh1,720,2161,1080,1081,1000,0.5,360,False,False,12.081514356253997,10.705205037943081,0.0,16.19378604156022
TimesNet__ETTh1__h720__s2021,TimesNet,ETTh1,720,2161,1080,1081,1000,1.0,720,True,False,11.649229602091914,10.26615313429064,-0.4916881256505506,16.19378604156022
TimesNet__ETTh1__h720__s2021,TimesNet,ETTh1,720,2161,1080,1081,1000,2.0,1440,True,True,,,,16.19378604156022
TimesNet__ETTh1__h720__s2021,TimesNet,ETTh1,720,2161,1080,1081,3000,0.0,0,False,False,12.081514356253997,10.705205037943081,0.0,16.19378604156022
TimesNet__ETTh1__h720__s2021,TimesNet,ETTh1,720,2161,1080,1081,3000,0.125,90,False,False,12.081514356253997,10.705205037943081,0.0,16.19378604156022
TimesNet__ETTh1__h720__s2021,TimesNet,ETTh1,720,2161,1080,1081,3000,0.25,180,False,False,12.081514356253997,10.705205037943081,0.0,16.19378604156022
TimesNet__ETTh1__h720__s2021,TimesNet,ETTh1,720,2161,1080,1081,3000,0.5,360,False,False,12.081514356253997,10.705205037943081,0.0,16.19378604156022
TimesNet__ETTh1__h720__s2021,TimesNet,ETTh1,720,2161,1080,1081,3000,1.0,720,True,False,11.649229602091914,10.26615313429064,-0.4916881256505506,16.19378604156022
TimesNet__ETTh1__h720__s2021,TimesNet,ETTh1,720,2161,1080,1081,3000,2.0,1440,True,True,,,,16.19378604156022
TimesNet__ETTh1__h720__s2021,TimesNet,ETTh1,720,2161,1080,1081,1000000000,0.0,0,False,False,12.081514356253997,10.705205037943081,0.0,16.19378604156022
TimesNet__ETTh1__h720__s2021,TimesNet,ETTh1,720,2161,1080,1081,1000000000,0.125,90,False,False,12.081514356253997,10.705205037943081,0.0,16.19378604156022
TimesNet__ETTh1__h720__s2021,TimesNet,ETTh1,720,2161,1080,1081,1000000000,0.25,180,False,False,12.081514356253997,10.705205037943081,0.0,16.19378604156022
TimesNet__ETTh1__h720__s2021,TimesNet,ETTh1,720,2161,1080,1081,1000000000,0.5,360,False,False,12.081514356253997,10.705205037943081,0.0,16.19378604156022
TimesNet__ETTh1__h720__s2021,TimesNet,ETTh1,720,2161,1080,1081,1000000000,1.0,720,True,False,11.649229602091914,10.26615313429064,-0.4916881256505506,16.19378604156022
TimesNet__ETTh1__h720__s2021,TimesNet,ETTh1,720,2161,1080,1081,1000000000,2.0,1440,True,True,,,,16.19378604156022
TimesNet__ETTh2__h96__s2021,TimesNet,ETTh2,96,2785,192,2593,50,0.0,0,False,False,12.500695447243773,8.459575691528482,5.093604755040817,16.88743704308376
TimesNet__ETTh2__h96__s2021,TimesNet,ETTh2,96,2785,192,2593,50,0.125,12,False,False,10.32209391222311,6.18035633162333,2.730577763903058,16.88743704308376
TimesNet__ETTh2__h96__s2021,TimesNet,ETTh2,96,2785,192,2593,50,0.25,24,False,False,8.711781162055148,4.495671942722396,0.9839469864745113,16.88743704308376
TimesNet__ETTh2__h96__s2021,TimesNet,ETTh2,96,2785,192,2593,50,0.5,48,False,False,6.9957306542744035,2.700366340924112,-0.8773725815405241,16.88743704308376
TimesNet__ETTh2__h96__s2021,TimesNet,ETTh2,96,2785,192,2593,50,1.0,96,True,False,4.988419853460241,0.6003487080443294,-3.0546085403324232,16.88743704308376
TimesNet__ETTh2__h96__s2021,TimesNet,ETTh2,96,2785,192,2593,50,2.0,192,True,False,4.391278086619191,-0.024371808173969774,-3.702300231492324,16.88743704308376
TimesNet__ETTh2__h96__s2021,TimesNet,ETTh2,96,2785,192,2593,200,0.0,0,False,False,9.762969079112109,5.595408545740932,2.12412125920581,16.88743704308376
TimesNet__ETTh2__h96__s2021,TimesNet,ETTh2,96,2785,192,2593,200,0.125,12,False,False,8.835283590117717,4.624878280141427,1.117904282607661,16.88743704308376
TimesNet__ETTh2__h96__s2021,TimesNet,ETTh2,96,2785,192,2593,200,0.25,24,False,False,8.10300362905969,3.85877826722731,0.3236345250436596,16.88743704308376
TimesNet__ETTh2__h96__s2021,TimesNet,ETTh2,96,2785,192,2593,200,0.5,48,False,False,7.211307610449955,2.925899631049184,-0.6435463595713385,16.88743704308376
TimesNet__ETTh2__h96__s2021,TimesNet,ETTh2,96,2785,192,2593,200,1.0,96,True,False,6.760210316610793,2.4539685923568375,-1.1328304548205554,16.88743704308376
TimesNet__ETTh2__h96__s2021,TimesNet,ETTh2,96,2785,192,2593,200,2.0,192,True,False,5.939550086368952,1.5954065035103868,-2.0229621486809504,16.88743704308376
TimesNet__ETTh2__h96__s2021,TimesNet,ETTh2,96,2785,192,2593,1000,0.0,0,False,False,9.187747274833816,4.993620356631711,1.5002051242216885,16.88743704308376
TimesNet__ETTh2__h96__s2021,TimesNet,ETTh2,96,2785,192,2593,1000,0.125,12,False,False,8.788402843556744,4.575832365387877,1.0670549337444162,16.88743704308376
TimesNet__ETTh2__h96__s2021,TimesNet,ETTh2,96,2785,192,2593,1000,0.25,24,False,False,8.41311915433842,4.1832163517785235,0.6600023026407464,16.88743704308376
TimesNet__ETTh2__h96__s2021,TimesNet,ETTh2,96,2785,192,2593,1000,0.5,48,False,False,8.306034521774944,4.071186059059259,0.5438526199126645,16.88743704308376
TimesNet__ETTh2__h96__s2021,TimesNet,ETTh2,96,2785,192,2593,1000,1.0,96,True,False,7.221483863680494,2.9365458703919463,-0.6325086545730325,16.88743704308376
TimesNet__ETTh2__h96__s2021,TimesNet,ETTh2,96,2785,192,2593,1000,2.0,192,True,False,6.755203981182109,2.4487310413646917,-1.1382605922525297,16.88743704308376
TimesNet__ETTh2__h96__s2021,TimesNet,ETTh2,96,2785,192,2593,3000,0.0,0,False,False,7.85881514869687,3.6033120413194695,0.058774723585389384,16.88743704308376
TimesNet__ETTh2__h96__s2021,TimesNet,ETTh2,96,2785,192,2593,3000,0.125,12,False,False,7.36182738414713,3.083371099210931,-0.48028461471858136,16.88743704308376
TimesNet__ETTh2__h96__s2021,TimesNet,ETTh2,96,2785,192,2593,3000,0.25,24,False,False,7.15191787022972,2.8637669998572144,-0.707963627658751,16.88743704308376
TimesNet__ETTh2__h96__s2021,TimesNet,ETTh2,96,2785,192,2593,3000,0.5,48,False,False,7.100598150450544,2.8100770997146918,-0.7636277227520607,16.88743704308376
TimesNet__ETTh2__h96__s2021,TimesNet,ETTh2,96,2785,192,2593,3000,1.0,96,True,False,6.330884011008488,2.0048140261290808,-1.5985005793640439,16.88743704308376
TimesNet__ETTh2__h96__s2021,TimesNet,ETTh2,96,2785,192,2593,3000,2.0,192,True,False,6.545492666542435,2.2293342950416566,-1.3657246277241792,16.88743704308376
TimesNet__ETTh2__h96__s2021,TimesNet,ETTh2,96,2785,192,2593,1000000000,0.0,0,False,False,7.85881514869687,3.6033120413194695,0.058774723585389384,16.88743704308376
TimesNet__ETTh2__h96__s2021,TimesNet,ETTh2,96,2785,192,2593,1000000000,0.125,12,False,False,7.36182738414713,3.083371099210931,-0.48028461471858136,16.88743704308376
TimesNet__ETTh2__h96__s2021,TimesNet,ETTh2,96,2785,192,2593,1000000000,0.25,24,False,False,7.15191787022972,2.8637669998572144,-0.707963627658751,16.88743704308376
TimesNet__ETTh2__h96__s2021,TimesNet,ETTh2,96,2785,192,2593,1000000000,0.5,48,False,False,7.100598150450544,2.8100770997146918,-0.7636277227520607,16.88743704308376
TimesNet__ETTh2__h96__s2021,TimesNet,ETTh2,96,2785,192,2593,1000000000,1.0,96,True,False,6.330884011008488,2.0048140261290808,-1.5985005793640439,16.88743704308376
TimesNet__ETTh2__h96__s2021,TimesNet,ETTh2,96,2785,192,2593,1000000000,2.0,192,True,False,6.545492666542435,2.2293342950416566,-1.3657246277241792,16.88743704308376
TimesNet__ETTh2__h192__s2021,TimesNet,ETTh2,192,2689,384,2305,50,0.0,0,False,False,11.267674677584928,4.619405447579147,4.619405447579147,15.093028598403068
TimesNet__ETTh2__h192__s2021,TimesNet,ETTh2,192,2689,384,2305,50,0.125,24,False,False,7.425362330554075,0.48920785854637483,0.48920785854637483,15.093028598403068
TimesNet__ETTh2__h192__s2021,TimesNet,ETTh2,192,2689,384,2305,50,0.25,48,False,False,7.378962455878198,0.43933147338840667,0.43933147338840667,15.093028598403068
TimesNet__ETTh2__h192__s2021,TimesNet,ETTh2,192,2689,384,2305,50,0.5,96,False,False,5.261584394888728,-1.8366911329797204,-1.8366911329797204,15.093028598403068
TimesNet__ETTh2__h192__s2021,TimesNet,ETTh2,192,2689,384,2305,50,1.0,192,True,False,4.518089959888263,-2.6358918864715988,-2.6358918864715988,15.093028598403068
TimesNet__ETTh2__h192__s2021,TimesNet,ETTh2,192,2689,384,2305,50,2.0,384,True,False,5.787826506711702,-1.271020332380097,-1.271020332380097,15.093028598403068
TimesNet__ETTh2__h192__s2021,TimesNet,ETTh2,192,2689,384,2305,200,0.0,0,False,False,8.473401423816187,1.6157712779800402,1.6157712779800402,15.093028598403068
TimesNet__ETTh2__h192__s2021,TimesNet,ETTh2,192,2689,384,2305,200,0.125,24,False,False,6.244881231845631,-0.779720783226335,-0.779720783226335,15.093028598403068
TimesNet__ETTh2__h192__s2021,TimesNet,ETTh2,192,2689,384,2305,200,0.25,48,False,False,3.5583652048168672,-3.6675240161692306,-3.6675240161692306,15.093028598403068
TimesNet__ETTh2__h192__s2021,TimesNet,ETTh2,192,2689,384,2305,200,0.5,96,False,False,2.2103619482904304,-5.116526412972321,-5.116526412972321,15.093028598403068
TimesNet__ETTh2__h192__s2021,TimesNet,ETTh2,192,2689,384,2305,200,1.0,192,True,False,1.9213618051423376,-5.427179891048552,-5.427179891048552,15.093028598403068
TimesNet__ETTh2__h192__s2021,TimesNet,ETTh2,192,2689,384,2305,200,2.0,384,True,False,6.547056640666768,-0.4549048827328518,-0.4549048827328518,15.093028598403068
TimesNet__ETTh2__h192__s2021,TimesNet,ETTh2,192,2689,384,2305,1000,0.0,0,False,False,6.564982584136173,-0.4356358379984519,-0.4356358379984519,15.093028598403068
TimesNet__ETTh2__h192__s2021,TimesNet,ETTh2,192,2689,384,2305,1000,0.125,24,False,False,5.485902186917267,-1.595566331002245,-1.595566331002245,15.093028598403068
TimesNet__ETTh2__h192__s2021,TimesNet,ETTh2,192,2689,384,2305,1000,0.25,48,False,False,5.440692413628602,-1.6441634464298474,-1.6441634464298474,15.093028598403068
TimesNet__ETTh2__h192__s2021,TimesNet,ETTh2,192,2689,384,2305,1000,0.5,96,False,False,4.898667966215289,-2.2267990740703794,-2.2267990740703794,15.093028598403068
TimesNet__ETTh2__h192__s2021,TimesNet,ETTh2,192,2689,384,2305,1000,1.0,192,True,False,4.357110953509253,-2.80893224445948,-2.80893224445948,15.093028598403068
TimesNet__ETTh2__h192__s2021,TimesNet,ETTh2,192,2689,384,2305,1000,2.0,384,True,False,6.2581654355749485,-0.7654412605692439,-0.7654412605692439,15.093028598403068
TimesNet__ETTh2__h192__s2021,TimesNet,ETTh2,192,2689,384,2305,3000,0.0,0,False,False,6.997600454363275,0.029395924961999487,0.029395924961999487,15.093028598403068
TimesNet__ETTh2__h192__s2021,TimesNet,ETTh2,192,2689,384,2305,3000,0.125,24,False,False,6.202290061298742,-0.8255030971089589,-0.8255030971089589,15.093028598403068
TimesNet__ETTh2__h192__s2021,TimesNet,ETTh2,192,2689,384,2305,3000,0.25,48,False,False,5.923737521497377,-1.1249261851865275,-1.1249261851865275,15.093028598403068
TimesNet__ETTh2__h192__s2021,TimesNet,ETTh2,192,2689,384,2305,3000,0.5,96,False,False,5.694614163474874,-1.3712166101768082,-1.3712166101768082,15.093028598403068
TimesNet__ETTh2__h192__s2021,TimesNet,ETTh2,192,2689,384,2305,3000,1.0,192,True,False,4.885885019808421,-2.2405397827015183,-2.2405397827015183,15.093028598403068
TimesNet__ETTh2__h192__s2021,TimesNet,ETTh2,192,2689,384,2305,3000,2.0,384,True,False,6.2094097853019585,-0.8178499278044408,-0.8178499278044408,15.093028598403068
TimesNet__ETTh2__h192__s2021,TimesNet,ETTh2,192,2689,384,2305,1000000000,0.0,0,False,False,6.997600454363275,0.029395924961999487,0.029395924961999487,15.093028598403068
TimesNet__ETTh2__h192__s2021,TimesNet,ETTh2,192,2689,384,2305,1000000000,0.125,24,False,False,6.202290061298742,-0.8255030971089589,-0.8255030971089589,15.093028598403068
TimesNet__ETTh2__h192__s2021,TimesNet,ETTh2,192,2689,384,2305,1000000000,0.25,48,False,False,5.923737521497377,-1.1249261851865275,-1.1249261851865275,15.093028598403068
TimesNet__ETTh2__h192__s2021,TimesNet,ETTh2,192,2689,384,2305,1000000000,0.5,96,False,False,5.694614163474874,-1.3712166101768082,-1.3712166101768082,15.093028598403068
TimesNet__ETTh2__h192__s2021,TimesNet,ETTh2,192,2689,384,2305,1000000000,1.0,192,True,False,4.885885019808421,-2.2405397827015183,-2.2405397827015183,15.093028598403068
TimesNet__ETTh2__h192__s2021,TimesNet,ETTh2,192,2689,384,2305,1000000000,2.0,384,True,False,6.2094097853019585,-0.8178499278044408,-0.8178499278044408,15.093028598403068
TimesNet__ETTh2__h336__s2021,TimesNet,ETTh2,336,2545,672,1873,50,0.0,0,False,False,8.615636783988124,9.393027434568877,4.112021616911796,13.678498061211622
TimesNet__ETTh2__h336__s2021,TimesNet,ETTh2,336,2545,672,1873,50,0.125,42,False,False,4.332090025365288,5.145920052271371,-0.38262740770170983,13.678498061211622
TimesNet__ETTh2__h336__s2021,TimesNet,ETTh2,336,2545,672,1873,50,0.25,84,False,False,3.6879676314740832,4.507277093911791,-1.0584935187945637,13.678498061211622
TimesNet__ETTh2__h336__s2021,TimesNet,ETTh2,336,2545,672,1873,50,0.5,168,False,False,2.5842093417716874,3.4129082811912226,-2.216647357137375,13.678498061211622
TimesNet__ETTh2__h336__s2021,TimesNet,ETTh2,336,2545,672,1873,50,1.0,336,True,False,2.8915426574901253,3.7176271666303053,-1.8941680040301807,13.678498061211622
TimesNet__ETTh2__h336__s2021,TimesNet,ETTh2,336,2545,672,1873,50,2.0,672,True,False,-0.8526646066693178,0.005271212898160046,-5.82289774041703,13.678498061211622
TimesNet__ETTh2__h336__s2021,TimesNet,ETTh2,336,2545,672,1873,200,0.0,0,False,False,6.430397309374676,7.226377406520035,1.819088907972252,13.678498061211622
TimesNet__ETTh2__h336__s2021,TimesNet,ETTh2,336,2545,672,1873,200,0.125,42,False,False,5.6510598798259535,6.453669662948843,1.0013440775896527,13.678498061211622
TimesNet__ETTh2__h336__s2021,TimesNet,ETTh2,336,2545,672,1873,200,0.25,84,False,False,5.5745027162583085,6.3777637576610395,0.9210140146893664,13.678498061211622
TimesNet__ETTh2__h336__s2021,TimesNet,ETTh2,336,2545,672,1873,200,0.5,168,False,False,5.4701765116929755,6.274325037706701,0.8115463935767265,13.678498061211622
TimesNet__ETTh2__h336__s2021,TimesNet,ETTh2,336,2545,672,1873,200,1.0,336,True,False,-2.3096556380485156,-1.4393254529034512,-7.351692378849911,13.678498061211622
TimesNet__ETTh2__h336__s2021,TimesNet,ETTh2,336,2545,672,1873,200,2.0,672,True,False,-2.367839211935053,-1.4970140693950365,-7.412743362614994,13.678498061211622
TimesNet__ETTh2__h336__s2021,TimesNet,ETTh2,336,2545,672,1873,1000,0.0,0,False,False,5.090875752938853,5.898250923569193,0.4135528892598783,13.678498061211622
TimesNet__ETTh2__h336__s2021,TimesNet,ETTh2,336,2545,672,1873,1000,0.125,42,False,False,4.224454832558946,5.039200493055027,-0.495567091011399,13.678498061211622
TimesNet__ETTh2__h336__s2021,TimesNet,ETTh2,336,2545,672,1873,1000,0.25,84,False,False,1.3724577548745502,2.2114648511967445,-3.488116631321767,13.678498061211622
TimesNet__ETTh2__h336__s2021,TimesNet,ETTh2,336,2545,672,1873,1000,0.5,168,False,False,-1.6744119056639963,-0.8094856268440046,-6.685142488526811,13.678498061211622
TimesNet__ETTh2__h336__s2021,TimesNet,ETTh2,336,2545,672,1873,1000,1.0,336,True,False,-1.7177828290187864,-0.8524876014078144,-6.730650822937025,13.678498061211622
TimesNet__ETTh2__h336__s2021,TimesNet,ETTh2,336,2545,672,1873,1000,2.0,672,True,False,-0.857981045575016,0.0,-5.828476184703605,13.678498061211622
TimesNet__ETTh2__h336__s2021,TimesNet,ETTh2,336,2545,672,1873,3000,0.0,0,False,False,4.264038009475101,5.078446942870702,-0.4540331712148754,13.678498061211622
TimesNet__ETTh2__h336__s2021,TimesNet,ETTh2,336,2545,672,1873,3000,0.125,42,False,False,2.4740492132877314,3.3036852654794786,-2.332236410308093,13.678498061211622
TimesNet__ETTh2__h336__s2021,TimesNet,ETTh2,336,2545,672,1873,3000,0.25,84,False,False,-0.9662871653812338,-0.10738477875863607,-5.942119859718185,13.678498061211622
TimesNet__ETTh2__h336__s2021,TimesNet,ETTh2,336,2545,672,1873,3000,0.5,168,False,False,-2.0039883815527446,-1.1362584538152503,-7.030961191896158,13.678498061211622
TimesNet__ETTh2__h336__s2021,TimesNet,ETTh2,336,2545,672,1873,3000,1.0,336,True,False,-2.0320713508020285,-1.1641025262011466,-7.060428149409918,13.678498061211622
TimesNet__ETTh2__h336__s2021,TimesNet,ETTh2,336,2545,672,1873,3000,2.0,672,True,False,-0.857981045575016,0.0,-5.828476184703605,13.678498061211622
TimesNet__ETTh2__h336__s2021,TimesNet,ETTh2,336,2545,672,1873,1000000000,0.0,0,False,False,4.264038009475101,5.078446942870702,-0.4540331712148754,13.678498061211622
TimesNet__ETTh2__h336__s2021,TimesNet,ETTh2,336,2545,672,1873,1000000000,0.125,42,False,False,2.4740492132877314,3.3036852654794786,-2.332236410308093,13.678498061211622
TimesNet__ETTh2__h336__s2021,TimesNet,ETTh2,336,2545,672,1873,1000000000,0.25,84,False,False,-0.9662871653812338,-0.10738477875863607,-5.942119859718185,13.678498061211622
TimesNet__ETTh2__h336__s2021,TimesNet,ETTh2,336,2545,672,1873,1000000000,0.5,168,False,False,-2.0039883815527446,-1.1362584538152503,-7.030961191896158,13.678498061211622
TimesNet__ETTh2__h336__s2021,TimesNet,ETTh2,336,2545,672,1873,1000000000,1.0,336,True,False,-2.0320713508020285,-1.1641025262011466,-7.060428149409918,13.678498061211622
TimesNet__ETTh2__h336__s2021,TimesNet,ETTh2,336,2545,672,1873,1000000000,2.0,672,True,False,-0.857981045575016,0.0,-5.828476184703605,13.678498061211622
TimesNet__ETTh2__h720__s2021,TimesNet,ETTh2,720,2161,1080,1081,50,0.0,0,False,False,11.188085683310364,13.138063333923636,11.188085683310364,12.75927847449783
TimesNet__ETTh2__h720__s2021,TimesNet,ETTh2,720,2161,1080,1081,50,0.125,90,False,False,7.299368237033638,9.334727586354024,7.299368237033638,12.75927847449783
TimesNet__ETTh2__h720__s2021,TimesNet,ETTh2,720,2161,1080,1081,50,0.25,180,False,False,2.7168298146272467,4.85280457771864,2.7168298146272467,12.75927847449783
TimesNet__ETTh2__h720__s2021,TimesNet,ETTh2,720,2161,1080,1081,50,0.5,360,False,False,-3.5789209555220154,-1.304715039661569,-3.5789209555220154,12.75927847449783
TimesNet__ETTh2__h720__s2021,TimesNet,ETTh2,720,2161,1080,1081,50,1.0,720,True,False,-4.879991621750214,-2.5772190575911313,-4.879991621750214,12.75927847449783
TimesNet__ETTh2__h720__s2021,TimesNet,ETTh2,720,2161,1080,1081,50,2.0,1440,True,True,,,,12.75927847449783
TimesNet__ETTh2__h720__s2021,TimesNet,ETTh2,720,2161,1080,1081,200,0.0,0,False,False,9.833276436165976,11.813000633434635,9.833276436165976,12.75927847449783
TimesNet__ETTh2__h720__s2021,TimesNet,ETTh2,720,2161,1080,1081,200,0.125,90,False,False,2.8012182561235845,4.935340164492118,2.8012182561235845,12.75927847449783
TimesNet__ETTh2__h720__s2021,TimesNet,ETTh2,720,2161,1080,1081,200,0.25,180,False,False,-1.5026725795951066,0.7259466831532049,-1.5026725795951066,12.75927847449783
TimesNet__ETTh2__h720__s2021,TimesNet,ETTh2,720,2161,1080,1081,200,0.5,360,False,False,-4.645632048921925,-2.348005144922727,-4.645632048921925,12.75927847449783
TimesNet__ETTh2__h720__s2021,TimesNet,ETTh2,720,2161,1080,1081,200,1.0,720,True,False,-5.257367355391529,-2.9463090307897613,-5.257367355391529,12.75927847449783
TimesNet__ETTh2__h720__s2021,TimesNet,ETTh2,720,2161,1080,1081,200,2.0,1440,True,True,,,,12.75927847449783
TimesNet__ETTh2__h720__s2021,TimesNet,ETTh2,720,2161,1080,1081,1000,0.0,0,False,False,0.4850134289775142,2.669990537145841,0.4850134289775142,12.75927847449783
TimesNet__ETTh2__h720__s2021,TimesNet,ETTh2,720,2161,1080,1081,1000,0.125,90,False,False,-6.517456279326552,-4.178731112293073,-6.517456279326552,12.75927847449783
TimesNet__ETTh2__h720__s2021,TimesNet,ETTh2,720,2161,1080,1081,1000,0.25,180,False,False,-9.746091760593178,-7.336477827352077,-9.746091760593178,12.75927847449783
TimesNet__ETTh2__h720__s2021,TimesNet,ETTh2,720,2161,1080,1081,1000,0.5,360,False,False,-9.832511847492349,-7.421000452189835,-9.832511847492349,12.75927847449783
TimesNet__ETTh2__h720__s2021,TimesNet,ETTh2,720,2161,1080,1081,1000,1.0,720,True,False,-4.423097356038596,-2.130356482038269,-4.423097356038596,12.75927847449783
TimesNet__ETTh2__h720__s2021,TimesNet,ETTh2,720,2161,1080,1081,1000,2.0,1440,True,True,,,,12.75927847449783
TimesNet__ETTh2__h720__s2021,TimesNet,ETTh2,720,2161,1080,1081,3000,0.0,0,False,False,-0.6133824060817954,1.5957113687114042,-0.6133824060817954,12.75927847449783
TimesNet__ETTh2__h720__s2021,TimesNet,ETTh2,720,2161,1080,1081,3000,0.125,90,False,False,-6.49526349861919,-4.1570256020912195,-6.49526349861919,12.75927847449783
TimesNet__ETTh2__h720__s2021,TimesNet,ETTh2,720,2161,1080,1081,3000,0.25,180,False,False,-9.676299968302581,-7.268218401931513,-9.676299968302581,12.75927847449783
TimesNet__ETTh2__h720__s2021,TimesNet,ETTh2,720,2161,1080,1081,3000,0.5,360,False,False,-9.833536981398154,-7.422003077987122,-9.833536981398154,12.75927847449783
TimesNet__ETTh2__h720__s2021,TimesNet,ETTh2,720,2161,1080,1081,3000,1.0,720,True,False,-4.439448639684219,-2.1463487526177607,-4.439448639684219,12.75927847449783
TimesNet__ETTh2__h720__s2021,TimesNet,ETTh2,720,2161,1080,1081,3000,2.0,1440,True,True,,,,12.75927847449783
TimesNet__ETTh2__h720__s2021,TimesNet,ETTh2,720,2161,1080,1081,1000000000,0.0,0,False,False,-0.6133824060817954,1.5957113687114042,-0.6133824060817954,12.75927847449783
TimesNet__ETTh2__h720__s2021,TimesNet,ETTh2,720,2161,1080,1081,1000000000,0.125,90,False,False,-6.49526349861919,-4.1570256020912195,-6.49526349861919,12.75927847449783
TimesNet__ETTh2__h720__s2021,TimesNet,ETTh2,720,2161,1080,1081,1000000000,0.25,180,False,False,-9.676299968302581,-7.268218401931513,-9.676299968302581,12.75927847449783
TimesNet__ETTh2__h720__s2021,TimesNet,ETTh2,720,2161,1080,1081,1000000000,0.5,360,False,False,-9.833536981398154,-7.422003077987122,-9.833536981398154,12.75927847449783
TimesNet__ETTh2__h720__s2021,TimesNet,ETTh2,720,2161,1080,1081,1000000000,1.0,720,True,False,-4.439448639684219,-2.1463487526177607,-4.439448639684219,12.75927847449783
TimesNet__ETTh2__h720__s2021,TimesNet,ETTh2,720,2161,1080,1081,1000000000,2.0,1440,True,True,,,,12.75927847449783
TimesNet__ETTm1__h96__s2021,TimesNet,ETTm1,96,11425,192,11233,50,0.0,0,False,False,6.757066050818753,6.757066050818753,6.757066050818753,12.3454802576747
TimesNet__ETTm1__h96__s2021,TimesNet,ETTm1,96,11425,192,11233,50,0.125,12,False,False,4.017565003141568,4.017565003141568,4.017565003141568,12.3454802576747
TimesNet__ETTm1__h96__s2021,TimesNet,ETTm1,96,11425,192,11233,50,0.25,24,False,False,2.790856641123036,2.790856641123036,2.790856641123036,12.3454802576747
TimesNet__ETTm1__h96__s2021,TimesNet,ETTm1,96,11425,192,11233,50,0.5,48,False,False,0.2831416474406366,0.2831416474406366,0.2831416474406366,12.3454802576747
TimesNet__ETTm1__h96__s2021,TimesNet,ETTm1,96,11425,192,11233,50,1.0,96,True,False,-2.0606413937532144,-2.0606413937532144,-2.0606413937532144,12.3454802576747
TimesNet__ETTm1__h96__s2021,TimesNet,ETTm1,96,11425,192,11233,50,2.0,192,True,False,-1.1263142780947437,-1.1263142780947437,-1.1263142780947437,12.3454802576747
TimesNet__ETTm1__h96__s2021,TimesNet,ETTm1,96,11425,192,11233,200,0.0,0,False,False,1.8099144237994174,1.8099144237994174,1.8099144237994174,12.3454802576747
TimesNet__ETTm1__h96__s2021,TimesNet,ETTm1,96,11425,192,11233,200,0.125,12,False,False,-0.0022354919455460868,-0.0022354919455460868,-0.0022354919455460868,12.3454802576747
TimesNet__ETTm1__h96__s2021,TimesNet,ETTm1,96,11425,192,11233,200,0.25,24,False,False,-0.8903465227863682,-0.8903465227863682,-0.8903465227863682,12.3454802576747
TimesNet__ETTm1__h96__s2021,TimesNet,ETTm1,96,11425,192,11233,200,0.5,48,False,False,-1.4273014529577925,-1.4273014529577925,-1.4273014529577925,12.3454802576747
TimesNet__ETTm1__h96__s2021,TimesNet,ETTm1,96,11425,192,11233,200,1.0,96,True,False,-1.3721870571313548,-1.3721870571313548,-1.3721870571313548,12.3454802576747
TimesNet__ETTm1__h96__s2021,TimesNet,ETTm1,96,11425,192,11233,200,2.0,192,True,False,-1.5964539980175443,-1.5964539980175443,-1.5964539980175443,12.3454802576747
TimesNet__ETTm1__h96__s2021,TimesNet,ETTm1,96,11425,192,11233,1000,0.0,0,False,False,0.3133303665098947,0.3133303665098947,0.3133303665098947,12.3454802576747
TimesNet__ETTm1__h96__s2021,TimesNet,ETTm1,96,11425,192,11233,1000,0.125,12,False,False,-0.31132646356686094,-0.31132646356686094,-0.31132646356686094,12.3454802576747
TimesNet__ETTm1__h96__s2021,TimesNet,ETTm1,96,11425,192,11233,1000,0.25,24,False,False,-0.5644141467695243,-0.5644141467695243,-0.5644141467695243,12.3454802576747
TimesNet__ETTm1__h96__s2021,TimesNet,ETTm1,96,11425,192,11233,1000,0.5,48,False,False,-0.7640307491670582,-0.7640307491670582,-0.7640307491670582,12.3454802576747
TimesNet__ETTm1__h96__s2021,TimesNet,ETTm1,96,11425,192,11233,1000,1.0,96,True,False,-1.5448050009049281,-1.5448050009049281,-1.5448050009049281,12.3454802576747
TimesNet__ETTm1__h96__s2021,TimesNet,ETTm1,96,11425,192,11233,1000,2.0,192,True,False,-1.820652560913852,-1.820652560913852,-1.820652560913852,12.3454802576747
TimesNet__ETTm1__h96__s2021,TimesNet,ETTm1,96,11425,192,11233,3000,0.0,0,False,False,-0.583985439465043,-0.583985439465043,-0.583985439465043,12.3454802576747
TimesNet__ETTm1__h96__s2021,TimesNet,ETTm1,96,11425,192,11233,3000,0.125,12,False,False,-0.9383437659587669,-0.9383437659587669,-0.9383437659587669,12.3454802576747
TimesNet__ETTm1__h96__s2021,TimesNet,ETTm1,96,11425,192,11233,3000,0.25,24,False,False,-1.2469703343197525,-1.2469703343197525,-1.2469703343197525,12.3454802576747
TimesNet__ETTm1__h96__s2021,TimesNet,ETTm1,96,11425,192,11233,3000,0.5,48,False,False,-1.4413896021286021,-1.4413896021286021,-1.4413896021286021,12.3454802576747
TimesNet__ETTm1__h96__s2021,TimesNet,ETTm1,96,11425,192,11233,3000,1.0,96,True,False,-1.3497208416707434,-1.3497208416707434,-1.3497208416707434,12.3454802576747
TimesNet__ETTm1__h96__s2021,TimesNet,ETTm1,96,11425,192,11233,3000,2.0,192,True,False,-1.0437436756669705,-1.0437436756669705,-1.0437436756669705,12.3454802576747
TimesNet__ETTm1__h96__s2021,TimesNet,ETTm1,96,11425,192,11233,1000000000,0.0,0,False,False,-0.19333375686458285,-0.19333375686458285,-0.19333375686458285,12.3454802576747
TimesNet__ETTm1__h96__s2021,TimesNet,ETTm1,96,11425,192,11233,1000000000,0.125,12,False,False,-0.620385968714526,-0.620385968714526,-0.620385968714526,12.3454802576747
TimesNet__ETTm1__h96__s2021,TimesNet,ETTm1,96,11425,192,11233,1000000000,0.25,24,False,False,-0.8555982359103523,-0.8555982359103523,-0.8555982359103523,12.3454802576747
TimesNet__ETTm1__h96__s2021,TimesNet,ETTm1,96,11425,192,11233,1000000000,0.5,48,False,False,-0.9747051918454086,-0.9747051918454086,-0.9747051918454086,12.3454802576747
TimesNet__ETTm1__h96__s2021,TimesNet,ETTm1,96,11425,192,11233,1000000000,1.0,96,True,False,-0.9136179486340269,-0.9136179486340269,-0.9136179486340269,12.3454802576747
TimesNet__ETTm1__h96__s2021,TimesNet,ETTm1,96,11425,192,11233,1000000000,2.0,192,True,False,-0.6093738942142971,-0.6093738942142971,-0.6093738942142971,12.3454802576747
TimesNet__ETTm1__h192__s2021,TimesNet,ETTm1,192,11329,384,10945,50,0.0,0,False,False,8.947402235997645,8.993967903548095,8.947402235997645,12.705358522684698
TimesNet__ETTm1__h192__s2021,TimesNet,ETTm1,192,11329,384,10945,50,0.125,24,False,False,4.352235341300809,4.401151046293483,4.352235341300809,12.705358522684698
TimesNet__ETTm1__h192__s2021,TimesNet,ETTm1,192,11329,384,10945,50,0.25,48,False,False,2.8364072745877276,2.8860981968454937,2.8364072745877276,12.705358522684698
TimesNet__ETTm1__h192__s2021,TimesNet,ETTm1,192,11329,384,10945,50,0.5,96,False,False,0.32986709510491746,0.38083989969845383,0.32986709510491746,12.705358522684698
TimesNet__ETTm1__h192__s2021,TimesNet,ETTm1,192,11329,384,10945,50,1.0,192,True,False,-1.0118028317058823,-0.9601438769386164,-1.0118028317058823,12.705358522684698
TimesNet__ETTm1__h192__s2021,TimesNet,ETTm1,192,11329,384,10945,50,2.0,384,True,False,1.0650421650658783,1.1156389900746486,1.0650421650658783,12.705358522684698
TimesNet__ETTm1__h192__s2021,TimesNet,ETTm1,192,11329,384,10945,200,0.0,0,False,False,5.2296062029894586,5.278073207331442,5.2296062029894586,12.705358522684698
TimesNet__ETTm1__h192__s2021,TimesNet,ETTm1,192,11329,384,10945,200,0.125,24,False,False,2.719466968248432,2.769217695537158,2.719466968248432,12.705358522684698
TimesNet__ETTm1__h192__s2021,TimesNet,ETTm1,192,11329,384,10945,200,0.25,48,False,False,1.6247119630155866,1.6750225644745698,1.6247119630155866,12.705358522684698
TimesNet__ETTm1__h192__s2021,TimesNet,ETTm1,192,11329,384,10945,200,0.5,96,False,False,-0.4086235999198318,-0.3572731200810186,-0.4086235999198318,12.705358522684698
TimesNet__ETTm1__h192__s2021,TimesNet,ETTm1,192,11329,384,10945,200,1.0,192,True,False,0.015631635171669375,0.06676514450421536,0.015631635171669375,12.705358522684698
TimesNet__ETTm1__h192__s2021,TimesNet,ETTm1,192,11329,384,10945,200,2.0,384,True,False,1.7052351588526817,1.7555045795385784,1.7052351588526817,12.705358522684698
TimesNet__ETTm1__h192__s2021,TimesNet,ETTm1,192,11329,384,10945,1000,0.0,0,False,False,1.6675605818866268,1.7178492699176535,1.6675605818866268,12.705358522684698
TimesNet__ETTm1__h192__s2021,TimesNet,ETTm1,192,11329,384,10945,1000,0.125,24,False,False,1.065365936798995,1.1159625962260329,1.065365936798995,12.705358522684698
TimesNet__ETTm1__h192__s2021,TimesNet,ETTm1,192,11329,384,10945,1000,0.25,48,False,False,0.6118576899169004,0.6626862802802793,0.6118576899169004,12.705358522684698
TimesNet__ETTm1__h192__s2021,TimesNet,ETTm1,192,11329,384,10945,1000,0.5,96,False,False,0.14569204090406804,0.19675903538955267,0.14569204090406804,12.705358522684698
TimesNet__ETTm1__h192__s2021,TimesNet,ETTm1,192,11329,384,10945,1000,1.0,192,True,False,-1.234182036818677,-1.1824093539822542,-1.234182036818677,12.705358522684698
TimesNet__ETTm1__h192__s2021,TimesNet,ETTm1,192,11329,384,10945,1000,2.0,384,True,False,-2.4278688100245858,-2.3754856578242403,-2.4278688100245858,12.705358522684698
TimesNet__ETTm1__h192__s2021,TimesNet,ETTm1,192,11329,384,10945,3000,0.0,0,False,False,0.5451986874569024,0.5960613682364146,0.5451986874569024,12.705358522684698
TimesNet__ETTm1__h192__s2021,TimesNet,ETTm1,192,11329,384,10945,3000,0.125,24,False,False,-0.24905266781166563,-0.19778379494681833,-0.24905266781166563,12.705358522684698
TimesNet__ETTm1__h192__s2021,TimesNet,ETTm1,192,11329,384,10945,3000,0.25,48,False,False,-0.6921368838504691,-0.6406414110553883,-0.6921368838504691,12.705358522684698
TimesNet__ETTm1__h192__s2021,TimesNet,ETTm1,192,11329,384,10945,3000,0.5,96,False,False,-1.0324520097341459,-0.9807824946667583,-1.0324520097341459,12.705358522684698
TimesNet__ETTm1__h192__s2021,TimesNet,ETTm1,192,11329,384,10945,3000,1.0,192,True,False,-1.3129920754405808,-1.2611790879654303,-1.3129920754405808,12.705358522684698
TimesNet__ETTm1__h192__s2021,TimesNet,ETTm1,192,11329,384,10945,3000,2.0,384,True,False,-1.4894686989507373,-1.437565458676846,-1.4894686989507373,12.705358522684698
TimesNet__ETTm1__h192__s2021,TimesNet,ETTm1,192,11329,384,10945,1000000000,0.0,0,False,False,-0.023723819461096193,0.027429816842692016,-0.023723819461096193,12.705358522684698
TimesNet__ETTm1__h192__s2021,TimesNet,ETTm1,192,11329,384,10945,1000000000,0.125,24,False,False,-1.0039286712336277,-0.952273743430422,-1.0039286712336277,12.705358522684698
TimesNet__ETTm1__h192__s2021,TimesNet,ETTm1,192,11329,384,10945,1000000000,0.25,48,False,False,-1.571041669019133,-1.519096711101829,-1.571041669019133,12.705358522684698
TimesNet__ETTm1__h192__s2021,TimesNet,ETTm1,192,11329,384,10945,1000000000,0.5,96,False,False,-1.8990540688592161,-1.8469413604686864,-1.8990540688592161,12.705358522684698
TimesNet__ETTm1__h192__s2021,TimesNet,ETTm1,192,11329,384,10945,1000000000,1.0,192,True,False,-2.17948824930475,-2.1272321226577713,-2.17948824930475,12.705358522684698
TimesNet__ETTm1__h192__s2021,TimesNet,ETTm1,192,11329,384,10945,1000000000,2.0,384,True,False,-2.962747303417812,-2.910090606313588,-2.962747303417812,12.705358522684698
TimesNet__ETTm1__h336__s2021,TimesNet,ETTm1,336,11185,672,10513,50,0.0,0,False,False,11.263383239251798,9.750495007551232,4.294001224298746,14.119039689934137
TimesNet__ETTm1__h336__s2021,TimesNet,ETTm1,336,11185,672,10513,50,0.125,42,False,False,6.8156611884937375,5.226942858755859,-0.5030453240524534,14.119039689934137
TimesNet__ETTm1__h336__s2021,TimesNet,ETTm1,336,11185,672,10513,50,0.25,84,False,False,5.6464887694173616,4.037836986520922,-1.7640446521021544,14.119039689934137
TimesNet__ETTm1__h336__s2021,TimesNet,ETTm1,336,11185,672,10513,50,0.5,168,False,False,5.772739527077714,4.166240218463934,-1.627878148361638,14.119039689934137
TimesNet__ETTm1__h336__s2021,TimesNet,ETTm1,336,11185,672,10513,50,1.0,336,True,False,4.673832700247097,3.048597910535024,-2.81309321810929,14.119039689934137
TimesNet__ETTm1__h336__s2021,TimesNet,ETTm1,336,11185,672,10513,50,2.0,672,True,False,4.790366518331519,3.1671185368662638,-2.687406823269761,14.119039689934137
TimesNet__ETTm1__h336__s2021,TimesNet,ETTm1,336,11185,672,10513,200,0.0,0,False,False,9.028618533672972,7.477629353940935,1.8837178938809094,14.119039689934137
TimesNet__ETTm1__h336__s2021,TimesNet,ETTm1,336,11185,672,10513,200,0.125,42,False,False,6.588616590173535,4.996027331912475,-0.7479220259381032,14.119039689934137
TimesNet__ETTm1__h336__s2021,TimesNet,ETTm1,336,11185,672,10513,200,0.25,84,False,False,5.751664232629874,4.144805607128504,-1.650608698367403,14.119039689934137
TimesNet__ETTm1__h336__s2021,TimesNet,ETTm1,336,11185,672,10513,200,0.5,168,False,False,5.813423299404508,4.207617616518427,-1.583999068826783,14.119039689934137
TimesNet__ETTm1__h336__s2021,TimesNet,ETTm1,336,11185,672,10513,200,1.0,336,True,False,5.4605939114783,3.848772770168435,-1.964539709224895,14.119039689934137
TimesNet__ETTm1__h336__s2021,TimesNet,ETTm1,336,11185,672,10513,200,2.0,672,True,False,4.628246209056214,3.002234206187218,-2.8622600764972597,14.119039689934137
TimesNet__ETTm1__h336__s2021,TimesNet,ETTm1,336,11185,672,10513,1000,0.0,0,False,False,6.427021041178668,4.831676708256279,-0.922209304164633,14.119039689934137
TimesNet__ETTm1__h336__s2021,TimesNet,ETTm1,336,11185,672,10513,1000,0.125,42,False,False,5.549294713516437,3.9389858498259414,-1.8688723380634025,14.119039689934137
TimesNet__ETTm1__h336__s2021,TimesNet,ETTm1,336,11185,672,10513,1000,0.25,84,False,False,5.424351623153305,3.8119125798600377,-2.0036284701972984,14.119039689934137
TimesNet__ETTm1__h336__s2021,TimesNet,ETTm1,336,11185,672,10513,1000,0.5,168,False,False,4.92656880065022,3.305642958991201,-2.5405072012119647,14.119039689934137
TimesNet__ETTm1__h336__s2021,TimesNet,ETTm1,336,11185,672,10513,1000,1.0,336,True,False,4.560477082904147,2.933309670721942,-2.935351796029765,14.119039689934137
TimesNet__ETTm1__h336__s2021,TimesNet,ETTm1,336,11185,672,10513,1000,2.0,672,True,False,7.143205884602194,5.560071929547369,-0.14977523748532665,14.119039689934137
TimesNet__ETTm1__h336__s2021,TimesNet,ETTm1,336,11185,672,10513,3000,0.0,0,False,False,7.282074377894172,5.701308019406858,0.0,14.119039689934137
TimesNet__ETTm1__h336__s2021,TimesNet,ETTm1,336,11185,672,10513,3000,0.125,42,False,False,7.282074377894172,5.701308019406858,0.0,14.119039689934137
TimesNet__ETTm1__h336__s2021,TimesNet,ETTm1,336,11185,672,10513,3000,0.25,84,False,False,7.282074377894172,5.701308019406858,0.0,14.119039689934137
TimesNet__ETTm1__h336__s2021,TimesNet,ETTm1,336,11185,672,10513,3000,0.5,168,False,False,7.282074377894172,5.701308019406858,0.0,14.119039689934137
TimesNet__ETTm1__h336__s2021,TimesNet,ETTm1,336,11185,672,10513,3000,1.0,336,True,False,7.282074377894172,5.701308019406858,0.0,14.119039689934137
TimesNet__ETTm1__h336__s2021,TimesNet,ETTm1,336,11185,672,10513,3000,2.0,672,True,False,7.282074377894172,5.701308019406858,0.0,14.119039689934137
TimesNet__ETTm1__h336__s2021,TimesNet,ETTm1,336,11185,672,10513,1000000000,0.0,0,False,False,7.282074377894172,5.701308019406858,0.0,14.119039689934137
TimesNet__ETTm1__h336__s2021,TimesNet,ETTm1,336,11185,672,10513,1000000000,0.125,42,False,False,7.282074377894172,5.701308019406858,0.0,14.119039689934137
TimesNet__ETTm1__h336__s2021,TimesNet,ETTm1,336,11185,672,10513,1000000000,0.25,84,False,False,7.282074377894172,5.701308019406858,0.0,14.119039689934137
TimesNet__ETTm1__h336__s2021,TimesNet,ETTm1,336,11185,672,10513,1000000000,0.5,168,False,False,7.282074377894172,5.701308019406858,0.0,14.119039689934137
TimesNet__ETTm1__h336__s2021,TimesNet,ETTm1,336,11185,672,10513,1000000000,1.0,336,True,False,7.282074377894172,5.701308019406858,0.0,14.119039689934137
TimesNet__ETTm1__h336__s2021,TimesNet,ETTm1,336,11185,672,10513,1000000000,2.0,672,True,False,7.282074377894172,5.701308019406858,0.0,14.119039689934137
TimesNet__ETTm1__h720__s2021,TimesNet,ETTm1,720,10801,1440,9361,50,0.0,0,False,False,6.497621660733407,4.27189671565017,4.27189671565017,7.714077827636818
TimesNet__ETTm1__h720__s2021,TimesNet,ETTm1,720,10801,1440,9361,50,0.125,90,False,False,2.951270443235122,0.6411283687803484,0.6411283687803484,7.714077827636818
TimesNet__ETTm1__h720__s2021,TimesNet,ETTm1,720,10801,1440,9361,50,0.25,180,False,False,2.3879389788316714,0.06438739635215401,0.06438739635215401,7.714077827636818
TimesNet__ETTm1__h720__s2021,TimesNet,ETTm1,720,10801,1440,9361,50,0.5,360,False,False,2.5850369979363177,0.2661771247538188,0.2661771247538188,7.714077827636818
TimesNet__ETTm1__h720__s2021,TimesNet,ETTm1,720,10801,1440,9361,50,1.0,720,True,False,0.5998710431533792,-1.7662436000592292,-1.7662436000592292,7.714077827636818
TimesNet__ETTm1__h720__s2021,TimesNet,ETTm1,720,10801,1440,9361,50,2.0,1440,True,False,2.9760828783292825,0.6665314375751507,0.6665314375751507,7.714077827636818
TimesNet__ETTm1__h720__s2021,TimesNet,ETTm1,720,10801,1440,9361,200,0.0,0,False,False,5.235294134356086,2.9795208213679296,2.9795208213679296,7.714077827636818
TimesNet__ETTm1__h720__s2021,TimesNet,ETTm1,720,10801,1440,9361,200,0.125,90,False,False,3.1231384548736614,0.8170875161478398,0.8170875161478398,7.714077827636818
TimesNet__ETTm1__h720__s2021,TimesNet,ETTm1,720,10801,1440,9361,200,0.25,180,False,False,3.721826191709968,1.4300263795742858,1.4300263795742858,7.714077827636818
TimesNet__ETTm1__h720__s2021,TimesNet,ETTm1,720,10801,1440,9361,200,0.5,360,False,False,1.780283609465021,-0.5577325645856946,-0.5577325645856946,7.714077827636818
TimesNet__ETTm1__h720__s2021,TimesNet,ETTm1,720,10801,1440,9361,200,1.0,720,True,False,1.2938430145238713,-1.055752361956682,-1.055752361956682,7.714077827636818
TimesNet__ETTm1__h720__s2021,TimesNet,ETTm1,720,10801,1440,9361,200,2.0,1440,True,False,2.9323885036289625,0.6217969646285865,0.6217969646285865,7.714077827636818
TimesNet__ETTm1__h720__s2021,TimesNet,ETTm1,720,10801,1440,9361,1000,0.0,0,False,False,4.177108539965741,1.8961462412448742,1.8961462412448742,7.714077827636818
TimesNet__ETTm1__h720__s2021,TimesNet,ETTm1,720,10801,1440,9361,1000,0.125,90,False,False,3.420106398410293,1.12112446660771,1.12112446660771,7.714077827636818
TimesNet__ETTm1__h720__s2021,TimesNet,ETTm1,720,10801,1440,9361,1000,0.25,180,False,False,3.466326357067483,1.1684446423585308,1.1684446423585308,7.714077827636818
TimesNet__ETTm1__h720__s2021,TimesNet,ETTm1,720,10801,1440,9361,1000,0.5,360,False,False,3.100085171521629,0.7934854738365801,0.7934854738365801,7.714077827636818
TimesNet__ETTm1__h720__s2021,TimesNet,ETTm1,720,10801,1440,9361,1000,1.0,720,True,False,3.924200831036843,1.6372183325460359,1.6372183325460359,7.714077827636818
TimesNet__ETTm1__h720__s2021,TimesNet,ETTm1,720,10801,1440,9361,1000,2.0,1440,True,False,2.3923609343381917,0.06891461181945521,0.06891461181945521,7.714077827636818
TimesNet__ETTm1__h720__s2021,TimesNet,ETTm1,720,10801,1440,9361,3000,0.0,0,False,False,3.8104242195417215,1.5207333894889847,1.5207333894889847,7.714077827636818
TimesNet__ETTm1__h720__s2021,TimesNet,ETTm1,720,10801,1440,9361,3000,0.125,90,False,False,3.3137646294901733,1.0122513446675527,1.0122513446675527,7.714077827636818
TimesNet__ETTm1__h720__s2021,TimesNet,ETTm1,720,10801,1440,9361,3000,0.25,180,False,False,3.1376359238967906,0.8319300820446363,0.8319300820446363,7.714077827636818
TimesNet__ETTm1__h720__s2021,TimesNet,ETTm1,720,10801,1440,9361,3000,0.5,360,False,False,2.6679647581425847,0.35107889233625394,0.35107889233625394,7.714077827636818
TimesNet__ETTm1__h720__s2021,TimesNet,ETTm1,720,10801,1440,9361,3000,1.0,720,True,False,2.2739427046482543,-0.05232243823050754,-0.05232243823050754,7.714077827636818
TimesNet__ETTm1__h720__s2021,TimesNet,ETTm1,720,10801,1440,9361,3000,2.0,1440,True,False,2.126138587558212,-0.20364487556262584,-0.20364487556262584,7.714077827636818
TimesNet__ETTm1__h720__s2021,TimesNet,ETTm1,720,10801,1440,9361,1000000000,0.0,0,False,False,2.329315000955266,0.004367936860659611,0.004367936860659611,7.714077827636818
TimesNet__ETTm1__h720__s2021,TimesNet,ETTm1,720,10801,1440,9361,1000000000,0.125,90,False,False,2.0079970495815105,-0.32459864754658596,-0.32459864754658596,7.714077827636818
TimesNet__ETTm1__h720__s2021,TimesNet,ETTm1,720,10801,1440,9361,1000000000,0.25,180,False,False,1.8121680899016033,-0.5250891079099065,-0.5250891079099065,7.714077827636818
TimesNet__ETTm1__h720__s2021,TimesNet,ETTm1,720,10801,1440,9361,1000000000,0.5,360,False,False,1.4547609871645713,-0.8910039076514508,-0.8910039076514508,7.714077827636818
TimesNet__ETTm1__h720__s2021,TimesNet,ETTm1,720,10801,1440,9361,1000000000,1.0,720,True,False,1.6800801823551548,-0.6603212279993049,-0.6603212279993049,7.714077827636818
TimesNet__ETTm1__h720__s2021,TimesNet,ETTm1,720,10801,1440,9361,1000000000,2.0,1440,True,False,1.7408315005387138,-0.5981237891209631,-0.5981237891209631,7.714077827636818
TimesNet__ETTm2__h96__s2021,TimesNet,ETTm2,96,11425,192,11233,50,0.0,0,False,False,8.56423415914956,3.79163306564017,3.79163306564017,14.529389008451629
TimesNet__ETTm2__h96__s2021,TimesNet,ETTm2,96,11425,192,11233,50,0.125,12,False,False,5.593504490532228,0.6658425460026623,0.6658425460026623,14.529389008451629
TimesNet__ETTm2__h96__s2021,TimesNet,ETTm2,96,11425,192,11233,50,0.25,24,False,False,3.9227391187417733,-1.0921304580209363,-1.0921304580209363,14.529389008451629
TimesNet__ETTm2__h96__s2021,TimesNet,ETTm2,96,11425,192,11233,50,0.5,48,False,False,3.357184158238047,-1.687205248080614,-1.687205248080614,14.529389008451629
TimesNet__ETTm2__h96__s2021,TimesNet,ETTm2,96,11425,192,11233,50,1.0,96,True,False,2.889427823791368,-2.1793766937558883,-2.1793766937558883,14.529389008451629
TimesNet__ETTm2__h96__s2021,TimesNet,ETTm2,96,11425,192,11233,50,2.0,192,True,False,4.555746692511094,-0.4260822834430706,-0.4260822834430706,14.529389008451629
TimesNet__ETTm2__h96__s2021,TimesNet,ETTm2,96,11425,192,11233,200,0.0,0,False,False,5.517673755807571,0.5860537337780205,0.5860537337780205,14.529389008451629
TimesNet__ETTm2__h96__s2021,TimesNet,ETTm2,96,11425,192,11233,200,0.125,12,False,False,4.350903388562446,-0.641617632976211,-0.641617632976211,14.529389008451629
TimesNet__ETTm2__h96__s2021,TimesNet,ETTm2,96,11425,192,11233,200,0.25,24,False,False,3.856538329835654,-1.1617866776834895,-1.1617866776834895,14.529389008451629
TimesNet__ETTm2__h96__s2021,TimesNet,ETTm2,96,11425,192,11233,200,0.5,48,False,False,3.479441373937879,-1.5585666681960706,-1.5585666681960706,14.529389008451629
TimesNet__ETTm2__h96__s2021,TimesNet,ETTm2,96,11425,192,11233,200,1.0,96,True,False,3.9587921347363553,-1.0541956109728523,-1.0541956109728523,14.529389008451629
TimesNet__ETTm2__h96__s2021,TimesNet,ETTm2,96,11425,192,11233,200,2.0,192,True,False,4.074384713022637,-0.9325695373638442,-0.9325695373638442,14.529389008451629
TimesNet__ETTm2__h96__s2021,TimesNet,ETTm2,96,11425,192,11233,1000,0.0,0,False,False,4.511666465969693,-0.47246333106317057,-0.47246333106317057,14.529389008451629
TimesNet__ETTm2__h96__s2021,TimesNet,ETTm2,96,11425,192,11233,1000,0.125,12,False,False,4.260339742797761,-0.7369083584654873,-0.7369083584654873,14.529389008451629
TimesNet__ETTm2__h96__s2021,TimesNet,ETTm2,96,11425,192,11233,1000,0.25,24,False,False,4.156275174965338,-0.8464047030831242,-0.8464047030831242,14.529389008451629
TimesNet__ETTm2__h96__s2021,TimesNet,ETTm2,96,11425,192,11233,1000,0.5,48,False,False,4.054141182777159,-0.953869703310873,-0.953869703310873,14.529389008451629
TimesNet__ETTm2__h96__s2021,TimesNet,ETTm2,96,11425,192,11233,1000,1.0,96,True,False,3.3631125541830977,-1.6809674122931784,-1.6809674122931784,14.529389008451629
TimesNet__ETTm2__h96__s2021,TimesNet,ETTm2,96,11425,192,11233,1000,2.0,192,True,False,3.1982259973046454,-1.8544604237075157,-1.8544604237075157,14.529389008451629
TimesNet__ETTm2__h96__s2021,TimesNet,ETTm2,96,11425,192,11233,3000,0.0,0,False,False,4.937071330762677,-0.024853941550296545,-0.024853941550296545,14.529389008451629
TimesNet__ETTm2__h96__s2021,TimesNet,ETTm2,96,11425,192,11233,3000,0.125,12,False,False,4.909171206881183,-0.05421034635776477,-0.05421034635776477,14.529389008451629
TimesNet__ETTm2__h96__s2021,TimesNet,ETTm2,96,11425,192,11233,3000,0.25,24,False,False,4.877006696623761,-0.08805372237865612,-0.08805372237865612,14.529389008451629
TimesNet__ETTm2__h96__s2021,TimesNet,ETTm2,96,11425,192,11233,3000,0.5,48,False,False,4.864930235073482,-0.10076052953899883,-0.10076052953899883,14.529389008451629
TimesNet__ETTm2__h96__s2021,TimesNet,ETTm2,96,11425,192,11233,3000,1.0,96,True,False,4.950208341556319,-0.011031228487935144,-0.011031228487935144,14.529389008451629
TimesNet__ETTm2__h96__s2021,TimesNet,ETTm2,96,11425,192,11233,3000,2.0,192,True,False,4.9262749664258925,-0.0362138352649541,-0.0362138352649541,14.529389008451629
TimesNet__ETTm2__h96__s2021,TimesNet,ETTm2,96,11425,192,11233,1000000000,0.0,0,False,False,4.960692344737122,0.0,0.0,14.529389008451629
TimesNet__ETTm2__h96__s2021,TimesNet,ETTm2,96,11425,192,11233,1000000000,0.125,12,False,False,4.960692344737122,0.0,0.0,14.529389008451629
TimesNet__ETTm2__h96__s2021,TimesNet,ETTm2,96,11425,192,11233,1000000000,0.25,24,False,False,4.957344786956935,-0.003522287633165719,-0.003522287633165719,14.529389008451629
TimesNet__ETTm2__h96__s2021,TimesNet,ETTm2,96,11425,192,11233,1000000000,0.5,48,False,False,4.941946899050967,-0.019723887040667125,-0.019723887040667125,14.529389008451629
TimesNet__ETTm2__h96__s2021,TimesNet,ETTm2,96,11425,192,11233,1000000000,1.0,96,True,False,4.936756091388199,-0.02518563522763422,-0.02518563522763422,14.529389008451629
TimesNet__ETTm2__h96__s2021,TimesNet,ETTm2,96,11425,192,11233,1000000000,2.0,192,True,False,4.924184729615148,-0.03841317453026791,-0.03841317453026791,14.529389008451629
TimesNet__ETTm2__h192__s2021,TimesNet,ETTm2,192,11329,384,10945,50,0.0,0,False,False,10.036069396525786,5.776290436267782,5.776290436267782,15.036021214704531
TimesNet__ETTm2__h192__s2021,TimesNet,ETTm2,192,11329,384,10945,50,0.125,24,False,False,6.547445519137474,2.1224807283642075,2.1224807283642075,15.036021214704531
TimesNet__ETTm2__h192__s2021,TimesNet,ETTm2,192,11329,384,10945,50,0.25,48,False,False,4.9880695003359055,0.48926848307204956,0.48926848307204956,15.036021214704531
TimesNet__ETTm2__h192__s2021,TimesNet,ETTm2,192,11329,384,10945,50,0.5,96,False,False,3.107454179294024,-1.4803936984524235,-1.4803936984524235,15.036021214704531
TimesNet__ETTm2__h192__s2021,TimesNet,ETTm2,192,11329,384,10945,50,1.0,192,True,False,2.1870982840511775,-2.4443283107678373,-2.4443283107678373,15.036021214704531
TimesNet__ETTm2__h192__s2021,TimesNet,ETTm2,192,11329,384,10945,50,2.0,384,True,False,-0.09899575715541886,-4.838668570570922,-4.838668570570922,15.036021214704531
TimesNet__ETTm2__h192__s2021,TimesNet,ETTm2,192,11329,384,10945,200,0.0,0,False,False,6.316788700753039,1.880902343354091,1.880902343354091,15.036021214704531
TimesNet__ETTm2__h192__s2021,TimesNet,ETTm2,192,11329,384,10945,200,0.125,24,False,False,4.428879352634201,-0.09639923636295711,-0.09639923636295711,15.036021214704531
TimesNet__ETTm2__h192__s2021,TimesNet,ETTm2,192,11329,384,10945,200,0.25,48,False,False,3.5779821426321745,-0.9875863048470993,-0.9875863048470993,15.036021214704531
TimesNet__ETTm2__h192__s2021,TimesNet,ETTm2,192,11329,384,10945,200,0.5,96,False,False,2.7301591186880594,-1.8755536250129718,-1.8755536250129718,15.036021214704531
TimesNet__ETTm2__h192__s2021,TimesNet,ETTm2,192,11329,384,10945,200,1.0,192,True,False,1.3603408991494816,-3.310232536962683,-3.310232536962683,15.036021214704531
TimesNet__ETTm2__h192__s2021,TimesNet,ETTm2,192,11329,384,10945,200,2.0,384,True,False,-0.9085918611845346,-5.686598931753059,-5.686598931753059,15.036021214704531
TimesNet__ETTm2__h192__s2021,TimesNet,ETTm2,192,11329,384,10945,1000,0.0,0,False,False,4.775109161112045,0.2662245029233208,0.2662245029233208,15.036021214704531
TimesNet__ETTm2__h192__s2021,TimesNet,ETTm2,192,11329,384,10945,1000,0.125,24,False,False,3.3097463180374183,-1.2685230565170906,-1.2685230565170906,15.036021214704531
TimesNet__ETTm2__h192__s2021,TimesNet,ETTm2,192,11329,384,10945,1000,0.25,48,False,False,2.1984966070653265,-2.4323902788255407,-2.4323902788255407,15.036021214704531
TimesNet__ETTm2__h192__s2021,TimesNet,ETTm2,192,11329,384,10945,1000,0.5,96,False,False,1.4584802277724498,-3.207446325478576,-3.207446325478576,15.036021214704531
TimesNet__ETTm2__h192__s2021,TimesNet,ETTm2,192,11329,384,10945,1000,1.0,192,True,False,1.3520074954806585,-3.3189605260767805,-3.3189605260767805,15.036021214704531
TimesNet__ETTm2__h192__s2021,TimesNet,ETTm2,192,11329,384,10945,1000,2.0,384,True,False,1.6467831507775743,-3.0102272866013275,-3.0102272866013275,15.036021214704531
TimesNet__ETTm2__h192__s2021,TimesNet,ETTm2,192,11329,384,10945,3000,0.0,0,False,False,4.59585364126522,0.07848126042107621,0.07848126042107621,15.036021214704531
TimesNet__ETTm2__h192__s2021,TimesNet,ETTm2,192,11329,384,10945,3000,0.125,24,False,False,4.3133585289178,-0.21738995419178564,-0.21738995419178564,15.036021214704531
TimesNet__ETTm2__h192__s2021,TimesNet,ETTm2,192,11329,384,10945,3000,0.25,48,False,False,4.405314480098067,-0.12107990216820731,-0.12107990216820731,15.036021214704531
TimesNet__ETTm2__h192__s2021,TimesNet,ETTm2,192,11329,384,10945,3000,0.5,96,False,False,4.332770884670645,-0.19705842623236516,-0.19705842623236516,15.036021214704531
TimesNet__ETTm2__h192__s2021,TimesNet,ETTm2,192,11329,384,10945,3000,1.0,192,True,False,4.089776560135473,-0.45155849650556396,-0.45155849650556396,15.036021214704531
TimesNet__ETTm2__h192__s2021,TimesNet,ETTm2,192,11329,384,10945,3000,2.0,384,True,False,4.3508515630711875,-0.17812163035317177,-0.17812163035317177,15.036021214704531
TimesNet__ETTm2__h192__s2021,TimesNet,ETTm2,192,11329,384,10945,1000000000,0.0,0,False,False,4.444386360716287,-0.08015797371549747,-0.08015797371549747,15.036021214704531
TimesNet__ETTm2__h192__s2021,TimesNet,ETTm2,192,11329,384,10945,1000000000,0.125,24,False,False,4.442313384534681,-0.0823291050162074,-0.0823291050162074,15.036021214704531
TimesNet__ETTm2__h192__s2021,TimesNet,ETTm2,192,11329,384,10945,1000000000,0.25,48,False,False,4.4363708973966345,-0.08855296805137704,-0.08855296805137704,15.036021214704531
TimesNet__ETTm2__h192__s2021,TimesNet,ETTm2,192,11329,384,10945,1000000000,0.5,96,False,False,4.428538728726329,-0.09675598876306418,-0.09675598876306418,15.036021214704531
TimesNet__ETTm2__h192__s2021,TimesNet,ETTm2,192,11329,384,10945,1000000000,1.0,192,True,False,4.415372859509141,-0.11054525996267582,-0.11054525996267582,15.036021214704531
TimesNet__ETTm2__h192__s2021,TimesNet,ETTm2,192,11329,384,10945,1000000000,2.0,384,True,False,4.180861512149347,-0.3561606853315561,-0.3561606853315561,15.036021214704531
TimesNet__ETTm2__h336__s2021,TimesNet,ETTm2,336,11185,672,10513,50,0.0,0,False,False,7.8309257041584495,5.614004582203071,5.614004582203071,11.664002042340172
TimesNet__ETTm2__h336__s2021,TimesNet,ETTm2,336,11185,672,10513,50,0.125,42,False,False,3.9644337335417346,1.6545127872633094,1.6545127872633094,11.664002042340172
TimesNet__ETTm2__h336__s2021,TimesNet,ETTm2,336,11185,672,10513,50,0.25,84,False,False,2.3522805713888313,0.0035828832985900488,0.0035828832985900488,11.664002042340172
TimesNet__ETTm2__h336__s2021,TimesNet,ETTm2,336,11185,672,10513,50,0.5,168,False,False,0.7802669171368133,-1.6062420465980916,-1.6062420465980916,11.664002042340172
TimesNet__ETTm2__h336__s2021,TimesNet,ETTm2,336,11185,672,10513,50,1.0,336,True,False,0.46714936081644476,-1.926890946045913,-1.926890946045913,11.664002042340172
TimesNet__ETTm2__h336__s2021,TimesNet,ETTm2,336,11185,672,10513,50,2.0,672,True,False,0.809747061860031,-1.576052822869638,-1.576052822869638,11.664002042340172
TimesNet__ETTm2__h336__s2021,TimesNet,ETTm2,336,11185,672,10513,200,0.0,0,False,False,4.795448483890697,2.5055157404534083,2.5055157404534083,11.664002042340172
TimesNet__ETTm2__h336__s2021,TimesNet,ETTm2,336,11185,672,10513,200,0.125,42,False,False,2.2253515602754943,-0.1263991215425873,-0.1263991215425873,11.664002042340172
TimesNet__ETTm2__h336__s2021,TimesNet,ETTm2,336,11185,672,10513,200,0.25,84,False,False,1.6270680508350117,-0.7390730038834086,-0.7390730038834086,11.664002042340172
TimesNet__ETTm2__h336__s2021,TimesNet,ETTm2,336,11185,672,10513,200,0.5,168,False,False,-0.16885928424328053,-2.57819735784303,-2.57819735784303,11.664002042340172
TimesNet__ETTm2__h336__s2021,TimesNet,ETTm2,336,11185,672,10513,200,1.0,336,True,False,0.1505084847584678,-2.2511479108144505,-2.2511479108144505,11.664002042340172
TimesNet__ETTm2__h336__s2021,TimesNet,ETTm2,336,11185,672,10513,200,2.0,672,True,False,0.9869643386485986,-1.394572980496144,-1.394572980496144,11.664002042340172
TimesNet__ETTm2__h336__s2021,TimesNet,ETTm2,336,11185,672,10513,1000,0.0,0,False,False,3.9998482164201024,1.6907790863904135,1.6907790863904135,11.664002042340172
TimesNet__ETTm2__h336__s2021,TimesNet,ETTm2,336,11185,672,10513,1000,0.125,42,False,False,2.3106311584138175,-0.039068313236112956,-0.039068313236112956,11.664002042340172
TimesNet__ETTm2__h336__s2021,TimesNet,ETTm2,336,11185,672,10513,1000,0.25,84,False,False,2.108002567318596,-0.2465706822980002,-0.2465706822980002,11.664002042340172
TimesNet__ETTm2__h336__s2021,TimesNet,ETTm2,336,11185,672,10513,1000,0.5,168,False,False,2.1948675682690726,-0.15761633785745344,-0.15761633785745344,11.664002042340172
TimesNet__ETTm2__h336__s2021,TimesNet,ETTm2,336,11185,672,10513,1000,1.0,336,True,False,2.176606480482199,-0.17631665530496862,-0.17631665530496862,11.664002042340172
TimesNet__ETTm2__h336__s2021,TimesNet,ETTm2,336,11185,672,10513,1000,2.0,672,True,False,1.409871328103178,-0.9614939084346035,-0.9614939084346035,11.664002042340172
TimesNet__ETTm2__h336__s2021,TimesNet,ETTm2,336,11185,672,10513,3000,0.0,0,False,False,2.5442488119958226,0.20016849096278175,0.20016849096278175,11.664002042340172
TimesNet__ETTm2__h336__s2021,TimesNet,ETTm2,336,11185,672,10513,3000,0.125,42,False,False,1.800766423108943,-0.5611967054093361,-0.5611967054093361,11.664002042340172
TimesNet__ETTm2__h336__s2021,TimesNet,ETTm2,336,11185,672,10513,3000,0.25,84,False,False,1.3247057018284205,-1.0487080035390146,-1.0487080035390146,11.664002042340172
TimesNet__ETTm2__h336__s2021,TimesNet,ETTm2,336,11185,672,10513,3000,0.5,168,False,False,1.5272321584224018,-0.841310225595566,-0.841310225595566,11.664002042340172
TimesNet__ETTm2__h336__s2021,TimesNet,ETTm2,336,11185,672,10513,3000,1.0,336,True,False,1.6755228939078755,-0.6894526878372081,-0.6894526878372081,11.664002042340172
TimesNet__ETTm2__h336__s2021,TimesNet,ETTm2,336,11185,672,10513,3000,2.0,672,True,False,2.1823715425289554,-0.17041292757323642,-0.17041292757323642,11.664002042340172
TimesNet__ETTm2__h336__s2021,TimesNet,ETTm2,336,11185,672,10513,1000000000,0.0,0,False,False,2.3487818422025857,0.0,0.0,11.664002042340172
TimesNet__ETTm2__h336__s2021,TimesNet,ETTm2,336,11185,672,10513,1000000000,0.125,42,False,False,2.3487818422025857,0.0,0.0,11.664002042340172
TimesNet__ETTm2__h336__s2021,TimesNet,ETTm2,336,11185,672,10513,1000000000,0.25,84,False,False,2.3487818422025857,0.0,0.0,11.664002042340172
TimesNet__ETTm2__h336__s2021,TimesNet,ETTm2,336,11185,672,10513,1000000000,0.5,168,False,False,2.3487818422025857,0.0,0.0,11.664002042340172
TimesNet__ETTm2__h336__s2021,TimesNet,ETTm2,336,11185,672,10513,1000000000,1.0,336,True,False,2.35923273774333,0.010702268479494705,0.010702268479494705,11.664002042340172
TimesNet__ETTm2__h336__s2021,TimesNet,ETTm2,336,11185,672,10513,1000000000,2.0,672,True,False,2.3174695706687065,-0.032065418255490294,-0.032065418255490294,11.664002042340172
TimesNet__ETTm2__h720__s2021,TimesNet,ETTm2,720,10801,1440,9361,50,0.0,0,False,False,19.14078351766682,19.14078351766682,6.314275113256546,22.900838726631424
TimesNet__ETTm2__h720__s2021,TimesNet,ETTm2,720,10801,1440,9361,50,0.125,90,False,False,11.207943693323934,11.207943693323934,-2.876932539817478,22.900838726631424
TimesNet__ETTm2__h720__s2021,TimesNet,ETTm2,720,10801,1440,9361,50,0.25,180,False,False,11.327937921129816,11.327937921129816,-2.737903908286335,22.900838726631424
TimesNet__ETTm2__h720__s2021,TimesNet,ETTm2,720,10801,1440,9361,50,0.5,360,False,False,11.184498672986892,11.184498672986892,-2.9040965888994994,22.900838726631424
TimesNet__ETTm2__h720__s2021,TimesNet,ETTm2,720,10801,1440,9361,50,1.0,720,True,False,9.143648548369859,9.143648548369859,-5.268681995829856,22.900838726631424
TimesNet__ETTm2__h720__s2021,TimesNet,ETTm2,720,10801,1440,9361,50,2.0,1440,True,False,11.016122424237478,11.016122424237478,-3.0991819682049764,22.900838726631424
TimesNet__ETTm2__h720__s2021,TimesNet,ETTm2,720,10801,1440,9361,200,0.0,0,False,False,15.718103425846328,15.718103425846328,2.348663283123511,22.900838726631424
TimesNet__ETTm2__h720__s2021,TimesNet,ETTm2,720,10801,1440,9361,200,0.125,90,False,False,13.555024837224371,13.555024837224371,-0.15753940320005036,22.900838726631424
TimesNet__ETTm2__h720__s2021,TimesNet,ETTm2,720,10801,1440,9361,200,0.25,180,False,False,12.264873816490876,12.264873816490876,-1.6523440630646176,22.900838726631424
TimesNet__ETTm2__h720__s2021,TimesNet,ETTm2,720,10801,1440,9361,200,0.5,360,False,False,10.262202760769298,10.262202760769298,-3.972694144690366,22.900838726631424
TimesNet__ETTm2__h720__s2021,TimesNet,ETTm2,720,10801,1440,9361,200,1.0,720,True,False,11.051365222460973,11.051365222460973,-3.0583486873219408,22.900838726631424
TimesNet__ETTm2__h720__s2021,TimesNet,ETTm2,720,10801,1440,9361,200,2.0,1440,True,False,11.02289602828235,11.02289602828235,-3.0913338831919543,22.900838726631424
TimesNet__ETTm2__h720__s2021,TimesNet,ETTm2,720,10801,1440,9361,1000,0.0,0,False,False,13.25677728672967,13.25677728672967,-0.5030972651154771,22.900838726631424
TimesNet__ETTm2__h720__s2021,TimesNet,ETTm2,720,10801,1440,9361,1000,0.125,90,False,False,10.480786623028374,10.480786623028374,-3.719436835565193,22.900838726631424
TimesNet__ETTm2__h720__s2021,TimesNet,ETTm2,720,10801,1440,9361,1000,0.25,180,False,False,10.920639425979308,10.920639425979308,-3.2098112111698858,22.900838726631424
TimesNet__ETTm2__h720__s2021,TimesNet,ETTm2,720,10801,1440,9361,1000,0.5,360,False,False,12.806780712433262,12.806780712433262,-1.0244757435814587,22.900838726631424
TimesNet__ETTm2__h720__s2021,TimesNet,ETTm2,720,10801,1440,9361,1000,1.0,720,True,False,14.63722058186984,14.63722058186984,1.0963225214775365,22.900838726631424
TimesNet__ETTm2__h720__s2021,TimesNet,ETTm2,720,10801,1440,9361,1000,2.0,1440,True,False,13.232246211053972,13.232246211053972,-0.5315196479545607,22.900838726631424
TimesNet__ETTm2__h720__s2021,TimesNet,ETTm2,720,10801,1440,9361,3000,0.0,0,False,False,13.919786230296934,13.919786230296934,0.2650832365848378,22.900838726631424
TimesNet__ETTm2__h720__s2021,TimesNet,ETTm2,720,10801,1440,9361,3000,0.125,90,False,False,13.468106838781491,13.468106838781491,-0.2582450004600138,22.900838726631424
TimesNet__ETTm2__h720__s2021,TimesNet,ETTm2,720,10801,1440,9361,3000,0.25,180,False,False,13.799396429643188,13.799396429643188,0.12559628341010656,22.900838726631424
TimesNet__ETTm2__h720__s2021,TimesNet,ETTm2,720,10801,1440,9361,3000,0.5,360,False,False,13.657857025655815,13.657857025655815,-0.03839518521229843,22.900838726631424
TimesNet__ETTm2__h720__s2021,TimesNet,ETTm2,720,10801,1440,9361,3000,1.0,720,True,False,13.690995527777815,13.690995527777815,0.0,22.900838726631424
TimesNet__ETTm2__h720__s2021,TimesNet,ETTm2,720,10801,1440,9361,3000,2.0,1440,True,False,13.430312701915764,13.430312701915764,-0.3020343328672615,22.900838726631424
TimesNet__ETTm2__h720__s2021,TimesNet,ETTm2,720,10801,1440,9361,1000000000,0.0,0,False,False,13.690995527777815,13.690995527777815,0.0,22.900838726631424
TimesNet__ETTm2__h720__s2021,TimesNet,ETTm2,720,10801,1440,9361,1000000000,0.125,90,False,False,13.690995527777815,13.690995527777815,0.0,22.900838726631424
TimesNet__ETTm2__h720__s2021,TimesNet,ETTm2,720,10801,1440,9361,1000000000,0.25,180,False,False,13.690995527777815,13.690995527777815,0.0,22.900838726631424
TimesNet__ETTm2__h720__s2021,TimesNet,ETTm2,720,10801,1440,9361,1000000000,0.5,360,False,False,13.690995527777815,13.690995527777815,0.0,22.900838726631424
TimesNet__ETTm2__h720__s2021,TimesNet,ETTm2,720,10801,1440,9361,1000000000,1.0,720,True,False,13.690995527777815,13.690995527777815,0.0,22.900838726631424
TimesNet__ETTm2__h720__s2021,TimesNet,ETTm2,720,10801,1440,9361,1000000000,2.0,1440,True,False,13.430312701915764,13.430312701915764,-0.3020343328672615,22.900838726631424
TimesNet__Electricity__h96__s2021,TimesNet,Electricity,96,5165,192,4973,50,0.0,0,False,False,0.6251675354565692,0.6251675354565692,0.6251675354565692,1.6770116169121185
TimesNet__Electricity__h96__s2021,TimesNet,Electricity,96,5165,192,4973,50,0.125,12,False,False,-0.2389733845907371,-0.2389733845907371,-0.2389733845907371,1.6770116169121185
TimesNet__Electricity__h96__s2021,TimesNet,Electricity,96,5165,192,4973,50,0.25,24,False,False,-0.8547272126949492,-0.8547272126949492,-0.8547272126949492,1.6770116169121185
TimesNet__Electricity__h96__s2021,TimesNet,Electricity,96,5165,192,4973,50,0.5,48,False,False,-1.7815496050011077,-1.7815496050011077,-1.7815496050011077,1.6770116169121185
TimesNet__Electricity__h96__s2021,TimesNet,Electricity,96,5165,192,4973,50,1.0,96,True,False,-1.8790684811013154,-1.8790684811013154,-1.8790684811013154,1.6770116169121185
TimesNet__Electricity__h96__s2021,TimesNet,Electricity,96,5165,192,4973,50,2.0,192,True,False,-1.6735042088263168,-1.6735042088263168,-1.6735042088263168,1.6770116169121185
TimesNet__Electricity__h96__s2021,TimesNet,Electricity,96,5165,192,4973,200,0.0,0,False,False,-0.20551841976354843,-0.20551841976354843,-0.20551841976354843,1.6770116169121185
TimesNet__Electricity__h96__s2021,TimesNet,Electricity,96,5165,192,4973,200,0.125,12,False,False,-0.4741785050498693,-0.4741785050498693,-0.4741785050498693,1.6770116169121185
TimesNet__Electricity__h96__s2021,TimesNet,Electricity,96,5165,192,4973,200,0.25,24,False,False,-0.5606281774869462,-0.5606281774869462,-0.5606281774869462,1.6770116169121185
TimesNet__Electricity__h96__s2021,TimesNet,Electricity,96,5165,192,4973,200,0.5,48,False,False,-0.8486140645530703,-0.8486140645530703,-0.8486140645530703,1.6770116169121185
TimesNet__Electricity__h96__s2021,TimesNet,Electricity,96,5165,192,4973,200,1.0,96,True,False,-0.8247824472793921,-0.8247824472793921,-0.8247824472793921,1.6770116169121185
TimesNet__Electricity__h96__s2021,TimesNet,Electricity,96,5165,192,4973,200,2.0,192,True,False,-0.6591369590819794,-0.6591369590819794,-0.6591369590819794,1.6770116169121185
TimesNet__Electricity__h96__s2021,TimesNet,Electricity,96,5165,192,4973,1000,0.0,0,False,False,0.0,0.0,0.0,1.6770116169121185
TimesNet__Electricity__h96__s2021,TimesNet,Electricity,96,5165,192,4973,1000,0.125,12,False,False,0.0,0.0,0.0,1.6770116169121185
TimesNet__Electricity__h96__s2021,TimesNet,Electricity,96,5165,192,4973,1000,0.25,24,False,False,0.0,0.0,0.0,1.6770116169121185
TimesNet__Electricity__h96__s2021,TimesNet,Electricity,96,5165,192,4973,1000,0.5,48,False,False,0.0,0.0,0.0,1.6770116169121185
TimesNet__Electricity__h96__s2021,TimesNet,Electricity,96,5165,192,4973,1000,1.0,96,True,False,0.0,0.0,0.0,1.6770116169121185
TimesNet__Electricity__h96__s2021,TimesNet,Electricity,96,5165,192,4973,1000,2.0,192,True,False,0.0,0.0,0.0,1.6770116169121185
TimesNet__Electricity__h96__s2021,TimesNet,Electricity,96,5165,192,4973,3000,0.0,0,False,False,0.0,0.0,0.0,1.6770116169121185
TimesNet__Electricity__h96__s2021,TimesNet,Electricity,96,5165,192,4973,3000,0.125,12,False,False,0.0,0.0,0.0,1.6770116169121185
TimesNet__Electricity__h96__s2021,TimesNet,Electricity,96,5165,192,4973,3000,0.25,24,False,False,0.0,0.0,0.0,1.6770116169121185
TimesNet__Electricity__h96__s2021,TimesNet,Electricity,96,5165,192,4973,3000,0.5,48,False,False,0.0,0.0,0.0,1.6770116169121185
TimesNet__Electricity__h96__s2021,TimesNet,Electricity,96,5165,192,4973,3000,1.0,96,True,False,0.0,0.0,0.0,1.6770116169121185
TimesNet__Electricity__h96__s2021,TimesNet,Electricity,96,5165,192,4973,3000,2.0,192,True,False,0.0,0.0,0.0,1.6770116169121185
TimesNet__Electricity__h96__s2021,TimesNet,Electricity,96,5165,192,4973,1000000000,0.0,0,False,False,0.0,0.0,0.0,1.6770116169121185
TimesNet__Electricity__h96__s2021,TimesNet,Electricity,96,5165,192,4973,1000000000,0.125,12,False,False,0.0,0.0,0.0,1.6770116169121185
TimesNet__Electricity__h96__s2021,TimesNet,Electricity,96,5165,192,4973,1000000000,0.25,24,False,False,0.0,0.0,0.0,1.6770116169121185
TimesNet__Electricity__h96__s2021,TimesNet,Electricity,96,5165,192,4973,1000000000,0.5,48,False,False,0.0,0.0,0.0,1.6770116169121185
TimesNet__Electricity__h96__s2021,TimesNet,Electricity,96,5165,192,4973,1000000000,1.0,96,True,False,0.0,0.0,0.0,1.6770116169121185
TimesNet__Electricity__h96__s2021,TimesNet,Electricity,96,5165,192,4973,1000000000,2.0,192,True,False,0.0,0.0,0.0,1.6770116169121185
TimesNet__Electricity__h192__s2021,TimesNet,Electricity,192,5069,384,4685,50,0.0,0,False,False,0.10147770277910192,0.10147770277910192,0.10147770277910192,0.5530441168306143
TimesNet__Electricity__h192__s2021,TimesNet,Electricity,192,5069,384,4685,50,0.125,24,False,False,-0.5189560576455238,-0.5189560576455238,-0.5189560576455238,0.5530441168306143
TimesNet__Electricity__h192__s2021,TimesNet,Electricity,192,5069,384,4685,50,0.25,48,False,False,-0.7774665905193535,-0.7774665905193535,-0.7774665905193535,0.5530441168306143
TimesNet__Electricity__h192__s2021,TimesNet,Electricity,192,5069,384,4685,50,0.5,96,False,False,-0.5222387817027873,-0.5222387817027873,-0.5222387817027873,0.5530441168306143
TimesNet__Electricity__h192__s2021,TimesNet,Electricity,192,5069,384,4685,50,1.0,192,True,False,-0.5415403857516459,-0.5415403857516459,-0.5415403857516459,0.5530441168306143
TimesNet__Electricity__h192__s2021,TimesNet,Electricity,192,5069,384,4685,50,2.0,384,True,False,-0.6179913267942345,-0.6179913267942345,-0.6179913267942345,0.5530441168306143
TimesNet__Electricity__h192__s2021,TimesNet,Electricity,192,5069,384,4685,200,0.0,0,False,False,-0.008860481794559939,-0.008860481794559939,-0.008860481794559939,0.5530441168306143
TimesNet__Electricity__h192__s2021,TimesNet,Electricity,192,5069,384,4685,200,0.125,24,False,False,-0.012499921366230864,-0.012499921366230864,-0.012499921366230864,0.5530441168306143
TimesNet__Electricity__h192__s2021,TimesNet,Electricity,192,5069,384,4685,200,0.25,48,False,False,-0.020460947894769516,-0.020460947894769516,-0.020460947894769516,0.5530441168306143
TimesNet__Electricity__h192__s2021,TimesNet,Electricity,192,5069,384,4685,200,0.5,96,False,False,-0.023418275687326524,-0.023418275687326524,-0.023418275687326524,0.5530441168306143
TimesNet__Electricity__h192__s2021,TimesNet,Electricity,192,5069,384,4685,200,1.0,192,True,False,-0.02108366049722742,-0.02108366049722742,-0.02108366049722742,0.5530441168306143
TimesNet__Electricity__h192__s2021,TimesNet,Electricity,192,5069,384,4685,200,2.0,384,True,False,0.0077331428219054215,0.0077331428219054215,0.0077331428219054215,0.5530441168306143
TimesNet__Electricity__h192__s2021,TimesNet,Electricity,192,5069,384,4685,1000,0.0,0,False,False,0.0,0.0,0.0,0.5530441168306143
TimesNet__Electricity__h192__s2021,TimesNet,Electricity,192,5069,384,4685,1000,0.125,24,False,False,0.0,0.0,0.0,0.5530441168306143
TimesNet__Electricity__h192__s2021,TimesNet,Electricity,192,5069,384,4685,1000,0.25,48,False,False,0.0,0.0,0.0,0.5530441168306143
TimesNet__Electricity__h192__s2021,TimesNet,Electricity,192,5069,384,4685,1000,0.5,96,False,False,0.0,0.0,0.0,0.5530441168306143
TimesNet__Electricity__h192__s2021,TimesNet,Electricity,192,5069,384,4685,1000,1.0,192,True,False,0.0,0.0,0.0,0.5530441168306143
TimesNet__Electricity__h192__s2021,TimesNet,Electricity,192,5069,384,4685,1000,2.0,384,True,False,0.0,0.0,0.0,0.5530441168306143
TimesNet__Electricity__h192__s2021,TimesNet,Electricity,192,5069,384,4685,3000,0.0,0,False,False,0.0,0.0,0.0,0.5530441168306143
TimesNet__Electricity__h192__s2021,TimesNet,Electricity,192,5069,384,4685,3000,0.125,24,False,False,0.0,0.0,0.0,0.5530441168306143
TimesNet__Electricity__h192__s2021,TimesNet,Electricity,192,5069,384,4685,3000,0.25,48,False,False,0.0,0.0,0.0,0.5530441168306143
TimesNet__Electricity__h192__s2021,TimesNet,Electricity,192,5069,384,4685,3000,0.5,96,False,False,0.0,0.0,0.0,0.5530441168306143
TimesNet__Electricity__h192__s2021,TimesNet,Electricity,192,5069,384,4685,3000,1.0,192,True,False,0.0,0.0,0.0,0.5530441168306143
TimesNet__Electricity__h192__s2021,TimesNet,Electricity,192,5069,384,4685,3000,2.0,384,True,False,0.0,0.0,0.0,0.5530441168306143
TimesNet__Electricity__h192__s2021,TimesNet,Electricity,192,5069,384,4685,1000000000,0.0,0,False,False,0.0,0.0,0.0,0.5530441168306143
TimesNet__Electricity__h192__s2021,TimesNet,Electricity,192,5069,384,4685,1000000000,0.125,24,False,False,0.0,0.0,0.0,0.5530441168306143
TimesNet__Electricity__h192__s2021,TimesNet,Electricity,192,5069,384,4685,1000000000,0.25,48,False,False,0.0,0.0,0.0,0.5530441168306143
TimesNet__Electricity__h192__s2021,TimesNet,Electricity,192,5069,384,4685,1000000000,0.5,96,False,False,0.0,0.0,0.0,0.5530441168306143
TimesNet__Electricity__h192__s2021,TimesNet,Electricity,192,5069,384,4685,1000000000,1.0,192,True,False,0.0,0.0,0.0,0.5530441168306143
TimesNet__Electricity__h192__s2021,TimesNet,Electricity,192,5069,384,4685,1000000000,2.0,384,True,False,0.0,0.0,0.0,0.5530441168306143
TimesNet__Electricity__h336__s2021,TimesNet,Electricity,336,4925,672,4253,50,0.0,0,False,False,0.0,0.0,0.0,0.0023394596993249394
TimesNet__Electricity__h336__s2021,TimesNet,Electricity,336,4925,672,4253,50,0.125,42,False,False,0.0,0.0,0.0,0.0023394596993249394
TimesNet__Electricity__h336__s2021,TimesNet,Electricity,336,4925,672,4253,50,0.25,84,False,False,0.0,0.0,0.0,0.0023394596993249394
TimesNet__Electricity__h336__s2021,TimesNet,Electricity,336,4925,672,4253,50,0.5,168,False,False,0.0,0.0,0.0,0.0023394596993249394
TimesNet__Electricity__h336__s2021,TimesNet,Electricity,336,4925,672,4253,50,1.0,336,True,False,0.0,0.0,0.0,0.0023394596993249394
TimesNet__Electricity__h336__s2021,TimesNet,Electricity,336,4925,672,4253,50,2.0,672,True,False,0.0,0.0,0.0,0.0023394596993249394
TimesNet__Electricity__h336__s2021,TimesNet,Electricity,336,4925,672,4253,200,0.0,0,False,False,0.0,0.0,0.0,0.0023394596993249394
TimesNet__Electricity__h336__s2021,TimesNet,Electricity,336,4925,672,4253,200,0.125,42,False,False,0.0,0.0,0.0,0.0023394596993249394
TimesNet__Electricity__h336__s2021,TimesNet,Electricity,336,4925,672,4253,200,0.25,84,False,False,0.0,0.0,0.0,0.0023394596993249394
TimesNet__Electricity__h336__s2021,TimesNet,Electricity,336,4925,672,4253,200,0.5,168,False,False,0.0,0.0,0.0,0.0023394596993249394
TimesNet__Electricity__h336__s2021,TimesNet,Electricity,336,4925,672,4253,200,1.0,336,True,False,0.0,0.0,0.0,0.0023394596993249394
TimesNet__Electricity__h336__s2021,TimesNet,Electricity,336,4925,672,4253,200,2.0,672,True,False,0.0,0.0,0.0,0.0023394596993249394
TimesNet__Electricity__h336__s2021,TimesNet,Electricity,336,4925,672,4253,1000,0.0,0,False,False,0.0,0.0,0.0,0.0023394596993249394
TimesNet__Electricity__h336__s2021,TimesNet,Electricity,336,4925,672,4253,1000,0.125,42,False,False,0.0,0.0,0.0,0.0023394596993249394
TimesNet__Electricity__h336__s2021,TimesNet,Electricity,336,4925,672,4253,1000,0.25,84,False,False,0.0,0.0,0.0,0.0023394596993249394
TimesNet__Electricity__h336__s2021,TimesNet,Electricity,336,4925,672,4253,1000,0.5,168,False,False,0.0,0.0,0.0,0.0023394596993249394
TimesNet__Electricity__h336__s2021,TimesNet,Electricity,336,4925,672,4253,1000,1.0,336,True,False,0.0,0.0,0.0,0.0023394596993249394
TimesNet__Electricity__h336__s2021,TimesNet,Electricity,336,4925,672,4253,1000,2.0,672,True,False,0.0,0.0,0.0,0.0023394596993249394
TimesNet__Electricity__h336__s2021,TimesNet,Electricity,336,4925,672,4253,3000,0.0,0,False,False,0.0,0.0,0.0,0.0023394596993249394
TimesNet__Electricity__h336__s2021,TimesNet,Electricity,336,4925,672,4253,3000,0.125,42,False,False,0.0,0.0,0.0,0.0023394596993249394
TimesNet__Electricity__h336__s2021,TimesNet,Electricity,336,4925,672,4253,3000,0.25,84,False,False,0.0,0.0,0.0,0.0023394596993249394
TimesNet__Electricity__h336__s2021,TimesNet,Electricity,336,4925,672,4253,3000,0.5,168,False,False,0.0,0.0,0.0,0.0023394596993249394
TimesNet__Electricity__h336__s2021,TimesNet,Electricity,336,4925,672,4253,3000,1.0,336,True,False,0.0,0.0,0.0,0.0023394596993249394
TimesNet__Electricity__h336__s2021,TimesNet,Electricity,336,4925,672,4253,3000,2.0,672,True,False,0.0,0.0,0.0,0.0023394596993249394
TimesNet__Electricity__h336__s2021,TimesNet,Electricity,336,4925,672,4253,1000000000,0.0,0,False,False,0.0,0.0,0.0,0.0023394596993249394
TimesNet__Electricity__h336__s2021,TimesNet,Electricity,336,4925,672,4253,1000000000,0.125,42,False,False,0.0,0.0,0.0,0.0023394596993249394
TimesNet__Electricity__h336__s2021,TimesNet,Electricity,336,4925,672,4253,1000000000,0.25,84,False,False,0.0,0.0,0.0,0.0023394596993249394
TimesNet__Electricity__h336__s2021,TimesNet,Electricity,336,4925,672,4253,1000000000,0.5,168,False,False,0.0,0.0,0.0,0.0023394596993249394
TimesNet__Electricity__h336__s2021,TimesNet,Electricity,336,4925,672,4253,1000000000,1.0,336,True,False,0.0,0.0,0.0,0.0023394596993249394
TimesNet__Electricity__h336__s2021,TimesNet,Electricity,336,4925,672,4253,1000000000,2.0,672,True,False,0.0,0.0,0.0,0.0023394596993249394
TimesNet__Electricity__h720__s2021,TimesNet,Electricity,720,4541,1440,3101,50,0.0,0,False,False,1.1980789000508205,1.1980789000508205,0.998368341544606,1.8555345988843173
TimesNet__Electricity__h720__s2021,TimesNet,Electricity,720,4541,1440,3101,50,0.125,90,False,False,-0.3980861027706557,-0.3980861027706557,-0.6010230257102002,1.8555345988843173
TimesNet__Electricity__h720__s2021,TimesNet,Electricity,720,4541,1440,3101,50,0.25,180,False,False,0.27564320146039945,0.27564320146039945,0.07406810280657784,1.8555345988843173
TimesNet__Electricity__h720__s2021,TimesNet,Electricity,720,4541,1440,3101,50,0.5,360,False,False,-0.29558580128599854,-0.29558580128599854,-0.49831553804708956,1.8555345988843173
TimesNet__Electricity__h720__s2021,TimesNet,Electricity,720,4541,1440,3101,50,1.0,720,True,False,-0.8625555698449143,-0.8625555698449143,-1.0664313354268466,1.8555345988843173
TimesNet__Electricity__h720__s2021,TimesNet,Electricity,720,4541,1440,3101,50,2.0,1440,True,False,-0.5721243513031604,-0.5721243513031604,-0.7754130616920675,1.8555345988843173
TimesNet__Electricity__h720__s2021,TimesNet,Electricity,720,4541,1440,3101,200,0.0,0,False,False,0.8621425783679842,0.8621425783679842,0.6617529841742152,1.8555345988843173
TimesNet__Electricity__h720__s2021,TimesNet,Electricity,720,4541,1440,3101,200,0.125,90,False,False,0.2546828321398073,0.2546828321398073,0.05306536581725107,1.8555345988843173
TimesNet__Electricity__h720__s2021,TimesNet,Electricity,720,4541,1440,3101,200,0.25,180,False,False,0.4951831851322411,0.4951831851322411,0.2940518476144929,1.8555345988843173
TimesNet__Electricity__h720__s2021,TimesNet,Electricity,720,4541,1440,3101,200,0.5,360,False,False,0.12655293979225404,0.12655293979225404,-0.07532351838063463,1.8555345988843173
TimesNet__Electricity__h720__s2021,TimesNet,Electricity,720,4541,1440,3101,200,1.0,720,True,False,-0.2172236464254966,-0.2172236464254966,-0.41979498799002957,1.8555345988843173
TimesNet__Electricity__h720__s2021,TimesNet,Electricity,720,4541,1440,3101,200,2.0,1440,True,False,-0.6535910218141383,-0.6535910218141383,-0.8570444026273271,1.8555345988843173
TimesNet__Electricity__h720__s2021,TimesNet,Electricity,720,4541,1440,3101,1000,0.0,0,False,False,0.22928059323898276,0.22928059323898276,0.027611780796212283,1.8555345988843173
TimesNet__Electricity__h720__s2021,TimesNet,Electricity,720,4541,1440,3101,1000,0.125,90,False,False,0.13883331882312722,0.13883331882312722,-0.06301831674178358,1.8555345988843173
TimesNet__Electricity__h720__s2021,TimesNet,Electricity,720,4541,1440,3101,1000,0.25,180,False,False,0.08773360605425785,0.08773360605425785,-0.11422131851620025,1.8555345988843173
TimesNet__Electricity__h720__s2021,TimesNet,Electricity,720,4541,1440,3101,1000,0.5,360,False,False,0.04860793479068551,0.04860793479068551,-0.15342607538431335,1.8555345988843173
TimesNet__Electricity__h720__s2021,TimesNet,Electricity,720,4541,1440,3101,1000,1.0,720,True,False,-0.14124716056494285,-0.14124716056494285,-0.34366492913964297,1.8555345988843173
TimesNet__Electricity__h720__s2021,TimesNet,Electricity,720,4541,1440,3101,1000,2.0,1440,True,False,-0.5621467088846266,-0.5621467088846266,-0.7654152512391695,1.8555345988843173
TimesNet__Electricity__h720__s2021,TimesNet,Electricity,720,4541,1440,3101,3000,0.0,0,False,False,0.09659400107027592,0.09659400107027592,-0.10534301378327046,1.8555345988843173
TimesNet__Electricity__h720__s2021,TimesNet,Electricity,720,4541,1440,3101,3000,0.125,90,False,False,0.08657701565299879,0.08657701565299879,-0.11538024675980516,1.8555345988843173
TimesNet__Electricity__h720__s2021,TimesNet,Electricity,720,4541,1440,3101,3000,0.25,180,False,False,0.05388350834176684,0.05388350834176684,-0.14813983819705373,1.8555345988843173
TimesNet__Electricity__h720__s2021,TimesNet,Electricity,720,4541,1440,3101,3000,0.5,360,False,False,0.05484695653895718,0.05484695653895718,-0.14717444256022447,1.8555345988843173
TimesNet__Electricity__h720__s2021,TimesNet,Electricity,720,4541,1440,3101,3000,1.0,720,True,False,0.20172451217288387,0.20172451217288387,0.0,1.8555345988843173
TimesNet__Electricity__h720__s2021,TimesNet,Electricity,720,4541,1440,3101,3000,2.0,1440,True,False,0.15849458895890992,0.15849458895890992,-0.04331730483584048,1.8555345988843173
TimesNet__Electricity__h720__s2021,TimesNet,Electricity,720,4541,1440,3101,1000000000,0.0,0,False,False,0.20172451217288387,0.20172451217288387,0.0,1.8555345988843173
TimesNet__Electricity__h720__s2021,TimesNet,Electricity,720,4541,1440,3101,1000000000,0.125,90,False,False,0.20172451217288387,0.20172451217288387,0.0,1.8555345988843173
TimesNet__Electricity__h720__s2021,TimesNet,Electricity,720,4541,1440,3101,1000000000,0.25,180,False,False,0.20172451217288387,0.20172451217288387,0.0,1.8555345988843173
TimesNet__Electricity__h720__s2021,TimesNet,Electricity,720,4541,1440,3101,1000000000,0.5,360,False,False,0.20172451217288387,0.20172451217288387,0.0,1.8555345988843173
TimesNet__Electricity__h720__s2021,TimesNet,Electricity,720,4541,1440,3101,1000000000,1.0,720,True,False,0.20172451217288387,0.20172451217288387,0.0,1.8555345988843173
TimesNet__Electricity__h720__s2021,TimesNet,Electricity,720,4541,1440,3101,1000000000,2.0,1440,True,False,0.15849458895890992,0.15849458895890992,-0.04331730483584048,1.8555345988843173
TimesNet__Exchange__h96__s2021,TimesNet,Exchange,96,1422,192,1230,50,0.0,0,False,False,12.904420152056929,9.258553884486373,5.655869972738801,20.19344257929429
TimesNet__Exchange__h96__s2021,TimesNet,Exchange,96,1422,192,1230,50,0.125,12,False,False,9.63285144190534,5.850035606707986,2.112024184898281,20.19344257929429
TimesNet__Exchange__h96__s2021,TimesNet,Exchange,96,1422,192,1230,50,0.25,24,False,False,7.378068077011833,3.5008658375320056,-0.3304140574580843,20.19344257929429
TimesNet__Exchange__h96__s2021,TimesNet,Exchange,96,1422,192,1230,50,0.5,48,False,False,6.119220667928767,2.1893224212255262,-1.6940293391332373,20.19344257929429
TimesNet__Exchange__h96__s2021,TimesNet,Exchange,96,1422,192,1230,50,1.0,96,True,False,6.342054281897802,2.421483966162687,-1.4526503450735795,20.19344257929429
TimesNet__Exchange__h96__s2021,TimesNet,Exchange,96,1422,192,1230,50,2.0,192,True,False,8.387319494256294,4.5523650439760255,0.7628325470762063,20.19344257929429
TimesNet__Exchange__h96__s2021,TimesNet,Exchange,96,1422,192,1230,200,0.0,0,False,False,10.96133408020077,7.234129219136321,3.5510701041644452,20.19344257929429
TimesNet__Exchange__h96__s2021,TimesNet,Exchange,96,1422,192,1230,200,0.125,12,False,False,9.17110028203314,5.368955303144123,1.6118436758153007,20.19344257929429
TimesNet__Exchange__h96__s2021,TimesNet,Exchange,96,1422,192,1230,200,0.25,24,False,False,8.567481842552962,4.740069081868053,0.9579889493114564,20.19344257929429
TimesNet__Exchange__h96__s2021,TimesNet,Exchange,96,1422,192,1230,200,0.5,48,False,False,8.437060626170755,4.604188365540919,0.8167133964285404,20.19344257929429
TimesNet__Exchange__h96__s2021,TimesNet,Exchange,96,1422,192,1230,200,1.0,96,True,False,9.701917638222296,5.921992949921501,2.1868384316969274,20.19344257929429
TimesNet__Exchange__h96__s2021,TimesNet,Exchange,96,1422,192,1230,200,2.0,192,True,False,6.967465796457808,3.073075531975184,-0.7751888096752464,20.19344257929429
TimesNet__Exchange__h96__s2021,TimesNet,Exchange,96,1422,192,1230,1000,0.0,0,False,False,4.3352881528845835,0.3307135633453807,-3.626430058584471,20.19344257929429
TimesNet__Exchange__h96__s2021,TimesNet,Exchange,96,1422,192,1230,1000,0.125,12,False,False,3.832219267989208,-0.19341404669892337,-4.171366970102829,20.19344257929429
TimesNet__Exchange__h96__s2021,TimesNet,Exchange,96,1422,192,1230,1000,0.25,24,False,False,3.0399081863974144,-1.0188916822173464,-5.029618328371976,20.19344257929429
TimesNet__Exchange__h96__s2021,TimesNet,Exchange,96,1422,192,1230,1000,0.5,48,False,False,2.0308277712206997,-2.0702127283581335,-6.122679699151092,20.19344257929429
TimesNet__Exchange__h96__s2021,TimesNet,Exchange,96,1422,192,1230,1000,1.0,96,True,False,1.4267133039344098,-2.6996157414222433,-6.777071735492228,20.19344257929429
TimesNet__Exchange__h96__s2021,TimesNet,Exchange,96,1422,192,1230,1000,2.0,192,True,False,0.20579373686987648,-3.9716436365184493,-8.099602621549405,20.19344257929429
TimesNet__Exchange__h96__s2021,TimesNet,Exchange,96,1422,192,1230,3000,0.0,0,False,False,4.3352881528845835,0.3307135633453807,-3.626430058584471,20.19344257929429
TimesNet__Exchange__h96__s2021,TimesNet,Exchange,96,1422,192,1230,3000,0.125,12,False,False,3.832219267989208,-0.19341404669892337,-4.171366970102829,20.19344257929429
TimesNet__Exchange__h96__s2021,TimesNet,Exchange,96,1422,192,1230,3000,0.25,24,False,False,3.0399081863974144,-1.0188916822173464,-5.029618328371976,20.19344257929429
TimesNet__Exchange__h96__s2021,TimesNet,Exchange,96,1422,192,1230,3000,0.5,48,False,False,2.0308277712206997,-2.0702127283581335,-6.122679699151092,20.19344257929429
TimesNet__Exchange__h96__s2021,TimesNet,Exchange,96,1422,192,1230,3000,1.0,96,True,False,1.4267133039344098,-2.6996157414222433,-6.777071735492228,20.19344257929429
TimesNet__Exchange__h96__s2021,TimesNet,Exchange,96,1422,192,1230,3000,2.0,192,True,False,0.20579373686987648,-3.9716436365184493,-8.099602621549405,20.19344257929429
TimesNet__Exchange__h96__s2021,TimesNet,Exchange,96,1422,192,1230,1000000000,0.0,0,False,False,4.3352881528845835,0.3307135633453807,-3.626430058584471,20.19344257929429
TimesNet__Exchange__h96__s2021,TimesNet,Exchange,96,1422,192,1230,1000000000,0.125,12,False,False,3.832219267989208,-0.19341404669892337,-4.171366970102829,20.19344257929429
TimesNet__Exchange__h96__s2021,TimesNet,Exchange,96,1422,192,1230,1000000000,0.25,24,False,False,3.0399081863974144,-1.0188916822173464,-5.029618328371976,20.19344257929429
TimesNet__Exchange__h96__s2021,TimesNet,Exchange,96,1422,192,1230,1000000000,0.5,48,False,False,2.0308277712206997,-2.0702127283581335,-6.122679699151092,20.19344257929429
TimesNet__Exchange__h96__s2021,TimesNet,Exchange,96,1422,192,1230,1000000000,1.0,96,True,False,1.4267133039344098,-2.6996157414222433,-6.777071735492228,20.19344257929429
TimesNet__Exchange__h96__s2021,TimesNet,Exchange,96,1422,192,1230,1000000000,2.0,192,True,False,0.20579373686987648,-3.9716436365184493,-8.099602621549405,20.19344257929429
TimesNet__Exchange__h192__s2021,TimesNet,Exchange,192,1326,384,942,50,0.0,0,False,False,5.456539148641457,3.155358751527489,3.155358751527489,10.646839497985674
TimesNet__Exchange__h192__s2021,TimesNet,Exchange,192,1326,384,942,50,0.125,24,False,False,1.6305947781947383,-0.7637088038168346,-0.7637088038168346,10.646839497985674
TimesNet__Exchange__h192__s2021,TimesNet,Exchange,192,1326,384,942,50,0.25,48,False,False,-1.2205409884608065,-3.6842409906653466,-3.6842409906653466,10.646839497985674
TimesNet__Exchange__h192__s2021,TimesNet,Exchange,192,1326,384,942,50,0.5,96,False,False,0.184258125398645,-2.245249176923892,-2.245249176923892,10.646839497985674
TimesNet__Exchange__h192__s2021,TimesNet,Exchange,192,1326,384,942,50,1.0,192,True,False,0.5574654191072292,-1.862958047055635,-1.862958047055635,10.646839497985674
TimesNet__Exchange__h192__s2021,TimesNet,Exchange,192,1326,384,942,50,2.0,384,True,False,-0.8532593617325912,-3.3080197580454462,-3.3080197580454462,10.646839497985674
TimesNet__Exchange__h192__s2021,TimesNet,Exchange,192,1326,384,942,200,0.0,0,False,False,4.122969361111287,1.7893299803128457,1.7893299803128457,10.646839497985674
TimesNet__Exchange__h192__s2021,TimesNet,Exchange,192,1326,384,942,200,0.125,24,False,False,1.1886534660175836,-1.2164069327542282,-1.2164069327542282,10.646839497985674
TimesNet__Exchange__h192__s2021,TimesNet,Exchange,192,1326,384,942,200,0.25,48,False,False,-0.37578515526827033,-2.8189238669701644,-2.8189238669701644,10.646839497985674
TimesNet__Exchange__h192__s2021,TimesNet,Exchange,192,1326,384,942,200,0.5,96,False,False,2.0946967486653345,-0.2883106279070488,-0.2883106279070488,10.646839497985674
TimesNet__Exchange__h192__s2021,TimesNet,Exchange,192,1326,384,942,200,1.0,192,True,False,2.741790386807449,0.3745332184650238,0.3745332184650238,10.646839497985674
TimesNet__Exchange__h192__s2021,TimesNet,Exchange,192,1326,384,942,200,2.0,384,True,False,-4.191685398097691,-6.727702821421398,-6.727702821421398,10.646839497985674
TimesNet__Exchange__h192__s2021,TimesNet,Exchange,192,1326,384,942,1000,0.0,0,False,False,-5.430547541906885,-7.996718772319826,-7.996718772319826,10.646839497985674
TimesNet__Exchange__h192__s2021,TimesNet,Exchange,192,1326,384,942,1000,0.125,24,False,False,-7.153946133739058,-9.762064750255973,-9.762064750255973,10.646839497985674
TimesNet__Exchange__h192__s2021,TimesNet,Exchange,192,1326,384,942,1000,0.25,48,False,False,-6.367310520411044,-8.9562824880031,-8.9562824880031,10.646839497985674
TimesNet__Exchange__h192__s2021,TimesNet,Exchange,192,1326,384,942,1000,0.5,96,False,False,-6.835316632923095,-9.435679832464396,-9.435679832464396,10.646839497985674
TimesNet__Exchange__h192__s2021,TimesNet,Exchange,192,1326,384,942,1000,1.0,192,True,False,-9.097622879771356,-11.753050435330895,-11.753050435330895,10.646839497985674
TimesNet__Exchange__h192__s2021,TimesNet,Exchange,192,1326,384,942,1000,2.0,384,True,False,-8.316632098037447,-10.953050399428916,-10.953050399428916,10.646839497985674
TimesNet__Exchange__h192__s2021,TimesNet,Exchange,192,1326,384,942,3000,0.0,0,False,False,-3.9555731388106743,-6.4858436083239654,-6.4858436083239654,10.646839497985674
TimesNet__Exchange__h192__s2021,TimesNet,Exchange,192,1326,384,942,3000,0.125,24,False,False,-5.939945536763444,-8.5185154742846,-8.5185154742846,10.646839497985674
TimesNet__Exchange__h192__s2021,TimesNet,Exchange,192,1326,384,942,3000,0.25,48,False,False,-5.104858275089372,-7.663102254377782,-7.663102254377782,10.646839497985674
TimesNet__Exchange__h192__s2021,TimesNet,Exchange,192,1326,384,942,3000,0.5,96,False,False,-5.314240733332801,-7.877581065177702,-7.877581065177702,10.646839497985674
TimesNet__Exchange__h192__s2021,TimesNet,Exchange,192,1326,384,942,3000,1.0,192,True,False,-8.403743957349588,-11.042282554541528,-11.042282554541528,10.646839497985674
TimesNet__Exchange__h192__s2021,TimesNet,Exchange,192,1326,384,942,3000,2.0,384,True,False,-8.316632098037447,-10.953050399428916,-10.953050399428916,10.646839497985674
TimesNet__Exchange__h192__s2021,TimesNet,Exchange,192,1326,384,942,1000000000,0.0,0,False,False,-3.9555731388106743,-6.4858436083239654,-6.4858436083239654,10.646839497985674
TimesNet__Exchange__h192__s2021,TimesNet,Exchange,192,1326,384,942,1000000000,0.125,24,False,False,-5.939945536763444,-8.5185154742846,-8.5185154742846,10.646839497985674
TimesNet__Exchange__h192__s2021,TimesNet,Exchange,192,1326,384,942,1000000000,0.25,48,False,False,-5.104858275089372,-7.663102254377782,-7.663102254377782,10.646839497985674
TimesNet__Exchange__h192__s2021,TimesNet,Exchange,192,1326,384,942,1000000000,0.5,96,False,False,-5.314240733332801,-7.877581065177702,-7.877581065177702,10.646839497985674
TimesNet__Exchange__h192__s2021,TimesNet,Exchange,192,1326,384,942,1000000000,1.0,192,True,False,-8.403743957349588,-11.042282554541528,-11.042282554541528,10.646839497985674
TimesNet__Exchange__h192__s2021,TimesNet,Exchange,192,1326,384,942,1000000000,2.0,384,True,False,-8.316632098037447,-10.953050399428916,-10.953050399428916,10.646839497985674
TimesNet__Exchange__h336__s2021,TimesNet,Exchange,336,1182,591,591,50,0.0,0,False,False,8.56215491011771,1.0192589136216217,1.0192589136216217,13.928769637023606
TimesNet__Exchange__h336__s2021,TimesNet,Exchange,336,1182,591,591,50,0.125,42,False,False,1.2569515473209676,-6.88856570675905,-6.88856570675905,13.928769637023606
TimesNet__Exchange__h336__s2021,TimesNet,Exchange,336,1182,591,591,50,0.25,84,False,False,-1.5323805434656164,-9.907995541426304,-9.907995541426304,13.928769637023606
TimesNet__Exchange__h336__s2021,TimesNet,Exchange,336,1182,591,591,50,0.5,168,False,False,-7.953937052144874,-16.859279460380566,-16.859279460380566,13.928769637023606
TimesNet__Exchange__h336__s2021,TimesNet,Exchange,336,1182,591,591,50,1.0,336,True,False,-7.0996904005113946,-15.934564244638947,-15.934564244638947,13.928769637023606
TimesNet__Exchange__h336__s2021,TimesNet,Exchange,336,1182,591,591,50,2.0,672,True,True,,,,13.928769637023606
TimesNet__Exchange__h336__s2021,TimesNet,Exchange,336,1182,591,591,200,0.0,0,False,False,7.55743045148877,-0.06834733305825508,-0.06834733305825508,13.928769637023606
TimesNet__Exchange__h336__s2021,TimesNet,Exchange,336,1182,591,591,200,0.125,42,False,False,1.475212056151577,-6.652300439432292,-6.652300439432292,13.928769637023606
TimesNet__Exchange__h336__s2021,TimesNet,Exchange,336,1182,591,591,200,0.25,84,False,False,-2.3679256309200505,-10.812466462476849,-10.812466462476849,13.928769637023606
TimesNet__Exchange__h336__s2021,TimesNet,Exchange,336,1182,591,591,200,0.5,168,False,False,-8.511809467610762,-17.463171919352913,-17.463171919352913,13.928769637023606
TimesNet__Exchange__h336__s2021,TimesNet,Exchange,336,1182,591,591,200,1.0,336,True,False,-9.762670027471428,-18.817218540738466,-18.817218540738466,13.928769637023606
TimesNet__Exchange__h336__s2021,TimesNet,Exchange,336,1182,591,591,200,2.0,672,True,True,,,,13.928769637023606
TimesNet__Exchange__h336__s2021,TimesNet,Exchange,336,1182,591,591,1000,0.0,0,False,False,2.317169597481356,-5.740888087991084,-5.740888087991084,13.928769637023606
TimesNet__Exchange__h336__s2021,TimesNet,Exchange,336,1182,591,591,1000,0.125,42,False,False,0.16142879544616237,-8.074460384733644,-8.074460384733644,13.928769637023606
TimesNet__Exchange__h336__s2021,TimesNet,Exchange,336,1182,591,591,1000,0.25,84,False,False,-3.39191359218555,-11.920925297764995,-11.920925297764995,13.928769637023606
TimesNet__Exchange__h336__s2021,TimesNet,Exchange,336,1182,591,591,1000,0.5,168,False,False,-12.451913010268727,-21.72830271094135,-21.72830271094135,13.928769637023606
TimesNet__Exchange__h336__s2021,TimesNet,Exchange,336,1182,591,591,1000,1.0,336,True,False,-9.026849976536647,-18.020699179677976,-18.020699179677976,13.928769637023606
TimesNet__Exchange__h336__s2021,TimesNet,Exchange,336,1182,591,591,1000,2.0,672,True,True,,,,13.928769637023606
TimesNet__Exchange__h336__s2021,TimesNet,Exchange,336,1182,591,591,3000,0.0,0,False,False,2.317169597481356,-5.740888087991084,-5.740888087991084,13.928769637023606
TimesNet__Exchange__h336__s2021,TimesNet,Exchange,336,1182,591,591,3000,0.125,42,False,False,0.16142879544616237,-8.074460384733644,-8.074460384733644,13.928769637023606
TimesNet__Exchange__h336__s2021,TimesNet,Exchange,336,1182,591,591,3000,0.25,84,False,False,-3.39191359218555,-11.920925297764995,-11.920925297764995,13.928769637023606
TimesNet__Exchange__h336__s2021,TimesNet,Exchange,336,1182,591,591,3000,0.5,168,False,False,-12.451913010268727,-21.72830271094135,-21.72830271094135,13.928769637023606
TimesNet__Exchange__h336__s2021,TimesNet,Exchange,336,1182,591,591,3000,1.0,336,True,False,-9.026849976536647,-18.020699179677976,-18.020699179677976,13.928769637023606
TimesNet__Exchange__h336__s2021,TimesNet,Exchange,336,1182,591,591,3000,2.0,672,True,True,,,,13.928769637023606
TimesNet__Exchange__h336__s2021,TimesNet,Exchange,336,1182,591,591,1000000000,0.0,0,False,False,2.317169597481356,-5.740888087991084,-5.740888087991084,13.928769637023606
TimesNet__Exchange__h336__s2021,TimesNet,Exchange,336,1182,591,591,1000000000,0.125,42,False,False,0.16142879544616237,-8.074460384733644,-8.074460384733644,13.928769637023606
TimesNet__Exchange__h336__s2021,TimesNet,Exchange,336,1182,591,591,1000000000,0.25,84,False,False,-3.39191359218555,-11.920925297764995,-11.920925297764995,13.928769637023606
TimesNet__Exchange__h336__s2021,TimesNet,Exchange,336,1182,591,591,1000000000,0.5,168,False,False,-12.451913010268727,-21.72830271094135,-21.72830271094135,13.928769637023606
TimesNet__Exchange__h336__s2021,TimesNet,Exchange,336,1182,591,591,1000000000,1.0,336,True,False,-9.026849976536647,-18.020699179677976,-18.020699179677976,13.928769637023606
TimesNet__Exchange__h336__s2021,TimesNet,Exchange,336,1182,591,591,1000000000,2.0,672,True,True,,,,13.928769637023606
TimesNet__Exchange__h720__s2021,TimesNet,Exchange,720,798,399,399,50,0.0,0,False,False,10.840786609410115,10.840786609410115,4.82000555382774,15.255240206580055
TimesNet__Exchange__h720__s2021,TimesNet,Exchange,720,798,399,399,50,0.125,90,False,False,-4.118218756936387,-4.118218756936387,-11.14915785109966,15.255240206580055
TimesNet__Exchange__h720__s2021,TimesNet,Exchange,720,798,399,399,50,0.25,180,False,False,3.508408706046316,3.508408706046316,-3.007516264495754,15.255240206580055
TimesNet__Exchange__h720__s2021,TimesNet,Exchange,720,798,399,399,50,0.5,360,False,False,5.141763429314475,5.141763429314475,-1.2638636729431625,15.255240206580055
TimesNet__Exchange__h720__s2021,TimesNet,Exchange,720,798,399,399,50,1.0,720,True,True,,,,15.255240206580055
TimesNet__Exchange__h720__s2021,TimesNet,Exchange,720,798,399,399,50,2.0,1440,True,True,,,,15.255240206580055
TimesNet__Exchange__h720__s2021,TimesNet,Exchange,720,798,399,399,200,0.0,0,False,False,6.200895144971809,6.200895144971809,-0.13321046302296854,15.255240206580055
TimesNet__Exchange__h720__s2021,TimesNet,Exchange,720,798,399,399,200,0.125,90,False,False,-3.475168839879871,-3.475168839879871,-10.462683787382646,15.255240206580055
TimesNet__Exchange__h720__s2021,TimesNet,Exchange,720,798,399,399,200,0.25,180,False,False,0.017123718226964593,0.017123718226964593,-6.734562220979286,15.255240206580055
TimesNet__Exchange__h720__s2021,TimesNet,Exchange,720,798,399,399,200,0.5,360,False,False,5.611851679614509,5.611851679614509,-0.7620311045381739,15.255240206580055
TimesNet__Exchange__h720__s2021,TimesNet,Exchange,720,798,399,399,200,1.0,720,True,True,,,,15.255240206580055
TimesNet__Exchange__h720__s2021,TimesNet,Exchange,720,798,399,399,200,2.0,1440,True,True,,,,15.255240206580055
TimesNet__Exchange__h720__s2021,TimesNet,Exchange,720,798,399,399,1000,0.0,0,False,False,6.32567914152101,6.32567914152101,0.0,15.255240206580055
TimesNet__Exchange__h720__s2021,TimesNet,Exchange,720,798,399,399,1000,0.125,90,False,False,6.32567914152101,6.32567914152101,0.0,15.255240206580055
TimesNet__Exchange__h720__s2021,TimesNet,Exchange,720,798,399,399,1000,0.25,180,False,False,6.32567914152101,6.32567914152101,0.0,15.255240206580055
TimesNet__Exchange__h720__s2021,TimesNet,Exchange,720,798,399,399,1000,0.5,360,False,False,6.421709730940939,6.421709730940939,0.10251538366102403,15.255240206580055
TimesNet__Exchange__h720__s2021,TimesNet,Exchange,720,798,399,399,1000,1.0,720,True,True,,,,15.255240206580055
TimesNet__Exchange__h720__s2021,TimesNet,Exchange,720,798,399,399,1000,2.0,1440,True,True,,,,15.255240206580055
TimesNet__Exchange__h720__s2021,TimesNet,Exchange,720,798,399,399,3000,0.0,0,False,False,6.32567914152101,6.32567914152101,0.0,15.255240206580055
TimesNet__Exchange__h720__s2021,TimesNet,Exchange,720,798,399,399,3000,0.125,90,False,False,6.32567914152101,6.32567914152101,0.0,15.255240206580055
TimesNet__Exchange__h720__s2021,TimesNet,Exchange,720,798,399,399,3000,0.25,180,False,False,6.32567914152101,6.32567914152101,0.0,15.255240206580055
TimesNet__Exchange__h720__s2021,TimesNet,Exchange,720,798,399,399,3000,0.5,360,False,False,6.421709730940939,6.421709730940939,0.10251538366102403,15.255240206580055
TimesNet__Exchange__h720__s2021,TimesNet,Exchange,720,798,399,399,3000,1.0,720,True,True,,,,15.255240206580055
TimesNet__Exchange__h720__s2021,TimesNet,Exchange,720,798,399,399,3000,2.0,1440,True,True,,,,15.255240206580055
TimesNet__Exchange__h720__s2021,TimesNet,Exchange,720,798,399,399,1000000000,0.0,0,False,False,6.32567914152101,6.32567914152101,0.0,15.255240206580055
TimesNet__Exchange__h720__s2021,TimesNet,Exchange,720,798,399,399,1000000000,0.125,90,False,False,6.32567914152101,6.32567914152101,0.0,15.255240206580055
TimesNet__Exchange__h720__s2021,TimesNet,Exchange,720,798,399,399,1000000000,0.25,180,False,False,6.32567914152101,6.32567914152101,0.0,15.255240206580055
TimesNet__Exchange__h720__s2021,TimesNet,Exchange,720,798,399,399,1000000000,0.5,360,False,False,6.421709730940939,6.421709730940939,0.10251538366102403,15.255240206580055
TimesNet__Exchange__h720__s2021,TimesNet,Exchange,720,798,399,399,1000000000,1.0,720,True,True,,,,15.255240206580055
TimesNet__Exchange__h720__s2021,TimesNet,Exchange,720,798,399,399,1000000000,2.0,1440,True,True,,,,15.255240206580055
TimesNet__ILI__h24__s2021,TimesNet,ILI,24,170,48,122,50,0.0,0,False,False,2.476507504555087,2.476507504555087,2.476507504555087,16.35448769368779
TimesNet__ILI__h24__s2021,TimesNet,ILI,24,170,48,122,50,0.125,3,False,False,0.5723795864407345,0.5723795864407345,0.5723795864407345,16.35448769368779
TimesNet__ILI__h24__s2021,TimesNet,ILI,24,170,48,122,50,0.25,6,False,False,0.0,0.0,0.0,16.35448769368779
TimesNet__ILI__h24__s2021,TimesNet,ILI,24,170,48,122,50,0.5,12,False,False,0.0,0.0,0.0,16.35448769368779
TimesNet__ILI__h24__s2021,TimesNet,ILI,24,170,48,122,50,1.0,24,True,False,0.0,0.0,0.0,16.35448769368779
TimesNet__ILI__h24__s2021,TimesNet,ILI,24,170,48,122,50,2.0,48,True,False,0.0,0.0,0.0,16.35448769368779
TimesNet__ILI__h24__s2021,TimesNet,ILI,24,170,48,122,200,0.0,0,False,False,0.0,0.0,0.0,16.35448769368779
TimesNet__ILI__h24__s2021,TimesNet,ILI,24,170,48,122,200,0.125,3,False,False,0.0,0.0,0.0,16.35448769368779
TimesNet__ILI__h24__s2021,TimesNet,ILI,24,170,48,122,200,0.25,6,False,False,0.0,0.0,0.0,16.35448769368779
TimesNet__ILI__h24__s2021,TimesNet,ILI,24,170,48,122,200,0.5,12,False,False,0.0,0.0,0.0,16.35448769368779
TimesNet__ILI__h24__s2021,TimesNet,ILI,24,170,48,122,200,1.0,24,True,False,0.0,0.0,0.0,16.35448769368779
TimesNet__ILI__h24__s2021,TimesNet,ILI,24,170,48,122,200,2.0,48,True,False,0.0,0.0,0.0,16.35448769368779
TimesNet__ILI__h24__s2021,TimesNet,ILI,24,170,48,122,1000,0.0,0,False,False,0.0,0.0,0.0,16.35448769368779
TimesNet__ILI__h24__s2021,TimesNet,ILI,24,170,48,122,1000,0.125,3,False,False,0.0,0.0,0.0,16.35448769368779
TimesNet__ILI__h24__s2021,TimesNet,ILI,24,170,48,122,1000,0.25,6,False,False,0.0,0.0,0.0,16.35448769368779
TimesNet__ILI__h24__s2021,TimesNet,ILI,24,170,48,122,1000,0.5,12,False,False,0.0,0.0,0.0,16.35448769368779
TimesNet__ILI__h24__s2021,TimesNet,ILI,24,170,48,122,1000,1.0,24,True,False,0.0,0.0,0.0,16.35448769368779
TimesNet__ILI__h24__s2021,TimesNet,ILI,24,170,48,122,1000,2.0,48,True,False,0.0,0.0,0.0,16.35448769368779
TimesNet__ILI__h24__s2021,TimesNet,ILI,24,170,48,122,3000,0.0,0,False,False,0.0,0.0,0.0,16.35448769368779
TimesNet__ILI__h24__s2021,TimesNet,ILI,24,170,48,122,3000,0.125,3,False,False,0.0,0.0,0.0,16.35448769368779
TimesNet__ILI__h24__s2021,TimesNet,ILI,24,170,48,122,3000,0.25,6,False,False,0.0,0.0,0.0,16.35448769368779
TimesNet__ILI__h24__s2021,TimesNet,ILI,24,170,48,122,3000,0.5,12,False,False,0.0,0.0,0.0,16.35448769368779
TimesNet__ILI__h24__s2021,TimesNet,ILI,24,170,48,122,3000,1.0,24,True,False,0.0,0.0,0.0,16.35448769368779
TimesNet__ILI__h24__s2021,TimesNet,ILI,24,170,48,122,3000,2.0,48,True,False,0.0,0.0,0.0,16.35448769368779
TimesNet__ILI__h24__s2021,TimesNet,ILI,24,170,48,122,1000000000,0.0,0,False,False,0.0,0.0,0.0,16.35448769368779
TimesNet__ILI__h24__s2021,TimesNet,ILI,24,170,48,122,1000000000,0.125,3,False,False,0.0,0.0,0.0,16.35448769368779
TimesNet__ILI__h24__s2021,TimesNet,ILI,24,170,48,122,1000000000,0.25,6,False,False,0.0,0.0,0.0,16.35448769368779
TimesNet__ILI__h24__s2021,TimesNet,ILI,24,170,48,122,1000000000,0.5,12,False,False,0.0,0.0,0.0,16.35448769368779
TimesNet__ILI__h24__s2021,TimesNet,ILI,24,170,48,122,1000000000,1.0,24,True,False,0.0,0.0,0.0,16.35448769368779
TimesNet__ILI__h24__s2021,TimesNet,ILI,24,170,48,122,1000000000,2.0,48,True,False,0.0,0.0,0.0,16.35448769368779
TimesNet__ILI__h36__s2021,TimesNet,ILI,36,158,72,86,50,0.0,0,False,False,2.330847457748951,2.330847457748951,0.9652045178571096,19.848882063539175
TimesNet__ILI__h36__s2021,TimesNet,ILI,36,158,72,86,50,0.125,4,False,False,0.6762493333076468,0.6762493333076468,-0.7125287540507814,19.848882063539175
TimesNet__ILI__h36__s2021,TimesNet,ILI,36,158,72,86,50,0.25,9,False,False,-0.5479495241088549,-0.5479495241088549,-1.953844771626232,19.848882063539175
TimesNet__ILI__h36__s2021,TimesNet,ILI,36,158,72,86,50,0.5,18,False,False,-0.4416626549377407,-0.4416626549377407,-1.846071763702926,19.848882063539175
TimesNet__ILI__h36__s2021,TimesNet,ILI,36,158,72,86,50,1.0,36,True,False,-1.1351060501254489,-1.1351060501254489,-2.549211117667824,19.848882063539175
TimesNet__ILI__h36__s2021,TimesNet,ILI,36,158,72,86,50,2.0,72,True,False,5.7365929919784815,5.7365929919784815,4.418570331599935,19.848882063539175
TimesNet__ILI__h36__s2021,TimesNet,ILI,36,158,72,86,200,0.0,0,False,False,0.0,0.0,-1.3982336329795355,19.848882063539175
TimesNet__ILI__h36__s2021,TimesNet,ILI,36,158,72,86,200,0.125,4,False,False,0.0,0.0,-1.3982336329795355,19.848882063539175
TimesNet__ILI__h36__s2021,TimesNet,ILI,36,158,72,86,200,0.25,9,False,False,0.0,0.0,-1.3982336329795355,19.848882063539175
TimesNet__ILI__h36__s2021,TimesNet,ILI,36,158,72,86,200,0.5,18,False,False,0.0,0.0,-1.3982336329795355,19.848882063539175
TimesNet__ILI__h36__s2021,TimesNet,ILI,36,158,72,86,200,1.0,36,True,False,0.0,0.0,-1.3982336329795355,19.848882063539175
TimesNet__ILI__h36__s2021,TimesNet,ILI,36,158,72,86,200,2.0,72,True,False,0.0,0.0,-1.3982336329795355,19.848882063539175
TimesNet__ILI__h36__s2021,TimesNet,ILI,36,158,72,86,1000,0.0,0,False,False,0.0,0.0,-1.3982336329795355,19.848882063539175
TimesNet__ILI__h36__s2021,TimesNet,ILI,36,158,72,86,1000,0.125,4,False,False,0.0,0.0,-1.3982336329795355,19.848882063539175
TimesNet__ILI__h36__s2021,TimesNet,ILI,36,158,72,86,1000,0.25,9,False,False,0.0,0.0,-1.3982336329795355,19.848882063539175
TimesNet__ILI__h36__s2021,TimesNet,ILI,36,158,72,86,1000,0.5,18,False,False,0.0,0.0,-1.3982336329795355,19.848882063539175
TimesNet__ILI__h36__s2021,TimesNet,ILI,36,158,72,86,1000,1.0,36,True,False,0.0,0.0,-1.3982336329795355,19.848882063539175
TimesNet__ILI__h36__s2021,TimesNet,ILI,36,158,72,86,1000,2.0,72,True,False,0.0,0.0,-1.3982336329795355,19.848882063539175
TimesNet__ILI__h36__s2021,TimesNet,ILI,36,158,72,86,3000,0.0,0,False,False,0.0,0.0,-1.3982336329795355,19.848882063539175
TimesNet__ILI__h36__s2021,TimesNet,ILI,36,158,72,86,3000,0.125,4,False,False,0.0,0.0,-1.3982336329795355,19.848882063539175
TimesNet__ILI__h36__s2021,TimesNet,ILI,36,158,72,86,3000,0.25,9,False,False,0.0,0.0,-1.3982336329795355,19.848882063539175
TimesNet__ILI__h36__s2021,TimesNet,ILI,36,158,72,86,3000,0.5,18,False,False,0.0,0.0,-1.3982336329795355,19.848882063539175
TimesNet__ILI__h36__s2021,TimesNet,ILI,36,158,72,86,3000,1.0,36,True,False,0.0,0.0,-1.3982336329795355,19.848882063539175
TimesNet__ILI__h36__s2021,TimesNet,ILI,36,158,72,86,3000,2.0,72,True,False,0.0,0.0,-1.3982336329795355,19.848882063539175
TimesNet__ILI__h36__s2021,TimesNet,ILI,36,158,72,86,1000000000,0.0,0,False,False,0.0,0.0,-1.3982336329795355,19.848882063539175
TimesNet__ILI__h36__s2021,TimesNet,ILI,36,158,72,86,1000000000,0.125,4,False,False,0.0,0.0,-1.3982336329795355,19.848882063539175
TimesNet__ILI__h36__s2021,TimesNet,ILI,36,158,72,86,1000000000,0.25,9,False,False,0.0,0.0,-1.3982336329795355,19.848882063539175
TimesNet__ILI__h36__s2021,TimesNet,ILI,36,158,72,86,1000000000,0.5,18,False,False,0.0,0.0,-1.3982336329795355,19.848882063539175
TimesNet__ILI__h36__s2021,TimesNet,ILI,36,158,72,86,1000000000,1.0,36,True,False,0.0,0.0,-1.3982336329795355,19.848882063539175
TimesNet__ILI__h36__s2021,TimesNet,ILI,36,158,72,86,1000000000,2.0,72,True,False,0.0,0.0,-1.3982336329795355,19.848882063539175
TimesNet__ILI__h48__s2021,TimesNet,ILI,48,146,73,73,50,0.0,0,False,False,0.0,0.0,0.0,5.2469341601499995
TimesNet__ILI__h48__s2021,TimesNet,ILI,48,146,73,73,50,0.125,6,False,False,0.0,0.0,0.0,5.2469341601499995
TimesNet__ILI__h48__s2021,TimesNet,ILI,48,146,73,73,50,0.25,12,False,False,0.0,0.0,0.0,5.2469341601499995
TimesNet__ILI__h48__s2021,TimesNet,ILI,48,146,73,73,50,0.5,24,False,False,0.0,0.0,0.0,5.2469341601499995
TimesNet__ILI__h48__s2021,TimesNet,ILI,48,146,73,73,50,1.0,48,True,False,0.0,0.0,0.0,5.2469341601499995
TimesNet__ILI__h48__s2021,TimesNet,ILI,48,146,73,73,50,2.0,96,True,True,,,,5.2469341601499995
TimesNet__ILI__h48__s2021,TimesNet,ILI,48,146,73,73,200,0.0,0,False,False,0.0,0.0,0.0,5.2469341601499995
TimesNet__ILI__h48__s2021,TimesNet,ILI,48,146,73,73,200,0.125,6,False,False,0.0,0.0,0.0,5.2469341601499995
TimesNet__ILI__h48__s2021,TimesNet,ILI,48,146,73,73,200,0.25,12,False,False,0.0,0.0,0.0,5.2469341601499995
TimesNet__ILI__h48__s2021,TimesNet,ILI,48,146,73,73,200,0.5,24,False,False,0.0,0.0,0.0,5.2469341601499995
TimesNet__ILI__h48__s2021,TimesNet,ILI,48,146,73,73,200,1.0,48,True,False,0.0,0.0,0.0,5.2469341601499995
TimesNet__ILI__h48__s2021,TimesNet,ILI,48,146,73,73,200,2.0,96,True,True,,,,5.2469341601499995
TimesNet__ILI__h48__s2021,TimesNet,ILI,48,146,73,73,1000,0.0,0,False,False,0.0,0.0,0.0,5.2469341601499995
TimesNet__ILI__h48__s2021,TimesNet,ILI,48,146,73,73,1000,0.125,6,False,False,0.0,0.0,0.0,5.2469341601499995
TimesNet__ILI__h48__s2021,TimesNet,ILI,48,146,73,73,1000,0.25,12,False,False,0.0,0.0,0.0,5.2469341601499995
TimesNet__ILI__h48__s2021,TimesNet,ILI,48,146,73,73,1000,0.5,24,False,False,0.0,0.0,0.0,5.2469341601499995
TimesNet__ILI__h48__s2021,TimesNet,ILI,48,146,73,73,1000,1.0,48,True,False,0.0,0.0,0.0,5.2469341601499995
TimesNet__ILI__h48__s2021,TimesNet,ILI,48,146,73,73,1000,2.0,96,True,True,,,,5.2469341601499995
TimesNet__ILI__h48__s2021,TimesNet,ILI,48,146,73,73,3000,0.0,0,False,False,0.0,0.0,0.0,5.2469341601499995
TimesNet__ILI__h48__s2021,TimesNet,ILI,48,146,73,73,3000,0.125,6,False,False,0.0,0.0,0.0,5.2469341601499995
TimesNet__ILI__h48__s2021,TimesNet,ILI,48,146,73,73,3000,0.25,12,False,False,0.0,0.0,0.0,5.2469341601499995
TimesNet__ILI__h48__s2021,TimesNet,ILI,48,146,73,73,3000,0.5,24,False,False,0.0,0.0,0.0,5.2469341601499995
TimesNet__ILI__h48__s2021,TimesNet,ILI,48,146,73,73,3000,1.0,48,True,False,0.0,0.0,0.0,5.2469341601499995
TimesNet__ILI__h48__s2021,TimesNet,ILI,48,146,73,73,3000,2.0,96,True,True,,,,5.2469341601499995
TimesNet__ILI__h48__s2021,TimesNet,ILI,48,146,73,73,1000000000,0.0,0,False,False,0.0,0.0,0.0,5.2469341601499995
TimesNet__ILI__h48__s2021,TimesNet,ILI,48,146,73,73,1000000000,0.125,6,False,False,0.0,0.0,0.0,5.2469341601499995
TimesNet__ILI__h48__s2021,TimesNet,ILI,48,146,73,73,1000000000,0.25,12,False,False,0.0,0.0,0.0,5.2469341601499995
TimesNet__ILI__h48__s2021,TimesNet,ILI,48,146,73,73,1000000000,0.5,24,False,False,0.0,0.0,0.0,5.2469341601499995
TimesNet__ILI__h48__s2021,TimesNet,ILI,48,146,73,73,1000000000,1.0,48,True,False,0.0,0.0,0.0,5.2469341601499995
TimesNet__ILI__h48__s2021,TimesNet,ILI,48,146,73,73,1000000000,2.0,96,True,True,,,,5.2469341601499995
TimesNet__ILI__h60__s2021,TimesNet,ILI,60,134,67,67,50,0.0,0,False,False,0.0,0.0,0.0,2.153089425122496
TimesNet__ILI__h60__s2021,TimesNet,ILI,60,134,67,67,50,0.125,8,False,False,0.0,0.0,0.0,2.153089425122496
TimesNet__ILI__h60__s2021,TimesNet,ILI,60,134,67,67,50,0.25,15,False,False,0.0,0.0,0.0,2.153089425122496
TimesNet__ILI__h60__s2021,TimesNet,ILI,60,134,67,67,50,0.5,30,False,False,0.0,0.0,0.0,2.153089425122496
TimesNet__ILI__h60__s2021,TimesNet,ILI,60,134,67,67,50,1.0,60,True,False,0.0,0.0,0.0,2.153089425122496
TimesNet__ILI__h60__s2021,TimesNet,ILI,60,134,67,67,50,2.0,120,True,True,,,,2.153089425122496
TimesNet__ILI__h60__s2021,TimesNet,ILI,60,134,67,67,200,0.0,0,False,False,0.0,0.0,0.0,2.153089425122496
TimesNet__ILI__h60__s2021,TimesNet,ILI,60,134,67,67,200,0.125,8,False,False,0.0,0.0,0.0,2.153089425122496
TimesNet__ILI__h60__s2021,TimesNet,ILI,60,134,67,67,200,0.25,15,False,False,0.0,0.0,0.0,2.153089425122496
TimesNet__ILI__h60__s2021,TimesNet,ILI,60,134,67,67,200,0.5,30,False,False,0.0,0.0,0.0,2.153089425122496
TimesNet__ILI__h60__s2021,TimesNet,ILI,60,134,67,67,200,1.0,60,True,False,0.0,0.0,0.0,2.153089425122496
TimesNet__ILI__h60__s2021,TimesNet,ILI,60,134,67,67,200,2.0,120,True,True,,,,2.153089425122496
TimesNet__ILI__h60__s2021,TimesNet,ILI,60,134,67,67,1000,0.0,0,False,False,0.0,0.0,0.0,2.153089425122496
TimesNet__ILI__h60__s2021,TimesNet,ILI,60,134,67,67,1000,0.125,8,False,False,0.0,0.0,0.0,2.153089425122496
TimesNet__ILI__h60__s2021,TimesNet,ILI,60,134,67,67,1000,0.25,15,False,False,0.0,0.0,0.0,2.153089425122496
TimesNet__ILI__h60__s2021,TimesNet,ILI,60,134,67,67,1000,0.5,30,False,False,0.0,0.0,0.0,2.153089425122496
TimesNet__ILI__h60__s2021,TimesNet,ILI,60,134,67,67,1000,1.0,60,True,False,0.0,0.0,0.0,2.153089425122496
TimesNet__ILI__h60__s2021,TimesNet,ILI,60,134,67,67,1000,2.0,120,True,True,,,,2.153089425122496
TimesNet__ILI__h60__s2021,TimesNet,ILI,60,134,67,67,3000,0.0,0,False,False,0.0,0.0,0.0,2.153089425122496
TimesNet__ILI__h60__s2021,TimesNet,ILI,60,134,67,67,3000,0.125,8,False,False,0.0,0.0,0.0,2.153089425122496
TimesNet__ILI__h60__s2021,TimesNet,ILI,60,134,67,67,3000,0.25,15,False,False,0.0,0.0,0.0,2.153089425122496
TimesNet__ILI__h60__s2021,TimesNet,ILI,60,134,67,67,3000,0.5,30,False,False,0.0,0.0,0.0,2.153089425122496
TimesNet__ILI__h60__s2021,TimesNet,ILI,60,134,67,67,3000,1.0,60,True,False,0.0,0.0,0.0,2.153089425122496
TimesNet__ILI__h60__s2021,TimesNet,ILI,60,134,67,67,3000,2.0,120,True,True,,,,2.153089425122496
TimesNet__ILI__h60__s2021,TimesNet,ILI,60,134,67,67,1000000000,0.0,0,False,False,0.0,0.0,0.0,2.153089425122496
TimesNet__ILI__h60__s2021,TimesNet,ILI,60,134,67,67,1000000000,0.125,8,False,False,0.0,0.0,0.0,2.153089425122496
TimesNet__ILI__h60__s2021,TimesNet,ILI,60,134,67,67,1000000000,0.25,15,False,False,0.0,0.0,0.0,2.153089425122496
TimesNet__ILI__h60__s2021,TimesNet,ILI,60,134,67,67,1000000000,0.5,30,False,False,0.0,0.0,0.0,2.153089425122496
TimesNet__ILI__h60__s2021,TimesNet,ILI,60,134,67,67,1000000000,1.0,60,True,False,0.0,0.0,0.0,2.153089425122496
TimesNet__ILI__h60__s2021,TimesNet,ILI,60,134,67,67,1000000000,2.0,120,True,True,,,,2.153089425122496
TimesNet__Weather__h96__s2021,TimesNet,Weather,96,10444,192,10252,50,0.0,0,False,False,5.369933950662278,3.445158205440178,3.445158205440178,10.936629655061353
TimesNet__Weather__h96__s2021,TimesNet,Weather,96,10444,192,10252,50,0.125,12,False,False,2.8136852440485387,0.8369153946832556,0.8369153946832556,10.936629655061353
TimesNet__Weather__h96__s2021,TimesNet,Weather,96,10444,192,10252,50,0.25,24,False,False,1.6128552503023663,-0.3883394836962295,-0.3883394836962295,10.936629655061353
TimesNet__Weather__h96__s2021,TimesNet,Weather,96,10444,192,10252,50,0.5,48,False,False,0.7701731146266366,-1.2481617758084447,-1.2481617758084447,10.936629655061353
TimesNet__Weather__h96__s2021,TimesNet,Weather,96,10444,192,10252,50,1.0,96,True,False,-0.1413506969323576,-2.1782259836381805,-2.1782259836381805,10.936629655061353
TimesNet__Weather__h96__s2021,TimesNet,Weather,96,10444,192,10252,50,2.0,192,True,False,0.07564964910964299,-1.9568118500949783,-1.9568118500949783,10.936629655061353
TimesNet__Weather__h96__s2021,TimesNet,Weather,96,10444,192,10252,200,0.0,0,False,False,3.078020280721501,1.1066270065657844,1.1066270065657844,10.936629655061353
TimesNet__Weather__h96__s2021,TimesNet,Weather,96,10444,192,10252,200,0.125,12,False,False,1.701125615572232,-0.2982736990085568,-0.2982736990085568,10.936629655061353
TimesNet__Weather__h96__s2021,TimesNet,Weather,96,10444,192,10252,200,0.25,24,False,False,0.9358705000617437,-1.079094105200273,-1.079094105200273,10.936629655061353
TimesNet__Weather__h96__s2021,TimesNet,Weather,96,10444,192,10252,200,0.5,48,False,False,0.7302342875163036,-1.2889129587473631,-1.2889129587473631,10.936629655061353
TimesNet__Weather__h96__s2021,TimesNet,Weather,96,10444,192,10252,200,1.0,96,True,False,0.7550217640957001,-1.2636213048414875,-1.2636213048414875,10.936629655061353
TimesNet__Weather__h96__s2021,TimesNet,Weather,96,10444,192,10252,200,2.0,192,True,False,0.44767225907859376,-1.5772222994459995,-1.5772222994459995,10.936629655061353
TimesNet__Weather__h96__s2021,TimesNet,Weather,96,10444,192,10252,1000,0.0,0,False,False,1.9978605314346405,0.004496805675217377,0.004496805675217377,10.936629655061353
TimesNet__Weather__h96__s2021,TimesNet,Weather,96,10444,192,10252,1000,0.125,12,False,False,1.6372834373912166,-0.363414427229904,-0.363414427229904,10.936629655061353
TimesNet__Weather__h96__s2021,TimesNet,Weather,96,10444,192,10252,1000,0.25,24,False,False,1.498655921659985,-0.5048616269267028,-0.5048616269267028,10.936629655061353
TimesNet__Weather__h96__s2021,TimesNet,Weather,96,10444,192,10252,1000,0.5,48,False,False,1.4795054584296778,-0.5244016106199486,-0.5244016106199486,10.936629655061353
TimesNet__Weather__h96__s2021,TimesNet,Weather,96,10444,192,10252,1000,1.0,96,True,False,1.2627578877052983,-0.7455578273950304,-0.7455578273950304,10.936629655061353
TimesNet__Weather__h96__s2021,TimesNet,Weather,96,10444,192,10252,1000,2.0,192,True,False,1.0317878536149334,-0.9812257924712879,-0.9812257924712879,10.936629655061353
TimesNet__Weather__h96__s2021,TimesNet,Weather,96,10444,192,10252,3000,0.0,0,False,False,2.0021587729092185,0.00888247339055342,0.00888247339055342,10.936629655061353
TimesNet__Weather__h96__s2021,TimesNet,Weather,96,10444,192,10252,3000,0.125,12,False,False,1.9877216657434138,-0.0058482845657878086,-0.0058482845657878086,10.936629655061353
TimesNet__Weather__h96__s2021,TimesNet,Weather,96,10444,192,10252,3000,0.25,24,False,False,1.980059015305812,-0.013666793329629627,-0.013666793329629627,10.936629655061353
TimesNet__Weather__h96__s2021,TimesNet,Weather,96,10444,192,10252,3000,0.5,48,False,False,2.02409010597672,0.03125988981941154,0.03125988981941154,10.936629655061353
TimesNet__Weather__h96__s2021,TimesNet,Weather,96,10444,192,10252,3000,1.0,96,True,False,1.9737805681251914,-0.02007294413929131,-0.02007294413929131,10.936629655061353
TimesNet__Weather__h96__s2021,TimesNet,Weather,96,10444,192,10252,3000,2.0,192,True,False,1.7888295032106154,-0.20878591410859887,-0.20878591410859887,10.936629655061353
TimesNet__Weather__h96__s2021,TimesNet,Weather,96,10444,192,10252,1000000000,0.0,0,False,False,1.993453367483585,0.0,0.0,10.936629655061353
TimesNet__Weather__h96__s2021,TimesNet,Weather,96,10444,192,10252,1000000000,0.125,12,False,False,1.993453367483585,0.0,0.0,10.936629655061353
TimesNet__Weather__h96__s2021,TimesNet,Weather,96,10444,192,10252,1000000000,0.25,24,False,False,1.993453367483585,0.0,0.0,10.936629655061353
TimesNet__Weather__h96__s2021,TimesNet,Weather,96,10444,192,10252,1000000000,0.5,48,False,False,1.993453367483585,0.0,0.0,10.936629655061353
TimesNet__Weather__h96__s2021,TimesNet,Weather,96,10444,192,10252,1000000000,1.0,96,True,False,1.993453367483585,0.0,0.0,10.936629655061353
TimesNet__Weather__h96__s2021,TimesNet,Weather,96,10444,192,10252,1000000000,2.0,192,True,False,1.9945038226491836,0.0010718214259068553,0.0010718214259068553,10.936629655061353
TimesNet__Weather__h192__s2021,TimesNet,Weather,192,10348,384,9964,50,0.0,0,False,False,4.532146048201403,4.314265511593514,4.314265511593514,8.1525463103476
TimesNet__Weather__h192__s2021,TimesNet,Weather,192,10348,384,9964,50,0.125,24,False,False,0.4502669643590825,0.22307060081739544,0.22307060081739544,8.1525463103476
TimesNet__Weather__h192__s2021,TimesNet,Weather,192,10348,384,9964,50,0.25,48,False,False,-0.9517899093673281,-1.1821861029183556,-1.1821861029183556,8.1525463103476
TimesNet__Weather__h192__s2021,TimesNet,Weather,192,10348,384,9964,50,0.5,96,False,False,-1.0563230376105972,-1.2869578008280849,-1.2869578008280849,8.1525463103476
TimesNet__Weather__h192__s2021,TimesNet,Weather,192,10348,384,9964,50,1.0,192,True,False,-0.9486646929334799,-1.1790537539911554,-1.1790537539911554,8.1525463103476
TimesNet__Weather__h192__s2021,TimesNet,Weather,192,10348,384,9964,50,2.0,384,True,False,-1.325097036766356,-1.5563452067038885,-1.5563452067038885,8.1525463103476
TimesNet__Weather__h192__s2021,TimesNet,Weather,192,10348,384,9964,200,0.0,0,False,False,2.006472408558411,1.7828276790298387,1.7828276790298387,8.1525463103476
TimesNet__Weather__h192__s2021,TimesNet,Weather,192,10348,384,9964,200,0.125,24,False,False,-0.6425858506325883,-0.8722763663721875,-0.8722763663721875,8.1525463103476
TimesNet__Weather__h192__s2021,TimesNet,Weather,192,10348,384,9964,200,0.25,48,False,False,-0.9752621433816503,-1.2057119061995119,-1.2057119061995119,8.1525463103476
TimesNet__Weather__h192__s2021,TimesNet,Weather,192,10348,384,9964,200,0.5,96,False,False,-0.046844460749107454,-0.27517535177384833,-0.27517535177384833,8.1525463103476
TimesNet__Weather__h192__s2021,TimesNet,Weather,192,10348,384,9964,200,1.0,192,True,False,-1.080480561972061,-1.3111704584532926,-1.3111704584532926,8.1525463103476
TimesNet__Weather__h192__s2021,TimesNet,Weather,192,10348,384,9964,200,2.0,384,True,False,-1.5967363165412574,-1.828604432456323,-1.828604432456323,8.1525463103476
TimesNet__Weather__h192__s2021,TimesNet,Weather,192,10348,384,9964,1000,0.0,0,False,False,0.3775147208178177,0.15015231920984914,0.15015231920984914,8.1525463103476
TimesNet__Weather__h192__s2021,TimesNet,Weather,192,10348,384,9964,1000,0.125,24,False,False,-0.37349794350251697,-0.6025743361087963,-0.6025743361087963,8.1525463103476
TimesNet__Weather__h192__s2021,TimesNet,Weather,192,10348,384,9964,1000,0.25,48,False,False,-0.8018223549372256,-1.0318762865657267,-1.0318762865657267,8.1525463103476
TimesNet__Weather__h192__s2021,TimesNet,Weather,192,10348,384,9964,1000,0.5,96,False,False,-0.925926613075044,-1.1562637803817246,-1.1562637803817246,8.1525463103476
TimesNet__Weather__h192__s2021,TimesNet,Weather,192,10348,384,9964,1000,1.0,192,True,False,-0.3204244545198276,-0.5493797206968375,-0.5493797206968375,8.1525463103476
TimesNet__Weather__h192__s2021,TimesNet,Weather,192,10348,384,9964,1000,2.0,384,True,False,0.0708817703921726,-0.1571804411414923,-0.1571804411414923,8.1525463103476
TimesNet__Weather__h192__s2021,TimesNet,Weather,192,10348,384,9964,3000,0.0,0,False,False,0.35641054114608905,0.12899997473917293,0.12899997473917293,8.1525463103476
TimesNet__Weather__h192__s2021,TimesNet,Weather,192,10348,384,9964,3000,0.125,24,False,False,0.061641886826343584,-0.16644141233741022,-0.16644141233741022,8.1525463103476
TimesNet__Weather__h192__s2021,TimesNet,Weather,192,10348,384,9964,3000,0.25,48,False,False,-0.04687483617067166,-0.2752057965194088,-0.2752057965194088,8.1525463103476
TimesNet__Weather__h192__s2021,TimesNet,Weather,192,10348,384,9964,3000,0.5,96,False,False,-0.506681817170414,-0.7360621673148708,-0.7360621673148708,8.1525463103476
TimesNet__Weather__h192__s2021,TimesNet,Weather,192,10348,384,9964,3000,1.0,192,True,False,-0.35421398314370517,-0.5832463651280109,-0.5832463651280109,8.1525463103476
TimesNet__Weather__h192__s2021,TimesNet,Weather,192,10348,384,9964,3000,2.0,384,True,False,-0.15509295077920793,-0.3836708908169774,-0.3836708908169774,8.1525463103476
TimesNet__Weather__h192__s2021,TimesNet,Weather,192,10348,384,9964,1000000000,0.0,0,False,False,0.22770430490272064,0.0,0.0,8.1525463103476
TimesNet__Weather__h192__s2021,TimesNet,Weather,192,10348,384,9964,1000000000,0.125,24,False,False,0.22770430490272064,0.0,0.0,8.1525463103476
TimesNet__Weather__h192__s2021,TimesNet,Weather,192,10348,384,9964,1000000000,0.25,48,False,False,0.22770430490272064,0.0,0.0,8.1525463103476
TimesNet__Weather__h192__s2021,TimesNet,Weather,192,10348,384,9964,1000000000,0.5,96,False,False,0.22770430490272064,0.0,0.0,8.1525463103476
TimesNet__Weather__h192__s2021,TimesNet,Weather,192,10348,384,9964,1000000000,1.0,192,True,False,0.22770430490272064,0.0,0.0,8.1525463103476
TimesNet__Weather__h192__s2021,TimesNet,Weather,192,10348,384,9964,1000000000,2.0,384,True,False,0.22770430490272064,0.0,0.0,8.1525463103476
TimesNet__Weather__h336__s2021,TimesNet,Weather,336,10204,672,9532,50,0.0,0,False,False,2.8314448560605063,2.8314448560605063,2.8314448560605063,5.7745673170181275
TimesNet__Weather__h336__s2021,TimesNet,Weather,336,10204,672,9532,50,0.125,42,False,False,-1.4401775084752593,-1.4401775084752593,-1.4401775084752593,5.7745673170181275
TimesNet__Weather__h336__s2021,TimesNet,Weather,336,10204,672,9532,50,0.25,84,False,False,-0.8177121330994406,-0.8177121330994406,-0.8177121330994406,5.7745673170181275
TimesNet__Weather__h336__s2021,TimesNet,Weather,336,10204,672,9532,50,0.5,168,False,False,-1.4375116354223745,-1.4375116354223745,-1.4375116354223745,5.7745673170181275
TimesNet__Weather__h336__s2021,TimesNet,Weather,336,10204,672,9532,50,1.0,336,True,False,-3.3067458340890754,-3.3067458340890754,-3.3067458340890754,5.7745673170181275
TimesNet__Weather__h336__s2021,TimesNet,Weather,336,10204,672,9532,50,2.0,672,True,False,-0.7898723958627037,-0.7898723958627037,-0.7898723958627037,5.7745673170181275
TimesNet__Weather__h336__s2021,TimesNet,Weather,336,10204,672,9532,200,0.0,0,False,False,0.8375049519818695,0.8375049519818695,0.8375049519818695,5.7745673170181275
TimesNet__Weather__h336__s2021,TimesNet,Weather,336,10204,672,9532,200,0.125,42,False,False,-0.7372879532119285,-0.7372879532119285,-0.7372879532119285,5.7745673170181275
TimesNet__Weather__h336__s2021,TimesNet,Weather,336,10204,672,9532,200,0.25,84,False,False,-1.0600189956683084,-1.0600189956683084,-1.0600189956683084,5.7745673170181275
TimesNet__Weather__h336__s2021,TimesNet,Weather,336,10204,672,9532,200,0.5,168,False,False,-1.7001332336000003,-1.7001332336000003,-1.7001332336000003,5.7745673170181275
TimesNet__Weather__h336__s2021,TimesNet,Weather,336,10204,672,9532,200,1.0,336,True,False,-2.501484597142237,-2.501484597142237,-2.501484597142237,5.7745673170181275
TimesNet__Weather__h336__s2021,TimesNet,Weather,336,10204,672,9532,200,2.0,672,True,False,-0.14994707120274473,-0.14994707120274473,-0.14994707120274473,5.7745673170181275
TimesNet__Weather__h336__s2021,TimesNet,Weather,336,10204,672,9532,1000,0.0,0,False,False,0.33152359801854214,0.33152359801854214,0.33152359801854214,5.7745673170181275
TimesNet__Weather__h336__s2021,TimesNet,Weather,336,10204,672,9532,1000,0.125,42,False,False,-0.5777335337773366,-0.5777335337773366,-0.5777335337773366,5.7745673170181275
TimesNet__Weather__h336__s2021,TimesNet,Weather,336,10204,672,9532,1000,0.25,84,False,False,-0.7950960779962164,-0.7950960779962164,-0.7950960779962164,5.7745673170181275
TimesNet__Weather__h336__s2021,TimesNet,Weather,336,10204,672,9532,1000,0.5,168,False,False,-0.6796975700540518,-0.6796975700540518,-0.6796975700540518,5.7745673170181275
TimesNet__Weather__h336__s2021,TimesNet,Weather,336,10204,672,9532,1000,1.0,336,True,False,-0.8438355831401381,-0.8438355831401381,-0.8438355831401381,5.7745673170181275
TimesNet__Weather__h336__s2021,TimesNet,Weather,336,10204,672,9532,1000,2.0,672,True,False,-0.3591844405408541,-0.3591844405408541,-0.3591844405408541,5.7745673170181275
TimesNet__Weather__h336__s2021,TimesNet,Weather,336,10204,672,9532,3000,0.0,0,False,False,-0.1307863590815112,-0.1307863590815112,-0.1307863590815112,5.7745673170181275
TimesNet__Weather__h336__s2021,TimesNet,Weather,336,10204,672,9532,3000,0.125,42,False,False,-0.2814208318701912,-0.2814208318701912,-0.2814208318701912,5.7745673170181275
TimesNet__Weather__h336__s2021,TimesNet,Weather,336,10204,672,9532,3000,0.25,84,False,False,-0.26312266136324886,-0.26312266136324886,-0.26312266136324886,5.7745673170181275
TimesNet__Weather__h336__s2021,TimesNet,Weather,336,10204,672,9532,3000,0.5,168,False,False,-0.3995019123872043,-0.3995019123872043,-0.3995019123872043,5.7745673170181275
TimesNet__Weather__h336__s2021,TimesNet,Weather,336,10204,672,9532,3000,1.0,336,True,False,-0.37260785831584026,-0.37260785831584026,-0.37260785831584026,5.7745673170181275
TimesNet__Weather__h336__s2021,TimesNet,Weather,336,10204,672,9532,3000,2.0,672,True,False,-0.32186131369890225,-0.32186131369890225,-0.32186131369890225,5.7745673170181275
TimesNet__Weather__h336__s2021,TimesNet,Weather,336,10204,672,9532,1000000000,0.0,0,False,False,0.0025624897167944847,0.0025624897167944847,0.0025624897167944847,5.7745673170181275
TimesNet__Weather__h336__s2021,TimesNet,Weather,336,10204,672,9532,1000000000,0.125,42,False,False,-0.1022258756245204,-0.1022258756245204,-0.1022258756245204,5.7745673170181275
TimesNet__Weather__h336__s2021,TimesNet,Weather,336,10204,672,9532,1000000000,0.25,84,False,False,-0.19503318308407533,-0.19503318308407533,-0.19503318308407533,5.7745673170181275
TimesNet__Weather__h336__s2021,TimesNet,Weather,336,10204,672,9532,1000000000,0.5,168,False,False,-0.29212202289450373,-0.29212202289450373,-0.29212202289450373,5.7745673170181275
TimesNet__Weather__h336__s2021,TimesNet,Weather,336,10204,672,9532,1000000000,1.0,336,True,False,-0.3479534611571967,-0.3479534611571967,-0.3479534611571967,5.7745673170181275
TimesNet__Weather__h336__s2021,TimesNet,Weather,336,10204,672,9532,1000000000,2.0,672,True,False,-0.27655657596448935,-0.27655657596448935,-0.27655657596448935,5.7745673170181275
iTransformer__ETTh1__h96__s2021,iTransformer,ETTh1,96,2785,192,2593,50,0.0,0,False,False,6.401492701478214,2.623577981588024,1.4616875527266526,11.101511806361506
iTransformer__ETTh1__h96__s2021,iTransformer,ETTh1,96,2785,192,2593,50,0.125,12,False,False,4.4539226852493154,0.5973982348763378,-0.5886684658798041,11.101511806361506
iTransformer__ETTh1__h96__s2021,iTransformer,ETTh1,96,2785,192,2593,50,0.25,24,False,False,3.9538232203141757,0.07711326501683172,-1.1151614490779589,11.101511806361506
iTransformer__ETTh1__h96__s2021,iTransformer,ETTh1,96,2785,192,2593,50,0.5,48,False,False,3.716602811458976,-0.1696820665624464,-1.3649015297834208,11.101511806361506
iTransformer__ETTh1__h96__s2021,iTransformer,ETTh1,96,2785,192,2593,50,1.0,96,True,False,2.8048761319227067,-1.1182087522371793,-2.324745986790897,11.101511806361506
iTransformer__ETTh1__h96__s2021,iTransformer,ETTh1,96,2785,192,2593,50,2.0,192,True,False,1.9197255575126275,-2.0390866419741767,-3.256611743858172,11.101511806361506
iTransformer__ETTh1__h96__s2021,iTransformer,ETTh1,96,2785,192,2593,200,0.0,0,False,False,4.4508277308997055,0.5941783589448332,-0.5919267612043136,11.101511806361506
iTransformer__ETTh1__h96__s2021,iTransformer,ETTh1,96,2785,192,2593,200,0.125,12,False,False,3.7341550718537886,-0.15142134462452997,-1.3464229218562271,11.101511806361506
iTransformer__ETTh1__h96__s2021,iTransformer,ETTh1,96,2785,192,2593,200,0.25,24,False,False,3.283987832700187,-0.6197586752496396,-1.8203484292766283,11.101511806361506
iTransformer__ETTh1__h96__s2021,iTransformer,ETTh1,96,2785,192,2593,200,0.5,48,False,False,2.6315362561673017,-1.2985451420082588,-2.5072341410333676,11.101511806361506
iTransformer__ETTh1__h96__s2021,iTransformer,ETTh1,96,2785,192,2593,200,1.0,96,True,False,2.321321806525537,-1.6212807714150637,-2.8338206352705666,11.101511806361506
iTransformer__ETTh1__h96__s2021,iTransformer,ETTh1,96,2785,192,2593,200,2.0,192,True,False,4.246104947367845,0.38119235370437027,-0.8074541044385213,11.101511806361506
iTransformer__ETTh1__h96__s2021,iTransformer,ETTh1,96,2785,192,2593,1000,0.0,0,False,False,5.061335129561082,1.229327655800681,0.0508011041963437,11.101511806361506
iTransformer__ETTh1__h96__s2021,iTransformer,ETTh1,96,2785,192,2593,1000,0.125,12,False,False,4.8814507357367605,1.0421825917058396,-0.13857696511961082,11.101511806361506
iTransformer__ETTh1__h96__s2021,iTransformer,ETTh1,96,2785,192,2593,1000,0.25,24,False,False,4.802998684460633,0.9605639818180834,-0.22116944403726038,11.101511806361506
iTransformer__ETTh1__h96__s2021,iTransformer,ETTh1,96,2785,192,2593,1000,0.5,48,False,False,4.827800024553333,0.9863663779159865,-0.19505917508424078,11.101511806361506
iTransformer__ETTh1__h96__s2021,iTransformer,ETTh1,96,2785,192,2593,1000,1.0,96,True,False,4.912505710323637,1.0744910376247254,-0.10588301649579461,11.101511806361506
iTransformer__ETTh1__h96__s2021,iTransformer,ETTh1,96,2785,192,2593,1000,2.0,192,True,False,4.9294726557027895,1.0921428194884497,-0.08802061448424928,11.101511806361506
iTransformer__ETTh1__h96__s2021,iTransformer,ETTh1,96,2785,192,2593,3000,0.0,0,False,False,5.016816564512189,1.183012188781224,0.003933003420966147,11.101511806361506
iTransformer__ETTh1__h96__s2021,iTransformer,ETTh1,96,2785,192,2593,3000,0.125,12,False,False,4.93205109247926,1.0948253296581112,-0.0853060967420476,11.101511806361506
iTransformer__ETTh1__h96__s2021,iTransformer,ETTh1,96,2785,192,2593,3000,0.25,24,False,False,4.908323247787791,1.0701397584353283,-0.11028621492332648,11.101511806361506
iTransformer__ETTh1__h96__s2021,iTransformer,ETTh1,96,2785,192,2593,3000,0.5,48,False,False,4.937487934415031,1.1004816187386242,-0.07958231711290603,11.101511806361506
iTransformer__ETTh1__h96__s2021,iTransformer,ETTh1,96,2785,192,2593,3000,1.0,96,True,False,4.988049298935829,1.1530837906269127,-0.02635249883150217,11.101511806361506
iTransformer__ETTh1__h96__s2021,iTransformer,ETTh1,96,2785,192,2593,3000,2.0,192,True,False,4.9294726557027895,1.0921428194884497,-0.08802061448424928,11.101511806361506
iTransformer__ETTh1__h96__s2021,iTransformer,ETTh1,96,2785,192,2593,1000000000,0.0,0,False,False,5.016816564512189,1.183012188781224,0.003933003420966147,11.101511806361506
iTransformer__ETTh1__h96__s2021,iTransformer,ETTh1,96,2785,192,2593,1000000000,0.125,12,False,False,4.93205109247926,1.0948253296581112,-0.0853060967420476,11.101511806361506
iTransformer__ETTh1__h96__s2021,iTransformer,ETTh1,96,2785,192,2593,1000000000,0.25,24,False,False,4.908323247787791,1.0701397584353283,-0.11028621492332648,11.101511806361506
iTransformer__ETTh1__h96__s2021,iTransformer,ETTh1,96,2785,192,2593,1000000000,0.5,48,False,False,4.937487934415031,1.1004816187386242,-0.07958231711290603,11.101511806361506
iTransformer__ETTh1__h96__s2021,iTransformer,ETTh1,96,2785,192,2593,1000000000,1.0,96,True,False,4.988049298935829,1.1530837906269127,-0.02635249883150217,11.101511806361506
iTransformer__ETTh1__h96__s2021,iTransformer,ETTh1,96,2785,192,2593,1000000000,2.0,192,True,False,4.9294726557027895,1.0921428194884497,-0.08802061448424928,11.101511806361506
iTransformer__ETTh1__h192__s2021,iTransformer,ETTh1,192,2689,384,2305,50,0.0,0,False,False,4.6837586131504985,2.7338133297290903,1.7453635580665179,7.72144256523478
iTransformer__ETTh1__h192__s2021,iTransformer,ETTh1,192,2689,384,2305,50,0.125,24,False,False,2.9666527662132323,0.9815795507767391,-0.024676975092989453,7.72144256523478
iTransformer__ETTh1__h192__s2021,iTransformer,ETTh1,192,2689,384,2305,50,0.25,48,False,False,1.9078565154934004,-0.09887717170693472,-1.1161136407325585,7.72144256523478
iTransformer__ETTh1__h192__s2021,iTransformer,ETTh1,192,2689,384,2305,50,0.5,96,False,False,0.5558432146228776,-1.4785494729828095,-2.5098066085715045,7.72144256523478
iTransformer__ETTh1__h192__s2021,iTransformer,ETTh1,192,2689,384,2305,50,1.0,192,True,False,0.00626195732017435,-2.039373865400176,-3.076330275953839,7.72144256523478
iTransformer__ETTh1__h192__s2021,iTransformer,ETTh1,192,2689,384,2305,50,2.0,384,True,False,1.5265249715713058,-0.488009858799088,-1.5092008173433211,7.72144256523478
iTransformer__ETTh1__h192__s2021,iTransformer,ETTh1,192,2689,384,2305,200,0.0,0,False,False,3.205576306180109,1.225390902338766,0.221612064584818,7.72144256523478
iTransformer__ETTh1__h192__s2021,iTransformer,ETTh1,192,2689,384,2305,200,0.125,24,False,False,2.7088960967713547,0.7185497883704767,-0.2903797291882577,7.72144256523478
iTransformer__ETTh1__h192__s2021,iTransformer,ETTh1,192,2689,384,2305,200,0.25,48,False,False,2.3382501809096135,0.3403213320629712,-0.6724518627701773,7.72144256523478
iTransformer__ETTh1__h192__s2021,iTransformer,ETTh1,192,2689,384,2305,200,0.5,96,False,False,2.04125292492894,0.03724821335352996,-0.9786049064282645,7.72144256523478
iTransformer__ETTh1__h192__s2021,iTransformer,ETTh1,192,2689,384,2305,200,1.0,192,True,False,2.2040169614466376,0.20334201781738656,-0.8108232041582214,7.72144256523478
iTransformer__ETTh1__h192__s2021,iTransformer,ETTh1,192,2689,384,2305,200,2.0,384,True,False,3.1995387263651374,1.2192298078938406,0.21538835914828552,7.72144256523478
iTransformer__ETTh1__h192__s2021,iTransformer,ETTh1,192,2689,384,2305,1000,0.0,0,False,False,3.0462836435145926,1.0628394878411498,0.057408751168944824,7.72144256523478
iTransformer__ETTh1__h192__s2021,iTransformer,ETTh1,192,2689,384,2305,1000,0.125,24,False,False,2.9740679144481663,0.9891463954394406,-0.017033233760077107,7.72144256523478
iTransformer__ETTh1__h192__s2021,iTransformer,ETTh1,192,2689,384,2305,1000,0.25,48,False,False,2.9075685370266675,0.9212865977425846,-0.08558264419733912,7.72144256523478
iTransformer__ETTh1__h192__s2021,iTransformer,ETTh1,192,2689,384,2305,1000,0.5,96,False,False,2.8865390534527666,0.8998269005795712,-0.10726042159446958,7.72144256523478
iTransformer__ETTh1__h192__s2021,iTransformer,ETTh1,192,2689,384,2305,1000,1.0,192,True,False,2.973169570471222,0.9882296734654705,-0.01795927175287002,7.72144256523478
iTransformer__ETTh1__h192__s2021,iTransformer,ETTh1,192,2689,384,2305,1000,2.0,384,True,False,2.8425814391810604,0.8549700172916679,-0.1525731547266124,7.72144256523478
iTransformer__ETTh1__h192__s2021,iTransformer,ETTh1,192,2689,384,2305,3000,0.0,0,False,False,2.9584649108205276,0.9732241911919677,-0.03311724448615839,7.72144256523478
iTransformer__ETTh1__h192__s2021,iTransformer,ETTh1,192,2689,384,2305,3000,0.125,24,False,False,2.946714806897999,0.9612337078819387,-0.04522957888232164,7.72144256523478
iTransformer__ETTh1__h192__s2021,iTransformer,ETTh1,192,2689,384,2305,3000,0.25,48,False,False,2.930123259324006,0.9443027364126485,-0.062332608241982175,7.72144256523478
iTransformer__ETTh1__h192__s2021,iTransformer,ETTh1,192,2689,384,2305,3000,0.5,96,False,False,2.9190882860598935,0.9330420136460803,-0.07370776603708806,7.72144256523478
iTransformer__ETTh1__h192__s2021,iTransformer,ETTh1,192,2689,384,2305,3000,1.0,192,True,False,2.968307407829116,0.9832680424539314,-0.02297132442900116,7.72144256523478
iTransformer__ETTh1__h192__s2021,iTransformer,ETTh1,192,2689,384,2305,3000,2.0,384,True,False,2.890852591693984,0.9042286836301298,-0.10281390623147862,7.72144256523478
iTransformer__ETTh1__h192__s2021,iTransformer,ETTh1,192,2689,384,2305,1000000000,0.0,0,False,False,2.9584649108205276,0.9732241911919677,-0.03311724448615839,7.72144256523478
iTransformer__ETTh1__h192__s2021,iTransformer,ETTh1,192,2689,384,2305,1000000000,0.125,24,False,False,2.946714806897999,0.9612337078819387,-0.04522957888232164,7.72144256523478
iTransformer__ETTh1__h192__s2021,iTransformer,ETTh1,192,2689,384,2305,1000000000,0.25,48,False,False,2.930123259324006,0.9443027364126485,-0.062332608241982175,7.72144256523478
iTransformer__ETTh1__h192__s2021,iTransformer,ETTh1,192,2689,384,2305,1000000000,0.5,96,False,False,2.9190882860598935,0.9330420136460803,-0.07370776603708806,7.72144256523478
iTransformer__ETTh1__h192__s2021,iTransformer,ETTh1,192,2689,384,2305,1000000000,1.0,192,True,False,2.968307407829116,0.9832680424539314,-0.02297132442900116,7.72144256523478
iTransformer__ETTh1__h192__s2021,iTransformer,ETTh1,192,2689,384,2305,1000000000,2.0,384,True,False,2.890852591693984,0.9042286836301298,-0.10281390623147862,7.72144256523478
iTransformer__ETTh1__h336__s2021,iTransformer,ETTh1,336,2545,672,1873,50,0.0,0,False,False,6.695826628367423,2.513988586885241,1.3800145293699928,9.05165973175042
iTransformer__ETTh1__h336__s2021,iTransformer,ETTh1,336,2545,672,1873,50,0.125,42,False,False,5.006543727206592,0.748993022039341,-0.40551176755892565,9.05165973175042
iTransformer__ETTh1__h336__s2021,iTransformer,ETTh1,336,2545,672,1873,50,0.25,84,False,False,4.121706345175124,-0.17550224978411444,-1.3407609274463899,9.05165973175042
iTransformer__ETTh1__h336__s2021,iTransformer,ETTh1,336,2545,672,1873,50,0.5,168,False,False,4.58463461547869,0.30817419266736096,-0.8514582773983498,9.05165973175042
iTransformer__ETTh1__h336__s2021,iTransformer,ETTh1,336,2545,672,1873,50,1.0,336,True,False,3.3789224479525664,-0.9515772833595288,-2.1258633993383684,9.05165973175042
iTransformer__ETTh1__h336__s2021,iTransformer,ETTh1,336,2545,672,1873,50,2.0,672,True,False,4.146777281711992,-0.14930764865265295,-1.314261626207708,9.05165973175042
iTransformer__ETTh1__h336__s2021,iTransformer,ETTh1,336,2545,672,1873,200,0.0,0,False,False,6.034280258055765,1.8227920982819308,0.6807779242888392,9.05165973175042
iTransformer__ETTh1__h336__s2021,iTransformer,ETTh1,336,2545,672,1873,200,0.125,42,False,False,5.197862084490089,0.948886155301351,-0.20329344297860447,9.05165973175042
iTransformer__ETTh1__h336__s2021,iTransformer,ETTh1,336,2545,672,1873,200,0.25,84,False,False,5.0857242991272384,0.8317224205112425,-0.32182004649016027,9.05165973175042
iTransformer__ETTh1__h336__s2021,iTransformer,ETTh1,336,2545,672,1873,200,0.5,168,False,False,4.502401596128139,0.22225553787136879,-0.9383763527694888,9.05165973175042
iTransformer__ETTh1__h336__s2021,iTransformer,ETTh1,336,2545,672,1873,200,1.0,336,True,False,4.329493368262259,0.04159766517347591,-1.1211356689253273,9.05165973175042
iTransformer__ETTh1__h336__s2021,iTransformer,ETTh1,336,2545,672,1873,200,2.0,672,True,False,5.322075533809807,1.0786667781874644,-0.072003189557938,9.05165973175042
iTransformer__ETTh1__h336__s2021,iTransformer,ETTh1,336,2545,672,1873,1000,0.0,0,False,False,5.136559339585656,0.884835857512358,-0.26808878485152304,9.05165973175042
iTransformer__ETTh1__h336__s2021,iTransformer,ETTh1,336,2545,672,1873,1000,0.125,42,False,False,4.746833569305202,0.47764280797727443,-0.6800183739975727,9.05165973175042
iTransformer__ETTh1__h336__s2021,iTransformer,ETTh1,336,2545,672,1873,1000,0.25,84,False,False,4.601211362442975,0.3254938996574879,-0.8339371045966067,9.05165973175042
iTransformer__ETTh1__h336__s2021,iTransformer,ETTh1,336,2545,672,1873,1000,0.5,168,False,False,4.45283973641723,0.17047234482824053,-0.990761896823547,9.05165973175042
iTransformer__ETTh1__h336__s2021,iTransformer,ETTh1,336,2545,672,1873,1000,1.0,336,True,False,4.306398117817759,0.017467299220243558,-1.145546723447029,9.05165973175042
iTransformer__ETTh1__h336__s2021,iTransformer,ETTh1,336,2545,672,1873,1000,2.0,672,True,False,5.3664520414026935,1.1250322146877523,-0.025098422322967794,9.05165973175042
iTransformer__ETTh1__h336__s2021,iTransformer,ETTh1,336,2545,672,1873,3000,0.0,0,False,False,5.202624497188535,0.9538620165291807,-0.198259701676861,9.05165973175042
iTransformer__ETTh1__h336__s2021,iTransformer,ETTh1,336,2545,672,1873,3000,0.125,42,False,False,4.688769471043724,0.4169763110643759,-0.7413905540404131,9.05165973175042
iTransformer__ETTh1__h336__s2021,iTransformer,ETTh1,336,2545,672,1873,3000,0.25,84,False,False,4.257178024586129,-0.033958809571499445,-1.197571029584252,9.05165973175042
iTransformer__ETTh1__h336__s2021,iTransformer,ETTh1,336,2545,672,1873,3000,0.5,168,False,False,4.183516287403604,-0.11092202238603767,-1.2754294917319986,9.05165973175042
iTransformer__ETTh1__h336__s2021,iTransformer,ETTh1,336,2545,672,1873,3000,1.0,336,True,False,4.234412134882971,-0.05774505302914214,-1.221633958718288,9.05165973175042
iTransformer__ETTh1__h336__s2021,iTransformer,ETTh1,336,2545,672,1873,3000,2.0,672,True,False,5.48051251850154,1.2442048151239096,0.09546041430546297,9.05165973175042
iTransformer__ETTh1__h336__s2021,iTransformer,ETTh1,336,2545,672,1873,1000000000,0.0,0,False,False,5.202624497188535,0.9538620165291807,-0.198259701676861,9.05165973175042
iTransformer__ETTh1__h336__s2021,iTransformer,ETTh1,336,2545,672,1873,1000000000,0.125,42,False,False,4.688769471043724,0.4169763110643759,-0.7413905540404131,9.05165973175042
iTransformer__ETTh1__h336__s2021,iTransformer,ETTh1,336,2545,672,1873,1000000000,0.25,84,False,False,4.257178024586129,-0.033958809571499445,-1.197571029584252,9.05165973175042
iTransformer__ETTh1__h336__s2021,iTransformer,ETTh1,336,2545,672,1873,1000000000,0.5,168,False,False,4.183516287403604,-0.11092202238603767,-1.2754294917319986,9.05165973175042
iTransformer__ETTh1__h336__s2021,iTransformer,ETTh1,336,2545,672,1873,1000000000,1.0,336,True,False,4.234412134882971,-0.05774505302914214,-1.221633958718288,9.05165973175042
iTransformer__ETTh1__h336__s2021,iTransformer,ETTh1,336,2545,672,1873,1000000000,2.0,672,True,False,5.48051251850154,1.2442048151239096,0.09546041430546297,9.05165973175042
iTransformer__ETTh1__h720__s2021,iTransformer,ETTh1,720,2161,1080,1081,50,0.0,0,False,False,8.241775721992333,2.9985922464097228,1.4386534314446275,10.437679340297484
iTransformer__ETTh1__h720__s2021,iTransformer,ETTh1,720,2161,1080,1081,50,0.125,90,False,False,5.365571962864822,-0.04196151121574669,-1.6507973260837365,10.437679340297484
iTransformer__ETTh1__h720__s2021,iTransformer,ETTh1,720,2161,1080,1081,50,0.25,180,False,False,6.062834297084871,0.6951432935587913,-0.9018386892639361,10.437679340297484
iTransformer__ETTh1__h720__s2021,iTransformer,ETTh1,720,2161,1080,1081,50,0.5,360,False,False,6.306930994705196,0.9531879918240456,-0.6396442167825954,10.437679340297484
iTransformer__ETTh1__h720__s2021,iTransformer,ETTh1,720,2161,1080,1081,50,1.0,720,True,False,6.717073382643293,1.3867664456624336,-0.19909312331826326,10.437679340297484
iTransformer__ETTh1__h720__s2021,iTransformer,ETTh1,720,2161,1080,1081,50,2.0,1440,True,True,,,,10.437679340297484
iTransformer__ETTh1__h720__s2021,iTransformer,ETTh1,720,2161,1080,1081,200,0.0,0,False,False,6.856901282671611,1.534584292538814,-0.04889812746820227,10.437679340297484
iTransformer__ETTh1__h720__s2021,iTransformer,ETTh1,720,2161,1080,1081,200,0.125,90,False,False,5.732884119653828,0.3463393367343013,-1.2562519753101846,10.437679340297484
iTransformer__ETTh1__h720__s2021,iTransformer,ETTh1,720,2161,1080,1081,200,0.25,180,False,False,6.686617428295257,1.3545701987376044,-0.23180713773159972,10.437679340297484
iTransformer__ETTh1__h720__s2021,iTransformer,ETTh1,720,2161,1080,1081,200,0.5,360,False,False,7.026464764841945,1.7138368511355195,0.13323710087848387,10.437679340297484
iTransformer__ETTh1__h720__s2021,iTransformer,ETTh1,720,2161,1080,1081,200,1.0,720,True,False,6.55011725545943,1.2102702296845076,-0.37842768261897725,10.437679340297484
iTransformer__ETTh1__h720__s2021,iTransformer,ETTh1,720,2161,1080,1081,200,2.0,1440,True,True,,,,10.437679340297484
iTransformer__ETTh1__h720__s2021,iTransformer,ETTh1,720,2161,1080,1081,1000,0.0,0,False,False,6.850925007283457,1.5282665250543668,-0.05531749482579722,10.437679340297484
iTransformer__ETTh1__h720__s2021,iTransformer,ETTh1,720,2161,1080,1081,1000,0.125,90,False,False,6.822769824803304,1.498502519074267,-0.08556015394395412,10.437679340297484
iTransformer__ETTh1__h720__s2021,iTransformer,ETTh1,720,2161,1080,1081,1000,0.25,180,False,False,6.882437381288483,1.5615795568201507,-0.021468735873170483,10.437679340297484
iTransformer__ETTh1__h720__s2021,iTransformer,ETTh1,720,2161,1080,1081,1000,0.5,360,False,False,6.701540140588366,1.3703456140894512,-0.21577802830149737,10.437679340297484
iTransformer__ETTh1__h720__s2021,iTransformer,ETTh1,720,2161,1080,1081,1000,1.0,720,True,False,6.011162638700965,0.6405190498614028,-0.9573413787484014,10.437679340297484
iTransformer__ETTh1__h720__s2021,iTransformer,ETTh1,720,2161,1080,1081,1000,2.0,1440,True,True,,,,10.437679340297484
iTransformer__ETTh1__h720__s2021,iTransformer,ETTh1,720,2161,1080,1081,3000,0.0,0,False,False,6.882437381288483,1.5615795568201507,-0.021468735873170483,10.437679340297484
iTransformer__ETTh1__h720__s2021,iTransformer,ETTh1,720,2161,1080,1081,3000,0.125,90,False,False,6.882437381288483,1.5615795568201507,-0.021468735873170483,10.437679340297484
iTransformer__ETTh1__h720__s2021,iTransformer,ETTh1,720,2161,1080,1081,3000,0.25,180,False,False,6.882437381288483,1.5615795568201507,-0.021468735873170483,10.437679340297484
iTransformer__ETTh1__h720__s2021,iTransformer,ETTh1,720,2161,1080,1081,3000,0.5,360,False,False,6.701540140588366,1.3703456140894512,-0.21577802830149737,10.437679340297484
iTransformer__ETTh1__h720__s2021,iTransformer,ETTh1,720,2161,1080,1081,3000,1.0,720,True,False,6.011162638700965,0.6405190498614028,-0.9573413787484014,10.437679340297484
iTransformer__ETTh1__h720__s2021,iTransformer,ETTh1,720,2161,1080,1081,3000,2.0,1440,True,True,,,,10.437679340297484
iTransformer__ETTh1__h720__s2021,iTransformer,ETTh1,720,2161,1080,1081,1000000000,0.0,0,False,False,6.882437381288483,1.5615795568201507,-0.021468735873170483,10.437679340297484
iTransformer__ETTh1__h720__s2021,iTransformer,ETTh1,720,2161,1080,1081,1000000000,0.125,90,False,False,6.882437381288483,1.5615795568201507,-0.021468735873170483,10.437679340297484
iTransformer__ETTh1__h720__s2021,iTransformer,ETTh1,720,2161,1080,1081,1000000000,0.25,180,False,False,6.882437381288483,1.5615795568201507,-0.021468735873170483,10.437679340297484
iTransformer__ETTh1__h720__s2021,iTransformer,ETTh1,720,2161,1080,1081,1000000000,0.5,360,False,False,6.701540140588366,1.3703456140894512,-0.21577802830149737,10.437679340297484
iTransformer__ETTh1__h720__s2021,iTransformer,ETTh1,720,2161,1080,1081,1000000000,1.0,720,True,False,6.011162638700965,0.6405190498614028,-0.9573413787484014,10.437679340297484
iTransformer__ETTh1__h720__s2021,iTransformer,ETTh1,720,2161,1080,1081,1000000000,2.0,1440,True,True,,,,10.437679340297484
iTransformer__ETTh2__h96__s2021,iTransformer,ETTh2,96,2785,192,2593,50,0.0,0,False,False,7.256796005172708,6.325200286172378,4.682509517050377,12.491840419015457
iTransformer__ETTh2__h96__s2021,iTransformer,ETTh2,96,2785,192,2593,50,0.125,12,False,False,4.112937156974306,3.149761706867358,1.4513861254151068,12.491840419015457
iTransformer__ETTh2__h96__s2021,iTransformer,ETTh2,96,2785,192,2593,50,0.25,24,False,False,3.072058635389515,2.098427670129544,0.3816157885977738,12.491840419015457
iTransformer__ETTh2__h96__s2021,iTransformer,ETTh2,96,2785,192,2593,50,0.5,48,False,False,1.3093117292845502,0.31797415695609693,-1.430059937592149,12.491840419015457
iTransformer__ETTh2__h96__s2021,iTransformer,ETTh2,96,2785,192,2593,50,1.0,96,True,False,-0.037228096936105695,-1.042091520038925,-2.8139758639586634,12.491840419015457
iTransformer__ETTh2__h96__s2021,iTransformer,ETTh2,96,2785,192,2593,50,2.0,192,True,False,1.213255068872645,0.22095261750436257,-1.5287828565797912,12.491840419015457
iTransformer__ETTh2__h96__s2021,iTransformer,ETTh2,96,2785,192,2593,200,0.0,0,False,False,4.017521519844026,3.0533876297086175,1.353322022684762,12.491840419015457
iTransformer__ETTh2__h96__s2021,iTransformer,ETTh2,96,2785,192,2593,200,0.125,12,False,False,1.6563819062667386,0.66853061732232,-1.0733560836552016,12.491840419015457
iTransformer__ETTh2__h96__s2021,iTransformer,ETTh2,96,2785,192,2593,200,0.25,24,False,False,0.934798821004786,-0.06030069405408295,-1.8149682546769161,12.491840419015457
iTransformer__ETTh2__h96__s2021,iTransformer,ETTh2,96,2785,192,2593,200,0.5,48,False,False,-0.38271709985828284,-1.391050923618189,-3.1690546549591887,12.491840419015457
iTransformer__ETTh2__h96__s2021,iTransformer,ETTh2,96,2785,192,2593,200,1.0,96,True,False,0.42053901895360424,-0.5797261816693687,-2.3435024402169264,12.491840419015457
iTransformer__ETTh2__h96__s2021,iTransformer,ETTh2,96,2785,192,2593,200,2.0,192,True,False,2.5970190975849374,1.6186164101856346,-0.1066094901648413,12.491840419015457
iTransformer__ETTh2__h96__s2021,iTransformer,ETTh2,96,2785,192,2593,1000,0.0,0,False,False,2.4427127029284907,1.46276002404211,-0.2651989896708585,12.491840419015457
iTransformer__ETTh2__h96__s2021,iTransformer,ETTh2,96,2785,192,2593,1000,0.125,12,False,False,1.2601714841686544,0.2683403032520921,-1.4805641755784218,12.491840419015457
iTransformer__ETTh2__h96__s2021,iTransformer,ETTh2,96,2785,192,2593,1000,0.25,24,False,False,0.7925036778912291,-0.2040251768976595,-1.9612131045987808,12.491840419015457
iTransformer__ETTh2__h96__s2021,iTransformer,ETTh2,96,2785,192,2593,1000,0.5,48,False,False,0.22701837389269605,-0.7751907212337165,-2.5423946657311127,12.491840419015457
iTransformer__ETTh2__h96__s2021,iTransformer,ETTh2,96,2785,192,2593,1000,1.0,96,True,False,0.21090664992897834,-0.7914642857682124,-2.5589536051404225,12.491840419015457
iTransformer__ETTh2__h96__s2021,iTransformer,ETTh2,96,2785,192,2593,1000,2.0,192,True,False,0.6204619207351748,-0.3777950753897065,-2.138030249618989,12.491840419015457
iTransformer__ETTh2__h96__s2021,iTransformer,ETTh2,96,2785,192,2593,3000,0.0,0,False,False,2.725433041810666,1.7483202589601352,0.025368858429807063,12.491840419015457
iTransformer__ETTh2__h96__s2021,iTransformer,ETTh2,96,2785,192,2593,3000,0.125,12,False,False,1.3810458422113276,0.3904288314941876,-1.3563346905478233,12.491840419015457
iTransformer__ETTh2__h96__s2021,iTransformer,ETTh2,96,2785,192,2593,3000,0.25,24,False,False,0.7312642255458096,-0.2658797730938575,-2.0241523892545183,12.491840419015457
iTransformer__ETTh2__h96__s2021,iTransformer,ETTh2,96,2785,192,2593,3000,0.5,48,False,False,0.11708546623111027,-0.886227893377695,-2.6553789969644894,12.491840419015457
iTransformer__ETTh2__h96__s2021,iTransformer,ETTh2,96,2785,192,2593,3000,1.0,96,True,False,0.054548497040337644,-0.9493930398393394,-2.719651813827776,12.491840419015457
iTransformer__ETTh2__h96__s2021,iTransformer,ETTh2,96,2785,192,2593,3000,2.0,192,True,False,0.953933266094931,-0.040974045477713404,-1.7953026920349553,12.491840419015457
iTransformer__ETTh2__h96__s2021,iTransformer,ETTh2,96,2785,192,2593,1000000000,0.0,0,False,False,2.725433041810666,1.7483202589601352,0.025368858429807063,12.491840419015457
iTransformer__ETTh2__h96__s2021,iTransformer,ETTh2,96,2785,192,2593,1000000000,0.125,12,False,False,1.3810458422113276,0.3904288314941876,-1.3563346905478233,12.491840419015457
iTransformer__ETTh2__h96__s2021,iTransformer,ETTh2,96,2785,192,2593,1000000000,0.25,24,False,False,0.7312642255458096,-0.2658797730938575,-2.0241523892545183,12.491840419015457
iTransformer__ETTh2__h96__s2021,iTransformer,ETTh2,96,2785,192,2593,1000000000,0.5,48,False,False,0.11708546623111027,-0.886227893377695,-2.6553789969644894,12.491840419015457
iTransformer__ETTh2__h96__s2021,iTransformer,ETTh2,96,2785,192,2593,1000000000,1.0,96,True,False,0.054548497040337644,-0.9493930398393394,-2.719651813827776,12.491840419015457
iTransformer__ETTh2__h96__s2021,iTransformer,ETTh2,96,2785,192,2593,1000000000,2.0,192,True,False,0.953933266094931,-0.040974045477713404,-1.7953026920349553,12.491840419015457
iTransformer__ETTh2__h192__s2021,iTransformer,ETTh2,192,2689,384,2305,50,0.0,0,False,False,9.171285400974211,4.868269283311399,3.3826558084032015,14.098996191269052
iTransformer__ETTh2__h192__s2021,iTransformer,ETTh2,192,2689,384,2305,50,0.125,24,False,False,5.610558885343107,1.1388531230564538,-0.40500034033376914,14.098996191269052
iTransformer__ETTh2__h192__s2021,iTransformer,ETTh2,192,2689,384,2305,50,0.25,48,False,False,4.256220810424025,-0.27964680410141074,-1.8456521046343626,14.098996191269052
iTransformer__ETTh2__h192__s2021,iTransformer,ETTh2,192,2689,384,2305,50,0.5,96,False,False,3.0028356854972036,-1.5924111288551641,-3.1789170589418974,14.098996191269052
iTransformer__ETTh2__h192__s2021,iTransformer,ETTh2,192,2689,384,2305,50,1.0,192,True,False,3.75133289931632,-0.8084538120354936,-2.3827171649626813,14.098996191269052
iTransformer__ETTh2__h192__s2021,iTransformer,ETTh2,192,2689,384,2305,50,2.0,384,True,False,3.7883489131518444,-0.7696841621956612,-2.343342073449649,14.098996191269052
iTransformer__ETTh2__h192__s2021,iTransformer,ETTh2,192,2689,384,2305,200,0.0,0,False,False,5.983721209503849,1.529694036003317,-0.008055906275233029,14.098996191269052
iTransformer__ETTh2__h192__s2021,iTransformer,ETTh2,192,2689,384,2305,200,0.125,24,False,False,2.7576864942997905,-1.8491742785414906,-3.439689920132053,14.098996191269052
iTransformer__ETTh2__h192__s2021,iTransformer,ETTh2,192,2689,384,2305,200,0.25,48,False,False,1.5831123299316778,-3.079393968479119,-4.689121191050075,14.098996191269052
iTransformer__ETTh2__h192__s2021,iTransformer,ETTh2,192,2689,384,2305,200,0.5,96,False,False,1.779098890785622,-2.8741225318683967,-4.480644157211748,14.098996191269052
iTransformer__ETTh2__h192__s2021,iTransformer,ETTh2,192,2689,384,2305,200,1.0,192,True,False,3.669009846616046,-0.8946769245812506,-2.4702867705963016,14.098996191269052
iTransformer__ETTh2__h192__s2021,iTransformer,ETTh2,192,2689,384,2305,200,2.0,384,True,False,4.22547981665087,-0.3118441544052385,-1.8783522610693029,14.098996191269052
iTransformer__ETTh2__h192__s2021,iTransformer,ETTh2,192,2689,384,2305,1000,0.0,0,False,False,5.901883166856753,1.4439789108927847,-0.09510959154764115,14.098996191269052
iTransformer__ETTh2__h192__s2021,iTransformer,ETTh2,192,2689,384,2305,1000,0.125,24,False,False,4.895911202931627,0.390348961342778,-1.1651934291834214,14.098996191269052
iTransformer__ETTh2__h192__s2021,iTransformer,ETTh2,192,2689,384,2305,1000,0.25,48,False,False,4.511229717962632,-0.012556833386578536,-1.574391154830666,14.098996191269052
iTransformer__ETTh2__h192__s2021,iTransformer,ETTh2,192,2689,384,2305,1000,0.5,96,False,False,4.796601452347116,0.2863344050226281,-1.2708323165789304,14.098996191269052
iTransformer__ETTh2__h192__s2021,iTransformer,ETTh2,192,2689,384,2305,1000,1.0,192,True,False,5.4611991680969245,0.9824174797281163,-0.5638789424723128,14.098996191269052
iTransformer__ETTh2__h192__s2021,iTransformer,ETTh2,192,2689,384,2305,1000,2.0,384,True,False,5.989726982777133,1.5359843331665188,-0.001667377426804537,14.098996191269052
iTransformer__ETTh2__h192__s2021,iTransformer,ETTh2,192,2689,384,2305,3000,0.0,0,False,False,5.991294462712492,1.5376260725632809,0.0,14.098996191269052
iTransformer__ETTh2__h192__s2021,iTransformer,ETTh2,192,2689,384,2305,3000,0.125,24,False,False,5.991294462712492,1.5376260725632809,0.0,14.098996191269052
iTransformer__ETTh2__h192__s2021,iTransformer,ETTh2,192,2689,384,2305,3000,0.25,48,False,False,5.991294462712492,1.5376260725632809,0.0,14.098996191269052
iTransformer__ETTh2__h192__s2021,iTransformer,ETTh2,192,2689,384,2305,3000,0.5,96,False,False,5.991294462712492,1.5376260725632809,0.0,14.098996191269052
iTransformer__ETTh2__h192__s2021,iTransformer,ETTh2,192,2689,384,2305,3000,1.0,192,True,False,5.991294462712492,1.5376260725632809,0.0,14.098996191269052
iTransformer__ETTh2__h192__s2021,iTransformer,ETTh2,192,2689,384,2305,3000,2.0,384,True,False,5.989726982777133,1.5359843331665188,-0.001667377426804537,14.098996191269052
iTransformer__ETTh2__h192__s2021,iTransformer,ETTh2,192,2689,384,2305,1000000000,0.0,0,False,False,5.991294462712492,1.5376260725632809,0.0,14.098996191269052
iTransformer__ETTh2__h192__s2021,iTransformer,ETTh2,192,2689,384,2305,1000000000,0.125,24,False,False,5.991294462712492,1.5376260725632809,0.0,14.098996191269052
iTransformer__ETTh2__h192__s2021,iTransformer,ETTh2,192,2689,384,2305,1000000000,0.25,48,False,False,5.991294462712492,1.5376260725632809,0.0,14.098996191269052
iTransformer__ETTh2__h192__s2021,iTransformer,ETTh2,192,2689,384,2305,1000000000,0.5,96,False,False,5.991294462712492,1.5376260725632809,0.0,14.098996191269052
iTransformer__ETTh2__h192__s2021,iTransformer,ETTh2,192,2689,384,2305,1000000000,1.0,192,True,False,5.991294462712492,1.5376260725632809,0.0,14.098996191269052
iTransformer__ETTh2__h192__s2021,iTransformer,ETTh2,192,2689,384,2305,1000000000,2.0,384,True,False,5.989726982777133,1.5359843331665188,-0.001667377426804537,14.098996191269052
iTransformer__ETTh2__h336__s2021,iTransformer,ETTh2,336,2545,672,1873,50,0.0,0,False,False,6.811501416253207,3.1496920611490222,2.0763897400484748,10.984476871711454
iTransformer__ETTh2__h336__s2021,iTransformer,ETTh2,336,2545,672,1873,50,0.125,42,False,False,2.6972664027642845,-1.1262103736467457,-2.2468985637830774,10.984476871711454
iTransformer__ETTh2__h336__s2021,iTransformer,ETTh2,336,2545,672,1873,50,0.25,84,False,False,1.8920634496100666,-1.963053494326228,-3.093015642211764,10.984476871711454
iTransformer__ETTh2__h336__s2021,iTransformer,ETTh2,336,2545,672,1873,50,0.5,168,False,False,1.1001027787807598,-2.786133981843119,-3.9252175689528044,10.984476871711454
iTransformer__ETTh2__h336__s2021,iTransformer,ETTh2,336,2545,672,1873,50,1.0,336,True,False,2.340643182183856,-1.4968469785526575,-2.621642591130862,10.984476871711454
iTransformer__ETTh2__h336__s2021,iTransformer,ETTh2,336,2545,672,1873,50,2.0,672,True,False,2.657954843559216,-1.167066666777659,-2.288207629395382,10.984476871711454
iTransformer__ETTh2__h336__s2021,iTransformer,ETTh2,336,2545,672,1873,200,0.0,0,False,False,5.064813465991367,1.3343686207363394,0.24094875015548137,10.984476871711454
iTransformer__ETTh2__h336__s2021,iTransformer,ETTh2,336,2545,672,1873,200,0.125,42,False,False,2.071649188529071,-1.7764109968070632,-2.9043047586433794,10.984476871711454
iTransformer__ETTh2__h336__s2021,iTransformer,ETTh2,336,2545,672,1873,200,0.25,84,False,False,2.032143325365034,-1.817469229002838,-2.9458180012242927,10.984476871711454
iTransformer__ETTh2__h336__s2021,iTransformer,ETTh2,336,2545,672,1873,200,0.5,168,False,False,1.7881821436619658,-2.071016779743065,-3.202175384793246,10.984476871711454
iTransformer__ETTh2__h336__s2021,iTransformer,ETTh2,336,2545,672,1873,200,1.0,336,True,False,2.9792028540743027,-0.8331953284046224,-1.950636304000611,10.984476871711454
iTransformer__ETTh2__h336__s2021,iTransformer,ETTh2,336,2545,672,1873,200,2.0,672,True,False,2.9797023251687147,-0.832676230768803,-1.9501114536861552,10.984476871711454
iTransformer__ETTh2__h336__s2021,iTransformer,ETTh2,336,2545,672,1873,1000,0.0,0,False,False,4.573735454653509,0.8239938712458978,-0.2750820102957623,10.984476871711454
iTransformer__ETTh2__h336__s2021,iTransformer,ETTh2,336,2545,672,1873,1000,0.125,42,False,False,3.2213202872201663,-0.5815639756742451,-1.696216353890474,10.984476871711454
iTransformer__ETTh2__h336__s2021,iTransformer,ETTh2,336,2545,672,1873,1000,0.25,84,False,False,2.7658497909437867,-1.0549320252923593,-2.1748303034670142,10.984476871711454
iTransformer__ETTh2__h336__s2021,iTransformer,ETTh2,336,2545,672,1873,1000,0.5,168,False,False,3.5248305688887487,-0.2661273639791571,-1.3772840501867847,10.984476871711454
iTransformer__ETTh2__h336__s2021,iTransformer,ETTh2,336,2545,672,1873,1000,1.0,336,True,False,4.509954792611962,0.7577069704679417,-0.34210350744184215,10.984476871711454
iTransformer__ETTh2__h336__s2021,iTransformer,ETTh2,336,2545,672,1873,1000,2.0,672,True,False,4.494189365128069,0.7413220460426325,-0.35867001081915467,10.984476871711454
iTransformer__ETTh2__h336__s2021,iTransformer,ETTh2,336,2545,672,1873,3000,0.0,0,False,False,4.8035352550599475,1.062823574180202,-0.033605578817559364,10.984476871711454
iTransformer__ETTh2__h336__s2021,iTransformer,ETTh2,336,2545,672,1873,3000,0.125,42,False,False,4.197117848577689,0.432577208481919,-0.6708363816494469,10.984476871711454
iTransformer__ETTh2__h336__s2021,iTransformer,ETTh2,336,2545,672,1873,3000,0.25,84,False,False,3.9737273566545683,0.20040866555897088,-0.905577833645261,10.984476871711454
iTransformer__ETTh2__h336__s2021,iTransformer,ETTh2,336,2545,672,1873,3000,0.5,168,False,False,3.9613877104171005,0.18758413725217324,-0.9185444843292782,10.984476871711454
iTransformer__ETTh2__h336__s2021,iTransformer,ETTh2,336,2545,672,1873,3000,1.0,336,True,False,4.611277949104893,0.8630115848443367,-0.23563189949115573,10.984476871711454
iTransformer__ETTh2__h336__s2021,iTransformer,ETTh2,336,2545,672,1873,3000,2.0,672,True,False,4.524557207078361,0.7728831816872956,-0.3267591123201971,10.984476871711454
iTransformer__ETTh2__h336__s2021,iTransformer,ETTh2,336,2545,672,1873,1000000000,0.0,0,False,False,4.8035352550599475,1.062823574180202,-0.033605578817559364,10.984476871711454
iTransformer__ETTh2__h336__s2021,iTransformer,ETTh2,336,2545,672,1873,1000000000,0.125,42,False,False,4.197117848577689,0.432577208481919,-0.6708363816494469,10.984476871711454
iTransformer__ETTh2__h336__s2021,iTransformer,ETTh2,336,2545,672,1873,1000000000,0.25,84,False,False,3.9737273566545683,0.20040866555897088,-0.905577833645261,10.984476871711454
iTransformer__ETTh2__h336__s2021,iTransformer,ETTh2,336,2545,672,1873,1000000000,0.5,168,False,False,3.9613877104171005,0.18758413725217324,-0.9185444843292782,10.984476871711454
iTransformer__ETTh2__h336__s2021,iTransformer,ETTh2,336,2545,672,1873,1000000000,1.0,336,True,False,4.611277949104893,0.8630115848443367,-0.23563189949115573,10.984476871711454
iTransformer__ETTh2__h336__s2021,iTransformer,ETTh2,336,2545,672,1873,1000000000,2.0,672,True,False,4.524557207078361,0.7728831816872956,-0.3267591123201971,10.984476871711454
iTransformer__ETTh2__h720__s2021,iTransformer,ETTh2,720,2161,1080,1081,50,0.0,0,False,False,9.608620482489892,21.73290494817179,4.991553921232933,12.961861361911916
iTransformer__ETTh2__h720__s2021,iTransformer,ETTh2,720,2161,1080,1081,50,0.125,90,False,False,4.7804357160169575,17.552329343922672,-0.08324784075265683,12.961861361911916
iTransformer__ETTh2__h720__s2021,iTransformer,ETTh2,720,2161,1080,1081,50,0.25,180,False,False,-1.176988547035415,12.393980245267038,-6.344969089900165,12.961861361911916
iTransformer__ETTh2__h720__s2021,iTransformer,ETTh2,720,2161,1080,1081,50,0.5,360,False,False,-15.681910825191995,-0.16538256923615158,-21.590782722758714,12.961861361911916
iTransformer__ETTh2__h720__s2021,iTransformer,ETTh2,720,2161,1080,1081,50,1.0,720,True,False,-7.147725681073937,7.224103944078955,-12.620683213058367,12.961861361911916
iTransformer__ETTh2__h720__s2021,iTransformer,ETTh2,720,2161,1080,1081,50,2.0,1440,True,True,,,,12.961861361911916
iTransformer__ETTh2__h720__s2021,iTransformer,ETTh2,720,2161,1080,1081,200,0.0,0,False,False,7.237704039301347,19.680001854873673,2.4995343475488556,12.961861361911916
iTransformer__ETTh2__h720__s2021,iTransformer,ETTh2,720,2161,1080,1081,200,0.125,90,False,False,3.4317829059450387,16.384572659145373,-1.5007879697853628,12.961861361911916
iTransformer__ETTh2__h720__s2021,iTransformer,ETTh2,720,2161,1080,1081,200,0.25,180,False,False,-4.036659235036263,9.91787999378971,-9.35070779877039,12.961861361911916
iTransformer__ETTh2__h720__s2021,iTransformer,ETTh2,720,2161,1080,1081,200,0.5,360,False,False,-12.725332029645548,2.3946274101936624,-18.483185974333313,12.961861361911916
iTransformer__ETTh2__h720__s2021,iTransformer,ETTh2,720,2161,1080,1081,200,1.0,720,True,False,-18.533793584601483,-2.634739494628954,-24.58833570642387,12.961861361911916
iTransformer__ETTh2__h720__s2021,iTransformer,ETTh2,720,2161,1080,1081,200,2.0,1440,True,True,,,,12.961861361911916
iTransformer__ETTh2__h720__s2021,iTransformer,ETTh2,720,2161,1080,1081,1000,0.0,0,False,False,3.493792398114051,16.438264757259308,-1.4356111185794345,12.961861361911916
iTransformer__ETTh2__h720__s2021,iTransformer,ETTh2,720,2161,1080,1081,1000,0.125,90,False,False,-2.2046942562197693,11.504121711683567,-7.4251685843328,12.961861361911916
iTransformer__ETTh2__h720__s2021,iTransformer,ETTh2,720,2161,1080,1081,1000,0.25,180,False,False,-9.853699292354861,4.881085229547262,-15.464874211251377,12.961861361911916
iTransformer__ETTh2__h720__s2021,iTransformer,ETTh2,720,2161,1080,1081,1000,0.5,360,False,False,-18.828150002169156,-2.88961359695883,-24.897727442402406,12.961861361911916
iTransformer__ETTh2__h720__s2021,iTransformer,ETTh2,720,2161,1080,1081,1000,1.0,720,True,False,3.677463431656013,16.597299814775067,-1.2425584228506064,12.961861361911916
iTransformer__ETTh2__h720__s2021,iTransformer,ETTh2,720,2161,1080,1081,1000,2.0,1440,True,True,,,,12.961861361911916
iTransformer__ETTh2__h720__s2021,iTransformer,ETTh2,720,2161,1080,1081,3000,0.0,0,False,False,4.85963801305535,17.62090815911186,0.0,12.961861361911916
iTransformer__ETTh2__h720__s2021,iTransformer,ETTh2,720,2161,1080,1081,3000,0.125,90,False,False,4.85963801305535,17.62090815911186,0.0,12.961861361911916
iTransformer__ETTh2__h720__s2021,iTransformer,ETTh2,720,2161,1080,1081,3000,0.25,180,False,False,4.557591729168084,17.359375639780446,-0.3174743900267204,12.961861361911916
iTransformer__ETTh2__h720__s2021,iTransformer,ETTh2,720,2161,1080,1081,3000,0.5,360,False,False,4.0154333411817245,16.889937488574287,-0.887325478107251,12.961861361911916
iTransformer__ETTh2__h720__s2021,iTransformer,ETTh2,720,2161,1080,1081,3000,1.0,720,True,False,4.011824617141032,16.88681280623161,-0.8911185307773548,12.961861361911916
iTransformer__ETTh2__h720__s2021,iTransformer,ETTh2,720,2161,1080,1081,3000,2.0,1440,True,True,,,,12.961861361911916
iTransformer__ETTh2__h720__s2021,iTransformer,ETTh2,720,2161,1080,1081,1000000000,0.0,0,False,False,4.85963801305535,17.62090815911186,0.0,12.961861361911916
iTransformer__ETTh2__h720__s2021,iTransformer,ETTh2,720,2161,1080,1081,1000000000,0.125,90,False,False,4.85963801305535,17.62090815911186,0.0,12.961861361911916
iTransformer__ETTh2__h720__s2021,iTransformer,ETTh2,720,2161,1080,1081,1000000000,0.25,180,False,False,4.557591729168084,17.359375639780446,-0.3174743900267204,12.961861361911916
iTransformer__ETTh2__h720__s2021,iTransformer,ETTh2,720,2161,1080,1081,1000000000,0.5,360,False,False,4.0154333411817245,16.889937488574287,-0.887325478107251,12.961861361911916
iTransformer__ETTh2__h720__s2021,iTransformer,ETTh2,720,2161,1080,1081,1000000000,1.0,720,True,False,4.011824617141032,16.88681280623161,-0.8911185307773548,12.961861361911916
iTransformer__ETTh2__h720__s2021,iTransformer,ETTh2,720,2161,1080,1081,1000000000,2.0,1440,True,True,,,,12.961861361911916
iTransformer__ETTm1__h96__s2021,iTransformer,ETTm1,96,11425,192,11233,50,0.0,0,False,False,11.18683222871946,7.814511557462977,5.974082081834228,21.93268201792645
iTransformer__ETTm1__h96__s2021,iTransformer,ETTm1,96,11425,192,11233,50,0.125,12,False,False,5.324753727690617,1.7298443457549013,-0.23206195963322654,21.93268201792645
iTransformer__ETTm1__h96__s2021,iTransformer,ETTm1,96,11425,192,11233,50,0.25,24,False,False,4.129883269867475,0.489603517236641,-1.4970634724657654,21.93268201792645
iTransformer__ETTm1__h96__s2021,iTransformer,ETTm1,96,11425,192,11233,50,0.5,48,False,False,2.181242716676081,-1.5330287759555075,-3.560076438946528,21.93268201792645
iTransformer__ETTm1__h96__s2021,iTransformer,ETTm1,96,11425,192,11233,50,1.0,96,True,False,2.3389470860385764,-1.3693362213036615,-3.393115857975008,21.93268201792645
iTransformer__ETTm1__h96__s2021,iTransformer,ETTm1,96,11425,192,11233,50,2.0,192,True,False,3.175661732218847,-0.5008507221286704,-2.50729155267291,21.93268201792645
iTransformer__ETTm1__h96__s2021,iTransformer,ETTm1,96,11425,192,11233,200,0.0,0,False,False,6.410909301916244,2.8572422828764736,0.9178438193330516,21.93268201792645
iTransformer__ETTm1__h96__s2021,iTransformer,ETTm1,96,11425,192,11233,200,0.125,12,False,False,3.817926861946712,0.16580182702990773,-1.8273296744409246,21.93268201792645
iTransformer__ETTm1__h96__s2021,iTransformer,ETTm1,96,11425,192,11233,200,0.25,24,False,False,3.5794536074907244,-0.08172648430249724,-2.07979974404706,21.93268201792645
iTransformer__ETTm1__h96__s2021,iTransformer,ETTm1,96,11425,192,11233,200,0.5,48,False,False,3.226537735458571,-0.4480429085312969,-2.4534294618966648,21.93268201792645
iTransformer__ETTm1__h96__s2021,iTransformer,ETTm1,96,11425,192,11233,200,1.0,96,True,False,3.5493538469013464,-0.11296916150416024,-2.11166616306526,21.93268201792645
iTransformer__ETTm1__h96__s2021,iTransformer,ETTm1,96,11425,192,11233,200,2.0,192,True,False,3.989964339235775,0.34437173138414195,-1.6451947261628999,21.93268201792645
iTransformer__ETTm1__h96__s2021,iTransformer,ETTm1,96,11425,192,11233,1000,0.0,0,False,False,5.664804758406639,2.0828074383750645,0.12794783513542224,21.93268201792645
iTransformer__ETTm1__h96__s2021,iTransformer,ETTm1,96,11425,192,11233,1000,0.125,12,False,False,5.118631643102055,1.5158956090594062,-0.4502820579924761,21.93268201792645
iTransformer__ETTm1__h96__s2021,iTransformer,ETTm1,96,11425,192,11233,1000,0.25,24,False,False,4.819859360363216,1.2057786578399492,-0.7665903131531405,21.93268201792645
iTransformer__ETTm1__h96__s2021,iTransformer,ETTm1,96,11425,192,11233,1000,0.5,48,False,False,4.689936836148077,1.0709228514880793,-0.904138436974526,21.93268201792645
iTransformer__ETTm1__h96__s2021,iTransformer,ETTm1,96,11425,192,11233,1000,1.0,96,True,False,4.564426752548695,0.940647030329787,-1.0370151388709066,21.93268201792645
iTransformer__ETTm1__h96__s2021,iTransformer,ETTm1,96,11425,192,11233,1000,2.0,192,True,False,4.833322325281316,1.219752824374082,-0.7523371605397313,21.93268201792645
iTransformer__ETTm1__h96__s2021,iTransformer,ETTm1,96,11425,192,11233,3000,0.0,0,False,False,5.584732155575044,1.9996944024578527,0.04317549596240156,21.93268201792645
iTransformer__ETTm1__h96__s2021,iTransformer,ETTm1,96,11425,192,11233,3000,0.125,12,False,False,5.04850501740436,1.4431062085122108,-0.524524656440379,21.93268201792645
iTransformer__ETTm1__h96__s2021,iTransformer,ETTm1,96,11425,192,11233,3000,0.25,24,False,False,4.861486698944762,1.2489866261626779,-0.7225197229598042,21.93268201792645
iTransformer__ETTm1__h96__s2021,iTransformer,ETTm1,96,11425,192,11233,3000,0.5,48,False,False,4.94470558527666,1.3353654129649515,-0.634416434091253,21.93268201792645
iTransformer__ETTm1__h96__s2021,iTransformer,ETTm1,96,11425,192,11233,3000,1.0,96,True,False,4.934326642777352,1.3245923721217319,-0.6454045524075652,21.93268201792645
iTransformer__ETTm1__h96__s2021,iTransformer,ETTm1,96,11425,192,11233,3000,2.0,192,True,False,5.160273382791284,1.559118525313609,-0.40619622144093753,21.93268201792645
iTransformer__ETTm1__h96__s2021,iTransformer,ETTm1,96,11425,192,11233,1000000000,0.0,0,False,False,5.49458740367726,1.9061267683697483,-0.0522601613324999,21.93268201792645
iTransformer__ETTm1__h96__s2021,iTransformer,ETTm1,96,11425,192,11233,1000000000,0.125,12,False,False,5.255984681821162,1.6584640736365932,-0.3048672972255527,21.93268201792645
iTransformer__ETTm1__h96__s2021,iTransformer,ETTm1,96,11425,192,11233,1000000000,0.25,24,False,False,5.284056218143423,1.68760151296163,-0.27514814592953063,21.93268201792645
iTransformer__ETTm1__h96__s2021,iTransformer,ETTm1,96,11425,192,11233,1000000000,0.5,48,False,False,5.335774752103852,1.7412838489745994,-0.22039407340804915,21.93268201792645
iTransformer__ETTm1__h96__s2021,iTransformer,ETTm1,96,11425,192,11233,1000000000,1.0,96,True,False,5.168831442713555,1.5680015429319731,-0.39713585956011344,21.93268201792645
iTransformer__ETTm1__h96__s2021,iTransformer,ETTm1,96,11425,192,11233,1000000000,2.0,192,True,False,5.08326830751157,1.4791894938945735,-0.4877209893242188,21.93268201792645
iTransformer__ETTm1__h192__s2021,iTransformer,ETTm1,192,11329,384,10945,50,0.0,0,False,False,7.179329538025175,5.9954462965019335,4.624100334211796,15.747175234282857
iTransformer__ETTm1__h192__s2021,iTransformer,ETTm1,192,11329,384,10945,50,0.125,24,False,False,2.6346961897410948,1.3928483242486127,-0.04564070608057272,15.747175234282857
iTransformer__ETTm1__h192__s2021,iTransformer,ETTm1,192,11329,384,10945,50,0.25,48,False,False,1.8358557613835367,0.5838190684340151,-0.8664721455089058,15.747175234282857
iTransformer__ETTm1__h192__s2021,iTransformer,ETTm1,192,11329,384,10945,50,0.5,96,False,False,0.9956504606601522,-0.267102648902336,-1.7298071770446388,15.747175234282857
iTransformer__ETTm1__h192__s2021,iTransformer,ETTm1,192,11329,384,10945,50,1.0,192,True,False,0.5824728870557481,-0.6855501047724998,-2.1543589779324717,15.747175234282857
iTransformer__ETTm1__h192__s2021,iTransformer,ETTm1,192,11329,384,10945,50,2.0,384,True,False,1.4346080005785302,0.17745358441766462,-1.2787657217693575,15.747175234282857
iTransformer__ETTm1__h192__s2021,iTransformer,ETTm1,192,11329,384,10945,200,0.0,0,False,False,3.9933034767970503,2.7687839972228296,1.3503672267487958,15.747175234282857
iTransformer__ETTm1__h192__s2021,iTransformer,ETTm1,192,11329,384,10945,200,0.125,24,False,False,1.5748672379461925,0.31950176125066326,-1.1346453347499776,15.747175234282857
iTransformer__ETTm1__h192__s2021,iTransformer,ETTm1,192,11329,384,10945,200,0.25,48,False,False,1.6356180287538977,0.3810273993287939,-1.0722221557333316,15.747175234282857
iTransformer__ETTm1__h192__s2021,iTransformer,ETTm1,192,11329,384,10945,200,0.5,96,False,False,0.9962675964754241,-0.26647764181501,-1.7291730523038393,15.747175234282857
iTransformer__ETTm1__h192__s2021,iTransformer,ETTm1,192,11329,384,10945,200,1.0,192,True,False,1.4073068695880073,0.14980424056363353,-1.306818416467155,15.747175234282857
iTransformer__ETTm1__h192__s2021,iTransformer,ETTm1,192,11329,384,10945,200,2.0,384,True,False,1.2268701991214175,-0.03293381330450332,-1.4922222677084622,15.747175234282857
iTransformer__ETTm1__h192__s2021,iTransformer,ETTm1,192,11329,384,10945,1000,0.0,0,False,False,3.2048829556391807,1.9703075495388291,0.5402425406616967,15.747175234282857
iTransformer__ETTm1__h192__s2021,iTransformer,ETTm1,192,11329,384,10945,1000,0.125,24,False,False,2.277916835213148,1.0315184197553953,-0.4122417201749734,15.747175234282857
iTransformer__ETTm1__h192__s2021,iTransformer,ETTm1,192,11329,384,10945,1000,0.25,48,False,False,2.4347515311059382,1.1903534671564515,-0.25108957437450746,15.747175234282857
iTransformer__ETTm1__h192__s2021,iTransformer,ETTm1,192,11329,384,10945,1000,0.5,96,False,False,2.2173215127826915,0.9701502329792808,-0.4745051509773925,15.747175234282857
iTransformer__ETTm1__h192__s2021,iTransformer,ETTm1,192,11329,384,10945,1000,1.0,192,True,False,2.063073179800699,0.8139345363104996,-0.6329997347472047,15.747175234282857
iTransformer__ETTm1__h192__s2021,iTransformer,ETTm1,192,11329,384,10945,1000,2.0,384,True,False,2.1513128124204193,0.9032996232258713,-0.5423309827828223,15.747175234282857
iTransformer__ETTm1__h192__s2021,iTransformer,ETTm1,192,11329,384,10945,3000,0.0,0,False,False,2.6285146250806766,1.3865879166885318,-0.05199244096780523,15.747175234282857
iTransformer__ETTm1__h192__s2021,iTransformer,ETTm1,192,11329,384,10945,3000,0.125,24,False,False,2.1725258466544908,0.9247832195621835,-0.5205339820216117,15.747175234282857
iTransformer__ETTm1__h192__s2021,iTransformer,ETTm1,192,11329,384,10945,3000,0.25,48,False,False,2.2732506875532987,1.0267927576146714,-0.41703632065368756,15.747175234282857
iTransformer__ETTm1__h192__s2021,iTransformer,ETTm1,192,11329,384,10945,3000,0.5,96,False,False,2.1893085571587894,0.9417799855092459,-0.5032892658909123,15.747175234282857
iTransformer__ETTm1__h192__s2021,iTransformer,ETTm1,192,11329,384,10945,3000,1.0,192,True,False,2.2781847258399273,1.0317897271989465,-0.41196645487669503,15.747175234282857
iTransformer__ETTm1__h192__s2021,iTransformer,ETTm1,192,11329,384,10945,3000,2.0,384,True,False,2.3311394250467923,1.0854198382579223,-0.35755398346005113,15.747175234282857
iTransformer__ETTm1__h192__s2021,iTransformer,ETTm1,192,11329,384,10945,1000000000,0.0,0,False,False,2.616244283229972,1.3741610724982884,-0.06460056895689555,15.747175234282857
iTransformer__ETTm1__h192__s2021,iTransformer,ETTm1,192,11329,384,10945,1000000000,0.125,24,False,False,2.471139392735539,1.2272054385512992,-0.21370000346789408,15.747175234282857
iTransformer__ETTm1__h192__s2021,iTransformer,ETTm1,192,11329,384,10945,1000000000,0.25,48,False,False,2.538453296451019,1.29537789890221,-0.1445330378025229,15.747175234282857
iTransformer__ETTm1__h192__s2021,iTransformer,ETTm1,192,11329,384,10945,1000000000,0.5,96,False,False,2.4036048654228983,1.1588095406548036,-0.28309366620366977,15.747175234282857
iTransformer__ETTm1__h192__s2021,iTransformer,ETTm1,192,11329,384,10945,1000000000,1.0,192,True,False,2.3994027547446644,1.1545538340653763,-0.2874114553818459,15.747175234282857
iTransformer__ETTm1__h192__s2021,iTransformer,ETTm1,192,11329,384,10945,1000000000,2.0,384,True,False,2.471905731066853,1.227981551161373,-0.21291256886487236,15.747175234282857
iTransformer__ETTm1__h336__s2021,iTransformer,ETTm1,336,11185,672,10513,50,0.0,0,False,False,6.79933408010657,5.779435227413986,4.8764067637770125,14.962693427637578
iTransformer__ETTm1__h336__s2021,iTransformer,ETTm1,336,11185,672,10513,50,0.125,42,False,False,0.9001036907852471,-0.18435069105998772,-1.144537254400756,14.962693427637578
iTransformer__ETTm1__h336__s2021,iTransformer,ETTm1,336,11185,672,10513,50,0.25,84,False,False,0.5610637541090902,-0.5271007561887695,-1.4905723037097085,14.962693427637578
iTransformer__ETTm1__h336__s2021,iTransformer,ETTm1,336,11185,672,10513,50,0.5,168,False,False,0.04371626402925132,-1.0501096018648155,-2.018593769247664,14.962693427637578
iTransformer__ETTm1__h336__s2021,iTransformer,ETTm1,336,11185,672,10513,50,1.0,336,True,False,0.0062728000856714485,-1.0879628112274862,-2.056809771229727,14.962693427637578
iTransformer__ETTm1__h336__s2021,iTransformer,ETTm1,336,11185,672,10513,50,2.0,672,True,False,-0.15761892572823696,-1.2536480111702928,-2.224082930785309,14.962693427637578
iTransformer__ETTm1__h336__s2021,iTransformer,ETTm1,336,11185,672,10513,200,0.0,0,False,False,4.050578807038076,3.0006002084374,2.070938842270669,14.962693427637578
iTransformer__ETTm1__h336__s2021,iTransformer,ETTm1,336,11185,672,10513,200,0.125,42,False,False,0.8859233201809928,-0.19868623806311517,-1.159010196111895,14.962693427637578
iTransformer__ETTm1__h336__s2021,iTransformer,ETTm1,336,11185,672,10513,200,0.25,84,False,False,0.3109355525190679,-0.7799661213313246,-1.7458611803515083,14.962693427637578
iTransformer__ETTm1__h336__s2021,iTransformer,ETTm1,336,11185,672,10513,200,0.5,168,False,False,0.9119379040713063,-0.1723869754744134,-1.1324588762069632,14.962693427637578
iTransformer__ETTm1__h336__s2021,iTransformer,ETTm1,336,11185,672,10513,200,1.0,336,True,False,-0.12864228368322003,-1.2243542764984698,-2.1945084391866017,14.962693427637578
iTransformer__ETTm1__h336__s2021,iTransformer,ETTm1,336,11185,672,10513,200,2.0,672,True,False,-0.31939135158984167,-1.417190719571245,-2.389193064737815,14.962693427637578
iTransformer__ETTm1__h336__s2021,iTransformer,ETTm1,336,11185,672,10513,1000,0.0,0,False,False,2.154330020557875,1.0836006908045577,0.1355664234205705,14.962693427637578
iTransformer__ETTm1__h336__s2021,iTransformer,ETTm1,336,11185,672,10513,1000,0.125,42,False,False,1.0970522122603896,0.014753046465484929,-0.9435252674115279,14.962693427637578
iTransformer__ETTm1__h336__s2021,iTransformer,ETTm1,336,11185,672,10513,1000,0.25,84,False,False,0.7792999708231596,-0.30647637126961497,-1.267833411200462,14.962693427637578
iTransformer__ETTm1__h336__s2021,iTransformer,ETTm1,336,11185,672,10513,1000,0.5,168,False,False,0.665868962892366,-0.4211486595464933,-1.3836047412900734,14.962693427637578
iTransformer__ETTm1__h336__s2021,iTransformer,ETTm1,336,11185,672,10513,1000,1.0,336,True,False,0.10404764422824095,-0.9891180128053098,-1.9570176247771807,14.962693427637578
iTransformer__ETTm1__h336__s2021,iTransformer,ETTm1,336,11185,672,10513,1000,2.0,672,True,False,0.9830147876564834,-0.100532294527962,-1.0599155258357762,14.962693427637578
iTransformer__ETTm1__h336__s2021,iTransformer,ETTm1,336,11185,672,10513,3000,0.0,0,False,False,1.864471673485772,0.7905704115074609,-0.16027231582952545,14.962693427637578
iTransformer__ETTm1__h336__s2021,iTransformer,ETTm1,336,11185,672,10513,3000,0.125,42,False,False,1.2622110455273123,0.1817192198720773,-0.7749588572900038,14.962693427637578
iTransformer__ETTm1__h336__s2021,iTransformer,ETTm1,336,11185,672,10513,3000,0.25,84,False,False,1.5819571321367134,0.504964301511902,-0.4486157310761951,14.962693427637578
iTransformer__ETTm1__h336__s2021,iTransformer,ETTm1,336,11185,672,10513,3000,0.5,168,False,False,1.245160198508516,0.16448178470886946,-0.7923614994293112,14.962693427637578
iTransformer__ETTm1__h336__s2021,iTransformer,ETTm1,336,11185,672,10513,3000,1.0,336,True,False,1.702496435089841,0.6268226711859899,-0.3255894467688878,14.962693427637578
iTransformer__ETTm1__h336__s2021,iTransformer,ETTm1,336,11185,672,10513,3000,2.0,672,True,False,1.8423247246250083,0.7681811076429984,-0.18287620319515266,14.962693427637578
iTransformer__ETTm1__h336__s2021,iTransformer,ETTm1,336,11185,672,10513,1000000000,0.0,0,False,False,2.058204712337017,0.986423479245869,0.03745784631269234,14.962693427637578
iTransformer__ETTm1__h336__s2021,iTransformer,ETTm1,336,11185,672,10513,1000000000,0.125,42,False,False,1.662183945376835,0.5860690401828258,-0.3667336686041196,14.962693427637578
iTransformer__ETTm1__h336__s2021,iTransformer,ETTm1,336,11185,672,10513,1000000000,0.25,84,False,False,1.8797362136330482,0.8060019921670489,-0.14469283585933404,14.962693427637578
iTransformer__ETTm1__h336__s2021,iTransformer,ETTm1,336,11185,672,10513,1000000000,0.5,168,False,False,1.805559413085026,0.7310134717345321,-0.22040006105190008,14.962693427637578
iTransformer__ETTm1__h336__s2021,iTransformer,ETTm1,336,11185,672,10513,1000000000,1.0,336,True,False,1.8594629297962095,0.7855068569225899,-0.16538440051956352,14.962693427637578
iTransformer__ETTm1__h336__s2021,iTransformer,ETTm1,336,11185,672,10513,1000000000,2.0,672,True,False,1.8769624809727743,0.8031979064322561,-0.147523796504494,14.962693427637578
iTransformer__ETTm1__h720__s2021,iTransformer,ETTm1,720,10801,1440,9361,50,0.0,0,False,False,13.026986173414581,7.71089588777631,5.443755071564995,19.684740745049584
iTransformer__ETTm1__h720__s2021,iTransformer,ETTm1,720,10801,1440,9361,50,0.125,90,False,False,8.7202911716565,3.1409608480484894,0.761556657350381,19.684740745049584
iTransformer__ETTm1__h720__s2021,iTransformer,ETTm1,720,10801,1440,9361,50,0.25,180,False,False,7.474160243201064,1.8186621034862787,-0.5932252008346103,19.684740745049584
iTransformer__ETTm1__h720__s2021,iTransformer,ETTm1,720,10801,1440,9361,50,0.5,360,False,False,6.026533019839138,0.2825509161825678,-2.1670719410454145,19.684740745049584
iTransformer__ETTm1__h720__s2021,iTransformer,ETTm1,720,10801,1440,9361,50,1.0,720,True,False,4.931471224455021,-0.8794448293601862,-3.3576128546047572,19.684740745049584
iTransformer__ETTm1__h720__s2021,iTransformer,ETTm1,720,10801,1440,9361,50,2.0,1440,True,False,5.457607610659454,-0.32114917433704687,-2.7856023100592613,19.684740745049584
iTransformer__ETTm1__h720__s2021,iTransformer,ETTm1,720,10801,1440,9361,200,0.0,0,False,False,11.720405831435526,6.32445285324701,4.023253177941006,19.684740745049584
iTransformer__ETTm1__h720__s2021,iTransformer,ETTm1,720,10801,1440,9361,200,0.125,90,False,False,9.386289445960438,3.8476672316900915,1.4856237348988466,19.684740745049584
iTransformer__ETTm1__h720__s2021,iTransformer,ETTm1,720,10801,1440,9361,200,0.25,180,False,False,8.971398690555644,3.4074169237371232,1.0345583968065015,19.684740745049584
iTransformer__ETTm1__h720__s2021,iTransformer,ETTm1,720,10801,1440,9361,200,0.5,360,False,False,6.694183462122786,0.991010454003633,-1.4412086419647836,19.684740745049584
iTransformer__ETTm1__h720__s2021,iTransformer,ETTm1,720,10801,1440,9361,200,1.0,720,True,False,4.984190963972858,-0.8235026777080405,-3.3002964482496613,19.684740745049584
iTransformer__ETTm1__h720__s2021,iTransformer,ETTm1,720,10801,1440,9361,200,2.0,1440,True,False,6.305100716833979,0.5781456306709005,-1.864215753507588,19.684740745049584
iTransformer__ETTm1__h720__s2021,iTransformer,ETTm1,720,10801,1440,9361,1000,0.0,0,False,False,8.893521750433322,3.3247798766960632,0.9498913178989478,19.684740745049584
iTransformer__ETTm1__h720__s2021,iTransformer,ETTm1,720,10801,1440,9361,1000,0.125,90,False,False,7.590337782988632,1.9419408148154633,-0.46691806918524914,19.684740745049584
iTransformer__ETTm1__h720__s2021,iTransformer,ETTm1,720,10801,1440,9361,1000,0.25,180,False,False,6.386810725218535,0.6648500363138821,-1.7753813987349722,19.684740745049584
iTransformer__ETTm1__h720__s2021,iTransformer,ETTm1,720,10801,1440,9361,1000,0.5,360,False,False,5.6523619630028845,-0.11449076491859043,-2.573867204756574,19.684740745049584
iTransformer__ETTm1__h720__s2021,iTransformer,ETTm1,720,10801,1440,9361,1000,1.0,720,True,False,6.4005699318435,0.6794502530574907,-1.760422518337367,19.684740745049584
iTransformer__ETTm1__h720__s2021,iTransformer,ETTm1,720,10801,1440,9361,1000,2.0,1440,True,False,6.460409983551875,0.742947934915526,-1.6953649753488118,19.684740745049584
iTransformer__ETTm1__h720__s2021,iTransformer,ETTm1,720,10801,1440,9361,3000,0.0,0,False,False,6.715223145955749,1.013336155808335,-1.418334495028894,19.684740745049584
iTransformer__ETTm1__h720__s2021,iTransformer,ETTm1,720,10801,1440,9361,3000,0.125,90,False,False,5.8830257475873395,0.13027198497162,-2.3230917015093753,19.684740745049584
iTransformer__ETTm1__h720__s2021,iTransformer,ETTm1,720,10801,1440,9361,3000,0.25,180,False,False,5.6270775916015445,-0.1413206042216532,-2.601356136206662,19.684740745049584
iTransformer__ETTm1__h720__s2021,iTransformer,ETTm1,720,10801,1440,9361,3000,0.5,360,False,False,5.462450383052052,-0.3160103950092033,-2.780337293333496,19.684740745049584
iTransformer__ETTm1__h720__s2021,iTransformer,ETTm1,720,10801,1440,9361,3000,1.0,720,True,False,6.401775725642351,0.6807297491280991,-1.7591115906281727,19.684740745049584
iTransformer__ETTm1__h720__s2021,iTransformer,ETTm1,720,10801,1440,9361,3000,2.0,1440,True,False,7.6318075588372265,1.985945366255207,-0.42183251782002346,19.684740745049584
iTransformer__ETTm1__h720__s2021,iTransformer,ETTm1,720,10801,1440,9361,1000000000,0.0,0,False,False,7.964962969089597,2.3394643831267743,-0.05962908039668848,19.684740745049584
iTransformer__ETTm1__h720__s2021,iTransformer,ETTm1,720,10801,1440,9361,1000000000,0.125,90,False,False,7.664275289958043,2.020397636975309,-0.38653390505432383,19.684740745049584
iTransformer__ETTm1__h720__s2021,iTransformer,ETTm1,720,10801,1440,9361,1000000000,0.25,180,False,False,7.4293719227737105,1.7711361665885026,-0.6419186427418466,19.684740745049584
iTransformer__ETTm1__h720__s2021,iTransformer,ETTm1,720,10801,1440,9361,1000000000,0.5,360,False,False,7.016196971060022,1.3327065381603367,-1.0911185751534294,19.684740745049584
iTransformer__ETTm1__h720__s2021,iTransformer,ETTm1,720,10801,1440,9361,1000000000,1.0,720,True,False,7.602236772455159,1.95456711151821,-0.4539815994356649,19.684740745049584
iTransformer__ETTm1__h720__s2021,iTransformer,ETTm1,720,10801,1440,9361,1000000000,2.0,1440,True,False,7.852852847842576,2.2205017049743256,-0.18151415275633678,19.684740745049584
iTransformer__ETTm2__h96__s2021,iTransformer,ETTm2,96,11425,192,11233,50,0.0,0,False,False,7.519764987745188,5.958707634705753,5.958707634705753,17.730392152550554
iTransformer__ETTm2__h96__s2021,iTransformer,ETTm2,96,11425,192,11233,50,0.125,12,False,False,2.5329248205438644,0.8876900915450106,0.8876900915450106,17.730392152550554
iTransformer__ETTm2__h96__s2021,iTransformer,ETTm2,96,11425,192,11233,50,0.25,24,False,False,0.3965664864836365,-1.28472976296518,-1.28472976296518,17.730392152550554
iTransformer__ETTm2__h96__s2021,iTransformer,ETTm2,96,11425,192,11233,50,0.5,48,False,False,-0.7590004406872571,-2.459802547234623,-2.459802547234623,17.730392152550554
iTransformer__ETTm2__h96__s2021,iTransformer,ETTm2,96,11425,192,11233,50,1.0,96,True,False,0.14974447497001442,-1.5357181059756269,-1.5357181059756269,17.730392152550554
iTransformer__ETTm2__h96__s2021,iTransformer,ETTm2,96,11425,192,11233,50,2.0,192,True,False,0.14594430629579117,-1.539582421126672,-1.539582421126672,17.730392152550554
iTransformer__ETTm2__h96__s2021,iTransformer,ETTm2,96,11425,192,11233,200,0.0,0,False,False,3.98827993968477,2.3676114632448275,2.3676114632448275,17.730392152550554
iTransformer__ETTm2__h96__s2021,iTransformer,ETTm2,96,11425,192,11233,200,0.125,12,False,False,1.596045761040457,-0.06500339516603372,-0.06500339516603372,17.730392152550554
iTransformer__ETTm2__h96__s2021,iTransformer,ETTm2,96,11425,192,11233,200,0.25,24,False,False,0.47923958217536394,-1.2006611534762504,-1.2006611534762504,17.730392152550554
iTransformer__ETTm2__h96__s2021,iTransformer,ETTm2,96,11425,192,11233,200,0.5,48,False,False,0.21306094179226695,-1.4713328633648153,-1.4713328633648153,17.730392152550554
iTransformer__ETTm2__h96__s2021,iTransformer,ETTm2,96,11425,192,11233,200,1.0,96,True,False,-0.15283083893645646,-1.8434008616890885,-1.8434008616890885,17.730392152550554
iTransformer__ETTm2__h96__s2021,iTransformer,ETTm2,96,11425,192,11233,200,2.0,192,True,False,1.134945328297584,-0.5338871582705513,-0.5338871582705513,17.730392152550554
iTransformer__ETTm2__h96__s2021,iTransformer,ETTm2,96,11425,192,11233,1000,0.0,0,False,False,3.4171899138480226,1.7868814934355999,1.7868814934355999,17.730392152550554
iTransformer__ETTm2__h96__s2021,iTransformer,ETTm2,96,11425,192,11233,1000,0.125,12,False,False,2.187005411921952,0.5359315970220223,0.5359315970220223,17.730392152550554
iTransformer__ETTm2__h96__s2021,iTransformer,ETTm2,96,11425,192,11233,1000,0.25,24,False,False,1.9424233755604776,0.2872210397259626,0.2872210397259626,17.730392152550554
iTransformer__ETTm2__h96__s2021,iTransformer,ETTm2,96,11425,192,11233,1000,0.5,48,False,False,1.7300362989472453,0.07124888996068092,0.07124888996068092,17.730392152550554
iTransformer__ETTm2__h96__s2021,iTransformer,ETTm2,96,11425,192,11233,1000,1.0,96,True,False,1.16377809843866,-0.5045676937797988,-0.5045676937797988,17.730392152550554
iTransformer__ETTm2__h96__s2021,iTransformer,ETTm2,96,11425,192,11233,1000,2.0,192,True,False,1.394683993318829,-0.2697641299002478,-0.2697641299002478,17.730392152550554
iTransformer__ETTm2__h96__s2021,iTransformer,ETTm2,96,11425,192,11233,3000,0.0,0,False,False,2.826366408931609,1.1860849453432463,1.1860849453432463,17.730392152550554
iTransformer__ETTm2__h96__s2021,iTransformer,ETTm2,96,11425,192,11233,3000,0.125,12,False,False,2.0555596335260975,0.4022670266987501,0.4022670266987501,17.730392152550554
iTransformer__ETTm2__h96__s2021,iTransformer,ETTm2,96,11425,192,11233,3000,0.25,24,False,False,1.8499027684075717,0.19313869374221798,0.19313869374221798,17.730392152550554
iTransformer__ETTm2__h96__s2021,iTransformer,ETTm2,96,11425,192,11233,3000,0.5,48,False,False,2.100939493600995,0.4484128943885766,0.4484128943885766,17.730392152550554
iTransformer__ETTm2__h96__s2021,iTransformer,ETTm2,96,11425,192,11233,3000,1.0,96,True,False,1.7552059779954523,0.09684343073795505,0.09684343073795505,17.730392152550554
iTransformer__ETTm2__h96__s2021,iTransformer,ETTm2,96,11425,192,11233,3000,2.0,192,True,False,2.3991301398573253,0.7516369696893331,0.7516369696893331,17.730392152550554
iTransformer__ETTm2__h96__s2021,iTransformer,ETTm2,96,11425,192,11233,1000000000,0.0,0,False,False,1.6720628434124825,0.01229684814711332,0.01229684814711332,17.730392152550554
iTransformer__ETTm2__h96__s2021,iTransformer,ETTm2,96,11425,192,11233,1000000000,0.125,12,False,False,1.482734870071606,-0.18022696293012566,-0.18022696293012566,17.730392152550554
iTransformer__ETTm2__h96__s2021,iTransformer,ETTm2,96,11425,192,11233,1000000000,0.25,24,False,False,1.4692779502763638,-0.1939110342198775,-0.1939110342198775,17.730392152550554
iTransformer__ETTm2__h96__s2021,iTransformer,ETTm2,96,11425,192,11233,1000000000,0.5,48,False,False,1.388241045293095,-0.27631583426066764,-0.27631583426066764,17.730392152550554
iTransformer__ETTm2__h96__s2021,iTransformer,ETTm2,96,11425,192,11233,1000000000,1.0,96,True,False,1.4637013383291337,-0.1995817788332292,-0.1995817788332292,17.730392152550554
iTransformer__ETTm2__h96__s2021,iTransformer,ETTm2,96,11425,192,11233,1000000000,2.0,192,True,False,1.686186441359476,0.026658851050837425,0.026658851050837425,17.730392152550554
iTransformer__ETTm2__h192__s2021,iTransformer,ETTm2,192,11329,384,10945,50,0.0,0,False,False,9.714012371401802,5.2717316575771,5.2717316575771,18.68958576968843
iTransformer__ETTm2__h192__s2021,iTransformer,ETTm2,192,11329,384,10945,50,0.125,24,False,False,2.961767245646485,-1.8127396428593767,-1.8127396428593767,18.68958576968843
iTransformer__ETTm2__h192__s2021,iTransformer,ETTm2,192,11329,384,10945,50,0.25,48,False,False,3.025723107418581,-1.7456370038436742,-1.7456370038436742,18.68958576968843
iTransformer__ETTm2__h192__s2021,iTransformer,ETTm2,192,11329,384,10945,50,0.5,96,False,False,4.33632570622252,-0.3705497070143334,-0.3705497070143334,18.68958576968843
iTransformer__ETTm2__h192__s2021,iTransformer,ETTm2,192,11329,384,10945,50,1.0,192,True,False,3.302132004049237,-1.4556281462126137,-1.4556281462126137,18.68958576968843
iTransformer__ETTm2__h192__s2021,iTransformer,ETTm2,192,11329,384,10945,50,2.0,384,True,False,1.2913563994140562,-3.5653385902720984,-3.5653385902720984,18.68958576968843
iTransformer__ETTm2__h192__s2021,iTransformer,ETTm2,192,11329,384,10945,200,0.0,0,False,False,6.937403374738872,2.358507036278737,2.358507036278737,18.68958576968843
iTransformer__ETTm2__h192__s2021,iTransformer,ETTm2,192,11329,384,10945,200,0.125,24,False,False,4.400683556633373,-0.3030253005832993,-0.3030253005832993,18.68958576968843
iTransformer__ETTm2__h192__s2021,iTransformer,ETTm2,192,11329,384,10945,200,0.25,48,False,False,4.665144863474199,-0.025551881965343862,-0.025551881965343862,18.68958576968843
iTransformer__ETTm2__h192__s2021,iTransformer,ETTm2,192,11329,384,10945,200,0.5,96,False,False,4.335065186190278,-0.3718722475657695,-0.3718722475657695,18.68958576968843
iTransformer__ETTm2__h192__s2021,iTransformer,ETTm2,192,11329,384,10945,200,1.0,192,True,False,4.078834126510804,-0.640710471707788,-0.640710471707788,18.68958576968843
iTransformer__ETTm2__h192__s2021,iTransformer,ETTm2,192,11329,384,10945,200,2.0,384,True,False,2.643993115702934,-2.1461489995515963,-2.1461489995515963,18.68958576968843
iTransformer__ETTm2__h192__s2021,iTransformer,ETTm2,192,11329,384,10945,1000,0.0,0,False,False,5.2550691551147635,0.593398057754209,0.593398057754209,18.68958576968843
iTransformer__ETTm2__h192__s2021,iTransformer,ETTm2,192,11329,384,10945,1000,0.125,24,False,False,3.583030480935663,-1.1609088105286034,-1.1609088105286034,18.68958576968843
iTransformer__ETTm2__h192__s2021,iTransformer,ETTm2,192,11329,384,10945,1000,0.25,48,False,False,3.3884738563247025,-1.3650380738618801,-1.3650380738618801,18.68958576968843
iTransformer__ETTm2__h192__s2021,iTransformer,ETTm2,192,11329,384,10945,1000,0.5,96,False,False,3.4272025102255217,-1.3244038800559796,-1.3244038800559796,18.68958576968843
iTransformer__ETTm2__h192__s2021,iTransformer,ETTm2,192,11329,384,10945,1000,1.0,192,True,False,3.479252422101538,-1.26979299137995,-1.26979299137995,18.68958576968843
iTransformer__ETTm2__h192__s2021,iTransformer,ETTm2,192,11329,384,10945,1000,2.0,384,True,False,2.754776422650793,-2.0299148960760123,-2.0299148960760123,18.68958576968843
iTransformer__ETTm2__h192__s2021,iTransformer,ETTm2,192,11329,384,10945,3000,0.0,0,False,False,4.698372092581108,0.009310204143324695,0.009310204143324695,18.68958576968843
iTransformer__ETTm2__h192__s2021,iTransformer,ETTm2,192,11329,384,10945,3000,0.125,24,False,False,4.100836406920782,-0.6176256278957516,-0.6176256278957516,18.68958576968843
iTransformer__ETTm2__h192__s2021,iTransformer,ETTm2,192,11329,384,10945,3000,0.25,48,False,False,4.201788733361504,-0.511706212047888,-0.511706212047888,18.68958576968843
iTransformer__ETTm2__h192__s2021,iTransformer,ETTm2,192,11329,384,10945,3000,0.5,96,False,False,3.7364428194623067,-0.9999482279100513,-0.9999482279100513,18.68958576968843
iTransformer__ETTm2__h192__s2021,iTransformer,ETTm2,192,11329,384,10945,3000,1.0,192,True,False,3.769231896941834,-0.9655458515085408,-0.9655458515085408,18.68958576968843
iTransformer__ETTm2__h192__s2021,iTransformer,ETTm2,192,11329,384,10945,3000,2.0,384,True,False,3.939477247814902,-0.7869240331606662,-0.7869240331606662,18.68958576968843
iTransformer__ETTm2__h192__s2021,iTransformer,ETTm2,192,11329,384,10945,1000000000,0.0,0,False,False,4.6957049814296905,0.0065118649160930695,0.0065118649160930695,18.68958576968843
iTransformer__ETTm2__h192__s2021,iTransformer,ETTm2,192,11329,384,10945,1000000000,0.125,24,False,False,4.6172634940279975,-0.07578912622256735,-0.07578912622256735,18.68958576968843
iTransformer__ETTm2__h192__s2021,iTransformer,ETTm2,192,11329,384,10945,1000000000,0.25,48,False,False,4.599130795106249,-0.09481399613147894,-0.09481399613147894,18.68958576968843
iTransformer__ETTm2__h192__s2021,iTransformer,ETTm2,192,11329,384,10945,1000000000,0.5,96,False,False,4.499223960753725,-0.19963647924723263,-0.19963647924723263,18.68958576968843
iTransformer__ETTm2__h192__s2021,iTransformer,ETTm2,192,11329,384,10945,1000000000,1.0,192,True,False,4.423911147711106,-0.2786548579669903,-0.2786548579669903,18.68958576968843
iTransformer__ETTm2__h192__s2021,iTransformer,ETTm2,192,11329,384,10945,1000000000,2.0,384,True,False,4.330187139578006,-0.37699030542403955,-0.37699030542403955,18.68958576968843
iTransformer__ETTm2__h336__s2021,iTransformer,ETTm2,336,11185,672,10513,50,0.0,0,False,False,12.963567346116879,5.917863258170635,4.894928374174831,20.978248067417965
iTransformer__ETTm2__h336__s2021,iTransformer,ETTm2,336,11185,672,10513,50,0.125,42,False,False,7.529635299634293,0.044047865529143096,-1.0427517527867636,20.978248067417965
iTransformer__ETTm2__h336__s2021,iTransformer,ETTm2,336,11185,672,10513,50,0.25,84,False,False,8.205883799751879,0.7750394964996841,-0.3038122066739393,20.978248067417965
iTransformer__ETTm2__h336__s2021,iTransformer,ETTm2,336,11185,672,10513,50,0.5,168,False,False,6.382149625076307,-1.1963281569161914,-2.2966141175556474,20.978248067417965
iTransformer__ETTm2__h336__s2021,iTransformer,ETTm2,336,11185,672,10513,50,1.0,336,True,False,6.190589611944567,-1.4033951839093166,-2.505932539899389,20.978248067417965
iTransformer__ETTm2__h336__s2021,iTransformer,ETTm2,336,11185,672,10513,50,2.0,672,True,False,5.264523601988774,-2.404427353128561,-3.517848717086121,20.978248067417965
iTransformer__ETTm2__h336__s2021,iTransformer,ETTm2,336,11185,672,10513,200,0.0,0,False,False,10.760398120736884,3.5363448295388604,2.487516206711302,20.978248067417965
iTransformer__ETTm2__h336__s2021,iTransformer,ETTm2,336,11185,672,10513,200,0.125,42,False,False,8.810694418291492,1.4288102633075945,0.3570668693908034,20.978248067417965
iTransformer__ETTm2__h336__s2021,iTransformer,ETTm2,336,11185,672,10513,200,0.25,84,False,False,8.420685502775358,1.0072296561837075,-0.06909749320864797,20.978248067417965
iTransformer__ETTm2__h336__s2021,iTransformer,ETTm2,336,11185,672,10513,200,0.5,168,False,False,8.077513676288262,0.6362776568767615,-0.444082774002603,20.978248067417965
iTransformer__ETTm2__h336__s2021,iTransformer,ETTm2,336,11185,672,10513,200,1.0,336,True,False,6.0790419491060925,-1.5239727644511905,-2.62782113460012,20.978248067417965
iTransformer__ETTm2__h336__s2021,iTransformer,ETTm2,336,11185,672,10513,200,2.0,672,True,False,5.498506556725013,-2.151503196295371,-3.262174570169905,20.978248067417965
iTransformer__ETTm2__h336__s2021,iTransformer,ETTm2,336,11185,672,10513,1000,0.0,0,False,False,8.198461610065271,0.7670164716154257,-0.3119224641861279,20.978248067417965
iTransformer__ETTm2__h336__s2021,iTransformer,ETTm2,336,11185,672,10513,1000,0.125,42,False,False,5.962787278944936,-1.6496383902296863,-2.754853095761503,20.978248067417965
iTransformer__ETTm2__h336__s2021,iTransformer,ETTm2,336,11185,672,10513,1000,0.25,84,False,False,5.753077974278957,-1.876323915773664,-2.9840033243809665,20.978248067417965
iTransformer__ETTm2__h336__s2021,iTransformer,ETTm2,336,11185,672,10513,1000,0.5,168,False,False,6.131701704171215,-1.467050138767185,-2.5702796014219045,20.978248067417965
iTransformer__ETTm2__h336__s2021,iTransformer,ETTm2,336,11185,672,10513,1000,1.0,336,True,False,6.731367117926496,-0.8188410872700258,-1.9150227120050154,20.978248067417965
iTransformer__ETTm2__h336__s2021,iTransformer,ETTm2,336,11185,672,10513,1000,2.0,672,True,False,7.226206716577009,-0.283943626908264,-1.374309426338751,20.978248067417965
iTransformer__ETTm2__h336__s2021,iTransformer,ETTm2,336,11185,672,10513,3000,0.0,0,False,False,8.260055217377413,0.8335961556496722,-0.24461887353450787,20.978248067417965
iTransformer__ETTm2__h336__s2021,iTransformer,ETTm2,336,11185,672,10513,3000,0.125,42,False,False,6.77396530818896,-0.7727945221819869,-1.8684754924957658,20.978248067417965
iTransformer__ETTm2__h336__s2021,iTransformer,ETTm2,336,11185,672,10513,3000,0.25,84,False,False,6.670185340929292,-0.8849756028291501,-1.9818762939602106,20.978248067417965
iTransformer__ETTm2__h336__s2021,iTransformer,ETTm2,336,11185,672,10513,3000,0.5,168,False,False,6.676744100154437,-0.8778859041425017,-1.974709510501099,20.978248067417965
iTransformer__ETTm2__h336__s2021,iTransformer,ETTm2,336,11185,672,10513,3000,1.0,336,True,False,7.17533186789207,-0.3389368558900903,-1.4299005848984678,20.978248067417965
iTransformer__ETTm2__h336__s2021,iTransformer,ETTm2,336,11185,672,10513,3000,2.0,672,True,False,8.039035983768654,0.5946851487883867,-0.4861275085062135,20.978248067417965
iTransformer__ETTm2__h336__s2021,iTransformer,ETTm2,336,11185,672,10513,1000000000,0.0,0,False,False,8.49137297806438,1.0836393677641798,0.00814300476931229,20.978248067417965
iTransformer__ETTm2__h336__s2021,iTransformer,ETTm2,336,11185,672,10513,1000000000,0.125,42,False,False,8.343828408491255,0.924150887517123,-0.15307955949932534,20.978248067417965
iTransformer__ETTm2__h336__s2021,iTransformer,ETTm2,336,11185,672,10513,1000000000,0.25,84,False,False,8.403776589962725,0.9889519465064264,-0.08757393250109247,20.978248067417965
iTransformer__ETTm2__h336__s2021,iTransformer,ETTm2,336,11185,672,10513,1000000000,0.5,168,False,False,8.403914876260323,0.9891014272464286,-0.08742282648908084,20.978248067417965
iTransformer__ETTm2__h336__s2021,iTransformer,ETTm2,336,11185,672,10513,1000000000,1.0,336,True,False,8.178873011969875,0.7458421529031618,-0.33332700672201787,20.978248067417965
iTransformer__ETTm2__h336__s2021,iTransformer,ETTm2,336,11185,672,10513,1000000000,2.0,672,True,False,8.437795889581594,1.0257251494171142,-0.050400902446205945,20.978248067417965
iTransformer__ETTm2__h720__s2021,iTransformer,ETTm2,720,10801,1440,9361,50,0.0,0,False,False,5.715685105254999,3.817146654775193,3.817146654775193,13.788673191984245
iTransformer__ETTm2__h720__s2021,iTransformer,ETTm2,720,10801,1440,9361,50,0.125,90,False,False,1.982552120660656,0.008842136931453916,0.008842136931453916,13.788673191984245
iTransformer__ETTm2__h720__s2021,iTransformer,ETTm2,720,10801,1440,9361,50,0.25,180,False,False,0.8578259671389751,-1.1385318541558387,-1.1385318541558387,13.788673191984245
iTransformer__ETTm2__h720__s2021,iTransformer,ETTm2,720,10801,1440,9361,50,0.5,360,False,False,0.8918263139956089,-1.10384686568189,-1.10384686568189,13.788673191984245
iTransformer__ETTm2__h720__s2021,iTransformer,ETTm2,720,10801,1440,9361,50,1.0,720,True,False,0.02137995276833621,-1.9918208070556067,-1.9918208070556067,13.788673191984245
iTransformer__ETTm2__h720__s2021,iTransformer,ETTm2,720,10801,1440,9361,50,2.0,1440,True,False,0.3607918859695301,-1.6455743690223683,-1.6455743690223683,13.788673191984245
iTransformer__ETTm2__h720__s2021,iTransformer,ETTm2,720,10801,1440,9361,200,0.0,0,False,False,4.462058010398791,2.5382761326871615,2.5382761326871615,13.788673191984245
iTransformer__ETTm2__h720__s2021,iTransformer,ETTm2,720,10801,1440,9361,200,0.125,90,False,False,1.977781385648775,0.0039753369074101265,0.0039753369074101265,13.788673191984245
iTransformer__ETTm2__h720__s2021,iTransformer,ETTm2,720,10801,1440,9361,200,0.25,180,False,False,1.7545193236902326,-0.22378239975200795,-0.22378239975200795,13.788673191984245
iTransformer__ETTm2__h720__s2021,iTransformer,ETTm2,720,10801,1440,9361,200,0.5,360,False,False,1.0087411432415236,-0.9845778028712254,-0.9845778028712254,13.788673191984245
iTransformer__ETTm2__h720__s2021,iTransformer,ETTm2,720,10801,1440,9361,200,1.0,720,True,False,-0.6144754067244129,-2.6404799489196686,-2.6404799489196686,13.788673191984245
iTransformer__ETTm2__h720__s2021,iTransformer,ETTm2,720,10801,1440,9361,200,2.0,1440,True,False,2.519650323019599,0.5567555166611016,0.5567555166611016,13.788673191984245
iTransformer__ETTm2__h720__s2021,iTransformer,ETTm2,720,10801,1440,9361,1000,0.0,0,False,False,1.8645991061621197,-0.11148601635475319,-0.11148601635475319,13.788673191984245
iTransformer__ETTm2__h720__s2021,iTransformer,ETTm2,720,10801,1440,9361,1000,0.125,90,False,False,0.783881035328028,-1.2139657642387065,-1.2139657642387065,13.788673191984245
iTransformer__ETTm2__h720__s2021,iTransformer,ETTm2,720,10801,1440,9361,1000,0.25,180,False,False,0.6483461940620969,-1.3522297774545033,-1.3522297774545033,13.788673191984245
iTransformer__ETTm2__h720__s2021,iTransformer,ETTm2,720,10801,1440,9361,1000,0.5,360,False,False,0.2782787206116828,-1.7297490452824007,-1.7297490452824007,13.788673191984245
iTransformer__ETTm2__h720__s2021,iTransformer,ETTm2,720,10801,1440,9361,1000,1.0,720,True,False,0.9953462092369201,-0.9982424614559755,-0.9982424614559755,13.788673191984245
iTransformer__ETTm2__h720__s2021,iTransformer,ETTm2,720,10801,1440,9361,1000,2.0,1440,True,False,2.272494645841667,0.30462303547392877,0.30462303547392877,13.788673191984245
iTransformer__ETTm2__h720__s2021,iTransformer,ETTm2,720,10801,1440,9361,3000,0.0,0,False,False,1.7261578256434034,-0.2527149937930671,-0.2527149937930671,13.788673191984245
iTransformer__ETTm2__h720__s2021,iTransformer,ETTm2,720,10801,1440,9361,3000,0.125,90,False,False,1.080403408609999,-0.9114725237161788,-0.9114725237161788,13.788673191984245
iTransformer__ETTm2__h720__s2021,iTransformer,ETTm2,720,10801,1440,9361,3000,0.25,180,False,False,1.0147681764874452,-0.9784294073990154,-0.9784294073990154,13.788673191984245
iTransformer__ETTm2__h720__s2021,iTransformer,ETTm2,720,10801,1440,9361,3000,0.5,360,False,False,0.4342995826490323,-1.5705864983742899,-1.5705864983742899,13.788673191984245
iTransformer__ETTm2__h720__s2021,iTransformer,ETTm2,720,10801,1440,9361,3000,1.0,720,True,False,1.142258654082949,-0.848371741676247,-0.848371741676247,13.788673191984245
iTransformer__ETTm2__h720__s2021,iTransformer,ETTm2,720,10801,1440,9361,3000,2.0,1440,True,False,1.6949273478688025,-0.2845743382349193,-0.2845743382349193,13.788673191984245
iTransformer__ETTm2__h720__s2021,iTransformer,ETTm2,720,10801,1440,9361,1000000000,0.0,0,False,False,1.9772572967299782,0.0034406947702450086,0.0034406947702450086,13.788673191984245
iTransformer__ETTm2__h720__s2021,iTransformer,ETTm2,720,10801,1440,9361,1000000000,0.125,90,False,False,1.3909799658685664,-0.5946420997733037,-0.5946420997733037,13.788673191984245
iTransformer__ETTm2__h720__s2021,iTransformer,ETTm2,720,10801,1440,9361,1000000000,0.25,180,False,False,1.3637457506403863,-0.6224247116763397,-0.6224247116763397,13.788673191984245
iTransformer__ETTm2__h720__s2021,iTransformer,ETTm2,720,10801,1440,9361,1000000000,0.5,360,False,False,1.5607303081283175,-0.42147361153537977,-0.42147361153537977,13.788673191984245
iTransformer__ETTm2__h720__s2021,iTransformer,ETTm2,720,10801,1440,9361,1000000000,1.0,720,True,False,1.9850707934132197,0.011411526466233637,0.011411526466233637,13.788673191984245
iTransformer__ETTm2__h720__s2021,iTransformer,ETTm2,720,10801,1440,9361,1000000000,2.0,1440,True,False,1.9103136464046553,-0.06485095383347655,-0.06485095383347655,13.788673191984245
iTransformer__Electricity__h96__s2021,iTransformer,Electricity,96,5165,192,4973,50,0.0,0,False,False,0.1956516896875267,0.1956516896875267,0.1956516896875267,1.8908331087568027
iTransformer__Electricity__h96__s2021,iTransformer,Electricity,96,5165,192,4973,50,0.125,12,False,False,-0.8479768172450035,-0.8479768172450035,-0.8479768172450035,1.8908331087568027
iTransformer__Electricity__h96__s2021,iTransformer,Electricity,96,5165,192,4973,50,0.25,24,False,False,-2.090621028254888,-2.090621028254888,-2.090621028254888,1.8908331087568027
iTransformer__Electricity__h96__s2021,iTransformer,Electricity,96,5165,192,4973,50,0.5,48,False,False,-2.9250721947281604,-2.9250721947281604,-2.9250721947281604,1.8908331087568027
iTransformer__Electricity__h96__s2021,iTransformer,Electricity,96,5165,192,4973,50,1.0,96,True,False,-1.5790285153385446,-1.5790285153385446,-1.5790285153385446,1.8908331087568027
iTransformer__Electricity__h96__s2021,iTransformer,Electricity,96,5165,192,4973,50,2.0,192,True,False,-2.261759519087109,-2.261759519087109,-2.261759519087109,1.8908331087568027
iTransformer__Electricity__h96__s2021,iTransformer,Electricity,96,5165,192,4973,200,0.0,0,False,False,0.05630221983584642,0.05630221983584642,0.05630221983584642,1.8908331087568027
iTransformer__Electricity__h96__s2021,iTransformer,Electricity,96,5165,192,4973,200,0.125,12,False,False,-0.037981504977766034,-0.037981504977766034,-0.037981504977766034,1.8908331087568027
iTransformer__Electricity__h96__s2021,iTransformer,Electricity,96,5165,192,4973,200,0.25,24,False,False,-0.06777810084386726,-0.06777810084386726,-0.06777810084386726,1.8908331087568027
iTransformer__Electricity__h96__s2021,iTransformer,Electricity,96,5165,192,4973,200,0.5,48,False,False,-0.09162393190395017,-0.09162393190395017,-0.09162393190395017,1.8908331087568027
iTransformer__Electricity__h96__s2021,iTransformer,Electricity,96,5165,192,4973,200,1.0,96,True,False,-0.05167486987899743,-0.05167486987899743,-0.05167486987899743,1.8908331087568027
iTransformer__Electricity__h96__s2021,iTransformer,Electricity,96,5165,192,4973,200,2.0,192,True,False,-0.19499213606803625,-0.19499213606803625,-0.19499213606803625,1.8908331087568027
iTransformer__Electricity__h96__s2021,iTransformer,Electricity,96,5165,192,4973,1000,0.0,0,False,False,-0.021875082042786858,-0.021875082042786858,-0.021875082042786858,1.8908331087568027
iTransformer__Electricity__h96__s2021,iTransformer,Electricity,96,5165,192,4973,1000,0.125,12,False,False,-0.05366928774441217,-0.05366928774441217,-0.05366928774441217,1.8908331087568027
iTransformer__Electricity__h96__s2021,iTransformer,Electricity,96,5165,192,4973,1000,0.25,24,False,False,-0.05923859756613986,-0.05923859756613986,-0.05923859756613986,1.8908331087568027
iTransformer__Electricity__h96__s2021,iTransformer,Electricity,96,5165,192,4973,1000,0.5,48,False,False,-0.050400590146119445,-0.050400590146119445,-0.050400590146119445,1.8908331087568027
iTransformer__Electricity__h96__s2021,iTransformer,Electricity,96,5165,192,4973,1000,1.0,96,True,False,-0.02419100802219954,-0.02419100802219954,-0.02419100802219954,1.8908331087568027
iTransformer__Electricity__h96__s2021,iTransformer,Electricity,96,5165,192,4973,1000,2.0,192,True,False,-0.14012229192516362,-0.14012229192516362,-0.14012229192516362,1.8908331087568027
iTransformer__Electricity__h96__s2021,iTransformer,Electricity,96,5165,192,4973,3000,0.0,0,False,False,-0.0005731337755690852,-0.0005731337755690852,-0.0005731337755690852,1.8908331087568027
iTransformer__Electricity__h96__s2021,iTransformer,Electricity,96,5165,192,4973,3000,0.125,12,False,False,-0.034241690809306,-0.034241690809306,-0.034241690809306,1.8908331087568027
iTransformer__Electricity__h96__s2021,iTransformer,Electricity,96,5165,192,4973,3000,0.25,24,False,False,-0.03653952426262484,-0.03653952426262484,-0.03653952426262484,1.8908331087568027
iTransformer__Electricity__h96__s2021,iTransformer,Electricity,96,5165,192,4973,3000,0.5,48,False,False,-0.03865178489400594,-0.03865178489400594,-0.03865178489400594,1.8908331087568027
iTransformer__Electricity__h96__s2021,iTransformer,Electricity,96,5165,192,4973,3000,1.0,96,True,False,-0.027951224880457787,-0.027951224880457787,-0.027951224880457787,1.8908331087568027
iTransformer__Electricity__h96__s2021,iTransformer,Electricity,96,5165,192,4973,3000,2.0,192,True,False,-0.13163974263488173,-0.13163974263488173,-0.13163974263488173,1.8908331087568027
iTransformer__Electricity__h96__s2021,iTransformer,Electricity,96,5165,192,4973,1000000000,0.0,0,False,False,-0.0005176644908876587,-0.0005176644908876587,-0.0005176644908876587,1.8908331087568027
iTransformer__Electricity__h96__s2021,iTransformer,Electricity,96,5165,192,4973,1000000000,0.125,12,False,False,-0.03221686142282872,-0.03221686142282872,-0.03221686142282872,1.8908331087568027
iTransformer__Electricity__h96__s2021,iTransformer,Electricity,96,5165,192,4973,1000000000,0.25,24,False,False,-0.03703031760530726,-0.03703031760530726,-0.03703031760530726,1.8908331087568027
iTransformer__Electricity__h96__s2021,iTransformer,Electricity,96,5165,192,4973,1000000000,0.5,48,False,False,-0.03945117291112167,-0.03945117291112167,-0.03945117291112167,1.8908331087568027
iTransformer__Electricity__h96__s2021,iTransformer,Electricity,96,5165,192,4973,1000000000,1.0,96,True,False,-0.026658917418766,-0.026658917418766,-0.026658917418766,1.8908331087568027
iTransformer__Electricity__h96__s2021,iTransformer,Electricity,96,5165,192,4973,1000000000,2.0,192,True,False,-0.13005277848648894,-0.13005277848648894,-0.13005277848648894,1.8908331087568027
iTransformer__Electricity__h192__s2021,iTransformer,Electricity,192,5069,384,4685,50,0.0,0,False,False,0.5824067806891828,0.5824067806891828,0.33767309004423135,1.4967206161655502
iTransformer__Electricity__h192__s2021,iTransformer,Electricity,192,5069,384,4685,50,0.125,24,False,False,-0.49341943636557756,-0.49341943636557756,-0.7408014602890425,1.4967206161655502
iTransformer__Electricity__h192__s2021,iTransformer,Electricity,192,5069,384,4685,50,0.25,48,False,False,-1.012944004856935,-1.012944004856935,-1.2616049288312905,1.4967206161655502
iTransformer__Electricity__h192__s2021,iTransformer,Electricity,192,5069,384,4685,50,0.5,96,False,False,-0.6443023692886954,-0.6443023692886954,-0.89205581778435,1.4967206161655502
iTransformer__Electricity__h192__s2021,iTransformer,Electricity,192,5069,384,4685,50,1.0,192,True,False,-0.9938532193337695,-0.9938532193337695,-1.2424671480203988,1.4967206161655502
iTransformer__Electricity__h192__s2021,iTransformer,Electricity,192,5069,384,4685,50,2.0,384,True,False,-1.0617245597742084,-1.0617245597742084,-1.3105055655655748,1.4967206161655502
iTransformer__Electricity__h192__s2021,iTransformer,Electricity,192,5069,384,4685,200,0.0,0,False,False,0.2578368572152192,0.2578368572152192,0.012304181273279969,1.4967206161655502
iTransformer__Electricity__h192__s2021,iTransformer,Electricity,192,5069,384,4685,200,0.125,24,False,False,0.1306925233855535,0.1306925233855535,-0.11515314043966794,1.4967206161655502
iTransformer__Electricity__h192__s2021,iTransformer,Electricity,192,5069,384,4685,200,0.25,48,False,False,0.11470452183332873,0.11470452183332873,-0.1311804992374185,1.4967206161655502
iTransformer__Electricity__h192__s2021,iTransformer,Electricity,192,5069,384,4685,200,0.5,96,False,False,0.04905142959153999,0.04905142959153999,-0.19699520798033437,1.4967206161655502
iTransformer__Electricity__h192__s2021,iTransformer,Electricity,192,5069,384,4685,200,1.0,192,True,False,0.07191563436152362,0.07191563436152362,-0.17407471899509444,1.4967206161655502
iTransformer__Electricity__h192__s2021,iTransformer,Electricity,192,5069,384,4685,200,2.0,384,True,False,0.09898011707404722,0.09898011707404722,-0.1469436123528905,1.4967206161655502
iTransformer__Electricity__h192__s2021,iTransformer,Electricity,192,5069,384,4685,1000,0.0,0,False,False,0.22538926357587008,0.22538926357587008,-0.02022328775921397,1.4967206161655502
iTransformer__Electricity__h192__s2021,iTransformer,Electricity,192,5069,384,4685,1000,0.125,24,False,False,0.20150583661886098,0.20150583661886098,-0.044165507924096674,1.4967206161655502
iTransformer__Electricity__h192__s2021,iTransformer,Electricity,192,5069,384,4685,1000,0.25,48,False,False,0.20302205750694569,0.20302205750694569,-0.04264555459468287,1.4967206161655502
iTransformer__Electricity__h192__s2021,iTransformer,Electricity,192,5069,384,4685,1000,0.5,96,False,False,0.20207852848313387,0.20207852848313387,-0.04359140627923056,1.4967206161655502
iTransformer__Electricity__h192__s2021,iTransformer,Electricity,192,5069,384,4685,1000,1.0,192,True,False,0.19920858311097056,0.19920858311097056,-0.04646841652090174,1.4967206161655502
iTransformer__Electricity__h192__s2021,iTransformer,Electricity,192,5069,384,4685,1000,2.0,384,True,False,0.24373373288535097,0.24373373288535097,-0.0018336603491227652,1.4967206161655502
iTransformer__Electricity__h192__s2021,iTransformer,Electricity,192,5069,384,4685,3000,0.0,0,False,False,0.24556289044511947,0.24556289044511947,0.0,1.4967206161655502
iTransformer__Electricity__h192__s2021,iTransformer,Electricity,192,5069,384,4685,3000,0.125,24,False,False,0.24556289044511947,0.24556289044511947,0.0,1.4967206161655502
iTransformer__Electricity__h192__s2021,iTransformer,Electricity,192,5069,384,4685,3000,0.25,48,False,False,0.24556289044511947,0.24556289044511947,0.0,1.4967206161655502
iTransformer__Electricity__h192__s2021,iTransformer,Electricity,192,5069,384,4685,3000,0.5,96,False,False,0.24556289044511947,0.24556289044511947,0.0,1.4967206161655502
iTransformer__Electricity__h192__s2021,iTransformer,Electricity,192,5069,384,4685,3000,1.0,192,True,False,0.24556289044511947,0.24556289044511947,0.0,1.4967206161655502
iTransformer__Electricity__h192__s2021,iTransformer,Electricity,192,5069,384,4685,3000,2.0,384,True,False,0.2405068553482514,0.2405068553482514,-0.005068481406311115,1.4967206161655502
iTransformer__Electricity__h192__s2021,iTransformer,Electricity,192,5069,384,4685,1000000000,0.0,0,False,False,0.24556289044511947,0.24556289044511947,0.0,1.4967206161655502
iTransformer__Electricity__h192__s2021,iTransformer,Electricity,192,5069,384,4685,1000000000,0.125,24,False,False,0.24556289044511947,0.24556289044511947,0.0,1.4967206161655502
iTransformer__Electricity__h192__s2021,iTransformer,Electricity,192,5069,384,4685,1000000000,0.25,48,False,False,0.24556289044511947,0.24556289044511947,0.0,1.4967206161655502
iTransformer__Electricity__h192__s2021,iTransformer,Electricity,192,5069,384,4685,1000000000,0.5,96,False,False,0.24556289044511947,0.24556289044511947,0.0,1.4967206161655502
iTransformer__Electricity__h192__s2021,iTransformer,Electricity,192,5069,384,4685,1000000000,1.0,192,True,False,0.24556289044511947,0.24556289044511947,0.0,1.4967206161655502
iTransformer__Electricity__h192__s2021,iTransformer,Electricity,192,5069,384,4685,1000000000,2.0,384,True,False,0.2405068553482514,0.2405068553482514,-0.005068481406311115,1.4967206161655502
iTransformer__Electricity__h336__s2021,iTransformer,Electricity,336,4925,672,4253,50,0.0,0,False,False,0.5065383270526652,0.5065383270526652,0.5065383270526652,1.6294023147547172
iTransformer__Electricity__h336__s2021,iTransformer,Electricity,336,4925,672,4253,50,0.125,42,False,False,-0.7303590617221596,-0.7303590617221596,-0.7303590617221596,1.6294023147547172
iTransformer__Electricity__h336__s2021,iTransformer,Electricity,336,4925,672,4253,50,0.25,84,False,False,-0.8362711460034729,-0.8362711460034729,-0.8362711460034729,1.6294023147547172
iTransformer__Electricity__h336__s2021,iTransformer,Electricity,336,4925,672,4253,50,0.5,168,False,False,-0.8404719026270729,-0.8404719026270729,-0.8404719026270729,1.6294023147547172
iTransformer__Electricity__h336__s2021,iTransformer,Electricity,336,4925,672,4253,50,1.0,336,True,False,-1.3262323759970494,-1.3262323759970494,-1.3262323759970494,1.6294023147547172
iTransformer__Electricity__h336__s2021,iTransformer,Electricity,336,4925,672,4253,50,2.0,672,True,False,-0.5037840607741808,-0.5037840607741808,-0.5037840607741808,1.6294023147547172
iTransformer__Electricity__h336__s2021,iTransformer,Electricity,336,4925,672,4253,200,0.0,0,False,False,0.1570505405841243,0.1570505405841243,0.1570505405841243,1.6294023147547172
iTransformer__Electricity__h336__s2021,iTransformer,Electricity,336,4925,672,4253,200,0.125,42,False,False,-0.36743480366155534,-0.36743480366155534,-0.36743480366155534,1.6294023147547172
iTransformer__Electricity__h336__s2021,iTransformer,Electricity,336,4925,672,4253,200,0.25,84,False,False,-0.6519073991653962,-0.6519073991653962,-0.6519073991653962,1.6294023147547172
iTransformer__Electricity__h336__s2021,iTransformer,Electricity,336,4925,672,4253,200,0.5,168,False,False,-1.1280585329001303,-1.1280585329001303,-1.1280585329001303,1.6294023147547172
iTransformer__Electricity__h336__s2021,iTransformer,Electricity,336,4925,672,4253,200,1.0,336,True,False,-1.0922287295795563,-1.0922287295795563,-1.0922287295795563,1.6294023147547172
iTransformer__Electricity__h336__s2021,iTransformer,Electricity,336,4925,672,4253,200,2.0,672,True,False,-0.3447715448247007,-0.3447715448247007,-0.3447715448247007,1.6294023147547172
iTransformer__Electricity__h336__s2021,iTransformer,Electricity,336,4925,672,4253,1000,0.0,0,False,False,-0.034493881733298495,-0.034493881733298495,-0.034493881733298495,1.6294023147547172
iTransformer__Electricity__h336__s2021,iTransformer,Electricity,336,4925,672,4253,1000,0.125,42,False,False,-0.09536082144330284,-0.09536082144330284,-0.09536082144330284,1.6294023147547172
iTransformer__Electricity__h336__s2021,iTransformer,Electricity,336,4925,672,4253,1000,0.25,84,False,False,-0.08437395471499112,-0.08437395471499112,-0.08437395471499112,1.6294023147547172
iTransformer__Electricity__h336__s2021,iTransformer,Electricity,336,4925,672,4253,1000,0.5,168,False,False,-0.1692344732145407,-0.1692344732145407,-0.1692344732145407,1.6294023147547172
iTransformer__Electricity__h336__s2021,iTransformer,Electricity,336,4925,672,4253,1000,1.0,336,True,False,-0.0569723738573882,-0.0569723738573882,-0.0569723738573882,1.6294023147547172
iTransformer__Electricity__h336__s2021,iTransformer,Electricity,336,4925,672,4253,1000,2.0,672,True,False,-0.03745388956556691,-0.03745388956556691,-0.03745388956556691,1.6294023147547172
iTransformer__Electricity__h336__s2021,iTransformer,Electricity,336,4925,672,4253,3000,0.0,0,False,False,0.007088605958636207,0.007088605958636207,0.007088605958636207,1.6294023147547172
iTransformer__Electricity__h336__s2021,iTransformer,Electricity,336,4925,672,4253,3000,0.125,42,False,False,-0.03157719744368987,-0.03157719744368987,-0.03157719744368987,1.6294023147547172
iTransformer__Electricity__h336__s2021,iTransformer,Electricity,336,4925,672,4253,3000,0.25,84,False,False,-0.04882634274507345,-0.04882634274507345,-0.04882634274507345,1.6294023147547172
iTransformer__Electricity__h336__s2021,iTransformer,Electricity,336,4925,672,4253,3000,0.5,168,False,False,-0.09067240782514953,-0.09067240782514953,-0.09067240782514953,1.6294023147547172
iTransformer__Electricity__h336__s2021,iTransformer,Electricity,336,4925,672,4253,3000,1.0,336,True,False,-0.027365293491367744,-0.027365293491367744,-0.027365293491367744,1.6294023147547172
iTransformer__Electricity__h336__s2021,iTransformer,Electricity,336,4925,672,4253,3000,2.0,672,True,False,0.0004801476942797533,0.0004801476942797533,0.0004801476942797533,1.6294023147547172
iTransformer__Electricity__h336__s2021,iTransformer,Electricity,336,4925,672,4253,1000000000,0.0,0,False,False,0.0007515358924879578,0.0007515358924879578,0.0007515358924879578,1.6294023147547172
iTransformer__Electricity__h336__s2021,iTransformer,Electricity,336,4925,672,4253,1000000000,0.125,42,False,False,-0.027452479122479143,-0.027452479122479143,-0.027452479122479143,1.6294023147547172
iTransformer__Electricity__h336__s2021,iTransformer,Electricity,336,4925,672,4253,1000000000,0.25,84,False,False,-0.03781666177642619,-0.03781666177642619,-0.03781666177642619,1.6294023147547172
iTransformer__Electricity__h336__s2021,iTransformer,Electricity,336,4925,672,4253,1000000000,0.5,168,False,False,-0.05050204879252109,-0.05050204879252109,-0.05050204879252109,1.6294023147547172
iTransformer__Electricity__h336__s2021,iTransformer,Electricity,336,4925,672,4253,1000000000,1.0,336,True,False,-0.006268648204292868,-0.006268648204292868,-0.006268648204292868,1.6294023147547172
iTransformer__Electricity__h336__s2021,iTransformer,Electricity,336,4925,672,4253,1000000000,2.0,672,True,False,0.0042361868676758984,0.0042361868676758984,0.0042361868676758984,1.6294023147547172
iTransformer__Electricity__h720__s2021,iTransformer,Electricity,720,4541,1440,3101,50,0.0,0,False,False,0.9808260977964165,0.9808260977964165,0.9808260977964165,2.193907128344758
iTransformer__Electricity__h720__s2021,iTransformer,Electricity,720,4541,1440,3101,50,0.125,90,False,False,-0.24022136192661617,-0.24022136192661617,-0.24022136192661617,2.193907128344758
iTransformer__Electricity__h720__s2021,iTransformer,Electricity,720,4541,1440,3101,50,0.25,180,False,False,-0.9717823811126117,-0.9717823811126117,-0.9717823811126117,2.193907128344758
iTransformer__Electricity__h720__s2021,iTransformer,Electricity,720,4541,1440,3101,50,0.5,360,False,False,-2.4553155178014325,-2.4553155178014325,-2.4553155178014325,2.193907128344758
iTransformer__Electricity__h720__s2021,iTransformer,Electricity,720,4541,1440,3101,50,1.0,720,True,False,-2.968608380437644,-2.968608380437644,-2.968608380437644,2.193907128344758
iTransformer__Electricity__h720__s2021,iTransformer,Electricity,720,4541,1440,3101,50,2.0,1440,True,False,-2.916533435931604,-2.916533435931604,-2.916533435931604,2.193907128344758
iTransformer__Electricity__h720__s2021,iTransformer,Electricity,720,4541,1440,3101,200,0.0,0,False,False,0.5747474336688221,0.5747474336688221,0.5747474336688221,2.193907128344758
iTransformer__Electricity__h720__s2021,iTransformer,Electricity,720,4541,1440,3101,200,0.125,90,False,False,-0.20305983841901157,-0.20305983841901157,-0.20305983841901157,2.193907128344758
iTransformer__Electricity__h720__s2021,iTransformer,Electricity,720,4541,1440,3101,200,0.25,180,False,False,-0.7109987526071647,-0.7109987526071647,-0.7109987526071647,2.193907128344758
iTransformer__Electricity__h720__s2021,iTransformer,Electricity,720,4541,1440,3101,200,0.5,360,False,False,-2.272079421276188,-2.272079421276188,-2.272079421276188,2.193907128344758
iTransformer__Electricity__h720__s2021,iTransformer,Electricity,720,4541,1440,3101,200,1.0,720,True,False,-1.4891434096085834,-1.4891434096085834,-1.4891434096085834,2.193907128344758
iTransformer__Electricity__h720__s2021,iTransformer,Electricity,720,4541,1440,3101,200,2.0,1440,True,False,-2.8940693238731394,-2.8940693238731394,-2.8940693238731394,2.193907128344758
iTransformer__Electricity__h720__s2021,iTransformer,Electricity,720,4541,1440,3101,1000,0.0,0,False,False,-0.002347226335091567,-0.002347226335091567,-0.002347226335091567,2.193907128344758
iTransformer__Electricity__h720__s2021,iTransformer,Electricity,720,4541,1440,3101,1000,0.125,90,False,False,-0.10628636128977283,-0.10628636128977283,-0.10628636128977283,2.193907128344758
iTransformer__Electricity__h720__s2021,iTransformer,Electricity,720,4541,1440,3101,1000,0.25,180,False,False,-0.06535557029478631,-0.06535557029478631,-0.06535557029478631,2.193907128344758
iTransformer__Electricity__h720__s2021,iTransformer,Electricity,720,4541,1440,3101,1000,0.5,360,False,False,-0.2514482055236585,-0.2514482055236585,-0.2514482055236585,2.193907128344758
iTransformer__Electricity__h720__s2021,iTransformer,Electricity,720,4541,1440,3101,1000,1.0,720,True,False,-0.2520313597613873,-0.2520313597613873,-0.2520313597613873,2.193907128344758
iTransformer__Electricity__h720__s2021,iTransformer,Electricity,720,4541,1440,3101,1000,2.0,1440,True,False,-0.4006953776689577,-0.4006953776689577,-0.4006953776689577,2.193907128344758
iTransformer__Electricity__h720__s2021,iTransformer,Electricity,720,4541,1440,3101,3000,0.0,0,False,False,-0.39999006636770507,-0.39999006636770507,-0.39999006636770507,2.193907128344758
iTransformer__Electricity__h720__s2021,iTransformer,Electricity,720,4541,1440,3101,3000,0.125,90,False,False,-0.4700954354035417,-0.4700954354035417,-0.4700954354035417,2.193907128344758
iTransformer__Electricity__h720__s2021,iTransformer,Electricity,720,4541,1440,3101,3000,0.25,180,False,False,-0.6497575435041912,-0.6497575435041912,-0.6497575435041912,2.193907128344758
iTransformer__Electricity__h720__s2021,iTransformer,Electricity,720,4541,1440,3101,3000,0.5,360,False,False,-0.8052509163366612,-0.8052509163366612,-0.8052509163366612,2.193907128344758
iTransformer__Electricity__h720__s2021,iTransformer,Electricity,720,4541,1440,3101,3000,1.0,720,True,False,-0.618061923670965,-0.618061923670965,-0.618061923670965,2.193907128344758
iTransformer__Electricity__h720__s2021,iTransformer,Electricity,720,4541,1440,3101,3000,2.0,1440,True,False,-0.347821284833219,-0.347821284833219,-0.347821284833219,2.193907128344758
iTransformer__Electricity__h720__s2021,iTransformer,Electricity,720,4541,1440,3101,1000000000,0.0,0,False,False,-0.31382143432981946,-0.31382143432981946,-0.31382143432981946,2.193907128344758
iTransformer__Electricity__h720__s2021,iTransformer,Electricity,720,4541,1440,3101,1000000000,0.125,90,False,False,-0.31382143432981946,-0.31382143432981946,-0.31382143432981946,2.193907128344758
iTransformer__Electricity__h720__s2021,iTransformer,Electricity,720,4541,1440,3101,1000000000,0.25,180,False,False,-0.31382143432981946,-0.31382143432981946,-0.31382143432981946,2.193907128344758
iTransformer__Electricity__h720__s2021,iTransformer,Electricity,720,4541,1440,3101,1000000000,0.5,360,False,False,-0.31382143432981946,-0.31382143432981946,-0.31382143432981946,2.193907128344758
iTransformer__Electricity__h720__s2021,iTransformer,Electricity,720,4541,1440,3101,1000000000,1.0,720,True,False,-0.35988723616381313,-0.35988723616381313,-0.35988723616381313,2.193907128344758
iTransformer__Electricity__h720__s2021,iTransformer,Electricity,720,4541,1440,3101,1000000000,2.0,1440,True,False,-0.347821284833219,-0.347821284833219,-0.347821284833219,2.193907128344758
iTransformer__Exchange__h96__s2021,iTransformer,Exchange,96,1422,192,1230,50,0.0,0,False,False,26.032312042091515,26.032312042091515,1.9017877785049355,35.607830860105395
iTransformer__Exchange__h96__s2021,iTransformer,Exchange,96,1422,192,1230,50,0.125,12,False,False,22.3359108780563,22.3359108780563,-3.0004926071095537,35.607830860105395
iTransformer__Exchange__h96__s2021,iTransformer,Exchange,96,1422,192,1230,50,0.25,24,False,False,21.946268580333914,21.946268580333914,-3.51724815088419,35.607830860105395
iTransformer__Exchange__h96__s2021,iTransformer,Exchange,96,1422,192,1230,50,0.5,48,False,False,17.48083029692052,17.48083029692052,-9.43944910757152,35.607830860105395
iTransformer__Exchange__h96__s2021,iTransformer,Exchange,96,1422,192,1230,50,1.0,96,True,False,18.153314172557337,18.153314172557337,-8.547580404235894,35.607830860105395
iTransformer__Exchange__h96__s2021,iTransformer,Exchange,96,1422,192,1230,50,2.0,192,True,False,20.83674954170992,20.83674954170992,-4.9887262667969425,35.607830860105395
iTransformer__Exchange__h96__s2021,iTransformer,Exchange,96,1422,192,1230,200,0.0,0,False,False,24.802378546299803,24.802378546299803,0.2706123231201587,35.607830860105395
iTransformer__Exchange__h96__s2021,iTransformer,Exchange,96,1422,192,1230,200,0.125,12,False,False,23.048599273059654,23.048599273059654,-2.0553034393662006,35.607830860105395
iTransformer__Exchange__h96__s2021,iTransformer,Exchange,96,1422,192,1230,200,0.25,24,False,False,22.75307790213973,22.75307790213973,-2.4472329285910974,35.607830860105395
iTransformer__Exchange__h96__s2021,iTransformer,Exchange,96,1422,192,1230,200,0.5,48,False,False,22.23639743642897,22.23639743642897,-3.1324703799068363,35.607830860105395
iTransformer__Exchange__h96__s2021,iTransformer,Exchange,96,1422,192,1230,200,1.0,96,True,False,20.707236963701973,20.707236963701973,-5.160489812657757,35.607830860105395
iTransformer__Exchange__h96__s2021,iTransformer,Exchange,96,1422,192,1230,200,2.0,192,True,False,21.821729196653394,21.821729196653394,-3.6824160941782638,35.607830860105395
iTransformer__Exchange__h96__s2021,iTransformer,Exchange,96,1422,192,1230,1000,0.0,0,False,False,23.676370691088522,23.676370691088522,-1.2227337661403843,35.607830860105395
iTransformer__Exchange__h96__s2021,iTransformer,Exchange,96,1422,192,1230,1000,0.125,12,False,False,23.36615659338223,23.36615659338223,-1.6341491994334798,35.607830860105395
iTransformer__Exchange__h96__s2021,iTransformer,Exchange,96,1422,192,1230,1000,0.25,24,False,False,23.229500313448305,23.229500313448305,-1.8153869414862887,35.607830860105395
iTransformer__Exchange__h96__s2021,iTransformer,Exchange,96,1422,192,1230,1000,0.5,48,False,False,22.950333255168406,22.950333255168406,-2.1856268406159733,35.607830860105395
iTransformer__Exchange__h96__s2021,iTransformer,Exchange,96,1422,192,1230,1000,1.0,96,True,False,22.250973085644453,22.250973085644453,-3.1131397076973695,35.607830860105395
iTransformer__Exchange__h96__s2021,iTransformer,Exchange,96,1422,192,1230,1000,2.0,192,True,False,22.761146527319088,22.761146527319088,-2.436532070864803,35.607830860105395
iTransformer__Exchange__h96__s2021,iTransformer,Exchange,96,1422,192,1230,3000,0.0,0,False,False,23.676370691088522,23.676370691088522,-1.2227337661403843,35.607830860105395
iTransformer__Exchange__h96__s2021,iTransformer,Exchange,96,1422,192,1230,3000,0.125,12,False,False,23.36615659338223,23.36615659338223,-1.6341491994334798,35.607830860105395
iTransformer__Exchange__h96__s2021,iTransformer,Exchange,96,1422,192,1230,3000,0.25,24,False,False,23.229500313448305,23.229500313448305,-1.8153869414862887,35.607830860105395
iTransformer__Exchange__h96__s2021,iTransformer,Exchange,96,1422,192,1230,3000,0.5,48,False,False,22.950333255168406,22.950333255168406,-2.1856268406159733,35.607830860105395
iTransformer__Exchange__h96__s2021,iTransformer,Exchange,96,1422,192,1230,3000,1.0,96,True,False,22.250973085644453,22.250973085644453,-3.1131397076973695,35.607830860105395
iTransformer__Exchange__h96__s2021,iTransformer,Exchange,96,1422,192,1230,3000,2.0,192,True,False,22.761146527319088,22.761146527319088,-2.436532070864803,35.607830860105395
iTransformer__Exchange__h96__s2021,iTransformer,Exchange,96,1422,192,1230,1000000000,0.0,0,False,False,23.676370691088522,23.676370691088522,-1.2227337661403843,35.607830860105395
iTransformer__Exchange__h96__s2021,iTransformer,Exchange,96,1422,192,1230,1000000000,0.125,12,False,False,23.36615659338223,23.36615659338223,-1.6341491994334798,35.607830860105395
iTransformer__Exchange__h96__s2021,iTransformer,Exchange,96,1422,192,1230,1000000000,0.25,24,False,False,23.229500313448305,23.229500313448305,-1.8153869414862887,35.607830860105395
iTransformer__Exchange__h96__s2021,iTransformer,Exchange,96,1422,192,1230,1000000000,0.5,48,False,False,22.950333255168406,22.950333255168406,-2.1856268406159733,35.607830860105395
iTransformer__Exchange__h96__s2021,iTransformer,Exchange,96,1422,192,1230,1000000000,1.0,96,True,False,22.250973085644453,22.250973085644453,-3.1131397076973695,35.607830860105395
iTransformer__Exchange__h96__s2021,iTransformer,Exchange,96,1422,192,1230,1000000000,2.0,192,True,False,22.761146527319088,22.761146527319088,-2.436532070864803,35.607830860105395
iTransformer__Exchange__h192__s2021,iTransformer,Exchange,192,1326,384,942,50,0.0,0,False,False,8.87803685716318,6.9936278141740065,1.8701889573867323,16.963027421533074
iTransformer__Exchange__h192__s2021,iTransformer,Exchange,192,1326,384,942,50,0.125,24,False,False,3.89999717758573,1.9126419000663581,-3.4906930547120942,16.963027421533074
iTransformer__Exchange__h192__s2021,iTransformer,Exchange,192,1326,384,942,50,0.25,48,False,False,4.575884493266853,2.6025066162092636,-2.762825784447938,16.963027421533074
iTransformer__Exchange__h192__s2021,iTransformer,Exchange,192,1326,384,942,50,0.5,96,False,False,2.4530911900960044,0.43581378806196586,-5.048875146621449,16.963027421533074
iTransformer__Exchange__h192__s2021,iTransformer,Exchange,192,1326,384,942,50,1.0,192,True,False,4.579529392659549,2.60622689239521,-2.7589005695344495,16.963027421533074
iTransformer__Exchange__h192__s2021,iTransformer,Exchange,192,1326,384,942,50,2.0,384,True,False,1.0117545039748514,-1.0353298490031786,-6.601059623114191,16.963027421533074
iTransformer__Exchange__h192__s2021,iTransformer,Exchange,192,1326,384,942,200,0.0,0,False,False,7.2359919806626865,5.317625326275028,0.10186057752180162,16.963027421533074
iTransformer__Exchange__h192__s2021,iTransformer,Exchange,192,1326,384,942,200,0.125,24,False,False,6.266629955064719,4.328216821168013,-0.9420514402066171,16.963027421533074
iTransformer__Exchange__h192__s2021,iTransformer,Exchange,192,1326,384,942,200,0.25,48,False,False,6.207579011600796,4.267944699757276,-1.0056437699166285,16.963027421533074
iTransformer__Exchange__h192__s2021,iTransformer,Exchange,192,1326,384,942,200,0.5,96,False,False,3.5826048917533333,1.5886859179200439,-3.8324947890129053,16.963027421533074
iTransformer__Exchange__h192__s2021,iTransformer,Exchange,192,1326,384,942,200,1.0,192,True,False,2.9448095638341223,0.9377009347074845,-4.519340559823032,16.963027421533074
iTransformer__Exchange__h192__s2021,iTransformer,Exchange,192,1326,384,942,200,2.0,384,True,False,4.49180841560841,2.5166918389489434,-2.853367837420331,16.963027421533074
iTransformer__Exchange__h192__s2021,iTransformer,Exchange,192,1326,384,942,1000,0.0,0,False,False,5.609537671518493,3.6575358198364607,-1.6496782230150084,16.963027421533074
iTransformer__Exchange__h192__s2021,iTransformer,Exchange,192,1326,384,942,1000,0.125,24,False,False,3.7673757971440955,1.7772778995145073,-3.6335138473518236,16.963027421533074
iTransformer__Exchange__h192__s2021,iTransformer,Exchange,192,1326,384,942,1000,0.25,48,False,False,4.392165993362773,2.414988803926004,-2.9606733840695556,16.963027421533074
iTransformer__Exchange__h192__s2021,iTransformer,Exchange,192,1326,384,942,1000,0.5,96,False,False,3.9253612964024143,1.9385305507655555,-3.4633782767936023,16.963027421533074
iTransformer__Exchange__h192__s2021,iTransformer,Exchange,192,1326,384,942,1000,1.0,192,True,False,3.72991623687549,1.7390436727255385,-3.673854281689652,16.963027421533074
iTransformer__Exchange__h192__s2021,iTransformer,Exchange,192,1326,384,942,1000,2.0,384,True,False,2.1133926235992666,0.08909022969149659,-5.4146986538424065,16.963027421533074
iTransformer__Exchange__h192__s2021,iTransformer,Exchange,192,1326,384,942,3000,0.0,0,False,False,5.6279071359453745,3.6762851661676272,-1.6298960320811033,16.963027421533074
iTransformer__Exchange__h192__s2021,iTransformer,Exchange,192,1326,384,942,3000,0.125,24,False,False,3.9267670521383597,1.9399653776357224,-3.461864409664509,16.963027421533074
iTransformer__Exchange__h192__s2021,iTransformer,Exchange,192,1326,384,942,3000,0.25,48,False,False,4.362794179274863,2.385009578516309,-2.992304074048297,16.963027421533074
iTransformer__Exchange__h192__s2021,iTransformer,Exchange,192,1326,384,942,3000,0.5,96,False,False,3.8086113982478915,1.8193662559467998,-3.5891069710622823,16.963027421533074
iTransformer__Exchange__h192__s2021,iTransformer,Exchange,192,1326,384,942,3000,1.0,192,True,False,3.72991623687549,1.7390436727255385,-3.673854281689652,16.963027421533074
iTransformer__Exchange__h192__s2021,iTransformer,Exchange,192,1326,384,942,3000,2.0,384,True,False,2.1133926235992666,0.08909022969149659,-5.4146986538424065,16.963027421533074
iTransformer__Exchange__h192__s2021,iTransformer,Exchange,192,1326,384,942,1000000000,0.0,0,False,False,5.6279071359453745,3.6762851661676272,-1.6298960320811033,16.963027421533074
iTransformer__Exchange__h192__s2021,iTransformer,Exchange,192,1326,384,942,1000000000,0.125,24,False,False,3.9267670521383597,1.9399653776357224,-3.461864409664509,16.963027421533074
iTransformer__Exchange__h192__s2021,iTransformer,Exchange,192,1326,384,942,1000000000,0.25,48,False,False,4.362794179274863,2.385009578516309,-2.992304074048297,16.963027421533074
iTransformer__Exchange__h192__s2021,iTransformer,Exchange,192,1326,384,942,1000000000,0.5,96,False,False,3.8086113982478915,1.8193662559467998,-3.5891069710622823,16.963027421533074
iTransformer__Exchange__h192__s2021,iTransformer,Exchange,192,1326,384,942,1000000000,1.0,192,True,False,3.72991623687549,1.7390436727255385,-3.673854281689652,16.963027421533074
iTransformer__Exchange__h192__s2021,iTransformer,Exchange,192,1326,384,942,1000000000,2.0,384,True,False,2.1133926235992666,0.08909022969149659,-5.4146986538424065,16.963027421533074
iTransformer__Exchange__h336__s2021,iTransformer,Exchange,336,1182,591,591,50,0.0,0,False,False,6.774526942444952,4.516935252335468,1.5936173937643556,15.138914173795017
iTransformer__Exchange__h336__s2021,iTransformer,Exchange,336,1182,591,591,50,0.125,42,False,False,0.8004392217562105,-1.6018237727926241,-4.712474092651199,15.138914173795017
iTransformer__Exchange__h336__s2021,iTransformer,Exchange,336,1182,591,591,50,0.25,84,False,False,0.577652122069955,-1.8300059891612563,-4.947642355706557,15.138914173795017
iTransformer__Exchange__h336__s2021,iTransformer,Exchange,336,1182,591,591,50,0.5,168,False,False,-0.23910133453913138,-2.666538329760242,-5.809786043584853,15.138914173795017
iTransformer__Exchange__h336__s2021,iTransformer,Exchange,336,1182,591,591,50,1.0,336,True,False,1.0587994744105769,-1.3372069473334516,-4.439755735327842,15.138914173795017
iTransformer__Exchange__h336__s2021,iTransformer,Exchange,336,1182,591,591,50,2.0,672,True,True,,,,15.138914173795017
iTransformer__Exchange__h336__s2021,iTransformer,Exchange,336,1182,591,591,200,0.0,0,False,False,4.284848012107686,1.9669650917171815,-1.0344228762399126,15.138914173795017
iTransformer__Exchange__h336__s2021,iTransformer,Exchange,336,1182,591,591,200,0.125,42,False,False,1.006770761801647,-1.3904956115991618,-4.494675889997835,15.138914173795017
iTransformer__Exchange__h336__s2021,iTransformer,Exchange,336,1182,591,591,200,0.25,84,False,False,-0.5002268811031245,-2.9339874147806637,-6.085423373175814,15.138914173795017
iTransformer__Exchange__h336__s2021,iTransformer,Exchange,336,1182,591,591,200,0.5,168,False,False,-3.2133605078443193,-5.712823555319842,-8.949336603952398,15.138914173795017
iTransformer__Exchange__h336__s2021,iTransformer,Exchange,336,1182,591,591,200,1.0,336,True,False,2.5603744293617026,0.20073084954480847,-2.854732300395681,15.138914173795017
iTransformer__Exchange__h336__s2021,iTransformer,Exchange,336,1182,591,591,200,2.0,672,True,True,,,,15.138914173795017
iTransformer__Exchange__h336__s2021,iTransformer,Exchange,336,1182,591,591,1000,0.0,0,False,False,1.1294519006153552,-1.2648435689065536,-4.3651768733801655,15.138914173795017
iTransformer__Exchange__h336__s2021,iTransformer,Exchange,336,1182,591,591,1000,0.125,42,False,False,0.8713066495396085,-1.5292401862082463,-4.63766828063384,15.138914173795017
iTransformer__Exchange__h336__s2021,iTransformer,Exchange,336,1182,591,591,1000,0.25,84,False,False,-0.42839013971036277,-2.8604110412348667,-6.009594378944625,15.138914173795017
iTransformer__Exchange__h336__s2021,iTransformer,Exchange,336,1182,591,591,1000,0.5,168,False,False,-0.601092573523091,-3.037295718018854,-6.191894572458377,15.138914173795017
iTransformer__Exchange__h336__s2021,iTransformer,Exchange,336,1182,591,591,1000,1.0,336,True,False,-1.6322770119439567,-4.093451801450434,-7.28038602288193,15.138914173795017
iTransformer__Exchange__h336__s2021,iTransformer,Exchange,336,1182,591,591,1000,2.0,672,True,True,,,,15.138914173795017
iTransformer__Exchange__h336__s2021,iTransformer,Exchange,336,1182,591,591,3000,0.0,0,False,False,1.1294519006153552,-1.2648435689065536,-4.3651768733801655,15.138914173795017
iTransformer__Exchange__h336__s2021,iTransformer,Exchange,336,1182,591,591,3000,0.125,42,False,False,0.8713066495396085,-1.5292401862082463,-4.63766828063384,15.138914173795017
iTransformer__Exchange__h336__s2021,iTransformer,Exchange,336,1182,591,591,3000,0.25,84,False,False,-0.42839013971036277,-2.8604110412348667,-6.009594378944625,15.138914173795017
iTransformer__Exchange__h336__s2021,iTransformer,Exchange,336,1182,591,591,3000,0.5,168,False,False,-0.601092573523091,-3.037295718018854,-6.191894572458377,15.138914173795017
iTransformer__Exchange__h336__s2021,iTransformer,Exchange,336,1182,591,591,3000,1.0,336,True,False,-1.6322770119439567,-4.093451801450434,-7.28038602288193,15.138914173795017
iTransformer__Exchange__h336__s2021,iTransformer,Exchange,336,1182,591,591,3000,2.0,672,True,True,,,,15.138914173795017
iTransformer__Exchange__h336__s2021,iTransformer,Exchange,336,1182,591,591,1000000000,0.0,0,False,False,1.1294519006153552,-1.2648435689065536,-4.3651768733801655,15.138914173795017
iTransformer__Exchange__h336__s2021,iTransformer,Exchange,336,1182,591,591,1000000000,0.125,42,False,False,0.8713066495396085,-1.5292401862082463,-4.63766828063384,15.138914173795017
iTransformer__Exchange__h336__s2021,iTransformer,Exchange,336,1182,591,591,1000000000,0.25,84,False,False,-0.42839013971036277,-2.8604110412348667,-6.009594378944625,15.138914173795017
iTransformer__Exchange__h336__s2021,iTransformer,Exchange,336,1182,591,591,1000000000,0.5,168,False,False,-0.601092573523091,-3.037295718018854,-6.191894572458377,15.138914173795017
iTransformer__Exchange__h336__s2021,iTransformer,Exchange,336,1182,591,591,1000000000,1.0,336,True,False,-1.6322770119439567,-4.093451801450434,-7.28038602288193,15.138914173795017
iTransformer__Exchange__h336__s2021,iTransformer,Exchange,336,1182,591,591,1000000000,2.0,672,True,True,,,,15.138914173795017
iTransformer__Exchange__h720__s2021,iTransformer,Exchange,720,798,399,399,50,0.0,0,False,False,11.62146682774788,3.2335620970875216,3.2335620970875216,19.17035571153133
iTransformer__Exchange__h720__s2021,iTransformer,Exchange,720,798,399,399,50,0.125,90,False,False,4.8605719613042995,-4.1690015094698,-4.1690015094698,19.17035571153133
iTransformer__Exchange__h720__s2021,iTransformer,Exchange,720,798,399,399,50,0.25,180,False,False,-2.5596872201826186,-12.293508938320272,-12.293508938320272,19.17035571153133
iTransformer__Exchange__h720__s2021,iTransformer,Exchange,720,798,399,399,50,0.5,360,False,False,-0.7099352735940266,-10.268199166245953,-10.268199166245953,19.17035571153133
iTransformer__Exchange__h720__s2021,iTransformer,Exchange,720,798,399,399,50,1.0,720,True,True,,,,19.17035571153133
iTransformer__Exchange__h720__s2021,iTransformer,Exchange,720,798,399,399,50,2.0,1440,True,True,,,,19.17035571153133
iTransformer__Exchange__h720__s2021,iTransformer,Exchange,720,798,399,399,200,0.0,0,False,False,7.248684540177566,-1.5542359179397254,-1.5542359179397254,19.17035571153133
iTransformer__Exchange__h720__s2021,iTransformer,Exchange,720,798,399,399,200,0.125,90,False,False,-7.188831269356931,-17.361999714298697,-17.361999714298697,19.17035571153133
iTransformer__Exchange__h720__s2021,iTransformer,Exchange,720,798,399,399,200,0.25,180,False,False,-4.7798991143767005,-14.724438584687071,-14.724438584687071,19.17035571153133
iTransformer__Exchange__h720__s2021,iTransformer,Exchange,720,798,399,399,200,0.5,360,False,False,3.9942587798908167,-5.117535476540009,-5.117535476540009,19.17035571153133
iTransformer__Exchange__h720__s2021,iTransformer,Exchange,720,798,399,399,200,1.0,720,True,True,,,,19.17035571153133
iTransformer__Exchange__h720__s2021,iTransformer,Exchange,720,798,399,399,200,2.0,1440,True,True,,,,19.17035571153133
iTransformer__Exchange__h720__s2021,iTransformer,Exchange,720,798,399,399,1000,0.0,0,False,False,6.383236152391246,-2.501823014816258,-2.501823014816258,19.17035571153133
iTransformer__Exchange__h720__s2021,iTransformer,Exchange,720,798,399,399,1000,0.125,90,False,False,-7.207753305101253,-17.382717618648623,-17.382717618648623,19.17035571153133
iTransformer__Exchange__h720__s2021,iTransformer,Exchange,720,798,399,399,1000,0.25,180,False,False,-2.315177863495168,-12.02579348037685,-12.02579348037685,19.17035571153133
iTransformer__Exchange__h720__s2021,iTransformer,Exchange,720,798,399,399,1000,0.5,360,False,False,6.076441706770785,-2.8377349677022514,-2.8377349677022514,19.17035571153133
iTransformer__Exchange__h720__s2021,iTransformer,Exchange,720,798,399,399,1000,1.0,720,True,True,,,,19.17035571153133
iTransformer__Exchange__h720__s2021,iTransformer,Exchange,720,798,399,399,1000,2.0,1440,True,True,,,,19.17035571153133
iTransformer__Exchange__h720__s2021,iTransformer,Exchange,720,798,399,399,3000,0.0,0,False,False,6.383236152391246,-2.501823014816258,-2.501823014816258,19.17035571153133
iTransformer__Exchange__h720__s2021,iTransformer,Exchange,720,798,399,399,3000,0.125,90,False,False,-7.207753305101253,-17.382717618648623,-17.382717618648623,19.17035571153133
iTransformer__Exchange__h720__s2021,iTransformer,Exchange,720,798,399,399,3000,0.25,180,False,False,-2.315177863495168,-12.02579348037685,-12.02579348037685,19.17035571153133
iTransformer__Exchange__h720__s2021,iTransformer,Exchange,720,798,399,399,3000,0.5,360,False,False,6.076441706770785,-2.8377349677022514,-2.8377349677022514,19.17035571153133
iTransformer__Exchange__h720__s2021,iTransformer,Exchange,720,798,399,399,3000,1.0,720,True,True,,,,19.17035571153133
iTransformer__Exchange__h720__s2021,iTransformer,Exchange,720,798,399,399,3000,2.0,1440,True,True,,,,19.17035571153133
iTransformer__Exchange__h720__s2021,iTransformer,Exchange,720,798,399,399,1000000000,0.0,0,False,False,6.383236152391246,-2.501823014816258,-2.501823014816258,19.17035571153133
iTransformer__Exchange__h720__s2021,iTransformer,Exchange,720,798,399,399,1000000000,0.125,90,False,False,-7.207753305101253,-17.382717618648623,-17.382717618648623,19.17035571153133
iTransformer__Exchange__h720__s2021,iTransformer,Exchange,720,798,399,399,1000000000,0.25,180,False,False,-2.315177863495168,-12.02579348037685,-12.02579348037685,19.17035571153133
iTransformer__Exchange__h720__s2021,iTransformer,Exchange,720,798,399,399,1000000000,0.5,360,False,False,6.076441706770785,-2.8377349677022514,-2.8377349677022514,19.17035571153133
iTransformer__Exchange__h720__s2021,iTransformer,Exchange,720,798,399,399,1000000000,1.0,720,True,True,,,,19.17035571153133
iTransformer__Exchange__h720__s2021,iTransformer,Exchange,720,798,399,399,1000000000,2.0,1440,True,True,,,,19.17035571153133
iTransformer__ILI__h24__s2021,iTransformer,ILI,24,170,48,122,50,0.0,0,False,False,12.368668463061741,11.704809288954536,11.03133819717566,32.07590771037833
iTransformer__ILI__h24__s2021,iTransformer,ILI,24,170,48,122,50,0.125,3,False,False,-0.7383470560363392,-1.5014996260661084,-2.275701767993284,32.07590771037833
iTransformer__ILI__h24__s2021,iTransformer,ILI,24,170,48,122,50,0.25,6,False,False,-6.209452020902434,-7.014051447435793,-7.830300548701616,32.07590771037833
iTransformer__ILI__h24__s2021,iTransformer,ILI,24,170,48,122,50,0.5,12,False,False,-0.39815715277870317,-1.158732583054285,-1.9303202712063001,32.07590771037833
iTransformer__ILI__h24__s2021,iTransformer,ILI,24,170,48,122,50,1.0,24,True,False,-0.4916752857000837,-1.252959171152557,-2.025265572097988,32.07590771037833
iTransformer__ILI__h24__s2021,iTransformer,ILI,24,170,48,122,50,2.0,48,True,False,-0.03786074071946157,-0.795706712542816,-1.564525422821988,32.07590771037833
iTransformer__ILI__h24__s2021,iTransformer,ILI,24,170,48,122,200,0.0,0,False,False,0.7020426441935665,-0.05019812180428416,-0.8133304693213178,32.07590771037833
iTransformer__ILI__h24__s2021,iTransformer,ILI,24,170,48,122,200,0.125,3,False,False,-0.3957722087607993,-1.1563295716746482,-1.9278989308703025,32.07590771037833
iTransformer__ILI__h24__s2021,iTransformer,ILI,24,170,48,122,200,0.25,6,False,False,-0.08915601809386058,-0.8473905819866966,-1.6166035107017929,32.07590771037833
iTransformer__ILI__h24__s2021,iTransformer,ILI,24,170,48,122,200,0.5,12,False,False,0.0,-0.7575591543161422,-1.5260868943003219,32.07590771037833
iTransformer__ILI__h24__s2021,iTransformer,ILI,24,170,48,122,200,1.0,24,True,False,0.0,-0.7575591543161422,-1.5260868943003219,32.07590771037833
iTransformer__ILI__h24__s2021,iTransformer,ILI,24,170,48,122,200,2.0,48,True,False,0.0,-0.7575591543161422,-1.5260868943003219,32.07590771037833
iTransformer__ILI__h24__s2021,iTransformer,ILI,24,170,48,122,1000,0.0,0,False,False,0.7020426441935665,-0.05019812180428416,-0.8133304693213178,32.07590771037833
iTransformer__ILI__h24__s2021,iTransformer,ILI,24,170,48,122,1000,0.125,3,False,False,-0.3957722087607993,-1.1563295716746482,-1.9278989308703025,32.07590771037833
iTransformer__ILI__h24__s2021,iTransformer,ILI,24,170,48,122,1000,0.25,6,False,False,-0.08915601809386058,-0.8473905819866966,-1.6166035107017929,32.07590771037833
iTransformer__ILI__h24__s2021,iTransformer,ILI,24,170,48,122,1000,0.5,12,False,False,0.0,-0.7575591543161422,-1.5260868943003219,32.07590771037833
iTransformer__ILI__h24__s2021,iTransformer,ILI,24,170,48,122,1000,1.0,24,True,False,0.0,-0.7575591543161422,-1.5260868943003219,32.07590771037833
iTransformer__ILI__h24__s2021,iTransformer,ILI,24,170,48,122,1000,2.0,48,True,False,0.0,-0.7575591543161422,-1.5260868943003219,32.07590771037833
iTransformer__ILI__h24__s2021,iTransformer,ILI,24,170,48,122,3000,0.0,0,False,False,0.7020426441935665,-0.05019812180428416,-0.8133304693213178,32.07590771037833
iTransformer__ILI__h24__s2021,iTransformer,ILI,24,170,48,122,3000,0.125,3,False,False,-0.3957722087607993,-1.1563295716746482,-1.9278989308703025,32.07590771037833
iTransformer__ILI__h24__s2021,iTransformer,ILI,24,170,48,122,3000,0.25,6,False,False,-0.08915601809386058,-0.8473905819866966,-1.6166035107017929,32.07590771037833
iTransformer__ILI__h24__s2021,iTransformer,ILI,24,170,48,122,3000,0.5,12,False,False,0.0,-0.7575591543161422,-1.5260868943003219,32.07590771037833
iTransformer__ILI__h24__s2021,iTransformer,ILI,24,170,48,122,3000,1.0,24,True,False,0.0,-0.7575591543161422,-1.5260868943003219,32.07590771037833
iTransformer__ILI__h24__s2021,iTransformer,ILI,24,170,48,122,3000,2.0,48,True,False,0.0,-0.7575591543161422,-1.5260868943003219,32.07590771037833
iTransformer__ILI__h24__s2021,iTransformer,ILI,24,170,48,122,1000000000,0.0,0,False,False,0.7020426441935665,-0.05019812180428416,-0.8133304693213178,32.07590771037833
iTransformer__ILI__h24__s2021,iTransformer,ILI,24,170,48,122,1000000000,0.125,3,False,False,-0.3957722087607993,-1.1563295716746482,-1.9278989308703025,32.07590771037833
iTransformer__ILI__h24__s2021,iTransformer,ILI,24,170,48,122,1000000000,0.25,6,False,False,-0.08915601809386058,-0.8473905819866966,-1.6166035107017929,32.07590771037833
iTransformer__ILI__h24__s2021,iTransformer,ILI,24,170,48,122,1000000000,0.5,12,False,False,0.0,-0.7575591543161422,-1.5260868943003219,32.07590771037833
iTransformer__ILI__h24__s2021,iTransformer,ILI,24,170,48,122,1000000000,1.0,24,True,False,0.0,-0.7575591543161422,-1.5260868943003219,32.07590771037833
iTransformer__ILI__h24__s2021,iTransformer,ILI,24,170,48,122,1000000000,2.0,48,True,False,0.0,-0.7575591543161422,-1.5260868943003219,32.07590771037833
iTransformer__ILI__h36__s2021,iTransformer,ILI,36,158,72,86,50,0.0,0,False,False,-0.13438728080856124,-0.13438728080856124,-0.13438728080856124,10.088875071792224
iTransformer__ILI__h36__s2021,iTransformer,ILI,36,158,72,86,50,0.125,4,False,False,-0.5178391567967773,-0.5178391567967773,-0.5178391567967773,10.088875071792224
iTransformer__ILI__h36__s2021,iTransformer,ILI,36,158,72,86,50,0.25,9,False,False,-0.7271905214643879,-0.7271905214643879,-0.7271905214643879,10.088875071792224
iTransformer__ILI__h36__s2021,iTransformer,ILI,36,158,72,86,50,0.5,18,False,False,-1.3200602916143507,-1.3200602916143507,-1.3200602916143507,10.088875071792224
iTransformer__ILI__h36__s2021,iTransformer,ILI,36,158,72,86,50,1.0,36,True,False,-3.5274204999166257,-3.5274204999166257,-3.5274204999166257,10.088875071792224
iTransformer__ILI__h36__s2021,iTransformer,ILI,36,158,72,86,50,2.0,72,True,False,1.9566373180608936,1.9566373180608936,1.9566373180608936,10.088875071792224
iTransformer__ILI__h36__s2021,iTransformer,ILI,36,158,72,86,200,0.0,0,False,False,0.0,0.0,0.0,10.088875071792224
iTransformer__ILI__h36__s2021,iTransformer,ILI,36,158,72,86,200,0.125,4,False,False,0.0,0.0,0.0,10.088875071792224
iTransformer__ILI__h36__s2021,iTransformer,ILI,36,158,72,86,200,0.25,9,False,False,0.0,0.0,0.0,10.088875071792224
iTransformer__ILI__h36__s2021,iTransformer,ILI,36,158,72,86,200,0.5,18,False,False,0.0,0.0,0.0,10.088875071792224
iTransformer__ILI__h36__s2021,iTransformer,ILI,36,158,72,86,200,1.0,36,True,False,0.0,0.0,0.0,10.088875071792224
iTransformer__ILI__h36__s2021,iTransformer,ILI,36,158,72,86,200,2.0,72,True,False,-0.7121050146278981,-0.7121050146278981,-0.7121050146278981,10.088875071792224
iTransformer__ILI__h36__s2021,iTransformer,ILI,36,158,72,86,1000,0.0,0,False,False,0.0,0.0,0.0,10.088875071792224
iTransformer__ILI__h36__s2021,iTransformer,ILI,36,158,72,86,1000,0.125,4,False,False,0.0,0.0,0.0,10.088875071792224
iTransformer__ILI__h36__s2021,iTransformer,ILI,36,158,72,86,1000,0.25,9,False,False,0.0,0.0,0.0,10.088875071792224
iTransformer__ILI__h36__s2021,iTransformer,ILI,36,158,72,86,1000,0.5,18,False,False,0.0,0.0,0.0,10.088875071792224
iTransformer__ILI__h36__s2021,iTransformer,ILI,36,158,72,86,1000,1.0,36,True,False,0.0,0.0,0.0,10.088875071792224
iTransformer__ILI__h36__s2021,iTransformer,ILI,36,158,72,86,1000,2.0,72,True,False,-0.7121050146278981,-0.7121050146278981,-0.7121050146278981,10.088875071792224
iTransformer__ILI__h36__s2021,iTransformer,ILI,36,158,72,86,3000,0.0,0,False,False,0.0,0.0,0.0,10.088875071792224
iTransformer__ILI__h36__s2021,iTransformer,ILI,36,158,72,86,3000,0.125,4,False,False,0.0,0.0,0.0,10.088875071792224
iTransformer__ILI__h36__s2021,iTransformer,ILI,36,158,72,86,3000,0.25,9,False,False,0.0,0.0,0.0,10.088875071792224
iTransformer__ILI__h36__s2021,iTransformer,ILI,36,158,72,86,3000,0.5,18,False,False,0.0,0.0,0.0,10.088875071792224
iTransformer__ILI__h36__s2021,iTransformer,ILI,36,158,72,86,3000,1.0,36,True,False,0.0,0.0,0.0,10.088875071792224
iTransformer__ILI__h36__s2021,iTransformer,ILI,36,158,72,86,3000,2.0,72,True,False,-0.7121050146278981,-0.7121050146278981,-0.7121050146278981,10.088875071792224
iTransformer__ILI__h36__s2021,iTransformer,ILI,36,158,72,86,1000000000,0.0,0,False,False,0.0,0.0,0.0,10.088875071792224
iTransformer__ILI__h36__s2021,iTransformer,ILI,36,158,72,86,1000000000,0.125,4,False,False,0.0,0.0,0.0,10.088875071792224
iTransformer__ILI__h36__s2021,iTransformer,ILI,36,158,72,86,1000000000,0.25,9,False,False,0.0,0.0,0.0,10.088875071792224
iTransformer__ILI__h36__s2021,iTransformer,ILI,36,158,72,86,1000000000,0.5,18,False,False,0.0,0.0,0.0,10.088875071792224
iTransformer__ILI__h36__s2021,iTransformer,ILI,36,158,72,86,1000000000,1.0,36,True,False,0.0,0.0,0.0,10.088875071792224
iTransformer__ILI__h36__s2021,iTransformer,ILI,36,158,72,86,1000000000,2.0,72,True,False,-0.7121050146278981,-0.7121050146278981,-0.7121050146278981,10.088875071792224
iTransformer__ILI__h48__s2021,iTransformer,ILI,48,146,73,73,50,0.0,0,False,False,0.6054017095142009,0.29266944473820417,0.29266944473820417,7.103616979123046
iTransformer__ILI__h48__s2021,iTransformer,ILI,48,146,73,73,50,0.125,6,False,False,-2.910195951971667,-3.2339895906817335,-3.2339895906817335,7.103616979123046
iTransformer__ILI__h48__s2021,iTransformer,ILI,48,146,73,73,50,0.25,12,False,False,-2.5011967845198875,-2.8237035601797618,-2.8237035601797618,7.103616979123046
iTransformer__ILI__h48__s2021,iTransformer,ILI,48,146,73,73,50,0.5,24,False,False,-3.7683874661283117,-4.0948812935855505,-4.0948812935855505,7.103616979123046
iTransformer__ILI__h48__s2021,iTransformer,ILI,48,146,73,73,50,1.0,48,True,False,-2.555270994574232,-2.877947907751307,-2.877947907751307,7.103616979123046
iTransformer__ILI__h48__s2021,iTransformer,ILI,48,146,73,73,50,2.0,96,True,True,,,,7.103616979123046
iTransformer__ILI__h48__s2021,iTransformer,ILI,48,146,73,73,200,0.0,0,False,False,0.3201391652042215,0.006509358679757672,0.006509358679757672,7.103616979123046
iTransformer__ILI__h48__s2021,iTransformer,ILI,48,146,73,73,200,0.125,6,False,False,0.1617365293093933,-0.15239167064813314,-0.15239167064813314,7.103616979123046
iTransformer__ILI__h48__s2021,iTransformer,ILI,48,146,73,73,200,0.25,12,False,False,0.26371276820790995,-0.0500945766861364,-0.0500945766861364,7.103616979123046
iTransformer__ILI__h48__s2021,iTransformer,ILI,48,146,73,73,200,0.5,24,False,False,0.313650223142488,0.0,0.0,7.103616979123046
iTransformer__ILI__h48__s2021,iTransformer,ILI,48,146,73,73,200,1.0,48,True,False,0.3727963893304244,0.05933226195996934,0.05933226195996934,7.103616979123046
iTransformer__ILI__h48__s2021,iTransformer,ILI,48,146,73,73,200,2.0,96,True,True,,,,7.103616979123046
iTransformer__ILI__h48__s2021,iTransformer,ILI,48,146,73,73,1000,0.0,0,False,False,0.3201391652042215,0.006509358679757672,0.006509358679757672,7.103616979123046
iTransformer__ILI__h48__s2021,iTransformer,ILI,48,146,73,73,1000,0.125,6,False,False,0.1617365293093933,-0.15239167064813314,-0.15239167064813314,7.103616979123046
iTransformer__ILI__h48__s2021,iTransformer,ILI,48,146,73,73,1000,0.25,12,False,False,0.26371276820790995,-0.0500945766861364,-0.0500945766861364,7.103616979123046
iTransformer__ILI__h48__s2021,iTransformer,ILI,48,146,73,73,1000,0.5,24,False,False,0.313650223142488,0.0,0.0,7.103616979123046
iTransformer__ILI__h48__s2021,iTransformer,ILI,48,146,73,73,1000,1.0,48,True,False,0.3727963893304244,0.05933226195996934,0.05933226195996934,7.103616979123046
iTransformer__ILI__h48__s2021,iTransformer,ILI,48,146,73,73,1000,2.0,96,True,True,,,,7.103616979123046
iTransformer__ILI__h48__s2021,iTransformer,ILI,48,146,73,73,3000,0.0,0,False,False,0.3201391652042215,0.006509358679757672,0.006509358679757672,7.103616979123046
iTransformer__ILI__h48__s2021,iTransformer,ILI,48,146,73,73,3000,0.125,6,False,False,0.1617365293093933,-0.15239167064813314,-0.15239167064813314,7.103616979123046
iTransformer__ILI__h48__s2021,iTransformer,ILI,48,146,73,73,3000,0.25,12,False,False,0.26371276820790995,-0.0500945766861364,-0.0500945766861364,7.103616979123046
iTransformer__ILI__h48__s2021,iTransformer,ILI,48,146,73,73,3000,0.5,24,False,False,0.313650223142488,0.0,0.0,7.103616979123046
iTransformer__ILI__h48__s2021,iTransformer,ILI,48,146,73,73,3000,1.0,48,True,False,0.3727963893304244,0.05933226195996934,0.05933226195996934,7.103616979123046
iTransformer__ILI__h48__s2021,iTransformer,ILI,48,146,73,73,3000,2.0,96,True,True,,,,7.103616979123046
iTransformer__ILI__h48__s2021,iTransformer,ILI,48,146,73,73,1000000000,0.0,0,False,False,0.3201391652042215,0.006509358679757672,0.006509358679757672,7.103616979123046
iTransformer__ILI__h48__s2021,iTransformer,ILI,48,146,73,73,1000000000,0.125,6,False,False,0.1617365293093933,-0.15239167064813314,-0.15239167064813314,7.103616979123046
iTransformer__ILI__h48__s2021,iTransformer,ILI,48,146,73,73,1000000000,0.25,12,False,False,0.26371276820790995,-0.0500945766861364,-0.0500945766861364,7.103616979123046
iTransformer__ILI__h48__s2021,iTransformer,ILI,48,146,73,73,1000000000,0.5,24,False,False,0.313650223142488,0.0,0.0,7.103616979123046
iTransformer__ILI__h48__s2021,iTransformer,ILI,48,146,73,73,1000000000,1.0,48,True,False,0.3727963893304244,0.05933226195996934,0.05933226195996934,7.103616979123046
iTransformer__ILI__h48__s2021,iTransformer,ILI,48,146,73,73,1000000000,2.0,96,True,True,,,,7.103616979123046
iTransformer__ILI__h60__s2021,iTransformer,ILI,60,134,67,67,50,0.0,0,False,False,-0.5106760831189454,-0.5106760831189454,-0.5106760831189454,3.3490170743133696
iTransformer__ILI__h60__s2021,iTransformer,ILI,60,134,67,67,50,0.125,8,False,False,-3.3056637432882328,-3.3056637432882328,-3.3056637432882328,3.3490170743133696
iTransformer__ILI__h60__s2021,iTransformer,ILI,60,134,67,67,50,0.25,15,False,False,-3.44755191492451,-3.44755191492451,-3.44755191492451,3.3490170743133696
iTransformer__ILI__h60__s2021,iTransformer,ILI,60,134,67,67,50,0.5,30,False,False,-4.133677747464035,-4.133677747464035,-4.133677747464035,3.3490170743133696
iTransformer__ILI__h60__s2021,iTransformer,ILI,60,134,67,67,50,1.0,60,True,False,-2.7942508962733426,-2.7942508962733426,-2.7942508962733426,3.3490170743133696
iTransformer__ILI__h60__s2021,iTransformer,ILI,60,134,67,67,50,2.0,120,True,True,,,,3.3490170743133696
iTransformer__ILI__h60__s2021,iTransformer,ILI,60,134,67,67,200,0.0,0,False,False,0.0,0.0,0.0,3.3490170743133696
iTransformer__ILI__h60__s2021,iTransformer,ILI,60,134,67,67,200,0.125,8,False,False,0.0,0.0,0.0,3.3490170743133696
iTransformer__ILI__h60__s2021,iTransformer,ILI,60,134,67,67,200,0.25,15,False,False,0.0,0.0,0.0,3.3490170743133696
iTransformer__ILI__h60__s2021,iTransformer,ILI,60,134,67,67,200,0.5,30,False,False,0.0,0.0,0.0,3.3490170743133696
iTransformer__ILI__h60__s2021,iTransformer,ILI,60,134,67,67,200,1.0,60,True,False,-0.7797671195666158,-0.7797671195666158,-0.7797671195666158,3.3490170743133696
iTransformer__ILI__h60__s2021,iTransformer,ILI,60,134,67,67,200,2.0,120,True,True,,,,3.3490170743133696
iTransformer__ILI__h60__s2021,iTransformer,ILI,60,134,67,67,1000,0.0,0,False,False,0.0,0.0,0.0,3.3490170743133696
iTransformer__ILI__h60__s2021,iTransformer,ILI,60,134,67,67,1000,0.125,8,False,False,0.0,0.0,0.0,3.3490170743133696
iTransformer__ILI__h60__s2021,iTransformer,ILI,60,134,67,67,1000,0.25,15,False,False,0.0,0.0,0.0,3.3490170743133696
iTransformer__ILI__h60__s2021,iTransformer,ILI,60,134,67,67,1000,0.5,30,False,False,0.0,0.0,0.0,3.3490170743133696
iTransformer__ILI__h60__s2021,iTransformer,ILI,60,134,67,67,1000,1.0,60,True,False,-0.7797671195666158,-0.7797671195666158,-0.7797671195666158,3.3490170743133696
iTransformer__ILI__h60__s2021,iTransformer,ILI,60,134,67,67,1000,2.0,120,True,True,,,,3.3490170743133696
iTransformer__ILI__h60__s2021,iTransformer,ILI,60,134,67,67,3000,0.0,0,False,False,0.0,0.0,0.0,3.3490170743133696
iTransformer__ILI__h60__s2021,iTransformer,ILI,60,134,67,67,3000,0.125,8,False,False,0.0,0.0,0.0,3.3490170743133696
iTransformer__ILI__h60__s2021,iTransformer,ILI,60,134,67,67,3000,0.25,15,False,False,0.0,0.0,0.0,3.3490170743133696
iTransformer__ILI__h60__s2021,iTransformer,ILI,60,134,67,67,3000,0.5,30,False,False,0.0,0.0,0.0,3.3490170743133696
iTransformer__ILI__h60__s2021,iTransformer,ILI,60,134,67,67,3000,1.0,60,True,False,-0.7797671195666158,-0.7797671195666158,-0.7797671195666158,3.3490170743133696
iTransformer__ILI__h60__s2021,iTransformer,ILI,60,134,67,67,3000,2.0,120,True,True,,,,3.3490170743133696
iTransformer__ILI__h60__s2021,iTransformer,ILI,60,134,67,67,1000000000,0.0,0,False,False,0.0,0.0,0.0,3.3490170743133696
iTransformer__ILI__h60__s2021,iTransformer,ILI,60,134,67,67,1000000000,0.125,8,False,False,0.0,0.0,0.0,3.3490170743133696
iTransformer__ILI__h60__s2021,iTransformer,ILI,60,134,67,67,1000000000,0.25,15,False,False,0.0,0.0,0.0,3.3490170743133696
iTransformer__ILI__h60__s2021,iTransformer,ILI,60,134,67,67,1000000000,0.5,30,False,False,0.0,0.0,0.0,3.3490170743133696
iTransformer__ILI__h60__s2021,iTransformer,ILI,60,134,67,67,1000000000,1.0,60,True,False,-0.7797671195666158,-0.7797671195666158,-0.7797671195666158,3.3490170743133696
iTransformer__ILI__h60__s2021,iTransformer,ILI,60,134,67,67,1000000000,2.0,120,True,True,,,,3.3490170743133696
iTransformer__Weather__h96__s2021,iTransformer,Weather,96,10444,192,10252,50,0.0,0,False,False,6.69988766972553,4.78505504982046,4.78505504982046,15.38048806304053
iTransformer__Weather__h96__s2021,iTransformer,Weather,96,10444,192,10252,50,0.125,12,False,False,2.711444501682521,0.7147555914680532,0.7147555914680532,15.38048806304053
iTransformer__Weather__h96__s2021,iTransformer,Weather,96,10444,192,10252,50,0.25,24,False,False,1.9789090049555587,-0.0328140014602703,-0.0328140014602703,15.38048806304053
iTransformer__Weather__h96__s2021,iTransformer,Weather,96,10444,192,10252,50,0.5,48,False,False,0.8864516929514742,-1.147692217840913,-1.147692217840913,15.38048806304053
iTransformer__Weather__h96__s2021,iTransformer,Weather,96,10444,192,10252,50,1.0,96,True,False,0.8208289001689839,-1.2146618114052112,-1.2146618114052112,15.38048806304053
iTransformer__Weather__h96__s2021,iTransformer,Weather,96,10444,192,10252,50,2.0,192,True,False,1.6695422655259502,-0.34852998859578177,-0.34852998859578177,15.38048806304053
iTransformer__Weather__h96__s2021,iTransformer,Weather,96,10444,192,10252,200,0.0,0,False,False,3.7547242220628654,1.779446926372483,1.779446926372483,15.38048806304053
iTransformer__Weather__h96__s2021,iTransformer,Weather,96,10444,192,10252,200,0.125,12,False,False,1.7521367928902114,-0.2642403432807203,-0.2642403432807203,15.38048806304053
iTransformer__Weather__h96__s2021,iTransformer,Weather,96,10444,192,10252,200,0.25,24,False,False,1.4713168793318423,-0.550823627507894,-0.550823627507894,15.38048806304053
iTransformer__Weather__h96__s2021,iTransformer,Weather,96,10444,192,10252,200,0.5,48,False,False,1.373202724647663,-0.6509514151789086,-0.6509514151789086,15.38048806304053
iTransformer__Weather__h96__s2021,iTransformer,Weather,96,10444,192,10252,200,1.0,96,True,False,0.9713059017652258,-1.0610965148004703,-1.0610965148004703,15.38048806304053
iTransformer__Weather__h96__s2021,iTransformer,Weather,96,10444,192,10252,200,2.0,192,True,False,1.2888562985560619,-0.7370289140850941,-0.7370289140850941,15.38048806304053
iTransformer__Weather__h96__s2021,iTransformer,Weather,96,10444,192,10252,1000,0.0,0,False,False,2.8160908980585004,0.8215496844365827,0.8215496844365827,15.38048806304053
iTransformer__Weather__h96__s2021,iTransformer,Weather,96,10444,192,10252,1000,0.125,12,False,False,1.5699304984347646,-0.4501861247256388,-0.4501861247256388,15.38048806304053
iTransformer__Weather__h96__s2021,iTransformer,Weather,96,10444,192,10252,1000,0.25,24,False,False,1.5767587850170413,-0.4432176986991617,-0.4432176986991617,15.38048806304053
iTransformer__Weather__h96__s2021,iTransformer,Weather,96,10444,192,10252,1000,0.5,48,False,False,1.3316979458751892,-0.6933080118355254,-0.6933080118355254,15.38048806304053
iTransformer__Weather__h96__s2021,iTransformer,Weather,96,10444,192,10252,1000,1.0,96,True,False,1.0114903443526229,-1.0200873520754739,-1.0200873520754739,15.38048806304053
iTransformer__Weather__h96__s2021,iTransformer,Weather,96,10444,192,10252,1000,2.0,192,True,False,1.3164601291711477,-0.7088585598723841,-0.7088585598723841,15.38048806304053
iTransformer__Weather__h96__s2021,iTransformer,Weather,96,10444,192,10252,3000,0.0,0,False,False,2.346217399758247,0.34203279901382216,0.34203279901382216,15.38048806304053
iTransformer__Weather__h96__s2021,iTransformer,Weather,96,10444,192,10252,3000,0.125,12,False,False,1.3485890093168094,-0.6760702868684786,-0.6760702868684786,15.38048806304053
iTransformer__Weather__h96__s2021,iTransformer,Weather,96,10444,192,10252,3000,0.25,24,False,False,1.66819530410865,-0.3499045941990874,-0.3499045941990874,15.38048806304053
iTransformer__Weather__h96__s2021,iTransformer,Weather,96,10444,192,10252,3000,0.5,48,False,False,1.4588707043527434,-0.563525239926968,-0.563525239926968,15.38048806304053
iTransformer__Weather__h96__s2021,iTransformer,Weather,96,10444,192,10252,3000,1.0,96,True,False,1.3981854581214685,-0.6254559518509235,-0.6254559518509235,15.38048806304053
iTransformer__Weather__h96__s2021,iTransformer,Weather,96,10444,192,10252,3000,2.0,192,True,False,1.691976659479581,-0.32563516529992076,-0.32563516529992076,15.38048806304053
iTransformer__Weather__h96__s2021,iTransformer,Weather,96,10444,192,10252,1000000000,0.0,0,False,False,2.054616741780629,0.04444751317311254,0.04444751317311254,15.38048806304053
iTransformer__Weather__h96__s2021,iTransformer,Weather,96,10444,192,10252,1000000000,0.125,12,False,False,1.5848537931391282,-0.4349565537394715,-0.4349565537394715,15.38048806304053
iTransformer__Weather__h96__s2021,iTransformer,Weather,96,10444,192,10252,1000000000,0.25,24,False,False,1.8334997180078134,-0.18120757683951327,-0.18120757683951327,15.38048806304053
iTransformer__Weather__h96__s2021,iTransformer,Weather,96,10444,192,10252,1000000000,0.5,48,False,False,1.5969366763764423,-0.42262568903260245,-0.42262568903260245,15.38048806304053
iTransformer__Weather__h96__s2021,iTransformer,Weather,96,10444,192,10252,1000000000,1.0,96,True,False,1.5568816604418445,-0.46350276883386393,-0.46350276883386393,15.38048806304053
iTransformer__Weather__h96__s2021,iTransformer,Weather,96,10444,192,10252,1000000000,2.0,192,True,False,1.7402242386051736,-0.2763973833113983,-0.2763973833113983,15.38048806304053
iTransformer__Weather__h192__s2021,iTransformer,Weather,192,10348,384,9964,50,0.0,0,False,False,5.552663354455083,4.2975176570122775,4.180034163438825,11.44076981093486
iTransformer__Weather__h192__s2021,iTransformer,Weather,192,10348,384,9964,50,0.125,24,False,False,2.0168599313478874,0.7147256304024553,0.5928439340475465,11.44076981093486
iTransformer__Weather__h192__s2021,iTransformer,Weather,192,10348,384,9964,50,0.25,48,False,False,0.7161932978943671,-0.603226044501343,-0.7267256462996419,11.44076981093486
iTransformer__Weather__h192__s2021,iTransformer,Weather,192,10348,384,9964,50,0.5,96,False,False,0.5691428685700763,-0.7522306815378764,-0.875913200068209,11.44076981093486
iTransformer__Weather__h192__s2021,iTransformer,Weather,192,10348,384,9964,50,1.0,192,True,False,0.834354855147918,-0.48349419447451325,-0.606846814546855,11.44076981093486
iTransformer__Weather__h192__s2021,iTransformer,Weather,192,10348,384,9964,50,2.0,384,True,False,0.7171012877353021,-0.6023059880465399,-0.7258044603919349,11.44076981093486
iTransformer__Weather__h192__s2021,iTransformer,Weather,192,10348,384,9964,200,0.0,0,False,False,3.3949960430427972,2.1111763041858245,1.9910088779286452,11.44076981093486
iTransformer__Weather__h192__s2021,iTransformer,Weather,192,10348,384,9964,200,0.125,24,False,False,1.34498430677589,0.03392120138398525,-0.08879624427233358,11.44076981093486
iTransformer__Weather__h192__s2021,iTransformer,Weather,192,10348,384,9964,200,0.25,48,False,False,0.9040779902527251,-0.41284448275942587,-0.5361103738906885,11.44076981093486
iTransformer__Weather__h192__s2021,iTransformer,Weather,192,10348,384,9964,200,0.5,96,False,False,0.7838966491771624,-0.5346229582648351,-0.658038343540807,11.44076981093486
iTransformer__Weather__h192__s2021,iTransformer,Weather,192,10348,384,9964,200,1.0,192,True,False,0.8305067913593152,-0.487393396610467,-0.6107508033077516,11.44076981093486
iTransformer__Weather__h192__s2021,iTransformer,Weather,192,10348,384,9964,200,2.0,384,True,False,0.5241272020742795,-0.7978445779269285,-0.9215830916600197,11.44076981093486
iTransformer__Weather__h192__s2021,iTransformer,Weather,192,10348,384,9964,1000,0.0,0,False,False,2.2131574834504857,0.9136318535029961,0.7919943326115787,11.44076981093486
iTransformer__Weather__h192__s2021,iTransformer,Weather,192,10348,384,9964,1000,0.125,24,False,False,1.3027810180059454,-0.008842942548199877,-0.13161288507717897,11.44076981093486
iTransformer__Weather__h192__s2021,iTransformer,Weather,192,10348,384,9964,1000,0.25,48,False,False,1.118119662310513,-0.19595833151039269,-0.31895797518252345,11.44076981093486
iTransformer__Weather__h192__s2021,iTransformer,Weather,192,10348,384,9964,1000,0.5,96,False,False,0.8626364827147358,-0.4548367218662371,-0.5781541622868438,11.44076981093486
iTransformer__Weather__h192__s2021,iTransformer,Weather,192,10348,384,9964,1000,1.0,192,True,False,1.341378260341488,0.030267232860642847,-0.092454698374075,11.44076981093486
iTransformer__Weather__h192__s2021,iTransformer,Weather,192,10348,384,9964,1000,2.0,384,True,False,0.5330961886503837,-0.7887563991606448,-0.9124837563284562,11.44076981093486
iTransformer__Weather__h192__s2021,iTransformer,Weather,192,10348,384,9964,3000,0.0,0,False,False,1.947540887063606,0.6444853796207287,0.5225174569752444,11.44076981093486
iTransformer__Weather__h192__s2021,iTransformer,Weather,192,10348,384,9964,3000,0.125,24,False,False,1.2243433903055647,-0.08832295698411377,-0.21119046845317255,11.44076981093486
iTransformer__Weather__h192__s2021,iTransformer,Weather,192,10348,384,9964,3000,0.25,48,False,False,1.1533707717526926,-0.1602387569963764,-0.28319455164494867,11.44076981093486
iTransformer__Weather__h192__s2021,iTransformer,Weather,192,10348,384,9964,3000,0.5,96,False,False,0.8515614613539646,-0.46605892329479803,-0.5893901399874212,11.44076981093486
iTransformer__Weather__h192__s2021,iTransformer,Weather,192,10348,384,9964,3000,1.0,192,True,False,1.3526966610176667,0.04173604796262953,-0.08097180425937786,11.44076981093486
iTransformer__Weather__h192__s2021,iTransformer,Weather,192,10348,384,9964,3000,2.0,384,True,False,0.897309761618919,-0.41970265689461667,-0.5429769670578335,11.44076981093486
iTransformer__Weather__h192__s2021,iTransformer,Weather,192,10348,384,9964,1000000000,0.0,0,False,False,1.4464064243685506,0.13669115512579766,0.014099868926416409,11.44076981093486
iTransformer__Weather__h192__s2021,iTransformer,Weather,192,10348,384,9964,1000000000,0.125,24,False,False,0.9497725635535521,-0.3665426573209313,-0.4897517087540151,11.44076981093486
iTransformer__Weather__h192__s2021,iTransformer,Weather,192,10348,384,9964,1000000000,0.25,48,False,False,1.0174766082587408,-0.29793886844688244,-0.42106370249508784,11.44076981093486
iTransformer__Weather__h192__s2021,iTransformer,Weather,192,10348,384,9964,1000000000,0.5,96,False,False,0.8812913295386124,-0.43593396386181205,-0.5592281994292722,11.44076981093486
iTransformer__Weather__h192__s2021,iTransformer,Weather,192,10348,384,9964,1000000000,1.0,192,True,False,1.048589136057907,-0.2664128747227824,-0.38949900774892016,11.44076981093486
iTransformer__Weather__h192__s2021,iTransformer,Weather,192,10348,384,9964,1000000000,2.0,384,True,False,1.0012157823357024,-0.314415790518516,-0.43756085148582435,11.44076981093486
iTransformer__Weather__h336__s2021,iTransformer,Weather,336,10204,672,9532,50,0.0,0,False,False,4.280907221606076,3.7973169120666976,3.5439018269097917,9.077760323404299
iTransformer__Weather__h336__s2021,iTransformer,Weather,336,10204,672,9532,50,0.125,42,False,False,0.27241968700439245,-0.23142223244243304,-0.49544973755074045,9.077760323404299
iTransformer__Weather__h336__s2021,iTransformer,Weather,336,10204,672,9532,50,0.25,84,False,False,-0.12268744129510314,-0.6285255139954695,-0.8935990602190633,9.077760323404299
iTransformer__Weather__h336__s2021,iTransformer,Weather,336,10204,672,9532,50,0.5,168,False,False,-0.04096382885963283,-0.5463890189690009,-0.8112462029642918,9.077760323404299
iTransformer__Weather__h336__s2021,iTransformer,Weather,336,10204,672,9532,50,1.0,336,True,False,0.010219097199880383,-0.49494750743465926,-0.7596691852818092,9.077760323404299
iTransformer__Weather__h336__s2021,iTransformer,Weather,336,10204,672,9532,50,2.0,672,True,False,-0.34513868635085937,-0.8521006233016213,-1.117763106377548,9.077760323404299
iTransformer__Weather__h336__s2021,iTransformer,Weather,336,10204,672,9532,200,0.0,0,False,False,2.303288840756032,1.8097072425699867,1.5510564378106058,9.077760323404299
iTransformer__Weather__h336__s2021,iTransformer,Weather,336,10204,672,9532,200,0.125,42,False,False,0.2698612512091497,-0.23399359392180258,-0.4980278724564568,9.077760323404299
iTransformer__Weather__h336__s2021,iTransformer,Weather,336,10204,672,9532,200,0.25,84,False,False,-0.31491176858410996,-0.8217209936349265,-1.087303451329108,9.077760323404299
iTransformer__Weather__h336__s2021,iTransformer,Weather,336,10204,672,9532,200,0.5,168,False,False,-0.10884195287272394,-0.6146100756410804,-0.8796469661095291,9.077760323404299
iTransformer__Weather__h336__s2021,iTransformer,Weather,336,10204,672,9532,200,1.0,336,True,False,0.31952459090961555,-0.18407934597386613,-0.4479821414460084,9.077760323404299
iTransformer__Weather__h336__s2021,iTransformer,Weather,336,10204,672,9532,200,2.0,672,True,False,-0.4489341019610773,-0.9564204322769113,-1.2223577124003473,9.077760323404299
iTransformer__Weather__h336__s2021,iTransformer,Weather,336,10204,672,9532,1000,0.0,0,False,False,0.7832483804807708,0.28198726073470887,0.019312168119043994,9.077760323404299
iTransformer__Weather__h336__s2021,iTransformer,Weather,336,10204,672,9532,1000,0.125,42,False,False,-0.0389872605363666,-0.5444024646621703,-0.809254415717873,9.077760323404299
iTransformer__Weather__h336__s2021,iTransformer,Weather,336,10204,672,9532,1000,0.25,84,False,False,0.16523453219186335,-0.33914890620054833,-0.6034601826479474,9.077760323404299
iTransformer__Weather__h336__s2021,iTransformer,Weather,336,10204,672,9532,1000,0.5,168,False,False,-0.01780474576088612,-0.5231129319597564,-0.7879088025760206,9.077760323404299
iTransformer__Weather__h336__s2021,iTransformer,Weather,336,10204,672,9532,1000,1.0,336,True,False,-0.2979682363867497,-0.804691859623527,-1.0702294595309283,9.077760323404299
iTransformer__Weather__h336__s2021,iTransformer,Weather,336,10204,672,9532,1000,2.0,672,True,False,-0.5362514395520399,-1.0441789129782828,-1.3103473646464858,9.077760323404299
iTransformer__Weather__h336__s2021,iTransformer,Weather,336,10204,672,9532,3000,0.0,0,False,False,0.6994378943709973,0.19775334876762699,-0.06514363104794818,9.077760323404299
iTransformer__Weather__h336__s2021,iTransformer,Weather,336,10204,672,9532,3000,0.125,42,False,False,0.11122060470510849,-0.39343572189752923,-0.6578899995334729,9.077760323404299
iTransformer__Weather__h336__s2021,iTransformer,Weather,336,10204,672,9532,3000,0.25,84,False,False,0.1700064596653424,-0.33435287007938974,-0.5986515129092738,9.077760323404299
iTransformer__Weather__h336__s2021,iTransformer,Weather,336,10204,672,9532,3000,0.5,168,False,False,0.21176762242427974,-0.292380722311724,-0.5565688029924106,9.077760323404299
iTransformer__Weather__h336__s2021,iTransformer,Weather,336,10204,672,9532,3000,1.0,336,True,False,0.28366656905686916,-0.22011852909114088,-0.48411625822173737,9.077760323404299
iTransformer__Weather__h336__s2021,iTransformer,Weather,336,10204,672,9532,3000,2.0,672,True,False,0.21288505224383847,-0.2912576470329717,-0.5554427693323714,9.077760323404299
iTransformer__Weather__h336__s2021,iTransformer,Weather,336,10204,672,9532,1000000000,0.0,0,False,False,0.5390571284092355,0.036562309933396875,-0.2267592759276809,9.077760323404299
iTransformer__Weather__h336__s2021,iTransformer,Weather,336,10204,672,9532,1000000000,0.125,42,False,False,0.06091611559346567,-0.4439943584603711,-0.7085818165937681,9.077760323404299
iTransformer__Weather__h336__s2021,iTransformer,Weather,336,10204,672,9532,1000000000,0.25,84,False,False,0.15351635242436934,-0.35092628834884754,-0.6152685885286857,9.077760323404299
iTransformer__Weather__h336__s2021,iTransformer,Weather,336,10204,672,9532,1000000000,0.5,168,False,False,0.1642819298018593,-0.34010632131151824,-0.6044201197616733,9.077760323404299
iTransformer__Weather__h336__s2021,iTransformer,Weather,336,10204,672,9532,1000000000,1.0,336,True,False,0.13899649492600602,-0.36551950281475293,-0.6299002441333191,9.077760323404299
iTransformer__Weather__h336__s2021,iTransformer,Weather,336,10204,672,9532,1000000000,2.0,672,True,False,0.3019119820503687,-0.20178093694444324,-0.4657303615753494,9.077760323404299
iTransformer__Weather__h720__s2021,iTransformer,Weather,720,9820,1440,8380,50,0.0,0,False,False,3.4426855896274633,3.3327219218871105,3.051866634654698,7.234462326509747
iTransformer__Weather__h720__s2021,iTransformer,Weather,720,9820,1440,8380,50,0.125,90,False,False,-0.0229958983792474,-0.13690643487799758,-0.42784231492426333,7.234462326509747
iTransformer__Weather__h720__s2021,iTransformer,Weather,720,9820,1440,8380,50,0.25,180,False,False,-0.9892723642516112,-1.1042833384011739,-1.3980298170647034,7.234462326509747
iTransformer__Weather__h720__s2021,iTransformer,Weather,720,9820,1440,8380,50,0.5,360,False,False,-0.5219913454825452,-0.6364701596916303,-0.9288574627655524,7.234462326509747
iTransformer__Weather__h720__s2021,iTransformer,Weather,720,9820,1440,8380,50,1.0,720,True,False,-0.6334551380308748,-0.7480608920531031,-1.0407724087369763,7.234462326509747
iTransformer__Weather__h720__s2021,iTransformer,Weather,720,9820,1440,8380,50,2.0,1440,True,False,-0.311813126718127,-0.4260525808336179,-0.7178285406409884,7.234462326509747
iTransformer__Weather__h720__s2021,iTransformer,Weather,720,9820,1440,8380,200,0.0,0,False,False,1.839006362455866,1.727216355087328,1.4416964622501895,7.234462326509747
iTransformer__Weather__h720__s2021,iTransformer,Weather,720,9820,1440,8380,200,0.125,90,False,False,-0.5925667584822907,-0.7071259470401565,-0.9997185321065473,7.234462326509747
iTransformer__Weather__h720__s2021,iTransformer,Weather,720,9820,1440,8380,200,0.25,180,False,False,-0.6006354416917163,-0.7152038192168287,-1.007819873580747,7.234462326509747
iTransformer__Weather__h720__s2021,iTransformer,Weather,720,9820,1440,8380,200,0.5,360,False,False,-0.6132271426221048,-0.7278098601236949,-1.0204625398411988,7.234462326509747
iTransformer__Weather__h720__s2021,iTransformer,Weather,720,9820,1440,8380,200,1.0,720,True,False,-0.753665466811097,-0.8684081215822087,-1.1614692928378152,7.234462326509747
iTransformer__Weather__h720__s2021,iTransformer,Weather,720,9820,1440,8380,200,2.0,1440,True,False,-0.670496696132838,-0.7851446346919145,-1.0779638937825002,7.234462326509747
iTransformer__Weather__h720__s2021,iTransformer,Weather,720,9820,1440,8380,1000,0.0,0,False,False,0.30626879474438373,0.19273323919383387,-0.09724491195817427,7.234462326509747
iTransformer__Weather__h720__s2021,iTransformer,Weather,720,9820,1440,8380,1000,0.125,90,False,False,-0.495124195943298,-0.6095724126743659,-0.901881567541215,7.234462326509747
iTransformer__Weather__h720__s2021,iTransformer,Weather,720,9820,1440,8380,1000,0.25,180,False,False,-0.7811069595350913,-0.8958808658712101,-1.1890218559201222,7.234462326509747
iTransformer__Weather__h720__s2021,iTransformer,Weather,720,9820,1440,8380,1000,0.5,360,False,False,-0.8113572838413745,-0.9261656405620278,-1.2193946194243592,7.234462326509747
iTransformer__Weather__h720__s2021,iTransformer,Weather,720,9820,1440,8380,1000,1.0,720,True,False,-1.056465671523628,-1.1715531683329226,-1.4654950914920786,7.234462326509747
iTransformer__Weather__h720__s2021,iTransformer,Weather,720,9820,1440,8380,1000,2.0,1440,True,False,-1.0418175764857498,-1.1568883914075496,-1.450787707800306,7.234462326509747
iTransformer__Weather__h720__s2021,iTransformer,Weather,720,9820,1440,8380,3000,0.0,0,False,False,-0.22365207836944692,-0.33779113085003887,-0.6293106575046453,7.234462326509747
iTransformer__Weather__h720__s2021,iTransformer,Weather,720,9820,1440,8380,3000,0.125,90,False,False,-1.0318312868032005,-1.1468907289041288,-1.4407609982767364,7.234462326509747
iTransformer__Weather__h720__s2021,iTransformer,Weather,720,9820,1440,8380,3000,0.25,180,False,False,-0.9969046766774596,-1.1119243428362482,-1.4056930215300054,7.234462326509747
iTransformer__Weather__h720__s2021,iTransformer,Weather,720,9820,1440,8380,3000,0.5,360,False,False,-1.0582604093113668,-1.1733499500460849,-1.467297093540955,7.234462326509747
iTransformer__Weather__h720__s2021,iTransformer,Weather,720,9820,1440,8380,3000,1.0,720,True,False,-0.9435322815720826,-1.0584911649268163,-1.3521045998728662,7.234462326509747
iTransformer__Weather__h720__s2021,iTransformer,Weather,720,9820,1440,8380,3000,2.0,1440,True,False,0.12997111699743327,0.016234785986447856,-0.2742561604439334,7.234462326509747
iTransformer__Weather__h720__s2021,iTransformer,Weather,720,9820,1440,8380,1000000000,0.0,0,False,False,-0.001059994402834071,-0.11494554934041329,-0.40581762464387294,7.234462326509747
iTransformer__Weather__h720__s2021,iTransformer,Weather,720,9820,1440,8380,1000000000,0.125,90,False,False,-0.9764066415881857,-1.0914029636934073,-1.3851120199590983,7.234462326509747
iTransformer__Weather__h720__s2021,iTransformer,Weather,720,9820,1440,8380,1000000000,0.25,180,False,False,-0.9967721668644193,-1.1117916821152716,-1.405559975379071,7.234462326509747
iTransformer__Weather__h720__s2021,iTransformer,Weather,720,9820,1440,8380,1000000000,0.5,360,False,False,-1.0090218397930404,-1.1240553055040114,-1.417859229267995,7.234462326509747
iTransformer__Weather__h720__s2021,iTransformer,Weather,720,9820,1440,8380,1000000000,1.0,720,True,False,-0.9179973289746566,-1.0329271320151712,-1.3264662937019658,7.234462326509747
iTransformer__Weather__h720__s2021,iTransformer,Weather,720,9820,1440,8380,1000000000,2.0,1440,True,False,-0.25214962023811793,-0.36632112695839747,-0.657923544125813,7.234462326509747
