key,backbone,dataset,pred_len,n_test_windows,eval_start,n_eval_windows,feedback_window,delay_ratio,delay_windows,delay_feasible,insufficient,gain_vs_none,gain_vs_best_fixed,gain_vs_best_fixed_test,gain_oracle_vs_none
DLinear__ETTh1__h96__s2021,DLinear,ETTh1,96,2785,192,2593,50,0.0,0,False,False,2.638325367734228,2.638325367734228,1.4866989489515199,3.9294891444831053
DLinear__ETTh1__h96__s2021,DLinear,ETTh1,96,2785,192,2593,50,0.125,12,False,False,1.9767545277478495,1.9767545277478495,0.8173028280206401,3.9294891444831053
DLinear__ETTh1__h96__s2021,DLinear,ETTh1,96,2785,192,2593,50,0.25,24,False,False,1.5852201881496344,1.5852201881496344,0.42113728943118944,3.9294891444831053
DLinear__ETTh1__h96__s2021,DLinear,ETTh1,96,2785,192,2593,50,0.5,48,False,False,1.1436556857246492,1.1436556857246492,-0.025650185467409478,3.9294891444831053
DLinear__ETTh1__h96__s2021,DLinear,ETTh1,96,2785,192,2593,50,1.0,96,True,False,0.17346980424115438,0.17346980424115438,-1.0073117497230666,3.9294891444831053
DLinear__ETTh1__h96__s2021,DLinear,ETTh1,96,2785,192,2593,50,2.0,192,True,False,-2.263873693991573,-2.263873693991573,-3.4734849612368643,3.9294891444831053
DLinear__ETTh1__h96__s2021,DLinear,ETTh1,96,2785,192,2593,200,0.0,0,False,False,1.1800614059914674,1.1800614059914674,0.011186153822884246,3.9294891444831053
DLinear__ETTh1__h96__s2021,DLinear,ETTh1,96,2785,192,2593,200,0.125,12,False,False,0.707712651170999,0.707712651170999,-0.4667496998944029,3.9294891444831053
DLinear__ETTh1__h96__s2021,DLinear,ETTh1,96,2785,192,2593,200,0.25,24,False,False,0.2746211756133241,0.2746211756133241,-0.9049639261328319,3.9294891444831053
DLinear__ETTh1__h96__s2021,DLinear,ETTh1,96,2785,192,2593,200,0.5,48,False,False,-0.29741058589952357,-0.29741058589952357,-1.4837618704525095,3.9294891444831053
DLinear__ETTh1__h96__s2021,DLinear,ETTh1,96,2785,192,2593,200,1.0,96,True,False,-1.2469585354791348,-1.2469585354791348,-2.4445413904500195,3.9294891444831053
DLinear__ETTh1__h96__s2021,DLinear,ETTh1,96,2785,192,2593,200,2.0,192,True,False,-1.7110428245557532,-1.7110428245557532,-2.9141150235612514,3.9294891444831053
DLinear__ETTh1__h96__s2021,DLinear,ETTh1,96,2785,192,2593,1000,0.0,0,False,False,1.169006018980065,1.169006018980065,0.0,3.9294891444831053
DLinear__ETTh1__h96__s2021,DLinear,ETTh1,96,2785,192,2593,1000,0.125,12,False,False,1.169006018980065,1.169006018980065,0.0,3.9294891444831053
DLinear__ETTh1__h96__s2021,DLinear,ETTh1,96,2785,192,2593,1000,0.25,24,False,False,1.169006018980065,1.169006018980065,0.0,3.9294891444831053
DLinear__ETTh1__h96__s2021,DLinear,ETTh1,96,2785,192,2593,1000,0.5,48,False,False,1.169006018980065,1.169006018980065,0.0,3.9294891444831053
DLinear__ETTh1__h96__s2021,DLinear,ETTh1,96,2785,192,2593,1000,1.0,96,True,False,0.9816289975020492,0.9816289975020492,-0.18959337949591062,3.9294891444831053
DLinear__ETTh1__h96__s2021,DLinear,ETTh1,96,2785,192,2593,1000,2.0,192,True,False,0.23496164006252526,0.23496164006252526,-0.945092567921475,3.9294891444831053
DLinear__ETTh1__h96__s2021,DLinear,ETTh1,96,2785,192,2593,3000,0.0,0,False,False,1.169006018980065,1.169006018980065,0.0,3.9294891444831053
DLinear__ETTh1__h96__s2021,DLinear,ETTh1,96,2785,192,2593,3000,0.125,12,False,False,1.169006018980065,1.169006018980065,0.0,3.9294891444831053
DLinear__ETTh1__h96__s2021,DLinear,ETTh1,96,2785,192,2593,3000,0.25,24,False,False,1.169006018980065,1.169006018980065,0.0,3.9294891444831053
DLinear__ETTh1__h96__s2021,DLinear,ETTh1,96,2785,192,2593,3000,0.5,48,False,False,1.169006018980065,1.169006018980065,0.0,3.9294891444831053
DLinear__ETTh1__h96__s2021,DLinear,ETTh1,96,2785,192,2593,3000,1.0,96,True,False,0.9816289975020492,0.9816289975020492,-0.18959337949591062,3.9294891444831053
DLinear__ETTh1__h96__s2021,DLinear,ETTh1,96,2785,192,2593,3000,2.0,192,True,False,0.23496164006252526,0.23496164006252526,-0.945092567921475,3.9294891444831053
DLinear__ETTh1__h96__s2021,DLinear,ETTh1,96,2785,192,2593,1000000000,0.0,0,False,False,1.169006018980065,1.169006018980065,0.0,3.9294891444831053
DLinear__ETTh1__h96__s2021,DLinear,ETTh1,96,2785,192,2593,1000000000,0.125,12,False,False,1.169006018980065,1.169006018980065,0.0,3.9294891444831053
DLinear__ETTh1__h96__s2021,DLinear,ETTh1,96,2785,192,2593,1000000000,0.25,24,False,False,1.169006018980065,1.169006018980065,0.0,3.9294891444831053
DLinear__ETTh1__h96__s2021,DLinear,ETTh1,96,2785,192,2593,1000000000,0.5,48,False,False,1.169006018980065,1.169006018980065,0.0,3.9294891444831053
DLinear__ETTh1__h96__s2021,DLinear,ETTh1,96,2785,192,2593,1000000000,1.0,96,True,False,0.9816289975020492,0.9816289975020492,-0.18959337949591062,3.9294891444831053
DLinear__ETTh1__h96__s2021,DLinear,ETTh1,96,2785,192,2593,1000000000,2.0,192,True,False,0.23496164006252526,0.23496164006252526,-0.945092567921475,3.9294891444831053
DLinear__ETTh1__h192__s2021,DLinear,ETTh1,192,2689,384,2305,50,0.0,0,False,False,3.3708663521640796,3.3708663521640796,2.6904778388094193,4.329574064801976
DLinear__ETTh1__h192__s2021,DLinear,ETTh1,192,2689,384,2305,50,0.125,24,False,False,2.55307320307104,2.55307320307104,1.8669264153333047,4.329574064801976
DLinear__ETTh1__h192__s2021,DLinear,ETTh1,192,2689,384,2305,50,0.25,48,False,False,1.5454796827614021,1.5454796827614021,0.852238191475483,4.329574064801976
DLinear__ETTh1__h192__s2021,DLinear,ETTh1,192,2689,384,2305,50,0.5,96,False,False,-0.17500595374912084,-0.17500595374912084,-0.8803617900600061,4.329574064801976
DLinear__ETTh1__h192__s2021,DLinear,ETTh1,192,2689,384,2305,50,1.0,192,True,False,-1.9909074874968633,-1.9909074874968633,-2.7090495146624436,4.329574064801976
DLinear__ETTh1__h192__s2021,DLinear,ETTh1,192,2689,384,2305,50,2.0,384,True,False,0.4547477822990971,0.4547477822990971,-0.24617380947213433,4.329574064801976
DLinear__ETTh1__h192__s2021,DLinear,ETTh1,192,2689,384,2305,200,0.0,0,False,False,1.105117851922918,1.105117851922918,0.4087756691569914,4.329574064801976
DLinear__ETTh1__h192__s2021,DLinear,ETTh1,192,2689,384,2305,200,0.125,24,False,False,-0.08609296315614755,-0.08609296315614755,-0.7908227421362495,4.329574064801976
DLinear__ETTh1__h192__s2021,DLinear,ETTh1,192,2689,384,2305,200,0.25,48,False,False,-0.5569181151310181,-0.5569181151310181,-1.2649630850179292,4.329574064801976
DLinear__ETTh1__h192__s2021,DLinear,ETTh1,192,2689,384,2305,200,0.5,96,False,False,-1.7012502437688655,-1.7012502437688655,-2.417352725985603,4.329574064801976
DLinear__ETTh1__h192__s2021,DLinear,ETTh1,192,2689,384,2305,200,1.0,192,True,False,-2.5288474005189716,-2.5288474005189716,-3.2507771894482986,4.329574064801976
DLinear__ETTh1__h192__s2021,DLinear,ETTh1,192,2689,384,2305,200,2.0,384,True,False,1.1746976014060853,1.1746976014060853,0.4788453460618718,4.329574064801976
DLinear__ETTh1__h192__s2021,DLinear,ETTh1,192,2689,384,2305,1000,0.0,0,False,False,0.40766992878944713,0.40766992878944713,-0.29358314924842205,4.329574064801976
DLinear__ETTh1__h192__s2021,DLinear,ETTh1,192,2689,384,2305,1000,0.125,24,False,False,0.3840201749853862,0.3840201749853862,-0.31739942654518644,4.329574064801976
DLinear__ETTh1__h192__s2021,DLinear,ETTh1,192,2689,384,2305,1000,0.25,48,False,False,0.37245703389299806,0.37245703389299806,-0.32904398644037824,4.329574064801976
DLinear__ETTh1__h192__s2021,DLinear,ETTh1,192,2689,384,2305,1000,0.5,96,False,False,0.34534808940837114,0.34534808940837114,-0.35634381139490295,4.329574064801976
DLinear__ETTh1__h192__s2021,DLinear,ETTh1,192,2689,384,2305,1000,1.0,192,True,False,0.534066012791971,0.534066012791971,-0.1662970806166067,4.329574064801976
DLinear__ETTh1__h192__s2021,DLinear,ETTh1,192,2689,384,2305,1000,2.0,384,True,False,0.9972510487541181,0.9972510487541181,0.3001493503941078,4.329574064801976
DLinear__ETTh1__h192__s2021,DLinear,ETTh1,192,2689,384,2305,3000,0.0,0,False,False,0.6992003436494274,0.6992003436494274,0.0,4.329574064801976
DLinear__ETTh1__h192__s2021,DLinear,ETTh1,192,2689,384,2305,3000,0.125,24,False,False,0.6992003436494274,0.6992003436494274,0.0,4.329574064801976
DLinear__ETTh1__h192__s2021,DLinear,ETTh1,192,2689,384,2305,3000,0.25,48,False,False,0.6992003436494274,0.6992003436494274,0.0,4.329574064801976
DLinear__ETTh1__h192__s2021,DLinear,ETTh1,192,2689,384,2305,3000,0.5,96,False,False,0.5872118857549047,0.5872118857549047,-0.11277699503133941,4.329574064801976
DLinear__ETTh1__h192__s2021,DLinear,ETTh1,192,2689,384,2305,3000,1.0,192,True,False,0.48501401106740666,0.48501401106740666,-0.21569446905085718,4.329574064801976
DLinear__ETTh1__h192__s2021,DLinear,ETTh1,192,2689,384,2305,3000,2.0,384,True,False,0.9508524499201817,0.9508524499201817,0.25342404808586094,4.329574064801976
DLinear__ETTh1__h192__s2021,DLinear,ETTh1,192,2689,384,2305,1000000000,0.0,0,False,False,0.6992003436494274,0.6992003436494274,0.0,4.329574064801976
DLinear__ETTh1__h192__s2021,DLinear,ETTh1,192,2689,384,2305,1000000000,0.125,24,False,False,0.6992003436494274,0.6992003436494274,0.0,4.329574064801976
DLinear__ETTh1__h192__s2021,DLinear,ETTh1,192,2689,384,2305,1000000000,0.25,48,False,False,0.6992003436494274,0.6992003436494274,0.0,4.329574064801976
DLinear__ETTh1__h192__s2021,DLinear,ETTh1,192,2689,384,2305,1000000000,0.5,96,False,False,0.5872118857549047,0.5872118857549047,-0.11277699503133941,4.329574064801976
DLinear__ETTh1__h192__s2021,DLinear,ETTh1,192,2689,384,2305,1000000000,1.0,192,True,False,0.48501401106740666,0.48501401106740666,-0.21569446905085718,4.329574064801976
DLinear__ETTh1__h192__s2021,DLinear,ETTh1,192,2689,384,2305,1000000000,2.0,384,True,False,0.9508524499201817,0.9508524499201817,0.25342404808586094,4.329574064801976
DLinear__ETTh1__h336__s2021,DLinear,ETTh1,336,2545,672,1873,50,0.0,0,False,False,3.913129303489428,3.913129303489428,3.4964125561089823,4.797535118554772
DLinear__ETTh1__h336__s2021,DLinear,ETTh1,336,2545,672,1873,50,0.125,42,False,False,2.6780814450784725,2.6780814450784725,2.256008449516714,4.797535118554772
DLinear__ETTh1__h336__s2021,DLinear,ETTh1,336,2545,672,1873,50,0.25,84,False,False,0.8127477360732327,0.8127477360732327,0.3825850213816787,4.797535118554772
DLinear__ETTh1__h336__s2021,DLinear,ETTh1,336,2545,672,1873,50,0.5,168,False,False,-1.6846936447173542,-1.6846936447173542,-2.1256874504979653,4.797535118554772
DLinear__ETTh1__h336__s2021,DLinear,ETTh1,336,2545,672,1873,50,1.0,336,True,False,-2.5003203610655946,-2.5003203610655946,-2.9448514379619106,4.797535118554772
DLinear__ETTh1__h336__s2021,DLinear,ETTh1,336,2545,672,1873,50,2.0,672,True,False,-1.4032927099673467,-1.4032927099673467,-1.8430661150689804,4.797535118554772
DLinear__ETTh1__h336__s2021,DLinear,ETTh1,336,2545,672,1873,200,0.0,0,False,False,2.068009830787456,2.068009830787456,1.6432910308932887,4.797535118554772
DLinear__ETTh1__h336__s2021,DLinear,ETTh1,336,2545,672,1873,200,0.125,42,False,False,0.6144212863786097,0.6144212863786097,0.18339845466547752,4.797535118554772
DLinear__ETTh1__h336__s2021,DLinear,ETTh1,336,2545,672,1873,200,0.25,84,False,False,-0.5314962010382805,-0.5314962010382805,-0.967488733654994,4.797535118554772
DLinear__ETTh1__h336__s2021,DLinear,ETTh1,336,2545,672,1873,200,0.5,168,False,False,-2.127163012143371,-2.127163012143371,-2.5700757522619693,4.797535118554772
DLinear__ETTh1__h336__s2021,DLinear,ETTh1,336,2545,672,1873,200,1.0,336,True,False,0.32482872765799436,0.32482872765799436,-0.10745003078332524,4.797535118554772
DLinear__ETTh1__h336__s2021,DLinear,ETTh1,336,2545,672,1873,200,2.0,672,True,False,-1.930202774142424,-1.930202774142424,-2.3722613223287836,4.797535118554772
DLinear__ETTh1__h336__s2021,DLinear,ETTh1,336,2545,672,1873,1000,0.0,0,False,False,0.6700248301273504,0.6700248301273504,0.23924314403302996,4.797535118554772
DLinear__ETTh1__h336__s2021,DLinear,ETTh1,336,2545,672,1873,1000,0.125,42,False,False,0.25172477203254795,0.25172477203254795,-0.18087102912634642,4.797535118554772
DLinear__ETTh1__h336__s2021,DLinear,ETTh1,336,2545,672,1873,1000,0.25,84,False,False,-0.017816594209837486,-0.017816594209837486,-0.4515813625815343,4.797535118554772
DLinear__ETTh1__h336__s2021,DLinear,ETTh1,336,2545,672,1873,1000,0.5,168,False,False,0.16121596737939667,0.16121596737939667,-0.2717723591517047,4.797535118554772
DLinear__ETTh1__h336__s2021,DLinear,ETTh1,336,2545,672,1873,1000,1.0,336,True,False,0.3772324462692925,0.3772324462692925,-0.054819043794859176,4.797535118554772
DLinear__ETTh1__h336__s2021,DLinear,ETTh1,336,2545,672,1873,1000,2.0,672,True,False,-1.1276427375886413,-1.1276427375886413,-1.5662206832162333,4.797535118554772
DLinear__ETTh1__h336__s2021,DLinear,ETTh1,336,2545,672,1873,3000,0.0,0,False,False,0.2962308881071174,0.2962308881071174,-0.1361718955896129,4.797535118554772
DLinear__ETTh1__h336__s2021,DLinear,ETTh1,336,2545,672,1873,3000,0.125,42,False,False,-0.41891471976599665,-0.41891471976599665,-0.8544190005710839,4.797535118554772
DLinear__ETTh1__h336__s2021,DLinear,ETTh1,336,2545,672,1873,3000,0.25,84,False,False,-0.8420932918489898,-0.8420932918489898,-1.2794328452240051,4.797535118554772
DLinear__ETTh1__h336__s2021,DLinear,ETTh1,336,2545,672,1873,3000,0.5,168,False,False,-0.5592536993471782,-0.5592536993471782,-0.9953666127643782,4.797535118554772
DLinear__ETTh1__h336__s2021,DLinear,ETTh1,336,2545,672,1873,3000,1.0,336,True,False,-0.3266640482597794,-0.3266640482597794,-0.7617682494338508,4.797535118554772
DLinear__ETTh1__h336__s2021,DLinear,ETTh1,336,2545,672,1873,3000,2.0,672,True,False,-1.1276427375886413,-1.1276427375886413,-1.5662206832162333,4.797535118554772
DLinear__ETTh1__h336__s2021,DLinear,ETTh1,336,2545,672,1873,1000000000,0.0,0,False,False,0.2962308881071174,0.2962308881071174,-0.1361718955896129,4.797535118554772
DLinear__ETTh1__h336__s2021,DLinear,ETTh1,336,2545,672,1873,1000000000,0.125,42,False,False,-0.41891471976599665,-0.41891471976599665,-0.8544190005710839,4.797535118554772
DLinear__ETTh1__h336__s2021,DLinear,ETTh1,336,2545,672,1873,1000000000,0.25,84,False,False,-0.8420932918489898,-0.8420932918489898,-1.2794328452240051,4.797535118554772
DLinear__ETTh1__h336__s2021,DLinear,ETTh1,336,2545,672,1873,1000000000,0.5,168,False,False,-0.5592536993471782,-0.5592536993471782,-0.9953666127643782,4.797535118554772
DLinear__ETTh1__h336__s2021,DLinear,ETTh1,336,2545,672,1873,1000000000,1.0,336,True,False,-0.3266640482597794,-0.3266640482597794,-0.7617682494338508,4.797535118554772
DLinear__ETTh1__h336__s2021,DLinear,ETTh1,336,2545,672,1873,1000000000,2.0,672,True,False,-1.1276427375886413,-1.1276427375886413,-1.5662206832162333,4.797535118554772
DLinear__ETTh1__h720__s2021,DLinear,ETTh1,720,2161,1080,1081,50,0.0,0,False,False,8.140352959002056,8.140352959002056,1.2107436233720639,9.36280494809607
DLinear__ETTh1__h720__s2021,DLinear,ETTh1,720,2161,1080,1081,50,0.125,90,False,False,6.129404227930372,6.129404227930372,-0.9519048969889077,9.36280494809607
DLinear__ETTh1__h720__s2021,DLinear,ETTh1,720,2161,1080,1081,50,0.25,180,False,False,5.321337378304873,5.321337378304873,-1.8209298252196822,9.36280494809607
DLinear__ETTh1__h720__s2021,DLinear,ETTh1,720,2161,1080,1081,50,0.5,360,False,False,6.168740342956532,6.168740342956532,-0.9096013863903378,9.36280494809607
DLinear__ETTh1__h720__s2021,DLinear,ETTh1,720,2161,1080,1081,50,1.0,720,True,False,6.463090330865141,6.463090330865141,-0.5930465404199103,9.36280494809607
DLinear__ETTh1__h720__s2021,DLinear,ETTh1,720,2161,1080,1081,50,2.0,1440,True,True,,,,9.36280494809607
DLinear__ETTh1__h720__s2021,DLinear,ETTh1,720,2161,1080,1081,200,0.0,0,False,False,6.331675815764375,6.331675815764375,-0.7343745624849821,9.36280494809607
DLinear__ETTh1__h720__s2021,DLinear,ETTh1,720,2161,1080,1081,200,0.125,90,False,False,5.763991239568189,5.763991239568189,-1.3448835176725928,9.36280494809607
DLinear__ETTh1__h720__s2021,DLinear,ETTh1,720,2161,1080,1081,200,0.25,180,False,False,6.22667979481124,6.22667979481124,-0.8472911604318007,9.36280494809607
DLinear__ETTh1__h720__s2021,DLinear,ETTh1,720,2161,1080,1081,200,0.5,360,False,False,7.659212698304111,7.659212698304111,0.6933076207495696,9.36280494809607
DLinear__ETTh1__h720__s2021,DLinear,ETTh1,720,2161,1080,1081,200,1.0,720,True,False,6.442658551176391,6.442658551176391,-0.6150196307476121,9.36280494809607
DLinear__ETTh1__h720__s2021,DLinear,ETTh1,720,2161,1080,1081,200,2.0,1440,True,True,,,,9.36280494809607
DLinear__ETTh1__h720__s2021,DLinear,ETTh1,720,2161,1080,1081,1000,0.0,0,False,False,7.014537399908433,7.014537399908433,0.0,9.36280494809607
DLinear__ETTh1__h720__s2021,DLinear,ETTh1,720,2161,1080,1081,1000,0.125,90,False,False,7.014537399908433,7.014537399908433,0.0,9.36280494809607
DLinear__ETTh1__h720__s2021,DLinear,ETTh1,720,2161,1080,1081,1000,0.25,180,False,False,7.014537399908433,7.014537399908433,0.0,9.36280494809607
DLinear__ETTh1__h720__s2021,DLinear,ETTh1,720,2161,1080,1081,1000,0.5,360,False,False,7.014537399908433,7.014537399908433,0.0,9.36280494809607
DLinear__ETTh1__h720__s2021,DLinear,ETTh1,720,2161,1080,1081,1000,1.0,720,True,False,6.506975505076906,6.506975505076906,-0.54585080359758,9.36280494809607
DLinear__ETTh1__h720__s2021,DLinear,ETTh1,720,2161,1080,1081,1000,2.0,1440,True,True,,,,9.36280494809607
DLinear__ETTh1__h720__s2021,DLinear,ETTh1,720,2161,1080,1081,3000,0.0,0,False,False,7.014537399908433,7.014537399908433,0.0,9.36280494809607
DLinear__ETTh1__h720__s2021,DLinear,ETTh1,720,2161,1080,1081,3000,0.125,90,False,False,7.014537399908433,7.014537399908433,0.0,9.36280494809607
DLinear__ETTh1__h720__s2021,DLinear,ETTh1,720,2161,1080,1081,3000,0.25,180,False,False,7.014537399908433,7.014537399908433,0.0,9.36280494809607
DLinear__ETTh1__h720__s2021,DLinear,ETTh1,720,2161,1080,1081,3000,0.5,360,False,False,7.014537399908433,7.014537399908433,0.0,9.36280494809607
DLinear__ETTh1__h720__s2021,DLinear,ETTh1,720,2161,1080,1081,3000,1.0,720,True,False,6.506975505076906,6.506975505076906,-0.54585080359758,9.36280494809607
DLinear__ETTh1__h720__s2021,DLinear,ETTh1,720,2161,1080,1081,3000,2.0,1440,True,True,,,,9.36280494809607
DLinear__ETTh1__h720__s2021,DLinear,ETTh1,720,2161,1080,1081,1000000000,0.0,0,False,False,7.014537399908433,7.014537399908433,0.0,9.36280494809607
DLinear__ETTh1__h720__s2021,DLinear,ETTh1,720,2161,1080,1081,1000000000,0.125,90,False,False,7.014537399908433,7.014537399908433,0.0,9.36280494809607
DLinear__ETTh1__h720__s2021,DLinear,ETTh1,720,2161,1080,1081,1000000000,0.25,180,False,False,7.014537399908433,7.014537399908433,0.0,9.36280494809607
DLinear__ETTh1__h720__s2021,DLinear,ETTh1,720,2161,1080,1081,1000000000,0.5,360,False,False,7.014537399908433,7.014537399908433,0.0,9.36280494809607
DLinear__ETTh1__h720__s2021,DLinear,ETTh1,720,2161,1080,1081,1000000000,1.0,720,True,False,6.506975505076906,6.506975505076906,-0.54585080359758,9.36280494809607
DLinear__ETTh1__h720__s2021,DLinear,ETTh1,720,2161,1080,1081,1000000000,2.0,1440,True,True,,,,9.36280494809607
DLinear__ETTh2__h96__s2021,DLinear,ETTh2,96,2785,192,2593,50,0.0,0,False,False,19.74372365867608,6.099028103921837,6.099028103921837,23.942325064299233
DLinear__ETTh2__h96__s2021,DLinear,ETTh2,96,2785,192,2593,50,0.125,12,False,False,17.493386743162443,3.4661022681694744,3.4661022681694744,23.942325064299233
DLinear__ETTh2__h96__s2021,DLinear,ETTh2,96,2785,192,2593,50,0.25,24,False,False,15.792258299555607,1.4757580676063615,1.4757580676063615,23.942325064299233
DLinear__ETTh2__h96__s2021,DLinear,ETTh2,96,2785,192,2593,50,0.5,48,False,False,13.837627582688697,-0.8111873574609791,-0.8111873574609791,23.942325064299233
DLinear__ETTh2__h96__s2021,DLinear,ETTh2,96,2785,192,2593,50,1.0,96,True,False,11.135586614245458,-3.972613287076379,-3.972613287076379,23.942325064299233
DLinear__ETTh2__h96__s2021,DLinear,ETTh2,96,2785,192,2593,50,2.0,192,True,False,9.165217227467744,-6.277973177259079,-6.277973177259079,23.942325064299233
DLinear__ETTh2__h96__s2021,DLinear,ETTh2,96,2785,192,2593,200,0.0,0,False,False,14.641537316760568,0.12939833611172052,0.12939833611172052,23.942325064299233
DLinear__ETTh2__h96__s2021,DLinear,ETTh2,96,2785,192,2593,200,0.125,12,False,False,13.23708336198883,-1.5138325406297186,-1.5138325406297186,23.942325064299233
DLinear__ETTh2__h96__s2021,DLinear,ETTh2,96,2785,192,2593,200,0.25,24,False,False,11.894772525580372,-3.084355095019544,-3.084355095019544,23.942325064299233
DLinear__ETTh2__h96__s2021,DLinear,ETTh2,96,2785,192,2593,200,0.5,48,False,False,10.542726379529284,-4.666268098590744,-4.666268098590744,23.942325064299233
DLinear__ETTh2__h96__s2021,DLinear,ETTh2,96,2785,192,2593,200,1.0,96,True,False,9.253083880198735,-6.175167957968747,-6.175167957968747,23.942325064299233
DLinear__ETTh2__h96__s2021,DLinear,ETTh2,96,2785,192,2593,200,2.0,192,True,False,10.997480667410986,-4.134199186940857,-4.134199186940857,23.942325064299233
DLinear__ETTh2__h96__s2021,DLinear,ETTh2,96,2785,192,2593,1000,0.0,0,False,False,14.726418066548867,0.22871000697085195,0.22871000697085195,23.942325064299233
DLinear__ETTh2__h96__s2021,DLinear,ETTh2,96,2785,192,2593,1000,0.125,12,False,False,14.010301578297987,-0.6091563544284733,-0.6091563544284733,23.942325064299233
DLinear__ETTh2__h96__s2021,DLinear,ETTh2,96,2785,192,2593,1000,0.25,24,False,False,13.657098192468991,-1.022409282651499,-1.022409282651499,23.942325064299233
DLinear__ETTh2__h96__s2021,DLinear,ETTh2,96,2785,192,2593,1000,0.5,48,False,False,13.879674416313463,-0.7619919708506329,-0.7619919708506329,23.942325064299233
DLinear__ETTh2__h96__s2021,DLinear,ETTh2,96,2785,192,2593,1000,1.0,96,True,False,14.070543030230427,-0.5386730085424888,-0.5386730085424888,23.942325064299233
DLinear__ETTh2__h96__s2021,DLinear,ETTh2,96,2785,192,2593,1000,2.0,192,True,False,14.185910003953685,-0.4036920269772436,-0.4036920269772436,23.942325064299233
DLinear__ETTh2__h96__s2021,DLinear,ETTh2,96,2785,192,2593,3000,0.0,0,False,False,14.548233571377898,0.020231641961648433,0.020231641961648433,23.942325064299233
DLinear__ETTh2__h96__s2021,DLinear,ETTh2,96,2785,192,2593,3000,0.125,12,False,False,14.20353011478249,-0.38307624953069713,-0.38307624953069713,23.942325064299233
DLinear__ETTh2__h96__s2021,DLinear,ETTh2,96,2785,192,2593,3000,0.25,24,False,False,14.098859805874083,-0.5055419828443346,-0.5055419828443346,23.942325064299233
DLinear__ETTh2__h96__s2021,DLinear,ETTh2,96,2785,192,2593,3000,0.5,48,False,False,14.346213182955529,-0.21613505333587804,-0.21613505333587804,23.942325064299233
DLinear__ETTh2__h96__s2021,DLinear,ETTh2,96,2785,192,2593,3000,1.0,96,True,False,14.40008181378467,-0.15310799775638714,-0.15310799775638714,23.942325064299233
DLinear__ETTh2__h96__s2021,DLinear,ETTh2,96,2785,192,2593,3000,2.0,192,True,False,14.098117075827496,-0.5064109874432301,-0.5064109874432301,23.942325064299233
DLinear__ETTh2__h96__s2021,DLinear,ETTh2,96,2785,192,2593,1000000000,0.0,0,False,False,14.548233571377898,0.020231641961648433,0.020231641961648433,23.942325064299233
DLinear__ETTh2__h96__s2021,DLinear,ETTh2,96,2785,192,2593,1000000000,0.125,12,False,False,14.20353011478249,-0.38307624953069713,-0.38307624953069713,23.942325064299233
DLinear__ETTh2__h96__s2021,DLinear,ETTh2,96,2785,192,2593,1000000000,0.25,24,False,False,14.098859805874083,-0.5055419828443346,-0.5055419828443346,23.942325064299233
DLinear__ETTh2__h96__s2021,DLinear,ETTh2,96,2785,192,2593,1000000000,0.5,48,False,False,14.346213182955529,-0.21613505333587804,-0.21613505333587804,23.942325064299233
DLinear__ETTh2__h96__s2021,DLinear,ETTh2,96,2785,192,2593,1000000000,1.0,96,True,False,14.40008181378467,-0.15310799775638714,-0.15310799775638714,23.942325064299233
DLinear__ETTh2__h96__s2021,DLinear,ETTh2,96,2785,192,2593,1000000000,2.0,192,True,False,14.098117075827496,-0.5064109874432301,-0.5064109874432301,23.942325064299233
DLinear__ETTh2__h192__s2021,DLinear,ETTh2,192,2689,384,2305,50,0.0,0,False,False,24.794146134225247,8.889632175351638,8.889632175351638,27.205158941281326
DLinear__ETTh2__h192__s2021,DLinear,ETTh2,192,2689,384,2305,50,0.125,24,False,False,21.966134833683558,5.463553797670006,5.463553797670006,27.205158941281326
DLinear__ETTh2__h192__s2021,DLinear,ETTh2,192,2689,384,2305,50,0.25,48,False,False,20.370151369691946,3.5300521754976564,3.5300521754976564,27.205158941281326
DLinear__ETTh2__h192__s2021,DLinear,ETTh2,192,2689,384,2305,50,0.5,96,False,False,13.83233381534586,-4.390381295147289,-4.390381295147289,27.205158941281326
DLinear__ETTh2__h192__s2021,DLinear,ETTh2,192,2689,384,2305,50,1.0,192,True,False,6.5955385502585155,-13.157612096762353,-13.157612096762353,27.205158941281326
DLinear__ETTh2__h192__s2021,DLinear,ETTh2,192,2689,384,2305,50,2.0,384,True,False,18.070113243355,0.7436025983771551,0.7436025983771551,27.205158941281326
DLinear__ETTh2__h192__s2021,DLinear,ETTh2,192,2689,384,2305,200,0.0,0,False,False,18.23205656260723,0.9397936476822923,0.9397936476822923,27.205158941281326
DLinear__ETTh2__h192__s2021,DLinear,ETTh2,192,2689,384,2305,200,0.125,24,False,False,15.187326013838247,-2.748835707160122,-2.748835707160122,27.205158941281326
DLinear__ETTh2__h192__s2021,DLinear,ETTh2,192,2689,384,2305,200,0.25,48,False,False,13.20178973753992,-5.154272666703104,-5.154272666703104,27.205158941281326
DLinear__ETTh2__h192__s2021,DLinear,ETTh2,192,2689,384,2305,200,0.5,96,False,False,9.95103921677915,-9.092491042380207,-9.092491042380207,27.205158941281326
DLinear__ETTh2__h192__s2021,DLinear,ETTh2,192,2689,384,2305,200,1.0,192,True,False,10.58876950359597,-8.319893724244562,-8.319893724244562,27.205158941281326
DLinear__ETTh2__h192__s2021,DLinear,ETTh2,192,2689,384,2305,200,2.0,384,True,False,20.15902241034628,3.2742737200232908,3.2742737200232908,27.205158941281326
DLinear__ETTh2__h192__s2021,DLinear,ETTh2,192,2689,384,2305,1000,0.0,0,False,False,17.45710372671343,0.0009539923137794579,0.0009539923137794579,27.205158941281326
DLinear__ETTh2__h192__s2021,DLinear,ETTh2,192,2689,384,2305,1000,0.125,24,False,False,17.398748556662255,-0.06974211356810293,-0.06974211356810293,27.205158941281326
DLinear__ETTh2__h192__s2021,DLinear,ETTh2,192,2689,384,2305,1000,0.25,48,False,False,17.47817853435734,0.02648569466899207,0.02648569466899207,27.205158941281326
DLinear__ETTh2__h192__s2021,DLinear,ETTh2,192,2689,384,2305,1000,0.5,96,False,False,17.4577979071846,0.0017949778862302883,0.0017949778862302883,27.205158941281326
DLinear__ETTh2__h192__s2021,DLinear,ETTh2,192,2689,384,2305,1000,1.0,192,True,False,17.45657329154748,0.0003113808601133557,0.0003113808601133557,27.205158941281326
DLinear__ETTh2__h192__s2021,DLinear,ETTh2,192,2689,384,2305,1000,2.0,384,True,False,17.462948599866657,0.008034937685792842,0.008034937685792842,27.205158941281326
DLinear__ETTh2__h192__s2021,DLinear,ETTh2,192,2689,384,2305,3000,0.0,0,False,False,17.461924735889394,0.0067945472271251925,0.0067945472271251925,27.205158941281326
DLinear__ETTh2__h192__s2021,DLinear,ETTh2,192,2689,384,2305,3000,0.125,24,False,False,17.409040975712607,-0.05727305647639697,-0.05727305647639697,27.205158941281326
DLinear__ETTh2__h192__s2021,DLinear,ETTh2,192,2689,384,2305,3000,0.25,48,False,False,17.473766239754124,0.021140289177454873,0.021140289177454873,27.205158941281326
DLinear__ETTh2__h192__s2021,DLinear,ETTh2,192,2689,384,2305,3000,0.5,96,False,False,17.45772194964478,0.001702956866110669,0.001702956866110669,27.205158941281326
DLinear__ETTh2__h192__s2021,DLinear,ETTh2,192,2689,384,2305,3000,1.0,192,True,False,17.455701622963442,-0.0007446279640744877,-0.0007446279640744877,27.205158941281326
DLinear__ETTh2__h192__s2021,DLinear,ETTh2,192,2689,384,2305,3000,2.0,384,True,False,17.463147357082942,0.008275728025277665,0.008275728025277665,27.205158941281326
DLinear__ETTh2__h192__s2021,DLinear,ETTh2,192,2689,384,2305,1000000000,0.0,0,False,False,17.461924735889394,0.0067945472271251925,0.0067945472271251925,27.205158941281326
DLinear__ETTh2__h192__s2021,DLinear,ETTh2,192,2689,384,2305,1000000000,0.125,24,False,False,17.409040975712607,-0.05727305647639697,-0.05727305647639697,27.205158941281326
DLinear__ETTh2__h192__s2021,DLinear,ETTh2,192,2689,384,2305,1000000000,0.25,48,False,False,17.473766239754124,0.021140289177454873,0.021140289177454873,27.205158941281326
DLinear__ETTh2__h192__s2021,DLinear,ETTh2,192,2689,384,2305,1000000000,0.5,96,False,False,17.45772194964478,0.001702956866110669,0.001702956866110669,27.205158941281326
DLinear__ETTh2__h192__s2021,DLinear,ETTh2,192,2689,384,2305,1000000000,1.0,192,True,False,17.455701622963442,-0.0007446279640744877,-0.0007446279640744877,27.205158941281326
DLinear__ETTh2__h192__s2021,DLinear,ETTh2,192,2689,384,2305,1000000000,2.0,384,True,False,17.463147357082942,0.008275728025277665,0.008275728025277665,27.205158941281326
DLinear__ETTh2__h336__s2021,DLinear,ETTh2,336,2545,672,1873,50,0.0,0,False,False,29.020376301233053,7.3071052806243895,7.3071052806243895,30.889261256494517
DLinear__ETTh2__h336__s2021,DLinear,ETTh2,336,2545,672,1873,50,0.125,42,False,False,25.952291746279446,3.3004675468236497,3.3004675468236497,30.889261256494517
DLinear__ETTh2__h336__s2021,DLinear,ETTh2,336,2545,672,1873,50,0.25,84,False,False,22.933513172580664,-0.6417810863968337,-0.6417810863968337,30.889261256494517
DLinear__ETTh2__h336__s2021,DLinear,ETTh2,336,2545,672,1873,50,0.5,168,False,False,17.396012791194195,-7.8732499659546615,-7.8732499659546615,30.889261256494517
DLinear__ETTh2__h336__s2021,DLinear,ETTh2,336,2545,672,1873,50,1.0,336,True,False,16.089207617679715,-9.579817964700155,-9.579817964700155,30.889261256494517
DLinear__ETTh2__h336__s2021,DLinear,ETTh2,336,2545,672,1873,50,2.0,672,True,False,18.974304868862852,-5.8121449083589996,-5.8121449083589996,30.889261256494517
DLinear__ETTh2__h336__s2021,DLinear,ETTh2,336,2545,672,1873,200,0.0,0,False,False,23.422603878836373,-0.0030733702840337143,-0.0030733702840337143,30.889261256494517
DLinear__ETTh2__h336__s2021,DLinear,ETTh2,336,2545,672,1873,200,0.125,42,False,False,20.384992464283574,-3.969915970668339,-3.969915970668339,30.889261256494517
DLinear__ETTh2__h336__s2021,DLinear,ETTh2,336,2545,672,1873,200,0.25,84,False,False,18.10313244051366,-6.949816397378137,-6.949816397378137,30.889261256494517
DLinear__ETTh2__h336__s2021,DLinear,ETTh2,336,2545,672,1873,200,0.5,168,False,False,14.951840585850045,-11.065115252075147,-11.065115252075147,30.889261256494517
DLinear__ETTh2__h336__s2021,DLinear,ETTh2,336,2545,672,1873,200,1.0,336,True,False,21.755714428458393,-2.179878490982469,-2.179878490982469,30.889261256494517
DLinear__ETTh2__h336__s2021,DLinear,ETTh2,336,2545,672,1873,200,2.0,672,True,False,17.480889928956937,-7.76240818933278,-7.76240818933278,30.889261256494517
DLinear__ETTh2__h336__s2021,DLinear,ETTh2,336,2545,672,1873,1000,0.0,0,False,False,23.437603327059755,0.016514536816165132,0.016514536816165132,30.889261256494517
DLinear__ETTh2__h336__s2021,DLinear,ETTh2,336,2545,672,1873,1000,0.125,42,False,False,23.34253433701656,-0.10763686644499657,-0.10763686644499657,30.889261256494517
DLinear__ETTh2__h336__s2021,DLinear,ETTh2,336,2545,672,1873,1000,0.25,84,False,False,23.38547490396733,-0.05156041458255582,-0.05156041458255582,30.889261256494517
DLinear__ETTh2__h336__s2021,DLinear,ETTh2,336,2545,672,1873,1000,0.5,168,False,False,23.340816255225374,-0.10988052407927018,-0.10988052407927018,30.889261256494517
DLinear__ETTh2__h336__s2021,DLinear,ETTh2,336,2545,672,1873,1000,1.0,336,True,False,23.139661120329052,-0.3725707268385522,-0.3725707268385522,30.889261256494517
DLinear__ETTh2__h336__s2021,DLinear,ETTh2,336,2545,672,1873,1000,2.0,672,True,False,23.332486570935473,-0.12075832969016195,-0.12075832969016195,30.889261256494517
DLinear__ETTh2__h336__s2021,DLinear,ETTh2,336,2545,672,1873,3000,0.0,0,False,False,23.434873480142898,0.012949606492812165,0.012949606492812165,30.889261256494517
DLinear__ETTh2__h336__s2021,DLinear,ETTh2,336,2545,672,1873,3000,0.125,42,False,False,23.34322875544119,-0.10673001951384699,-0.10673001951384699,30.889261256494517
DLinear__ETTh2__h336__s2021,DLinear,ETTh2,336,2545,672,1873,3000,0.25,84,False,False,23.413817474293914,-0.014547610760035851,-0.014547610760035851,30.889261256494517
DLinear__ETTh2__h336__s2021,DLinear,ETTh2,336,2545,672,1873,3000,0.5,168,False,False,23.379604269312978,-0.05922692634459455,-0.05922692634459455,30.889261256494517
DLinear__ETTh2__h336__s2021,DLinear,ETTh2,336,2545,672,1873,3000,1.0,336,True,False,23.22854348124675,-0.2564984952088341,-0.2564984952088341,30.889261256494517
DLinear__ETTh2__h336__s2021,DLinear,ETTh2,336,2545,672,1873,3000,2.0,672,True,False,23.292781254309702,-0.17260984061689763,-0.17260984061689763,30.889261256494517
DLinear__ETTh2__h336__s2021,DLinear,ETTh2,336,2545,672,1873,1000000000,0.0,0,False,False,23.434873480142898,0.012949606492812165,0.012949606492812165,30.889261256494517
DLinear__ETTh2__h336__s2021,DLinear,ETTh2,336,2545,672,1873,1000000000,0.125,42,False,False,23.34322875544119,-0.10673001951384699,-0.10673001951384699,30.889261256494517
DLinear__ETTh2__h336__s2021,DLinear,ETTh2,336,2545,672,1873,1000000000,0.25,84,False,False,23.413817474293914,-0.014547610760035851,-0.014547610760035851,30.889261256494517
DLinear__ETTh2__h336__s2021,DLinear,ETTh2,336,2545,672,1873,1000000000,0.5,168,False,False,23.379604269312978,-0.05922692634459455,-0.05922692634459455,30.889261256494517
DLinear__ETTh2__h336__s2021,DLinear,ETTh2,336,2545,672,1873,1000000000,1.0,336,True,False,23.22854348124675,-0.2564984952088341,-0.2564984952088341,30.889261256494517
DLinear__ETTh2__h336__s2021,DLinear,ETTh2,336,2545,672,1873,1000000000,2.0,672,True,False,23.292781254309702,-0.17260984061689763,-0.17260984061689763,30.889261256494517
DLinear__ETTh2__h720__s2021,DLinear,ETTh2,720,2161,1080,1081,50,0.0,0,False,False,38.450680187624606,4.778988595199354,4.778988595199354,39.793449447739434
DLinear__ETTh2__h720__s2021,DLinear,ETTh2,720,2161,1080,1081,50,0.125,90,False,False,35.670612696108485,0.47803386291738376,0.47803386291738376,39.793449447739434
DLinear__ETTh2__h720__s2021,DLinear,ETTh2,720,2161,1080,1081,50,0.25,180,False,False,33.28839420211565,-3.2074212335272367,-3.2074212335272367,39.793449447739434
DLinear__ETTh2__h720__s2021,DLinear,ETTh2,720,2161,1080,1081,50,0.5,360,False,False,30.742660417829637,-7.145845678281955,-7.145845678281955,39.793449447739434
DLinear__ETTh2__h720__s2021,DLinear,ETTh2,720,2161,1080,1081,50,1.0,720,True,False,22.47299454762703,-19.939584919282066,-19.939584919282066,39.793449447739434
DLinear__ETTh2__h720__s2021,DLinear,ETTh2,720,2161,1080,1081,50,2.0,1440,True,True,,,,39.793449447739434
DLinear__ETTh2__h720__s2021,DLinear,ETTh2,720,2161,1080,1081,200,0.0,0,False,False,35.879213763530295,0.8007539950094371,0.8007539950094371,39.793449447739434
DLinear__ETTh2__h720__s2021,DLinear,ETTh2,720,2161,1080,1081,200,0.125,90,False,False,32.673937383535815,-4.158027997470452,-4.158027997470452,39.793449447739434
DLinear__ETTh2__h720__s2021,DLinear,ETTh2,720,2161,1080,1081,200,0.25,180,False,False,31.248099593432553,-6.363896671351719,-6.363896671351719,39.793449447739434
DLinear__ETTh2__h720__s2021,DLinear,ETTh2,720,2161,1080,1081,200,0.5,360,False,False,31.188167305089188,-6.456616024372283,-6.456616024372283,39.793449447739434
DLinear__ETTh2__h720__s2021,DLinear,ETTh2,720,2161,1080,1081,200,1.0,720,True,False,23.526253371477672,-18.310121412880758,-18.310121412880758,39.793449447739434
DLinear__ETTh2__h720__s2021,DLinear,ETTh2,720,2161,1080,1081,200,2.0,1440,True,True,,,,39.793449447739434
DLinear__ETTh2__h720__s2021,DLinear,ETTh2,720,2161,1080,1081,1000,0.0,0,False,False,35.35743985411229,-0.006465963405591507,-0.006465963405591507,39.793449447739434
DLinear__ETTh2__h720__s2021,DLinear,ETTh2,720,2161,1080,1081,1000,0.125,90,False,False,35.22482418716228,-0.2116314790213128,-0.2116314790213128,39.793449447739434
DLinear__ETTh2__h720__s2021,DLinear,ETTh2,720,2161,1080,1081,1000,0.25,180,False,False,35.43929850964437,0.12017498073094274,0.12017498073094274,39.793449447739434
DLinear__ETTh2__h720__s2021,DLinear,ETTh2,720,2161,1080,1081,1000,0.5,360,False,False,34.69641295091046,-1.0291198364384233,-1.0291198364384233,39.793449447739434
DLinear__ETTh2__h720__s2021,DLinear,ETTh2,720,2161,1080,1081,1000,1.0,720,True,False,35.493399253995044,0.2038725359684086,0.2038725359684086,39.793449447739434
DLinear__ETTh2__h720__s2021,DLinear,ETTh2,720,2161,1080,1081,1000,2.0,1440,True,True,,,,39.793449447739434
DLinear__ETTh2__h720__s2021,DLinear,ETTh2,720,2161,1080,1081,3000,0.0,0,False,False,35.30432796688488,-0.08863368897638392,-0.08863368897638392,39.793449447739434
DLinear__ETTh2__h720__s2021,DLinear,ETTh2,720,2161,1080,1081,3000,0.125,90,False,False,35.36156447719171,-8.488913079695902e-05,-8.488913079695902e-05,39.793449447739434
DLinear__ETTh2__h720__s2021,DLinear,ETTh2,720,2161,1080,1081,3000,0.25,180,False,False,35.3917714051358,0.046647296359408306,0.046647296359408306,39.793449447739434
DLinear__ETTh2__h720__s2021,DLinear,ETTh2,720,2161,1080,1081,3000,0.5,360,False,False,34.71518510951686,-1.00007802193582,-1.00007802193582,39.793449447739434
DLinear__ETTh2__h720__s2021,DLinear,ETTh2,720,2161,1080,1081,3000,1.0,720,True,False,35.17189071426954,-0.2935231854021483,-0.2935231854021483,39.793449447739434
DLinear__ETTh2__h720__s2021,DLinear,ETTh2,720,2161,1080,1081,3000,2.0,1440,True,True,,,,39.793449447739434
DLinear__ETTh2__h720__s2021,DLinear,ETTh2,720,2161,1080,1081,1000000000,0.0,0,False,False,35.30432796688488,-0.08863368897638392,-0.08863368897638392,39.793449447739434
DLinear__ETTh2__h720__s2021,DLinear,ETTh2,720,2161,1080,1081,1000000000,0.125,90,False,False,35.36156447719171,-8.488913079695902e-05,-8.488913079695902e-05,39.793449447739434
DLinear__ETTh2__h720__s2021,DLinear,ETTh2,720,2161,1080,1081,1000000000,0.25,180,False,False,35.3917714051358,0.046647296359408306,0.046647296359408306,39.793449447739434
DLinear__ETTh2__h720__s2021,DLinear,ETTh2,720,2161,1080,1081,1000000000,0.5,360,False,False,34.71518510951686,-1.00007802193582,-1.00007802193582,39.793449447739434
DLinear__ETTh2__h720__s2021,DLinear,ETTh2,720,2161,1080,1081,1000000000,1.0,720,True,False,35.17189071426954,-0.2935231854021483,-0.2935231854021483,39.793449447739434
DLinear__ETTh2__h720__s2021,DLinear,ETTh2,720,2161,1080,1081,1000000000,2.0,1440,True,True,,,,39.793449447739434
DLinear__ETTm1__h96__s2021,DLinear,ETTm1,96,11425,192,11233,50,0.0,0,False,False,3.351555806343694,2.4727586280561122,2.4727586280561122,5.581204456262061
DLinear__ETTm1__h96__s2021,DLinear,ETTm1,96,11425,192,11233,50,0.125,12,False,False,1.9597732364888478,1.068320969902819,1.068320969902819,5.581204456262061
DLinear__ETTm1__h96__s2021,DLinear,ETTm1,96,11425,192,11233,50,0.25,24,False,False,1.1611808501743284,0.26246720714763055,0.26246720714763055,5.581204456262061
DLinear__ETTm1__h96__s2021,DLinear,ETTm1,96,11425,192,11233,50,0.5,48,False,False,-0.38470260604649714,-1.2974725334823494,-1.2974725334823494,5.581204456262061
DLinear__ETTm1__h96__s2021,DLinear,ETTm1,96,11425,192,11233,50,1.0,96,True,False,-1.9256717764979128,-2.8524533041216316,-2.8524533041216316,5.581204456262061
DLinear__ETTm1__h96__s2021,DLinear,ETTm1,96,11425,192,11233,50,2.0,192,True,False,-2.027865656753418,-2.9555764046491864,-2.9555764046491864,5.581204456262061
DLinear__ETTm1__h96__s2021,DLinear,ETTm1,96,11425,192,11233,200,0.0,0,False,False,1.1783335625509987,0.27977588432396583,0.27977588432396583,5.581204456262061
DLinear__ETTm1__h96__s2021,DLinear,ETTm1,96,11425,192,11233,200,0.125,12,False,False,0.7849034150555176,-0.117231613084976,-0.117231613084976,5.581204456262061
DLinear__ETTm1__h96__s2021,DLinear,ETTm1,96,11425,192,11233,200,0.25,24,False,False,0.5475385154753315,-0.35675480507965374,-0.35675480507965374,5.581204456262061
DLinear__ETTm1__h96__s2021,DLinear,ETTm1,96,11425,192,11233,200,0.5,48,False,False,0.2313948950308069,-0.675773030737932,-0.675773030737932,5.581204456262061
DLinear__ETTm1__h96__s2021,DLinear,ETTm1,96,11425,192,11233,200,1.0,96,True,False,-0.055178149094372485,-0.9649518031254917,-0.9649518031254917,5.581204456262061
DLinear__ETTm1__h96__s2021,DLinear,ETTm1,96,11425,192,11233,200,2.0,192,True,False,-0.06393683688255068,-0.9737901312035677,-0.9737901312035677,5.581204456262061
DLinear__ETTm1__h96__s2021,DLinear,ETTm1,96,11425,192,11233,1000,0.0,0,False,False,0.7639962241864106,-0.13832890717297067,-0.13832890717297067,5.581204456262061
DLinear__ETTm1__h96__s2021,DLinear,ETTm1,96,11425,192,11233,1000,0.125,12,False,False,0.628318598930292,-0.27524021099708496,-0.27524021099708496,5.581204456262061
DLinear__ETTm1__h96__s2021,DLinear,ETTm1,96,11425,192,11233,1000,0.25,24,False,False,0.546979185290585,-0.357319221096792,-0.357319221096792,5.581204456262061
DLinear__ETTm1__h96__s2021,DLinear,ETTm1,96,11425,192,11233,1000,0.5,48,False,False,0.4655366341186531,-0.4395023065293585,-0.4395023065293585,5.581204456262061
DLinear__ETTm1__h96__s2021,DLinear,ETTm1,96,11425,192,11233,1000,1.0,96,True,False,0.40011070886055705,-0.5055231313637836,-0.5055231313637836,5.581204456262061
DLinear__ETTm1__h96__s2021,DLinear,ETTm1,96,11425,192,11233,1000,2.0,192,True,False,0.5826400602416623,-0.32133409181814915,-0.32133409181814915,5.581204456262061
DLinear__ETTm1__h96__s2021,DLinear,ETTm1,96,11425,192,11233,3000,0.0,0,False,False,0.9755056025627321,0.07510366661998923,0.07510366661998923,5.581204456262061
DLinear__ETTm1__h96__s2021,DLinear,ETTm1,96,11425,192,11233,3000,0.125,12,False,False,0.8906695253523984,-0.010503801230839837,-0.010503801230839837,5.581204456262061
DLinear__ETTm1__h96__s2021,DLinear,ETTm1,96,11425,192,11233,3000,0.25,24,False,False,0.8154808932461907,-0.08637610246680456,-0.08637610246680456,5.581204456262061
DLinear__ETTm1__h96__s2021,DLinear,ETTm1,96,11425,192,11233,3000,0.5,48,False,False,0.7200296345153118,-0.18269527270455274,-0.18269527270455274,5.581204456262061
DLinear__ETTm1__h96__s2021,DLinear,ETTm1,96,11425,192,11233,3000,1.0,96,True,False,0.5579420756301839,-0.34625664827211333,-0.34625664827211333,5.581204456262061
DLinear__ETTm1__h96__s2021,DLinear,ETTm1,96,11425,192,11233,3000,2.0,192,True,False,0.5301307647171959,-0.3743208396298795,-0.3743208396298795,5.581204456262061
DLinear__ETTm1__h96__s2021,DLinear,ETTm1,96,11425,192,11233,1000000000,0.0,0,False,False,0.9022965827367619,0.0012289777231404156,0.0012289777231404156,5.581204456262061
DLinear__ETTm1__h96__s2021,DLinear,ETTm1,96,11425,192,11233,1000000000,0.125,12,False,False,0.8542940947605466,-0.04720998340415594,-0.04720998340415594,5.581204456262061
DLinear__ETTm1__h96__s2021,DLinear,ETTm1,96,11425,192,11233,1000000000,0.25,24,False,False,0.8101674913390509,-0.09173781764625881,-0.09173781764625881,5.581204456262061
DLinear__ETTm1__h96__s2021,DLinear,ETTm1,96,11425,192,11233,1000000000,0.5,48,False,False,0.7794752033803285,-0.12270918196547875,-0.12270918196547875,5.581204456262061
DLinear__ETTm1__h96__s2021,DLinear,ETTm1,96,11425,192,11233,1000000000,1.0,96,True,False,0.7380880874012923,-0.16447261937465577,-0.16447261937465577,5.581204456262061
DLinear__ETTm1__h96__s2021,DLinear,ETTm1,96,11425,192,11233,1000000000,2.0,192,True,False,0.7825951667940885,-0.11956084960002743,-0.11956084960002743,5.581204456262061
DLinear__ETTm1__h192__s2021,DLinear,ETTm1,192,11329,384,10945,50,0.0,0,False,False,2.3980640612255044,2.3980640612255044,2.3980640612255044,3.898661182849238
DLinear__ETTm1__h192__s2021,DLinear,ETTm1,192,11329,384,10945,50,0.125,24,False,False,1.0125367652583408,1.0125367652583408,1.0125367652583408,3.898661182849238
DLinear__ETTm1__h192__s2021,DLinear,ETTm1,192,11329,384,10945,50,0.25,48,False,False,0.038790504397481496,0.038790504397481496,0.038790504397481496,3.898661182849238
DLinear__ETTm1__h192__s2021,DLinear,ETTm1,192,11329,384,10945,50,0.5,96,False,False,-1.4061055865761105,-1.4061055865761105,-1.4061055865761105,3.898661182849238
DLinear__ETTm1__h192__s2021,DLinear,ETTm1,192,11329,384,10945,50,1.0,192,True,False,-1.9333301301565355,-1.9333301301565355,-1.9333301301565355,3.898661182849238
DLinear__ETTm1__h192__s2021,DLinear,ETTm1,192,11329,384,10945,50,2.0,384,True,False,-1.7407633671692475,-1.7407633671692475,-1.7407633671692475,3.898661182849238
DLinear__ETTm1__h192__s2021,DLinear,ETTm1,192,11329,384,10945,200,0.0,0,False,False,0.33523438979533854,0.33523438979533854,0.33523438979533854,3.898661182849238
DLinear__ETTm1__h192__s2021,DLinear,ETTm1,192,11329,384,10945,200,0.125,24,False,False,-0.5915343075205111,-0.5915343075205111,-0.5915343075205111,3.898661182849238
DLinear__ETTm1__h192__s2021,DLinear,ETTm1,192,11329,384,10945,200,0.25,48,False,False,-1.1307973416964863,-1.1307973416964863,-1.1307973416964863,3.898661182849238
DLinear__ETTm1__h192__s2021,DLinear,ETTm1,192,11329,384,10945,200,0.5,96,False,False,-1.4358522016917328,-1.4358522016917328,-1.4358522016917328,3.898661182849238
DLinear__ETTm1__h192__s2021,DLinear,ETTm1,192,11329,384,10945,200,1.0,192,True,False,-1.1985236666438523,-1.1985236666438523,-1.1985236666438523,3.898661182849238
DLinear__ETTm1__h192__s2021,DLinear,ETTm1,192,11329,384,10945,200,2.0,384,True,False,-1.502637942829935,-1.502637942829935,-1.502637942829935,3.898661182849238
DLinear__ETTm1__h192__s2021,DLinear,ETTm1,192,11329,384,10945,1000,0.0,0,False,False,-0.012315954408598806,-0.012315954408598806,-0.012315954408598806,3.898661182849238
DLinear__ETTm1__h192__s2021,DLinear,ETTm1,192,11329,384,10945,1000,0.125,24,False,False,-0.0966384256703815,-0.0966384256703815,-0.0966384256703815,3.898661182849238
DLinear__ETTm1__h192__s2021,DLinear,ETTm1,192,11329,384,10945,1000,0.25,48,False,False,-0.12686644909337244,-0.12686644909337244,-0.12686644909337244,3.898661182849238
DLinear__ETTm1__h192__s2021,DLinear,ETTm1,192,11329,384,10945,1000,0.5,96,False,False,-0.10868700232616184,-0.10868700232616184,-0.10868700232616184,3.898661182849238
DLinear__ETTm1__h192__s2021,DLinear,ETTm1,192,11329,384,10945,1000,1.0,192,True,False,-0.11281308491241829,-0.11281308491241829,-0.11281308491241829,3.898661182849238
DLinear__ETTm1__h192__s2021,DLinear,ETTm1,192,11329,384,10945,1000,2.0,384,True,False,-0.11733422461341746,-0.11733422461341746,-0.11733422461341746,3.898661182849238
DLinear__ETTm1__h192__s2021,DLinear,ETTm1,192,11329,384,10945,3000,0.0,0,False,False,0.07769039397932315,0.07769039397932315,0.07769039397932315,3.898661182849238
DLinear__ETTm1__h192__s2021,DLinear,ETTm1,192,11329,384,10945,3000,0.125,24,False,False,0.05358433072866355,0.05358433072866355,0.05358433072866355,3.898661182849238
DLinear__ETTm1__h192__s2021,DLinear,ETTm1,192,11329,384,10945,3000,0.25,48,False,False,0.01939968703044076,0.01939968703044076,0.01939968703044076,3.898661182849238
DLinear__ETTm1__h192__s2021,DLinear,ETTm1,192,11329,384,10945,3000,0.5,96,False,False,0.004514650808517966,0.004514650808517966,0.004514650808517966,3.898661182849238
DLinear__ETTm1__h192__s2021,DLinear,ETTm1,192,11329,384,10945,3000,1.0,192,True,False,-0.029624531691482433,-0.029624531691482433,-0.029624531691482433,3.898661182849238
DLinear__ETTm1__h192__s2021,DLinear,ETTm1,192,11329,384,10945,3000,2.0,384,True,False,-0.13619599493726306,-0.13619599493726306,-0.13619599493726306,3.898661182849238
DLinear__ETTm1__h192__s2021,DLinear,ETTm1,192,11329,384,10945,1000000000,0.0,0,False,False,0.0019679251892662647,0.0019679251892662647,0.0019679251892662647,3.898661182849238
DLinear__ETTm1__h192__s2021,DLinear,ETTm1,192,11329,384,10945,1000000000,0.125,24,False,False,-0.10763945314272795,-0.10763945314272795,-0.10763945314272795,3.898661182849238
DLinear__ETTm1__h192__s2021,DLinear,ETTm1,192,11329,384,10945,1000000000,0.25,48,False,False,-0.19384829306444382,-0.19384829306444382,-0.19384829306444382,3.898661182849238
DLinear__ETTm1__h192__s2021,DLinear,ETTm1,192,11329,384,10945,1000000000,0.5,96,False,False,-0.2941173813090861,-0.2941173813090861,-0.2941173813090861,3.898661182849238
DLinear__ETTm1__h192__s2021,DLinear,ETTm1,192,11329,384,10945,1000000000,1.0,192,True,False,-0.21398440116137368,-0.21398440116137368,-0.21398440116137368,3.898661182849238
DLinear__ETTm1__h192__s2021,DLinear,ETTm1,192,11329,384,10945,1000000000,2.0,384,True,False,0.017544355038171398,0.017544355038171398,0.017544355038171398,3.898661182849238
DLinear__ETTm1__h336__s2021,DLinear,ETTm1,336,11185,672,10513,50,0.0,0,False,False,2.4301675334787154,2.4301675334787154,2.4301675334787154,3.754411358572253
DLinear__ETTm1__h336__s2021,DLinear,ETTm1,336,11185,672,10513,50,0.125,42,False,False,0.7924533044473547,0.7924533044473547,0.7924533044473547,3.754411358572253
DLinear__ETTm1__h336__s2021,DLinear,ETTm1,336,11185,672,10513,50,0.25,84,False,False,-0.25817871031726763,-0.25817871031726763,-0.25817871031726763,3.754411358572253
DLinear__ETTm1__h336__s2021,DLinear,ETTm1,336,11185,672,10513,50,0.5,168,False,False,-1.2848768984084185,-1.2848768984084185,-1.2848768984084185,3.754411358572253
DLinear__ETTm1__h336__s2021,DLinear,ETTm1,336,11185,672,10513,50,1.0,336,True,False,-1.9260137164165114,-1.9260137164165114,-1.9260137164165114,3.754411358572253
DLinear__ETTm1__h336__s2021,DLinear,ETTm1,336,11185,672,10513,50,2.0,672,True,False,-3.020817715847483,-3.020817715847483,-3.020817715847483,3.754411358572253
DLinear__ETTm1__h336__s2021,DLinear,ETTm1,336,11185,672,10513,200,0.0,0,False,False,0.6862483256086113,0.6862483256086113,0.6862483256086113,3.754411358572253
DLinear__ETTm1__h336__s2021,DLinear,ETTm1,336,11185,672,10513,200,0.125,42,False,False,-0.36533661795812983,-0.36533661795812983,-0.36533661795812983,3.754411358572253
DLinear__ETTm1__h336__s2021,DLinear,ETTm1,336,11185,672,10513,200,0.25,84,False,False,-0.9159699089810285,-0.9159699089810285,-0.9159699089810285,3.754411358572253
DLinear__ETTm1__h336__s2021,DLinear,ETTm1,336,11185,672,10513,200,0.5,168,False,False,-1.2561393355716337,-1.2561393355716337,-1.2561393355716337,3.754411358572253
DLinear__ETTm1__h336__s2021,DLinear,ETTm1,336,11185,672,10513,200,1.0,336,True,False,-1.4568731003067745,-1.4568731003067745,-1.4568731003067745,3.754411358572253
DLinear__ETTm1__h336__s2021,DLinear,ETTm1,336,11185,672,10513,200,2.0,672,True,False,-3.4051467743687223,-3.4051467743687223,-3.4051467743687223,3.754411358572253
DLinear__ETTm1__h336__s2021,DLinear,ETTm1,336,11185,672,10513,1000,0.0,0,False,False,-0.12150682767280126,-0.12150682767280126,-0.12150682767280126,3.754411358572253
DLinear__ETTm1__h336__s2021,DLinear,ETTm1,336,11185,672,10513,1000,0.125,42,False,False,-0.3233886482862968,-0.3233886482862968,-0.3233886482862968,3.754411358572253
DLinear__ETTm1__h336__s2021,DLinear,ETTm1,336,11185,672,10513,1000,0.25,84,False,False,-0.5181347258295086,-0.5181347258295086,-0.5181347258295086,3.754411358572253
DLinear__ETTm1__h336__s2021,DLinear,ETTm1,336,11185,672,10513,1000,0.5,168,False,False,-0.7300753921973596,-0.7300753921973596,-0.7300753921973596,3.754411358572253
DLinear__ETTm1__h336__s2021,DLinear,ETTm1,336,11185,672,10513,1000,1.0,336,True,False,-1.4304846100878656,-1.4304846100878656,-1.4304846100878656,3.754411358572253
DLinear__ETTm1__h336__s2021,DLinear,ETTm1,336,11185,672,10513,1000,2.0,672,True,False,-1.5112616354500634,-1.5112616354500634,-1.5112616354500634,3.754411358572253
DLinear__ETTm1__h336__s2021,DLinear,ETTm1,336,11185,672,10513,3000,0.0,0,False,False,0.05674159686748039,0.05674159686748039,0.05674159686748039,3.754411358572253
DLinear__ETTm1__h336__s2021,DLinear,ETTm1,336,11185,672,10513,3000,0.125,42,False,False,0.02476412061789465,0.02476412061789465,0.02476412061789465,3.754411358572253
DLinear__ETTm1__h336__s2021,DLinear,ETTm1,336,11185,672,10513,3000,0.25,84,False,False,0.0371889359003827,0.0371889359003827,0.0371889359003827,3.754411358572253
DLinear__ETTm1__h336__s2021,DLinear,ETTm1,336,11185,672,10513,3000,0.5,168,False,False,0.020139236562469687,0.020139236562469687,0.020139236562469687,3.754411358572253
DLinear__ETTm1__h336__s2021,DLinear,ETTm1,336,11185,672,10513,3000,1.0,336,True,False,-0.022607338817084162,-0.022607338817084162,-0.022607338817084162,3.754411358572253
DLinear__ETTm1__h336__s2021,DLinear,ETTm1,336,11185,672,10513,3000,2.0,672,True,False,-0.2820549363240343,-0.2820549363240343,-0.2820549363240343,3.754411358572253
DLinear__ETTm1__h336__s2021,DLinear,ETTm1,336,11185,672,10513,1000000000,0.0,0,False,False,0.0012451870349986652,0.0012451870349986652,0.0012451870349986652,3.754411358572253
DLinear__ETTm1__h336__s2021,DLinear,ETTm1,336,11185,672,10513,1000000000,0.125,42,False,False,-0.09970680787561649,-0.09970680787561649,-0.09970680787561649,3.754411358572253
DLinear__ETTm1__h336__s2021,DLinear,ETTm1,336,11185,672,10513,1000000000,0.25,84,False,False,-0.13889648180490405,-0.13889648180490405,-0.13889648180490405,3.754411358572253
DLinear__ETTm1__h336__s2021,DLinear,ETTm1,336,11185,672,10513,1000000000,0.5,168,False,False,-0.12291866620473395,-0.12291866620473395,-0.12291866620473395,3.754411358572253
DLinear__ETTm1__h336__s2021,DLinear,ETTm1,336,11185,672,10513,1000000000,1.0,336,True,False,-0.09848327139476185,-0.09848327139476185,-0.09848327139476185,3.754411358572253
DLinear__ETTm1__h336__s2021,DLinear,ETTm1,336,11185,672,10513,1000000000,2.0,672,True,False,-0.2684259765554284,-0.2684259765554284,-0.2684259765554284,3.754411358572253
DLinear__ETTm1__h720__s2021,DLinear,ETTm1,720,10801,1440,9361,50,0.0,0,False,False,3.5047928034968274,3.5047928034968274,2.9169000688630353,4.4118147904328895
DLinear__ETTm1__h720__s2021,DLinear,ETTm1,720,10801,1440,9361,50,0.125,90,False,False,0.8138583133580837,0.8138583133580837,0.20957118068018452,4.4118147904328895
DLinear__ETTm1__h720__s2021,DLinear,ETTm1,720,10801,1440,9361,50,0.25,180,False,False,0.19186212977866562,0.19186212977866562,-0.4162144868323748,4.4118147904328895
DLinear__ETTm1__h720__s2021,DLinear,ETTm1,720,10801,1440,9361,50,0.5,360,False,False,-0.4837477296953911,-0.4837477296953911,-1.0959404691623877,4.4118147904328895
DLinear__ETTm1__h720__s2021,DLinear,ETTm1,720,10801,1440,9361,50,1.0,720,True,False,-2.2621262048919375,-2.2621262048919375,-2.885153635690993,4.4118147904328895
DLinear__ETTm1__h720__s2021,DLinear,ETTm1,720,10801,1440,9361,50,2.0,1440,True,False,-2.1169306498498903,-2.1169306498498903,-2.739073483222915,4.4118147904328895
DLinear__ETTm1__h720__s2021,DLinear,ETTm1,720,10801,1440,9361,200,0.0,0,False,False,2.1174141761756173,2.1174141761756173,1.5210688992976558,4.4118147904328895
DLinear__ETTm1__h720__s2021,DLinear,ETTm1,720,10801,1440,9361,200,0.125,90,False,False,0.8262048931372729,0.8262048931372729,0.22199298144454638,4.4118147904328895
DLinear__ETTm1__h720__s2021,DLinear,ETTm1,720,10801,1440,9361,200,0.25,180,False,False,0.38299491145529313,0.38299491145529313,-0.22391723723073195,4.4118147904328895
DLinear__ETTm1__h720__s2021,DLinear,ETTm1,720,10801,1440,9361,200,0.5,360,False,False,-0.3367765556073282,-0.3367765556073282,-0.9480738797686608,4.4118147904328895
DLinear__ETTm1__h720__s2021,DLinear,ETTm1,720,10801,1440,9361,200,1.0,720,True,False,-2.2278818633709787,-2.2278818633709787,-2.850700662050705,4.4118147904328895
DLinear__ETTm1__h720__s2021,DLinear,ETTm1,720,10801,1440,9361,200,2.0,1440,True,False,-1.37191675973373,-1.37191675973373,-1.9895206292978203,4.4118147904328895
DLinear__ETTm1__h720__s2021,DLinear,ETTm1,720,10801,1440,9361,1000,0.0,0,False,False,0.143094964349263,0.143094964349263,-0.4652787640363161,4.4118147904328895
DLinear__ETTm1__h720__s2021,DLinear,ETTm1,720,10801,1440,9361,1000,0.125,90,False,False,-0.3305816015772563,-0.3305816015772563,-0.9418411832581954,4.4118147904328895
DLinear__ETTm1__h720__s2021,DLinear,ETTm1,720,10801,1440,9361,1000,0.25,180,False,False,-1.0869334274083462,-1.0869334274083462,-1.7028010487645369,4.4118147904328895
DLinear__ETTm1__h720__s2021,DLinear,ETTm1,720,10801,1440,9361,1000,0.5,360,False,False,-2.222469681269948,-2.222469681269948,-2.8452555064722533,4.4118147904328895
DLinear__ETTm1__h720__s2021,DLinear,ETTm1,720,10801,1440,9361,1000,1.0,720,True,False,-3.110483253386281,-3.110483253386281,-3.7386792615652427,4.4118147904328895
DLinear__ETTm1__h720__s2021,DLinear,ETTm1,720,10801,1440,9361,1000,2.0,1440,True,False,-0.8255507333331591,-0.8255507333331591,-1.4398258923145824,4.4118147904328895
DLinear__ETTm1__h720__s2021,DLinear,ETTm1,720,10801,1440,9361,3000,0.0,0,False,False,0.4265926336190376,0.4265926336190376,-0.18005389789437026,4.4118147904328895
DLinear__ETTm1__h720__s2021,DLinear,ETTm1,720,10801,1440,9361,3000,0.125,90,False,False,0.41739557341117806,0.41739557341117806,-0.18930699078025887,4.4118147904328895
DLinear__ETTm1__h720__s2021,DLinear,ETTm1,720,10801,1440,9361,3000,0.25,180,False,False,0.4113452294431599,0.4113452294431599,-0.19539419619833426,4.4118147904328895
DLinear__ETTm1__h720__s2021,DLinear,ETTm1,720,10801,1440,9361,3000,0.5,360,False,False,0.4286965862043155,0.4286965862043155,-0.1779371270720541,4.4118147904328895
DLinear__ETTm1__h720__s2021,DLinear,ETTm1,720,10801,1440,9361,3000,1.0,720,True,False,0.41970124020381955,0.41970124020381955,-0.18698727681579133,4.4118147904328895
DLinear__ETTm1__h720__s2021,DLinear,ETTm1,720,10801,1440,9361,3000,2.0,1440,True,False,0.24315737125509024,0.24315737125509024,-0.36460673139114913,4.4118147904328895
DLinear__ETTm1__h720__s2021,DLinear,ETTm1,720,10801,1440,9361,1000000000,0.0,0,False,False,0.4317721237458019,0.4317721237458019,-0.17484285195563254,4.4118147904328895
DLinear__ETTm1__h720__s2021,DLinear,ETTm1,720,10801,1440,9361,1000000000,0.125,90,False,False,0.3468639709355689,0.3468639709355689,-0.26026830388981737,4.4118147904328895
DLinear__ETTm1__h720__s2021,DLinear,ETTm1,720,10801,1440,9361,1000000000,0.25,180,False,False,0.32520836677046616,0.32520836677046616,-0.2820558438548697,4.4118147904328895
DLinear__ETTm1__h720__s2021,DLinear,ETTm1,720,10801,1440,9361,1000000000,0.5,360,False,False,0.34222781658353973,0.34222781658353973,-0.26493270380491013,4.4118147904328895
DLinear__ETTm1__h720__s2021,DLinear,ETTm1,720,10801,1440,9361,1000000000,1.0,720,True,False,0.3304827148978443,0.3304827148978443,-0.27674936199739136,4.4118147904328895
DLinear__ETTm1__h720__s2021,DLinear,ETTm1,720,10801,1440,9361,1000000000,2.0,1440,True,False,0.2930525973411264,0.2930525973411264,-0.31440752087147,4.4118147904328895
DLinear__ETTm2__h96__s2021,DLinear,ETTm2,96,11425,192,11233,50,0.0,0,False,False,16.550337296453613,10.484598722349283,9.774640616411732,19.75600352400596
DLinear__ETTm2__h96__s2021,DLinear,ETTm2,96,11425,192,11233,50,0.125,12,False,False,14.364487092782225,8.139864762074529,7.411310270960749,19.75600352400596
DLinear__ETTm2__h96__s2021,DLinear,ETTm2,96,11425,192,11233,50,0.25,24,False,False,12.233806847737219,5.854310920986786,5.107629409797388,19.75600352400596
DLinear__ETTm2__h96__s2021,DLinear,ETTm2,96,11425,192,11233,50,0.5,48,False,False,8.456892197988141,1.8028621851807123,1.0240481154625944,19.75600352400596
DLinear__ETTm2__h96__s2021,DLinear,ETTm2,96,11425,192,11233,50,1.0,96,True,False,4.241323998540427,-2.7191246840463683,-3.533803210460526,19.75600352400596
DLinear__ETTm2__h96__s2021,DLinear,ETTm2,96,11425,192,11233,50,2.0,192,True,False,5.015655020175961,-1.8885095577794486,-2.696600369304428,19.75600352400596
DLinear__ETTm2__h96__s2021,DLinear,ETTm2,96,11425,192,11233,200,0.0,0,False,False,10.036127464310997,3.4968879486988733,2.7315094141547123,19.75600352400596
DLinear__ETTm2__h96__s2021,DLinear,ETTm2,96,11425,192,11233,200,0.125,12,False,False,8.378835653432233,1.719131913758393,0.9396537685397447,19.75600352400596
DLinear__ETTm2__h96__s2021,DLinear,ETTm2,96,11425,192,11233,200,0.25,24,False,False,7.045019027956374,0.28836363271177107,-0.5024621188891211,19.75600352400596
DLinear__ETTm2__h96__s2021,DLinear,ETTm2,96,11425,192,11233,200,0.5,48,False,False,5.223489752679925,-1.6655678600326598,-2.4718904924151937,19.75600352400596
DLinear__ETTm2__h96__s2021,DLinear,ETTm2,96,11425,192,11233,200,1.0,96,True,False,4.187806525496849,-2.776532202778714,-3.5916660355723784,19.75600352400596
DLinear__ETTm2__h96__s2021,DLinear,ETTm2,96,11425,192,11233,200,2.0,192,True,False,4.760366925305851,-2.1623538791745744,-2.972616585065937,19.75600352400596
DLinear__ETTm2__h96__s2021,DLinear,ETTm2,96,11425,192,11233,1000,0.0,0,False,False,7.52834420248179,0.806820454987154,0.020106650808709926,19.75600352400596
DLinear__ETTm2__h96__s2021,DLinear,ETTm2,96,11425,192,11233,1000,0.125,12,False,False,7.205953261961901,0.4609957569121236,-0.32846082721398834,19.75600352400596
DLinear__ETTm2__h96__s2021,DLinear,ETTm2,96,11425,192,11233,1000,0.25,24,False,False,6.989494115954218,0.2288027595128432,-0.5624953769974695,19.75600352400596
DLinear__ETTm2__h96__s2021,DLinear,ETTm2,96,11425,192,11233,1000,0.5,48,False,False,6.65063833635028,-0.13468356390411895,-0.9288645569734598,19.75600352400596
DLinear__ETTm2__h96__s2021,DLinear,ETTm2,96,11425,192,11233,1000,1.0,96,True,False,6.306199926126324,-0.5041583048166812,-1.3012696493507543,19.75600352400596
DLinear__ETTm2__h96__s2021,DLinear,ETTm2,96,11425,192,11233,1000,2.0,192,True,False,5.541954622275791,-1.3239546087486949,-2.127567862707146,19.75600352400596
DLinear__ETTm2__h96__s2021,DLinear,ETTm2,96,11425,192,11233,3000,0.0,0,False,False,7.55337732601111,0.8336731710481006,0.04717233919801343,19.75600352400596
DLinear__ETTm2__h96__s2021,DLinear,ETTm2,96,11425,192,11233,3000,0.125,12,False,False,7.32540657953677,0.58913182493492,-0.1993084956336664,19.75600352400596
DLinear__ETTm2__h96__s2021,DLinear,ETTm2,96,11425,192,11233,3000,0.25,24,False,False,7.165921070359002,0.4180537295957562,-0.3717434332457891,19.75600352400596
DLinear__ETTm2__h96__s2021,DLinear,ETTm2,96,11425,192,11233,3000,0.5,48,False,False,6.737796258336653,-0.04119035963734077,-0.8346298461360593,19.75600352400596
DLinear__ETTm2__h96__s2021,DLinear,ETTm2,96,11425,192,11233,3000,1.0,96,True,False,6.007457813606987,-0.8246152031950752,-1.6242681324102208,19.75600352400596
DLinear__ETTm2__h96__s2021,DLinear,ETTm2,96,11425,192,11233,3000,2.0,192,True,False,6.294945224591592,-0.5162310812845838,-1.3134381765541976,19.75600352400596
DLinear__ETTm2__h96__s2021,DLinear,ETTm2,96,11425,192,11233,1000000000,0.0,0,False,False,7.498011744180365,0.7742832093156478,-0.012688651923141975,19.75600352400596
DLinear__ETTm2__h96__s2021,DLinear,ETTm2,96,11425,192,11233,1000000000,0.125,12,False,False,7.225041351462359,0.48147130990899173,-0.30782287998533214,19.75600352400596
DLinear__ETTm2__h96__s2021,DLinear,ETTm2,96,11425,192,11233,1000000000,0.25,24,False,False,6.997021701395349,0.23687750552839612,-0.5543565891376607,19.75600352400596
DLinear__ETTm2__h96__s2021,DLinear,ETTm2,96,11425,192,11233,1000000000,0.5,48,False,False,6.600339194444855,-0.1886388193924589,-0.9832477384996116,19.75600352400596
DLinear__ETTm2__h96__s2021,DLinear,ETTm2,96,11425,192,11233,1000000000,1.0,96,True,False,5.930932928964327,-0.906702482335419,-1.7070064562689955,19.75600352400596
DLinear__ETTm2__h96__s2021,DLinear,ETTm2,96,11425,192,11233,1000000000,2.0,192,True,False,5.702170377916122,-1.152093187234084,-1.9543433862594095,19.75600352400596
DLinear__ETTm2__h192__s2021,DLinear,ETTm2,192,11329,384,10945,50,0.0,0,False,False,21.086278745160943,11.437945957639984,11.437945957639984,23.271623559675252
DLinear__ETTm2__h192__s2021,DLinear,ETTm2,192,11329,384,10945,50,0.125,24,False,False,18.077784548496435,8.061620251610874,8.061620251610874,23.271623559675252
DLinear__ETTm2__h192__s2021,DLinear,ETTm2,192,11329,384,10945,50,0.25,48,False,False,15.519267558820266,5.190287911620604,5.190287911620604,23.271623559675252
DLinear__ETTm2__h192__s2021,DLinear,ETTm2,192,11329,384,10945,50,0.5,96,False,False,10.206889737129622,-0.771604193539139,-0.771604193539139,23.271623559675252
DLinear__ETTm2__h192__s2021,DLinear,ETTm2,192,11329,384,10945,50,1.0,192,True,False,5.131250278232346,-6.467813280001795,-6.467813280001795,23.271623559675252
DLinear__ETTm2__h192__s2021,DLinear,ETTm2,192,11329,384,10945,50,2.0,384,True,False,9.213827494061077,-1.8860825204963882,-1.8860825204963882,23.271623559675252
DLinear__ETTm2__h192__s2021,DLinear,ETTm2,192,11329,384,10945,200,0.0,0,False,False,13.99215514127144,3.476464126591269,3.476464126591269,23.271623559675252
DLinear__ETTm2__h192__s2021,DLinear,ETTm2,192,11329,384,10945,200,0.125,24,False,False,10.705690762755165,-0.2118175976798654,-0.2118175976798654,23.271623559675252
DLinear__ETTm2__h192__s2021,DLinear,ETTm2,192,11329,384,10945,200,0.25,48,False,False,8.747980223951123,-2.4088862921970384,-2.4088862921970384,23.271623559675252
DLinear__ETTm2__h192__s2021,DLinear,ETTm2,192,11329,384,10945,200,0.5,96,False,False,6.712978444628331,-4.6926961885099985,-4.6926961885099985,23.271623559675252
DLinear__ETTm2__h192__s2021,DLinear,ETTm2,192,11329,384,10945,200,1.0,192,True,False,6.881264339068149,-4.503834932939286,-4.503834932939286,23.271623559675252
DLinear__ETTm2__h192__s2021,DLinear,ETTm2,192,11329,384,10945,200,2.0,384,True,False,7.983167020035334,-3.267208865514376,-3.267208865514376,23.271623559675252
DLinear__ETTm2__h192__s2021,DLinear,ETTm2,192,11329,384,10945,1000,0.0,0,False,False,9.837783784547552,-1.1858386359166162,-1.1858386359166162,23.271623559675252
DLinear__ETTm2__h192__s2021,DLinear,ETTm2,192,11329,384,10945,1000,0.125,24,False,False,9.179661007397112,-1.9244263495574983,-1.9244263495574983,23.271623559675252
DLinear__ETTm2__h192__s2021,DLinear,ETTm2,192,11329,384,10945,1000,0.25,48,False,False,8.847201617741574,-2.2975336617634627,-2.2975336617634627,23.271623559675252
DLinear__ETTm2__h192__s2021,DLinear,ETTm2,192,11329,384,10945,1000,0.5,96,False,False,8.640177441832426,-2.5298695086022245,-2.5298695086022245,23.271623559675252
DLinear__ETTm2__h192__s2021,DLinear,ETTm2,192,11329,384,10945,1000,1.0,192,True,False,8.557561927475298,-2.622585952978299,-2.622585952978299,23.271623559675252
DLinear__ETTm2__h192__s2021,DLinear,ETTm2,192,11329,384,10945,1000,2.0,384,True,False,9.452587545141535,-1.6181306331603476,-1.6181306331603476,23.271623559675252
DLinear__ETTm2__h192__s2021,DLinear,ETTm2,192,11329,384,10945,3000,0.0,0,False,False,10.940840096651836,0.052082110576572964,0.052082110576572964,23.271623559675252
DLinear__ETTm2__h192__s2021,DLinear,ETTm2,192,11329,384,10945,3000,0.125,24,False,False,10.757589965175669,-0.15357297435666561,-0.15357297435666561,23.271623559675252
DLinear__ETTm2__h192__s2021,DLinear,ETTm2,192,11329,384,10945,3000,0.25,48,False,False,10.721029300685593,-0.194603703777451,-0.194603703777451,23.271623559675252
DLinear__ETTm2__h192__s2021,DLinear,ETTm2,192,11329,384,10945,3000,0.5,96,False,False,10.628492325309272,-0.2984546498978221,-0.2984546498978221,23.271623559675252
DLinear__ETTm2__h192__s2021,DLinear,ETTm2,192,11329,384,10945,3000,1.0,192,True,False,10.429988030381317,-0.5212289382662387,-0.5212289382662387,23.271623559675252
DLinear__ETTm2__h192__s2021,DLinear,ETTm2,192,11329,384,10945,3000,2.0,384,True,False,9.732608845903318,-1.3038727173412252,-1.3038727173412252,23.271623559675252
DLinear__ETTm2__h192__s2021,DLinear,ETTm2,192,11329,384,10945,1000000000,0.0,0,False,False,10.895112568248251,0.0007637368222314886,0.0007637368222314886,23.271623559675252
DLinear__ETTm2__h192__s2021,DLinear,ETTm2,192,11329,384,10945,1000000000,0.125,24,False,False,10.875320796301372,-0.02144786274349262,-0.02144786274349262,23.271623559675252
DLinear__ETTm2__h192__s2021,DLinear,ETTm2,192,11329,384,10945,1000000000,0.25,48,False,False,10.874945830451253,-0.021868673539817907,-0.021868673539817907,23.271623559675252
DLinear__ETTm2__h192__s2021,DLinear,ETTm2,192,11329,384,10945,1000000000,0.5,96,False,False,10.870488663817117,-0.026870792639657023,-0.026870792639657023,23.271623559675252
DLinear__ETTm2__h192__s2021,DLinear,ETTm2,192,11329,384,10945,1000000000,1.0,192,True,False,10.864119072037377,-0.03401915825282395,-0.03401915825282395,23.271623559675252
DLinear__ETTm2__h192__s2021,DLinear,ETTm2,192,11329,384,10945,1000000000,2.0,384,True,False,10.910062223620383,0.017541201703221484,0.017541201703221484,23.271623559675252
DLinear__ETTm2__h336__s2021,DLinear,ETTm2,336,11185,672,10513,50,0.0,0,False,False,26.3239323808129,12.932096719552435,12.932096719552435,28.02312905695962
DLinear__ETTm2__h336__s2021,DLinear,ETTm2,336,11185,672,10513,50,0.125,42,False,False,22.624065899150143,8.55971872238461,8.55971872238461,28.02312905695962
DLinear__ETTm2__h336__s2021,DLinear,ETTm2,336,11185,672,10513,50,0.25,84,False,False,18.396528545418125,3.563757003421198,3.563757003421198,28.02312905695962
DLinear__ETTm2__h336__s2021,DLinear,ETTm2,336,11185,672,10513,50,0.5,168,False,False,12.084793761250353,-3.8952392687500876,-3.8952392687500876,28.02312905695962
DLinear__ETTm2__h336__s2021,DLinear,ETTm2,336,11185,672,10513,50,1.0,336,True,False,10.24559992682083,-6.068736797388575,-6.068736797388575,28.02312905695962
DLinear__ETTm2__h336__s2021,DLinear,ETTm2,336,11185,672,10513,50,2.0,672,True,False,9.214129438615451,-7.287693992116945,-7.287693992116945,28.02312905695962
DLinear__ETTm2__h336__s2021,DLinear,ETTm2,336,11185,672,10513,200,0.0,0,False,False,20.820743791262544,6.4286131958980075,6.4286131958980075,28.02312905695962
DLinear__ETTm2__h336__s2021,DLinear,ETTm2,336,11185,672,10513,200,0.125,42,False,False,16.635876965416006,1.4830780742668779,1.4830780742668779,28.02312905695962
DLinear__ETTm2__h336__s2021,DLinear,ETTm2,336,11185,672,10513,200,0.25,84,False,False,13.719415518699156,-1.9634981528520525,-1.9634981528520525,28.02312905695962
DLinear__ETTm2__h336__s2021,DLinear,ETTm2,336,11185,672,10513,200,0.5,168,False,False,10.897932620056965,-5.297831920449051,-5.297831920449051,28.02312905695962
DLinear__ETTm2__h336__s2021,DLinear,ETTm2,336,11185,672,10513,200,1.0,336,True,False,11.023187976972615,-5.149809344683216,-5.149809344683216,28.02312905695962
DLinear__ETTm2__h336__s2021,DLinear,ETTm2,336,11185,672,10513,200,2.0,672,True,False,9.51803842267993,-6.92854455749519,-6.92854455749519,28.02312905695962
DLinear__ETTm2__h336__s2021,DLinear,ETTm2,336,11185,672,10513,1000,0.0,0,False,False,13.814060267183242,-1.851650166480035,-1.851650166480035,28.02312905695962
DLinear__ETTm2__h336__s2021,DLinear,ETTm2,336,11185,672,10513,1000,0.125,42,False,False,13.008772313241936,-2.8033124355505885,-2.8033124355505885,28.02312905695962
DLinear__ETTm2__h336__s2021,DLinear,ETTm2,336,11185,672,10513,1000,0.25,84,False,False,12.372254232494056,-3.5555281343751504,-3.5555281343751504,28.02312905695962
DLinear__ETTm2__h336__s2021,DLinear,ETTm2,336,11185,672,10513,1000,0.5,168,False,False,11.934042041452729,-4.073392590213223,-4.073392590213223,28.02312905695962
DLinear__ETTm2__h336__s2021,DLinear,ETTm2,336,11185,672,10513,1000,1.0,336,True,False,12.060165084948567,-3.924344611576648,-3.924344611576648,28.02312905695962
DLinear__ETTm2__h336__s2021,DLinear,ETTm2,336,11185,672,10513,1000,2.0,672,True,False,11.700679646179513,-4.3491724345714,-4.3491724345714,28.02312905695962
DLinear__ETTm2__h336__s2021,DLinear,ETTm2,336,11185,672,10513,3000,0.0,0,False,False,15.620867193582225,0.28357360153198796,0.28357360153198796,28.02312905695962
DLinear__ETTm2__h336__s2021,DLinear,ETTm2,336,11185,672,10513,3000,0.125,42,False,False,15.285629910758894,-0.11259856481827327,-0.11259856481827327,28.02312905695962
DLinear__ETTm2__h336__s2021,DLinear,ETTm2,336,11185,672,10513,3000,0.25,84,False,False,15.143385977745734,-0.2806976694805168,-0.2806976694805168,28.02312905695962
DLinear__ETTm2__h336__s2021,DLinear,ETTm2,336,11185,672,10513,3000,0.5,168,False,False,14.850459057762459,-0.6268688694578254,-0.6268688694578254,28.02312905695962
DLinear__ETTm2__h336__s2021,DLinear,ETTm2,336,11185,672,10513,3000,1.0,336,True,False,13.885500041185221,-1.7672250399201932,-1.7672250399201932,28.02312905695962
DLinear__ETTm2__h336__s2021,DLinear,ETTm2,336,11185,672,10513,3000,2.0,672,True,False,14.61509293142107,-0.9050166559236816,-0.9050166559236816,28.02312905695962
DLinear__ETTm2__h336__s2021,DLinear,ETTm2,336,11185,672,10513,1000000000,0.0,0,False,False,15.350780290056468,-0.03560603377433353,-0.03560603377433353,28.02312905695962
DLinear__ETTm2__h336__s2021,DLinear,ETTm2,336,11185,672,10513,1000000000,0.125,42,False,False,15.334719634353283,-0.05458597750061092,-0.05458597750061092,28.02312905695962
DLinear__ETTm2__h336__s2021,DLinear,ETTm2,336,11185,672,10513,1000000000,0.25,84,False,False,15.34924395065359,-0.03742162810310955,-0.03742162810310955,28.02312905695962
DLinear__ETTm2__h336__s2021,DLinear,ETTm2,336,11185,672,10513,1000000000,0.5,168,False,False,15.341384822012337,-0.04670928248691979,-0.04670928248691979,28.02312905695962
DLinear__ETTm2__h336__s2021,DLinear,ETTm2,336,11185,672,10513,1000000000,1.0,336,True,False,15.333687816371144,-0.055805345352004904,-0.055805345352004904,28.02312905695962
DLinear__ETTm2__h336__s2021,DLinear,ETTm2,336,11185,672,10513,1000000000,2.0,672,True,False,15.323235386358327,-0.06815767623515294,-0.06815767623515294,28.02312905695962
DLinear__ETTm2__h720__s2021,DLinear,ETTm2,720,10801,1440,9361,50,0.0,0,False,False,32.368722320914216,15.292385214026991,14.583430357537583,33.476097891146516
DLinear__ETTm2__h720__s2021,DLinear,ETTm2,720,10801,1440,9361,50,0.125,90,False,False,25.4963712248642,6.684822422141654,5.903827130335265,33.476097891146516
DLinear__ETTm2__h720__s2021,DLinear,ETTm2,720,10801,1440,9361,50,0.25,180,False,False,20.41266916181018,0.317527720314611,-0.5167582291612824,33.476097891146516
DLinear__ETTm2__h720__s2021,DLinear,ETTm2,720,10801,1440,9361,50,0.5,360,False,False,17.93456923923776,-2.7862718949827254,-3.6465348928785843,33.476097891146516
DLinear__ETTm2__h720__s2021,DLinear,ETTm2,720,10801,1440,9361,50,1.0,720,True,False,12.406709090861963,-9.709870917630647,-10.628080525921494,33.476097891146516
DLinear__ETTm2__h720__s2021,DLinear,ETTm2,720,10801,1440,9361,50,2.0,1440,True,False,17.11625966158032,-3.811197859102344,-4.680038907999174,33.476097891146516
DLinear__ETTm2__h720__s2021,DLinear,ETTm2,720,10801,1440,9361,200,0.0,0,False,False,28.702898170685767,10.700970847081,9.953588447544535,33.476097891146516
DLinear__ETTm2__h720__s2021,DLinear,ETTm2,720,10801,1440,9361,200,0.125,90,False,False,21.405757999043626,1.5613632585368136,0.7374875094629125,33.476097891146516
DLinear__ETTm2__h720__s2021,DLinear,ETTm2,720,10801,1440,9361,200,0.25,180,False,False,19.172141776838732,-1.236222548255383,-2.083512509253235,33.476097891146516
DLinear__ETTm2__h720__s2021,DLinear,ETTm2,720,10801,1440,9361,200,0.5,360,False,False,17.14516949808611,-3.7749885284746125,-4.643526525740682,33.476097891146516
DLinear__ETTm2__h720__s2021,DLinear,ETTm2,720,10801,1440,9361,200,1.0,720,True,False,12.427165314905473,-9.684249666551,-10.602244839452206,33.476097891146516
DLinear__ETTm2__h720__s2021,DLinear,ETTm2,720,10801,1440,9361,200,2.0,1440,True,False,18.80500783555783,-1.6960547670173214,-2.547193263775332,33.476097891146516
DLinear__ETTm2__h720__s2021,DLinear,ETTm2,720,10801,1440,9361,1000,0.0,0,False,False,19.976597692044596,-0.22864818154150485,-1.0675053146010316,33.476097891146516
DLinear__ETTm2__h720__s2021,DLinear,ETTm2,720,10801,1440,9361,1000,0.125,90,False,False,17.519651560553342,-3.305952848825749,-4.170565282566106,33.476097891146516
DLinear__ETTm2__h720__s2021,DLinear,ETTm2,720,10801,1440,9361,1000,0.25,180,False,False,16.292074596567716,-4.84348282244009,-5.720963513001821,33.476097891146516
DLinear__ETTm2__h720__s2021,DLinear,ETTm2,720,10801,1440,9361,1000,0.5,360,False,False,14.600167294398254,-6.9625826964036515,-7.857799055132034,33.476097891146516
DLinear__ETTm2__h720__s2021,DLinear,ETTm2,720,10801,1440,9361,1000,1.0,720,True,False,16.071562648919986,-5.119672209334146,-5.999464448953705,33.476097891146516
DLinear__ETTm2__h720__s2021,DLinear,ETTm2,720,10801,1440,9361,1000,2.0,1440,True,False,23.69962091317371,4.434407547659392,3.634577555355164,33.476097891146516
DLinear__ETTm2__h720__s2021,DLinear,ETTm2,720,10801,1440,9361,3000,0.0,0,False,False,20.634822169509263,0.5957725213223974,-0.23618467644131733,33.476097891146516
DLinear__ETTm2__h720__s2021,DLinear,ETTm2,720,10801,1440,9361,3000,0.125,90,False,False,20.269310845443307,0.13797261717443163,-0.6978161070248479,33.476097891146516
DLinear__ETTm2__h720__s2021,DLinear,ETTm2,720,10801,1440,9361,3000,0.25,180,False,False,20.206738434875238,0.05960119151868294,-0.776843457215469,33.476097891146516
DLinear__ETTm2__h720__s2021,DLinear,ETTm2,720,10801,1440,9361,3000,0.5,360,False,False,19.665281919233234,-0.6185686068990304,-1.4606891535241509,33.476097891146516
DLinear__ETTm2__h720__s2021,DLinear,ETTm2,720,10801,1440,9361,3000,1.0,720,True,False,18.963517907347523,-1.497522215783113,-2.34699910730381,33.476097891146516
DLinear__ETTm2__h720__s2021,DLinear,ETTm2,720,10801,1440,9361,3000,2.0,1440,True,False,21.609098539053903,1.8160455996762708,0.9943013978436551,33.476097891146516
DLinear__ETTm2__h720__s2021,DLinear,ETTm2,720,10801,1440,9361,1000000000,0.0,0,False,False,20.82182887678877,0.8299968723363143,0.0,33.476097891146516
DLinear__ETTm2__h720__s2021,DLinear,ETTm2,720,10801,1440,9361,1000000000,0.125,90,False,False,20.82182887678877,0.8299968723363143,0.0,33.476097891146516
DLinear__ETTm2__h720__s2021,DLinear,ETTm2,720,10801,1440,9361,1000000000,0.25,180,False,False,20.82182887678877,0.8299968723363143,0.0,33.476097891146516
DLinear__ETTm2__h720__s2021,DLinear,ETTm2,720,10801,1440,9361,1000000000,0.5,360,False,False,20.82182887678877,0.8299968723363143,0.0,33.476097891146516
DLinear__ETTm2__h720__s2021,DLinear,ETTm2,720,10801,1440,9361,1000000000,1.0,720,True,False,20.81762355652864,0.8247297435628924,-0.005311211664117117,33.476097891146516
DLinear__ETTm2__h720__s2021,DLinear,ETTm2,720,10801,1440,9361,1000000000,2.0,1440,True,False,20.810132723507838,0.8153475372860413,-0.014771941704402913,33.476097891146516
DLinear__Electricity__h96__s2021,DLinear,Electricity,96,5165,192,4973,50,0.0,0,False,False,1.549772593512922,0.15251091582958184,0.15251091582958184,2.1573917472972597
DLinear__Electricity__h96__s2021,DLinear,Electricity,96,5165,192,4973,50,0.125,12,False,False,1.079737770409373,-0.32419490908676746,-0.32419490908676746,2.1573917472972597
DLinear__Electricity__h96__s2021,DLinear,Electricity,96,5165,192,4973,50,0.25,24,False,False,0.8037904298234991,-0.6040586514343894,-0.6040586514343894,2.1573917472972597
DLinear__Electricity__h96__s2021,DLinear,Electricity,96,5165,192,4973,50,0.5,48,False,False,0.5706442019450322,-0.8405138233152502,-0.8405138233152502,2.1573917472972597
DLinear__Electricity__h96__s2021,DLinear,Electricity,96,5165,192,4973,50,1.0,96,True,False,0.18182792125168368,-1.234848406027639,-1.234848406027639,2.1573917472972597
DLinear__Electricity__h96__s2021,DLinear,Electricity,96,5165,192,4973,50,2.0,192,True,False,0.8122763370996777,-0.5954523073308947,-0.5954523073308947,2.1573917472972597
DLinear__Electricity__h96__s2021,DLinear,Electricity,96,5165,192,4973,200,0.0,0,False,False,1.4076594478873283,0.008380819532479588,0.008380819532479588,2.1573917472972597
DLinear__Electricity__h96__s2021,DLinear,Electricity,96,5165,192,4973,200,0.125,12,False,False,1.3733127916818413,-0.026453303972339633,-0.026453303972339633,2.1573917472972597
DLinear__Electricity__h96__s2021,DLinear,Electricity,96,5165,192,4973,200,0.25,24,False,False,1.3429848534416862,-0.057211673578500266,-0.057211673578500266,2.1573917472972597
DLinear__Electricity__h96__s2021,DLinear,Electricity,96,5165,192,4973,200,0.5,48,False,False,1.3103853580029734,-0.09027383961623811,-0.09027383961623811,2.1573917472972597
DLinear__Electricity__h96__s2021,DLinear,Electricity,96,5165,192,4973,200,1.0,96,True,False,1.3365600071671748,-0.06372770492917516,-0.06372770492917516,2.1573917472972597
DLinear__Electricity__h96__s2021,DLinear,Electricity,96,5165,192,4973,200,2.0,192,True,False,1.3967574084781833,-0.002675947826780715,-0.002675947826780715,2.1573917472972597
DLinear__Electricity__h96__s2021,DLinear,Electricity,96,5165,192,4973,1000,0.0,0,False,False,1.3993959092005437,0.0,0.0,2.1573917472972597
DLinear__Electricity__h96__s2021,DLinear,Electricity,96,5165,192,4973,1000,0.125,12,False,False,1.3993959092005437,0.0,0.0,2.1573917472972597
DLinear__Electricity__h96__s2021,DLinear,Electricity,96,5165,192,4973,1000,0.25,24,False,False,1.3993959092005437,0.0,0.0,2.1573917472972597
DLinear__Electricity__h96__s2021,DLinear,Electricity,96,5165,192,4973,1000,0.5,48,False,False,1.3993959092005437,0.0,0.0,2.1573917472972597
DLinear__Electricity__h96__s2021,DLinear,Electricity,96,5165,192,4973,1000,1.0,96,True,False,1.3993959092005437,0.0,0.0,2.1573917472972597
DLinear__Electricity__h96__s2021,DLinear,Electricity,96,5165,192,4973,1000,2.0,192,True,False,1.3993959092005437,0.0,0.0,2.1573917472972597
DLinear__Electricity__h96__s2021,DLinear,Electricity,96,5165,192,4973,3000,0.0,0,False,False,1.3993959092005437,0.0,0.0,2.1573917472972597
DLinear__Electricity__h96__s2021,DLinear,Electricity,96,5165,192,4973,3000,0.125,12,False,False,1.3993959092005437,0.0,0.0,2.1573917472972597
DLinear__Electricity__h96__s2021,DLinear,Electricity,96,5165,192,4973,3000,0.25,24,False,False,1.3993959092005437,0.0,0.0,2.1573917472972597
DLinear__Electricity__h96__s2021,DLinear,Electricity,96,5165,192,4973,3000,0.5,48,False,False,1.3993959092005437,0.0,0.0,2.1573917472972597
DLinear__Electricity__h96__s2021,DLinear,Electricity,96,5165,192,4973,3000,1.0,96,True,False,1.3993959092005437,0.0,0.0,2.1573917472972597
DLinear__Electricity__h96__s2021,DLinear,Electricity,96,5165,192,4973,3000,2.0,192,True,False,1.3993959092005437,0.0,0.0,2.1573917472972597
DLinear__Electricity__h96__s2021,DLinear,Electricity,96,5165,192,4973,1000000000,0.0,0,False,False,1.3993959092005437,0.0,0.0,2.1573917472972597
DLinear__Electricity__h96__s2021,DLinear,Electricity,96,5165,192,4973,1000000000,0.125,12,False,False,1.3993959092005437,0.0,0.0,2.1573917472972597
DLinear__Electricity__h96__s2021,DLinear,Electricity,96,5165,192,4973,1000000000,0.25,24,False,False,1.3993959092005437,0.0,0.0,2.1573917472972597
DLinear__Electricity__h96__s2021,DLinear,Electricity,96,5165,192,4973,1000000000,0.5,48,False,False,1.3993959092005437,0.0,0.0,2.1573917472972597
DLinear__Electricity__h96__s2021,DLinear,Electricity,96,5165,192,4973,1000000000,1.0,96,True,False,1.3993959092005437,0.0,0.0,2.1573917472972597
DLinear__Electricity__h96__s2021,DLinear,Electricity,96,5165,192,4973,1000000000,2.0,192,True,False,1.3993959092005437,0.0,0.0,2.1573917472972597
DLinear__Electricity__h192__s2021,DLinear,Electricity,192,5069,384,4685,50,0.0,0,False,False,1.7903091747302549,0.023072708150520024,0.023072708150520024,2.003822690742999
DLinear__Electricity__h192__s2021,DLinear,Electricity,192,5069,384,4685,50,0.125,24,False,False,1.4929712238923027,-0.2796156970591277,-0.2796156970591277,2.003822690742999
DLinear__Electricity__h192__s2021,DLinear,Electricity,192,5069,384,4685,50,0.25,48,False,False,1.4074071411265028,-0.3667194646159345,-0.3667194646159345,2.003822690742999
DLinear__Electricity__h192__s2021,DLinear,Electricity,192,5069,384,4685,50,0.5,96,False,False,1.339193030657034,-0.4361610554139119,-0.4361610554139119,2.003822690742999
DLinear__Electricity__h192__s2021,DLinear,Electricity,192,5069,384,4685,50,1.0,192,True,False,1.3696474491981208,-0.4051586241608208,-0.4051586241608208,2.003822690742999
DLinear__Electricity__h192__s2021,DLinear,Electricity,192,5069,384,4685,50,2.0,384,True,False,1.3638524803867922,-0.41105787066735444,-0.41105787066735444,2.003822690742999
DLinear__Electricity__h192__s2021,DLinear,Electricity,192,5069,384,4685,200,0.0,0,False,False,1.7714048698103866,0.003828229295177426,0.003828229295177426,2.003822690742999
DLinear__Electricity__h192__s2021,DLinear,Electricity,192,5069,384,4685,200,0.125,24,False,False,1.7812644766544647,0.013865255053973416,0.013865255053973416,2.003822690742999
DLinear__Electricity__h192__s2021,DLinear,Electricity,192,5069,384,4685,200,0.25,48,False,False,1.7901855733648342,0.0229468826375793,0.0229468826375793,2.003822690742999
DLinear__Electricity__h192__s2021,DLinear,Electricity,192,5069,384,4685,200,0.5,96,False,False,1.7753309493890532,0.007824956800172145,0.007824956800172145,2.003822690742999
DLinear__Electricity__h192__s2021,DLinear,Electricity,192,5069,384,4685,200,1.0,192,True,False,1.7218138958888858,-0.046655110509881685,-0.046655110509881685,2.003822690742999
DLinear__Electricity__h192__s2021,DLinear,Electricity,192,5069,384,4685,200,2.0,384,True,False,1.721668863123458,-0.04680275307063359,-0.04680275307063359,2.003822690742999
DLinear__Electricity__h192__s2021,DLinear,Electricity,192,5069,384,4685,1000,0.0,0,False,False,1.7676443099925188,0.0,0.0,2.003822690742999
DLinear__Electricity__h192__s2021,DLinear,Electricity,192,5069,384,4685,1000,0.125,24,False,False,1.7676443099925188,0.0,0.0,2.003822690742999
DLinear__Electricity__h192__s2021,DLinear,Electricity,192,5069,384,4685,1000,0.25,48,False,False,1.7676443099925188,0.0,0.0,2.003822690742999
DLinear__Electricity__h192__s2021,DLinear,Electricity,192,5069,384,4685,1000,0.5,96,False,False,1.7676443099925188,0.0,0.0,2.003822690742999
DLinear__Electricity__h192__s2021,DLinear,Electricity,192,5069,384,4685,1000,1.0,192,True,False,1.7676443099925188,0.0,0.0,2.003822690742999
DLinear__Electricity__h192__s2021,DLinear,Electricity,192,5069,384,4685,1000,2.0,384,True,False,1.7676443099925188,0.0,0.0,2.003822690742999
DLinear__Electricity__h192__s2021,DLinear,Electricity,192,5069,384,4685,3000,0.0,0,False,False,1.7676443099925188,0.0,0.0,2.003822690742999
DLinear__Electricity__h192__s2021,DLinear,Electricity,192,5069,384,4685,3000,0.125,24,False,False,1.7676443099925188,0.0,0.0,2.003822690742999
DLinear__Electricity__h192__s2021,DLinear,Electricity,192,5069,384,4685,3000,0.25,48,False,False,1.7676443099925188,0.0,0.0,2.003822690742999
DLinear__Electricity__h192__s2021,DLinear,Electricity,192,5069,384,4685,3000,0.5,96,False,False,1.7676443099925188,0.0,0.0,2.003822690742999
DLinear__Electricity__h192__s2021,DLinear,Electricity,192,5069,384,4685,3000,1.0,192,True,False,1.7676443099925188,0.0,0.0,2.003822690742999
DLinear__Electricity__h192__s2021,DLinear,Electricity,192,5069,384,4685,3000,2.0,384,True,False,1.7676443099925188,0.0,0.0,2.003822690742999
DLinear__Electricity__h192__s2021,DLinear,Electricity,192,5069,384,4685,1000000000,0.0,0,False,False,1.7676443099925188,0.0,0.0,2.003822690742999
DLinear__Electricity__h192__s2021,DLinear,Electricity,192,5069,384,4685,1000000000,0.125,24,False,False,1.7676443099925188,0.0,0.0,2.003822690742999
DLinear__Electricity__h192__s2021,DLinear,Electricity,192,5069,384,4685,1000000000,0.25,48,False,False,1.7676443099925188,0.0,0.0,2.003822690742999
DLinear__Electricity__h192__s2021,DLinear,Electricity,192,5069,384,4685,1000000000,0.5,96,False,False,1.7676443099925188,0.0,0.0,2.003822690742999
DLinear__Electricity__h192__s2021,DLinear,Electricity,192,5069,384,4685,1000000000,1.0,192,True,False,1.7676443099925188,0.0,0.0,2.003822690742999
DLinear__Electricity__h192__s2021,DLinear,Electricity,192,5069,384,4685,1000000000,2.0,384,True,False,1.7676443099925188,0.0,0.0,2.003822690742999
DLinear__Electricity__h336__s2021,DLinear,Electricity,336,4925,672,4253,50,0.0,0,False,False,1.6013169865924433,0.16483069395424743,0.16483069395424743,1.7215184579067182
DLinear__Electricity__h336__s2021,DLinear,Electricity,336,4925,672,4253,50,0.125,42,False,False,1.3164330151928496,-0.12421219408300177,-0.12421219408300177,1.7215184579067182
DLinear__Electricity__h336__s2021,DLinear,Electricity,336,4925,672,4253,50,0.25,84,False,False,1.0840166975262424,-0.36002147234917353,-0.36002147234917353,1.7215184579067182
DLinear__Electricity__h336__s2021,DLinear,Electricity,336,4925,672,4253,50,0.5,168,False,False,0.9343230476331734,-0.511900444947599,-0.511900444947599,1.7215184579067182
DLinear__Electricity__h336__s2021,DLinear,Electricity,336,4925,672,4253,50,1.0,336,True,False,1.0391309561439097,-0.4055624842113138,-0.4055624842113138,1.7215184579067182
DLinear__Electricity__h336__s2021,DLinear,Electricity,336,4925,672,4253,50,2.0,672,True,False,1.0535005700002658,-0.39098309363129613,-0.39098309363129613,1.7215184579067182
DLinear__Electricity__h336__s2021,DLinear,Electricity,336,4925,672,4253,200,0.0,0,False,False,1.5049132517965378,0.06701959638322658,0.06701959638322658,1.7215184579067182
DLinear__Electricity__h336__s2021,DLinear,Electricity,336,4925,672,4253,200,0.125,42,False,False,1.3454170228924525,-0.09480505948280284,-0.09480505948280284,1.7215184579067182
DLinear__Electricity__h336__s2021,DLinear,Electricity,336,4925,672,4253,200,0.25,84,False,False,1.137775683435371,-0.30547767871701803,-0.30547767871701803,1.7215184579067182
DLinear__Electricity__h336__s2021,DLinear,Electricity,336,4925,672,4253,200,0.5,168,False,False,1.3354443941709238,-0.10492327495428933,-0.10492327495428933,1.7215184579067182
DLinear__Electricity__h336__s2021,DLinear,Electricity,336,4925,672,4253,200,1.0,336,True,False,1.1520191749509414,-0.29102625169159296,-0.29102625169159296,1.7215184579067182
DLinear__Electricity__h336__s2021,DLinear,Electricity,336,4925,672,4253,200,2.0,672,True,False,1.2108495492407643,-0.23133703433934213,-0.23133703433934213,1.7215184579067182
DLinear__Electricity__h336__s2021,DLinear,Electricity,336,4925,672,4253,1000,0.0,0,False,False,1.4388579722188202,0.0,0.0,1.7215184579067182
DLinear__Electricity__h336__s2021,DLinear,Electricity,336,4925,672,4253,1000,0.125,42,False,False,1.4388579722188202,0.0,0.0,1.7215184579067182
DLinear__Electricity__h336__s2021,DLinear,Electricity,336,4925,672,4253,1000,0.25,84,False,False,1.4388579722188202,0.0,0.0,1.7215184579067182
DLinear__Electricity__h336__s2021,DLinear,Electricity,336,4925,672,4253,1000,0.5,168,False,False,1.4010957811037965,-0.03831346749653107,-0.03831346749653107,1.7215184579067182
DLinear__Electricity__h336__s2021,DLinear,Electricity,336,4925,672,4253,1000,1.0,336,True,False,1.3773572488302521,-0.06239854989832916,-0.06239854989832916,1.7215184579067182
DLinear__Electricity__h336__s2021,DLinear,Electricity,336,4925,672,4253,1000,2.0,672,True,False,1.3599099167058621,-0.08010058922684267,-0.08010058922684267,1.7215184579067182
DLinear__Electricity__h336__s2021,DLinear,Electricity,336,4925,672,4253,3000,0.0,0,False,False,1.4388579722188202,0.0,0.0,1.7215184579067182
DLinear__Electricity__h336__s2021,DLinear,Electricity,336,4925,672,4253,3000,0.125,42,False,False,1.4388579722188202,0.0,0.0,1.7215184579067182
DLinear__Electricity__h336__s2021,DLinear,Electricity,336,4925,672,4253,3000,0.25,84,False,False,1.4388579722188202,0.0,0.0,1.7215184579067182
DLinear__Electricity__h336__s2021,DLinear,Electricity,336,4925,672,4253,3000,0.5,168,False,False,1.4010957811037965,-0.03831346749653107,-0.03831346749653107,1.7215184579067182
DLinear__Electricity__h336__s2021,DLinear,Electricity,336,4925,672,4253,3000,1.0,336,True,False,1.3773572488302521,-0.06239854989832916,-0.06239854989832916,1.7215184579067182
DLinear__Electricity__h336__s2021,DLinear,Electricity,336,4925,672,4253,3000,2.0,672,True,False,1.3599099167058621,-0.08010058922684267,-0.08010058922684267,1.7215184579067182
DLinear__Electricity__h336__s2021,DLinear,Electricity,336,4925,672,4253,1000000000,0.0,0,False,False,1.4388579722188202,0.0,0.0,1.7215184579067182
DLinear__Electricity__h336__s2021,DLinear,Electricity,336,4925,672,4253,1000000000,0.125,42,False,False,1.4388579722188202,0.0,0.0,1.7215184579067182
DLinear__Electricity__h336__s2021,DLinear,Electricity,336,4925,672,4253,1000000000,0.25,84,False,False,1.4388579722188202,0.0,0.0,1.7215184579067182
DLinear__Electricity__h336__s2021,DLinear,Electricity,336,4925,672,4253,1000000000,0.5,168,False,False,1.4010957811037965,-0.03831346749653107,-0.03831346749653107,1.7215184579067182
DLinear__Electricity__h336__s2021,DLinear,Electricity,336,4925,672,4253,1000000000,1.0,336,True,False,1.3773572488302521,-0.06239854989832916,-0.06239854989832916,1.7215184579067182
DLinear__Electricity__h336__s2021,DLinear,Electricity,336,4925,672,4253,1000000000,2.0,672,True,False,1.3599099167058621,-0.08010058922684267,-0.08010058922684267,1.7215184579067182
DLinear__Electricity__h720__s2021,DLinear,Electricity,720,4541,1440,3101,50,0.0,0,False,False,1.1432580400694832,0.22087154404795944,0.22087154404795944,1.3505320154648643
DLinear__Electricity__h720__s2021,DLinear,Electricity,720,4541,1440,3101,50,0.125,90,False,False,0.5490579847823349,-0.37887271688531715,-0.37887271688531715,1.3505320154648643
DLinear__Electricity__h720__s2021,DLinear,Electricity,720,4541,1440,3101,50,0.25,180,False,False,0.19551506551414047,-0.7357143814695285,-0.7357143814695285,1.3505320154648643
DLinear__Electricity__h720__s2021,DLinear,Electricity,720,4541,1440,3101,50,0.5,360,False,False,0.1290301717353204,-0.8028196150147134,-0.8028196150147134,1.3505320154648643
DLinear__Electricity__h720__s2021,DLinear,Electricity,720,4541,1440,3101,50,1.0,720,True,False,-0.5712475399117621,-1.5096312938134742,-1.5096312938134742,1.3505320154648643
DLinear__Electricity__h720__s2021,DLinear,Electricity,720,4541,1440,3101,50,2.0,1440,True,False,0.23064025947217445,-0.7002614505869845,-0.7002614505869845,1.3505320154648643
DLinear__Electricity__h720__s2021,DLinear,Electricity,720,4541,1440,3101,200,0.0,0,False,False,0.978025935277012,0.05409773497565714,0.05409773497565714,1.3505320154648643
DLinear__Electricity__h720__s2021,DLinear,Electricity,720,4541,1440,3101,200,0.125,90,False,False,0.38131825056579743,-0.5481775529109988,-0.5481775529109988,1.3505320154648643
DLinear__Electricity__h720__s2021,DLinear,Electricity,720,4541,1440,3101,200,0.25,180,False,False,0.6184693336165002,-0.30881372288739334,-0.30881372288739334,1.3505320154648643
DLinear__Electricity__h720__s2021,DLinear,Electricity,720,4541,1440,3101,200,0.5,360,False,False,0.26836622275055005,-0.6621834838095306,-0.6621834838095306,1.3505320154648643
DLinear__Electricity__h720__s2021,DLinear,Electricity,720,4541,1440,3101,200,1.0,720,True,False,-0.11133854099041349,-1.045431096926328,-1.045431096926328,1.3505320154648643
DLinear__Electricity__h720__s2021,DLinear,Electricity,720,4541,1440,3101,200,2.0,1440,True,False,0.5310049800732207,-0.39709416582419416,-0.39709416582419416,1.3505320154648643
DLinear__Electricity__h720__s2021,DLinear,Electricity,720,4541,1440,3101,1000,0.0,0,False,False,0.8703817571130543,-0.054550821183622436,-0.054550821183622436,1.3505320154648643
DLinear__Electricity__h720__s2021,DLinear,Electricity,720,4541,1440,3101,1000,0.125,90,False,False,0.8882163616102607,-0.03654981024792773,-0.03654981024792773,1.3505320154648643
DLinear__Electricity__h720__s2021,DLinear,Electricity,720,4541,1440,3101,1000,0.25,180,False,False,0.8806557753034076,-0.04418094088562959,-0.04418094088562959,1.3505320154648643
DLinear__Electricity__h720__s2021,DLinear,Electricity,720,4541,1440,3101,1000,0.5,360,False,False,0.7684030422833769,-0.1574810521929313,-0.1574810521929313,1.3505320154648643
DLinear__Electricity__h720__s2021,DLinear,Electricity,720,4541,1440,3101,1000,1.0,720,True,False,0.7086903541730802,-0.21775089175351955,-0.21775089175351955,1.3505320154648643
DLinear__Electricity__h720__s2021,DLinear,Electricity,720,4541,1440,3101,1000,2.0,1440,True,False,0.4644616580887712,-0.4642583727415474,-0.4642583727415474,1.3505320154648643
DLinear__Electricity__h720__s2021,DLinear,Electricity,720,4541,1440,3101,3000,0.0,0,False,False,0.9244282950704621,0.0,0.0,1.3505320154648643
DLinear__Electricity__h720__s2021,DLinear,Electricity,720,4541,1440,3101,3000,0.125,90,False,False,0.9244282950704621,0.0,0.0,1.3505320154648643
DLinear__Electricity__h720__s2021,DLinear,Electricity,720,4541,1440,3101,3000,0.25,180,False,False,0.8545404460764161,-0.07053994016021269,-0.07053994016021269,1.3505320154648643
DLinear__Electricity__h720__s2021,DLinear,Electricity,720,4541,1440,3101,3000,0.5,360,False,False,0.7503522844233357,-0.17570023331842677,-0.17570023331842677,1.3505320154648643
DLinear__Electricity__h720__s2021,DLinear,Electricity,720,4541,1440,3101,3000,1.0,720,True,False,0.6777413617471642,-0.24898865490071542,-0.24898865490071542,1.3505320154648643
DLinear__Electricity__h720__s2021,DLinear,Electricity,720,4541,1440,3101,3000,2.0,1440,True,False,0.5777946230553532,-0.3498679503434669,-0.3498679503434669,1.3505320154648643
DLinear__Electricity__h720__s2021,DLinear,Electricity,720,4541,1440,3101,1000000000,0.0,0,False,False,0.9244282950704621,0.0,0.0,1.3505320154648643
DLinear__Electricity__h720__s2021,DLinear,Electricity,720,4541,1440,3101,1000000000,0.125,90,False,False,0.9244282950704621,0.0,0.0,1.3505320154648643
DLinear__Electricity__h720__s2021,DLinear,Electricity,720,4541,1440,3101,1000000000,0.25,180,False,False,0.8545404460764161,-0.07053994016021269,-0.07053994016021269,1.3505320154648643
DLinear__Electricity__h720__s2021,DLinear,Electricity,720,4541,1440,3101,1000000000,0.5,360,False,False,0.7503522844233357,-0.17570023331842677,-0.17570023331842677,1.3505320154648643
DLinear__Electricity__h720__s2021,DLinear,Electricity,720,4541,1440,3101,1000000000,1.0,720,True,False,0.6777413617471642,-0.24898865490071542,-0.24898865490071542,1.3505320154648643
DLinear__Electricity__h720__s2021,DLinear,Electricity,720,4541,1440,3101,1000000000,2.0,1440,True,False,0.5777946230553532,-0.3498679503434669,-0.3498679503434669,1.3505320154648643
DLinear__Exchange__h96__s2021,DLinear,Exchange,96,1422,192,1230,50,0.0,0,False,False,21.49822385475889,11.61841617163748,11.61841617163748,27.157272338585045
DLinear__Exchange__h96__s2021,DLinear,Exchange,96,1422,192,1230,50,0.125,12,False,False,16.43610704800956,5.919208804954217,5.919208804954217,27.157272338585045
DLinear__Exchange__h96__s2021,DLinear,Exchange,96,1422,192,1230,50,0.25,24,False,False,12.347082929252922,1.31556229306578,1.31556229306578,27.157272338585045
DLinear__Exchange__h96__s2021,DLinear,Exchange,96,1422,192,1230,50,0.5,48,False,False,6.638041992587333,-5.1119875650408515,-5.1119875650408515,27.157272338585045
DLinear__Exchange__h96__s2021,DLinear,Exchange,96,1422,192,1230,50,1.0,96,True,False,0.43526841937160354,-12.095408570894756,-12.095408570894756,27.157272338585045
DLinear__Exchange__h96__s2021,DLinear,Exchange,96,1422,192,1230,50,2.0,192,True,False,-1.2317792820422486,-13.972261852478997,-13.972261852478997,27.157272338585045
DLinear__Exchange__h96__s2021,DLinear,Exchange,96,1422,192,1230,200,0.0,0,False,False,11.761954048003268,0.6567922650745444,0.6567922650745444,27.157272338585045
DLinear__Exchange__h96__s2021,DLinear,Exchange,96,1422,192,1230,200,0.125,12,False,False,9.041051373199952,-2.406548459815834,-2.406548459815834,27.157272338585045
DLinear__Exchange__h96__s2021,DLinear,Exchange,96,1422,192,1230,200,0.25,24,False,False,6.9947183090191265,-4.710421902348274,-4.710421902348274,27.157272338585045
DLinear__Exchange__h96__s2021,DLinear,Exchange,96,1422,192,1230,200,0.5,48,False,False,4.642011544378825,-7.359227577240227,-7.359227577240227,27.157272338585045
DLinear__Exchange__h96__s2021,DLinear,Exchange,96,1422,192,1230,200,1.0,96,True,False,3.683240121849072,-8.438664769792062,-8.438664769792062,27.157272338585045
DLinear__Exchange__h96__s2021,DLinear,Exchange,96,1422,192,1230,200,2.0,192,True,False,-3.4368964031835576,-16.45490305199691,-16.45490305199691,27.157272338585045
DLinear__Exchange__h96__s2021,DLinear,Exchange,96,1422,192,1230,1000,0.0,0,False,False,7.555037829794474,-4.0795836063529,-4.0795836063529,27.157272338585045
DLinear__Exchange__h96__s2021,DLinear,Exchange,96,1422,192,1230,1000,0.125,12,False,False,6.703343832000948,-5.038467190373118,-5.038467190373118,27.157272338585045
DLinear__Exchange__h96__s2021,DLinear,Exchange,96,1422,192,1230,1000,0.25,24,False,False,6.045490582174645,-5.77911428144927,-5.77911428144927,27.157272338585045
DLinear__Exchange__h96__s2021,DLinear,Exchange,96,1422,192,1230,1000,0.5,48,False,False,5.666841122908919,-6.205418507531249,-6.205418507531249,27.157272338585045
DLinear__Exchange__h96__s2021,DLinear,Exchange,96,1422,192,1230,1000,1.0,96,True,False,6.4188355860811495,-5.358782100702001,-5.358782100702001,27.157272338585045
DLinear__Exchange__h96__s2021,DLinear,Exchange,96,1422,192,1230,1000,2.0,192,True,False,0.3646883907887264,-12.174871418987065,-12.174871418987065,27.157272338585045
DLinear__Exchange__h96__s2021,DLinear,Exchange,96,1422,192,1230,3000,0.0,0,False,False,7.555037829794474,-4.0795836063529,-4.0795836063529,27.157272338585045
DLinear__Exchange__h96__s2021,DLinear,Exchange,96,1422,192,1230,3000,0.125,12,False,False,6.703343832000948,-5.038467190373118,-5.038467190373118,27.157272338585045
DLinear__Exchange__h96__s2021,DLinear,Exchange,96,1422,192,1230,3000,0.25,24,False,False,6.045490582174645,-5.77911428144927,-5.77911428144927,27.157272338585045
DLinear__Exchange__h96__s2021,DLinear,Exchange,96,1422,192,1230,3000,0.5,48,False,False,5.666841122908919,-6.205418507531249,-6.205418507531249,27.157272338585045
DLinear__Exchange__h96__s2021,DLinear,Exchange,96,1422,192,1230,3000,1.0,96,True,False,6.4188355860811495,-5.358782100702001,-5.358782100702001,27.157272338585045
DLinear__Exchange__h96__s2021,DLinear,Exchange,96,1422,192,1230,3000,2.0,192,True,False,0.3646883907887264,-12.174871418987065,-12.174871418987065,27.157272338585045
DLinear__Exchange__h96__s2021,DLinear,Exchange,96,1422,192,1230,1000000000,0.0,0,False,False,7.555037829794474,-4.0795836063529,-4.0795836063529,27.157272338585045
DLinear__Exchange__h96__s2021,DLinear,Exchange,96,1422,192,1230,1000000000,0.125,12,False,False,6.703343832000948,-5.038467190373118,-5.038467190373118,27.157272338585045
DLinear__Exchange__h96__s2021,DLinear,Exchange,96,1422,192,1230,1000000000,0.25,24,False,False,6.045490582174645,-5.77911428144927,-5.77911428144927,27.157272338585045
DLinear__Exchange__h96__s2021,DLinear,Exchange,96,1422,192,1230,1000000000,0.5,48,False,False,5.666841122908919,-6.205418507531249,-6.205418507531249,27.157272338585045
DLinear__Exchange__h96__s2021,DLinear,Exchange,96,1422,192,1230,1000000000,1.0,96,True,False,6.4188355860811495,-5.358782100702001,-5.358782100702001,27.157272338585045
DLinear__Exchange__h96__s2021,DLinear,Exchange,96,1422,192,1230,1000000000,2.0,192,True,False,0.3646883907887264,-12.174871418987065,-12.174871418987065,27.157272338585045
DLinear__Exchange__h192__s2021,DLinear,Exchange,192,1326,384,942,50,0.0,0,False,False,22.596089106429154,22.452366872185973,22.452366872185973,24.97924437654872
DLinear__Exchange__h192__s2021,DLinear,Exchange,192,1326,384,942,50,0.125,24,False,False,19.392036713805865,19.24236525085856,19.24236525085856,24.97924437654872
DLinear__Exchange__h192__s2021,DLinear,Exchange,192,1326,384,942,50,0.25,48,False,False,16.12746770168416,15.971734643827157,15.971734643827157,24.97924437654872
DLinear__Exchange__h192__s2021,DLinear,Exchange,192,1326,384,942,50,0.5,96,False,False,6.723999896827925,6.550806643653322,6.550806643653322,24.97924437654872
DLinear__Exchange__h192__s2021,DLinear,Exchange,192,1326,384,942,50,1.0,192,True,False,-9.344372946142297,-9.547401674281717,-9.547401674281717,24.97924437654872
DLinear__Exchange__h192__s2021,DLinear,Exchange,192,1326,384,942,50,2.0,384,True,False,-17.09468170924574,-17.312101075773437,-17.312101075773437,24.97924437654872
DLinear__Exchange__h192__s2021,DLinear,Exchange,192,1326,384,942,200,0.0,0,False,False,13.92581768180887,13.765996638522896,13.765996638522896,24.97924437654872
DLinear__Exchange__h192__s2021,DLinear,Exchange,192,1326,384,942,200,0.125,24,False,False,8.833036407173728,8.66375917627588,8.66375917627588,24.97924437654872
DLinear__Exchange__h192__s2021,DLinear,Exchange,192,1326,384,942,200,0.25,48,False,False,3.1509582138050747,2.971130599035563,2.971130599035563,24.97924437654872
DLinear__Exchange__h192__s2021,DLinear,Exchange,192,1326,384,942,200,0.5,96,False,False,-5.96174493528972,-6.158492858625856,-6.158492858625856,24.97924437654872
DLinear__Exchange__h192__s2021,DLinear,Exchange,192,1326,384,942,200,1.0,192,True,False,-18.295171814017248,-18.51482022967247,-18.51482022967247,24.97924437654872
DLinear__Exchange__h192__s2021,DLinear,Exchange,192,1326,384,942,200,2.0,384,True,False,-11.441650435150631,-11.6485733516207,-11.6485733516207,24.97924437654872
DLinear__Exchange__h192__s2021,DLinear,Exchange,192,1326,384,942,1000,0.0,0,False,False,7.522704923323803,7.350994691737956,7.350994691737956,24.97924437654872
DLinear__Exchange__h192__s2021,DLinear,Exchange,192,1326,384,942,1000,0.125,24,False,False,2.9701328858268434,2.7899695177362815,2.7899695177362815,24.97924437654872
DLinear__Exchange__h192__s2021,DLinear,Exchange,192,1326,384,942,1000,0.25,48,False,False,-0.786807417786216,-0.9739466072289565,-0.9739466072289565,24.97924437654872
DLinear__Exchange__h192__s2021,DLinear,Exchange,192,1326,384,942,1000,0.5,96,False,False,-8.113499910486965,-8.31424317500172,-8.31424317500172,24.97924437654872
DLinear__Exchange__h192__s2021,DLinear,Exchange,192,1326,384,942,1000,1.0,192,True,False,-17.374785997529994,-17.592725456823917,-17.592725456823917,24.97924437654872
DLinear__Exchange__h192__s2021,DLinear,Exchange,192,1326,384,942,1000,2.0,384,True,False,-6.7271455208928,-6.9253146267116295,-6.9253146267116295,24.97924437654872
DLinear__Exchange__h192__s2021,DLinear,Exchange,192,1326,384,942,3000,0.0,0,False,False,0.33697080515221517,0.15191822755027176,0.15191822755027176,24.97924437654872
DLinear__Exchange__h192__s2021,DLinear,Exchange,192,1326,384,942,3000,0.125,24,False,False,-4.19741760513434,-4.390889556198546,-4.390889556198546,24.97924437654872
DLinear__Exchange__h192__s2021,DLinear,Exchange,192,1326,384,942,3000,0.25,48,False,False,-7.180075908485337,-7.379086007562905,-7.379086007562905,24.97924437654872
DLinear__Exchange__h192__s2021,DLinear,Exchange,192,1326,384,942,3000,0.5,96,False,False,-10.576607963120013,-10.781924683787306,-10.781924683787306,24.97924437654872
DLinear__Exchange__h192__s2021,DLinear,Exchange,192,1326,384,942,3000,1.0,192,True,False,-17.704378481214388,-17.92292992209423,-17.92292992209423,24.97924437654872
DLinear__Exchange__h192__s2021,DLinear,Exchange,192,1326,384,942,3000,2.0,384,True,False,-6.7271455208928,-6.9253146267116295,-6.9253146267116295,24.97924437654872
DLinear__Exchange__h192__s2021,DLinear,Exchange,192,1326,384,942,1000000000,0.0,0,False,False,0.33697080515221517,0.15191822755027176,0.15191822755027176,24.97924437654872
DLinear__Exchange__h192__s2021,DLinear,Exchange,192,1326,384,942,1000000000,0.125,24,False,False,-4.19741760513434,-4.390889556198546,-4.390889556198546,24.97924437654872
DLinear__Exchange__h192__s2021,DLinear,Exchange,192,1326,384,942,1000000000,0.25,48,False,False,-7.180075908485337,-7.379086007562905,-7.379086007562905,24.97924437654872
DLinear__Exchange__h192__s2021,DLinear,Exchange,192,1326,384,942,1000000000,0.5,96,False,False,-10.576607963120013,-10.781924683787306,-10.781924683787306,24.97924437654872
DLinear__Exchange__h192__s2021,DLinear,Exchange,192,1326,384,942,1000000000,1.0,192,True,False,-17.704378481214388,-17.92292992209423,-17.92292992209423,24.97924437654872
DLinear__Exchange__h192__s2021,DLinear,Exchange,192,1326,384,942,1000000000,2.0,384,True,False,-6.7271455208928,-6.9253146267116295,-6.9253146267116295,24.97924437654872
DLinear__Exchange__h336__s2021,DLinear,Exchange,336,1182,591,591,50,0.0,0,False,False,15.974596459141608,34.00058711987927,15.974596459141608,17.027144315613924
DLinear__Exchange__h336__s2021,DLinear,Exchange,336,1182,591,591,50,0.125,42,False,False,14.10529041482934,32.53230376485939,14.10529041482934,17.027144315613924
DLinear__Exchange__h336__s2021,DLinear,Exchange,336,1182,591,591,50,0.25,84,False,False,9.069445901633074,28.576800224017543,9.069445901633074,17.027144315613924
DLinear__Exchange__h336__s2021,DLinear,Exchange,336,1182,591,591,50,0.5,168,False,False,-24.21813632229109,2.4304112702359753,-24.21813632229109,17.027144315613924
DLinear__Exchange__h336__s2021,DLinear,Exchange,336,1182,591,591,50,1.0,336,True,False,-38.90903160248332,-9.108842602011702,-38.90903160248332,17.027144315613924
DLinear__Exchange__h336__s2021,DLinear,Exchange,336,1182,591,591,50,2.0,672,True,True,,,,17.027144315613924
DLinear__Exchange__h336__s2021,DLinear,Exchange,336,1182,591,591,200,0.0,0,False,False,10.105147802832604,29.390312739488593,10.105147802832604,17.027144315613924
DLinear__Exchange__h336__s2021,DLinear,Exchange,336,1182,591,591,200,0.125,42,False,False,-1.4949179147365452,20.278811997238673,-1.4949179147365452,17.027144315613924
DLinear__Exchange__h336__s2021,DLinear,Exchange,336,1182,591,591,200,0.25,84,False,False,-19.256998890590474,6.327234658303522,-19.256998890590474,17.027144315613924
DLinear__Exchange__h336__s2021,DLinear,Exchange,336,1182,591,591,200,0.5,168,False,False,-38.93458516532053,-9.12891415267591,-38.93458516532053,17.027144315613924
DLinear__Exchange__h336__s2021,DLinear,Exchange,336,1182,591,591,200,1.0,336,True,False,-40.01390753126072,-9.976689223768508,-40.01390753126072,17.027144315613924
DLinear__Exchange__h336__s2021,DLinear,Exchange,336,1182,591,591,200,2.0,672,True,True,,,,17.027144315613924
DLinear__Exchange__h336__s2021,DLinear,Exchange,336,1182,591,591,1000,0.0,0,False,False,-19.36110691131351,6.245460957086005,-19.36110691131351,17.027144315613924
DLinear__Exchange__h336__s2021,DLinear,Exchange,336,1182,591,591,1000,0.125,42,False,False,-27.458199930135343,-0.11456068825016225,-27.458199930135343,17.027144315613924
DLinear__Exchange__h336__s2021,DLinear,Exchange,336,1182,591,591,1000,0.25,84,False,False,-30.23183522787486,-2.293167317677088,-30.23183522787486,17.027144315613924
DLinear__Exchange__h336__s2021,DLinear,Exchange,336,1182,591,591,1000,0.5,168,False,False,-33.422226973384085,-4.799123530774037,-33.422226973384085,17.027144315613924
DLinear__Exchange__h336__s2021,DLinear,Exchange,336,1182,591,591,1000,1.0,336,True,False,-38.48789971512536,-8.778056242893452,-38.48789971512536,17.027144315613924
DLinear__Exchange__h336__s2021,DLinear,Exchange,336,1182,591,591,1000,2.0,672,True,True,,,,17.027144315613924
DLinear__Exchange__h336__s2021,DLinear,Exchange,336,1182,591,591,3000,0.0,0,False,False,-19.36110691131351,6.245460957086005,-19.36110691131351,17.027144315613924
DLinear__Exchange__h336__s2021,DLinear,Exchange,336,1182,591,591,3000,0.125,42,False,False,-27.458199930135343,-0.11456068825016225,-27.458199930135343,17.027144315613924
DLinear__Exchange__h336__s2021,DLinear,Exchange,336,1182,591,591,3000,0.25,84,False,False,-30.23183522787486,-2.293167317677088,-30.23183522787486,17.027144315613924
DLinear__Exchange__h336__s2021,DLinear,Exchange,336,1182,591,591,3000,0.5,168,False,False,-33.422226973384085,-4.799123530774037,-33.422226973384085,17.027144315613924
DLinear__Exchange__h336__s2021,DLinear,Exchange,336,1182,591,591,3000,1.0,336,True,False,-38.48789971512536,-8.778056242893452,-38.48789971512536,17.027144315613924
DLinear__Exchange__h336__s2021,DLinear,Exchange,336,1182,591,591,3000,2.0,672,True,True,,,,17.027144315613924
DLinear__Exchange__h336__s2021,DLinear,Exchange,336,1182,591,591,1000000000,0.0,0,False,False,-19.36110691131351,6.245460957086005,-19.36110691131351,17.027144315613924
DLinear__Exchange__h336__s2021,DLinear,Exchange,336,1182,591,591,1000000000,0.125,42,False,False,-27.458199930135343,-0.11456068825016225,-27.458199930135343,17.027144315613924
DLinear__Exchange__h336__s2021,DLinear,Exchange,336,1182,591,591,1000000000,0.25,84,False,False,-30.23183522787486,-2.293167317677088,-30.23183522787486,17.027144315613924
DLinear__Exchange__h336__s2021,DLinear,Exchange,336,1182,591,591,1000000000,0.5,168,False,False,-33.422226973384085,-4.799123530774037,-33.422226973384085,17.027144315613924
DLinear__Exchange__h336__s2021,DLinear,Exchange,336,1182,591,591,1000000000,1.0,336,True,False,-38.48789971512536,-8.778056242893452,-38.48789971512536,17.027144315613924
DLinear__Exchange__h336__s2021,DLinear,Exchange,336,1182,591,591,1000000000,2.0,672,True,True,,,,17.027144315613924
DLinear__Exchange__h720__s2021,DLinear,Exchange,720,798,399,399,50,0.0,0,False,False,12.205959305753213,52.15125023976586,-0.0035995478499731004,12.39204614265226
DLinear__Exchange__h720__s2021,DLinear,Exchange,720,798,399,399,50,0.125,90,False,False,5.99971387487465,48.768775959912325,-7.072950472552599,12.39204614265226
DLinear__Exchange__h720__s2021,DLinear,Exchange,720,798,399,399,50,0.25,180,False,False,-6.379710590787719,42.02184896180213,-21.17398736648477,12.39204614265226
DLinear__Exchange__h720__s2021,DLinear,Exchange,720,798,399,399,50,0.5,360,False,False,-22.671735016834443,33.1425105273813,-39.73175135185893,12.39204614265226
DLinear__Exchange__h720__s2021,DLinear,Exchange,720,798,399,399,50,1.0,720,True,True,,,,12.39204614265226
DLinear__Exchange__h720__s2021,DLinear,Exchange,720,798,399,399,50,2.0,1440,True,True,,,,12.39204614265226
DLinear__Exchange__h720__s2021,DLinear,Exchange,720,798,399,399,200,0.0,0,False,False,12.209119380509025,52.15297251641493,0.0,12.39204614265226
DLinear__Exchange__h720__s2021,DLinear,Exchange,720,798,399,399,200,0.125,90,False,False,6.596125988942961,49.09382733896221,-6.393595043082288,12.39204614265226
DLinear__Exchange__h720__s2021,DLinear,Exchange,720,798,399,399,200,0.25,180,False,False,-0.6832681001174306,45.126474846478025,-14.685337918531074,12.39204614265226
DLinear__Exchange__h720__s2021,DLinear,Exchange,720,798,399,399,200,0.5,360,False,False,-5.897474007422553,42.284673379270615,-20.624685912891536,12.39204614265226
DLinear__Exchange__h720__s2021,DLinear,Exchange,720,798,399,399,200,1.0,720,True,True,,,,12.39204614265226
DLinear__Exchange__h720__s2021,DLinear,Exchange,720,798,399,399,200,2.0,1440,True,True,,,,12.39204614265226
DLinear__Exchange__h720__s2021,DLinear,Exchange,720,798,399,399,1000,0.0,0,False,False,12.209119380509025,52.15297251641493,0.0,12.39204614265226
DLinear__Exchange__h720__s2021,DLinear,Exchange,720,798,399,399,1000,0.125,90,False,False,12.209119380509025,52.15297251641493,0.0,12.39204614265226
DLinear__Exchange__h720__s2021,DLinear,Exchange,720,798,399,399,1000,0.25,180,False,False,12.209119380509025,52.15297251641493,0.0,12.39204614265226
DLinear__Exchange__h720__s2021,DLinear,Exchange,720,798,399,399,1000,0.5,360,False,False,12.209119380509025,52.15297251641493,0.0,12.39204614265226
DLinear__Exchange__h720__s2021,DLinear,Exchange,720,798,399,399,1000,1.0,720,True,True,,,,12.39204614265226
DLinear__Exchange__h720__s2021,DLinear,Exchange,720,798,399,399,1000,2.0,1440,True,True,,,,12.39204614265226
DLinear__Exchange__h720__s2021,DLinear,Exchange,720,798,399,399,3000,0.0,0,False,False,12.209119380509025,52.15297251641493,0.0,12.39204614265226
DLinear__Exchange__h720__s2021,DLinear,Exchange,720,798,399,399,3000,0.125,90,False,False,12.209119380509025,52.15297251641493,0.0,12.39204614265226
DLinear__Exchange__h720__s2021,DLinear,Exchange,720,798,399,399,3000,0.25,180,False,False,12.209119380509025,52.15297251641493,0.0,12.39204614265226
DLinear__Exchange__h720__s2021,DLinear,Exchange,720,798,399,399,3000,0.5,360,False,False,12.209119380509025,52.15297251641493,0.0,12.39204614265226
DLinear__Exchange__h720__s2021,DLinear,Exchange,720,798,399,399,3000,1.0,720,True,True,,,,12.39204614265226
DLinear__Exchange__h720__s2021,DLinear,Exchange,720,798,399,399,3000,2.0,1440,True,True,,,,12.39204614265226
DLinear__Exchange__h720__s2021,DLinear,Exchange,720,798,399,399,1000000000,0.0,0,False,False,12.209119380509025,52.15297251641493,0.0,12.39204614265226
DLinear__Exchange__h720__s2021,DLinear,Exchange,720,798,399,399,1000000000,0.125,90,False,False,12.209119380509025,52.15297251641493,0.0,12.39204614265226
DLinear__Exchange__h720__s2021,DLinear,Exchange,720,798,399,399,1000000000,0.25,180,False,False,12.209119380509025,52.15297251641493,0.0,12.39204614265226
DLinear__Exchange__h720__s2021,DLinear,Exchange,720,798,399,399,1000000000,0.5,360,False,False,12.209119380509025,52.15297251641493,0.0,12.39204614265226
DLinear__Exchange__h720__s2021,DLinear,Exchange,720,798,399,399,1000000000,1.0,720,True,True,,,,12.39204614265226
DLinear__Exchange__h720__s2021,DLinear,Exchange,720,798,399,399,1000000000,2.0,1440,True,True,,,,12.39204614265226
DLinear__ILI__h24__s2021,DLinear,ILI,24,170,48,122,50,0.0,0,False,False,0.393125939491403,1.1313771922770248,0.393125939491403,11.640968646839431
DLinear__ILI__h24__s2021,DLinear,ILI,24,170,48,122,50,0.125,3,False,False,-0.4105003579896126,0.33370709135857207,-0.4105003579896126,11.640968646839431
DLinear__ILI__h24__s2021,DLinear,ILI,24,170,48,122,50,0.25,6,False,False,-0.983017514954146,-0.23456676902269974,-0.983017514954146,11.640968646839431
DLinear__ILI__h24__s2021,DLinear,ILI,24,170,48,122,50,0.5,12,False,False,-1.4427282128286034,-0.6908702522663818,-1.4427282128286034,11.640968646839431
DLinear__ILI__h24__s2021,DLinear,ILI,24,170,48,122,50,1.0,24,True,False,-1.0068986784082434,-0.2582709336601567,-1.0068986784082434,11.640968646839431
DLinear__ILI__h24__s2021,DLinear,ILI,24,170,48,122,50,2.0,48,True,False,-1.4463277943091735,-0.6944431549101485,-1.4463277943091735,11.640968646839431
DLinear__ILI__h24__s2021,DLinear,ILI,24,170,48,122,200,0.0,0,False,False,-0.10886900727155373,0.6331028561831137,-0.10886900727155373,11.640968646839431
DLinear__ILI__h24__s2021,DLinear,ILI,24,170,48,122,200,0.125,3,False,False,-0.481510187048478,0.26322356227405336,-0.481510187048478,11.640968646839431
DLinear__ILI__h24__s2021,DLinear,ILI,24,170,48,122,200,0.25,6,False,False,-0.6789752478196515,0.06722204335047513,-0.6789752478196515,11.640968646839431
DLinear__ILI__h24__s2021,DLinear,ILI,24,170,48,122,200,0.5,12,False,False,-0.746699237655361,0.0,-0.746699237655361,11.640968646839431
DLinear__ILI__h24__s2021,DLinear,ILI,24,170,48,122,200,1.0,24,True,False,-0.746699237655361,0.0,-0.746699237655361,11.640968646839431
DLinear__ILI__h24__s2021,DLinear,ILI,24,170,48,122,200,2.0,48,True,False,-0.746699237655361,0.0,-0.746699237655361,11.640968646839431
DLinear__ILI__h24__s2021,DLinear,ILI,24,170,48,122,1000,0.0,0,False,False,-0.10886900727155373,0.6331028561831137,-0.10886900727155373,11.640968646839431
DLinear__ILI__h24__s2021,DLinear,ILI,24,170,48,122,1000,0.125,3,False,False,-0.481510187048478,0.26322356227405336,-0.481510187048478,11.640968646839431
DLinear__ILI__h24__s2021,DLinear,ILI,24,170,48,122,1000,0.25,6,False,False,-0.6789752478196515,0.06722204335047513,-0.6789752478196515,11.640968646839431
DLinear__ILI__h24__s2021,DLinear,ILI,24,170,48,122,1000,0.5,12,False,False,-0.746699237655361,0.0,-0.746699237655361,11.640968646839431
DLinear__ILI__h24__s2021,DLinear,ILI,24,170,48,122,1000,1.0,24,True,False,-0.746699237655361,0.0,-0.746699237655361,11.640968646839431
DLinear__ILI__h24__s2021,DLinear,ILI,24,170,48,122,1000,2.0,48,True,False,-0.746699237655361,0.0,-0.746699237655361,11.640968646839431
DLinear__ILI__h24__s2021,DLinear,ILI,24,170,48,122,3000,0.0,0,False,False,-0.10886900727155373,0.6331028561831137,-0.10886900727155373,11.640968646839431
DLinear__ILI__h24__s2021,DLinear,ILI,24,170,48,122,3000,0.125,3,False,False,-0.481510187048478,0.26322356227405336,-0.481510187048478,11.640968646839431
DLinear__ILI__h24__s2021,DLinear,ILI,24,170,48,122,3000,0.25,6,False,False,-0.6789752478196515,0.06722204335047513,-0.6789752478196515,11.640968646839431
DLinear__ILI__h24__s2021,DLinear,ILI,24,170,48,122,3000,0.5,12,False,False,-0.746699237655361,0.0,-0.746699237655361,11.640968646839431
DLinear__ILI__h24__s2021,DLinear,ILI,24,170,48,122,3000,1.0,24,True,False,-0.746699237655361,0.0,-0.746699237655361,11.640968646839431
DLinear__ILI__h24__s2021,DLinear,ILI,24,170,48,122,3000,2.0,48,True,False,-0.746699237655361,0.0,-0.746699237655361,11.640968646839431
DLinear__ILI__h24__s2021,DLinear,ILI,24,170,48,122,1000000000,0.0,0,False,False,-0.10886900727155373,0.6331028561831137,-0.10886900727155373,11.640968646839431
DLinear__ILI__h24__s2021,DLinear,ILI,24,170,48,122,1000000000,0.125,3,False,False,-0.481510187048478,0.26322356227405336,-0.481510187048478,11.640968646839431
DLinear__ILI__h24__s2021,DLinear,ILI,24,170,48,122,1000000000,0.25,6,False,False,-0.6789752478196515,0.06722204335047513,-0.6789752478196515,11.640968646839431
DLinear__ILI__h24__s2021,DLinear,ILI,24,170,48,122,1000000000,0.5,12,False,False,-0.746699237655361,0.0,-0.746699237655361,11.640968646839431
DLinear__ILI__h24__s2021,DLinear,ILI,24,170,48,122,1000000000,1.0,24,True,False,-0.746699237655361,0.0,-0.746699237655361,11.640968646839431
DLinear__ILI__h24__s2021,DLinear,ILI,24,170,48,122,1000000000,2.0,48,True,False,-0.746699237655361,0.0,-0.746699237655361,11.640968646839431
DLinear__ILI__h36__s2021,DLinear,ILI,36,158,72,86,50,0.0,0,False,False,0.7859638530435601,1.2196645844359328,0.7859638530435601,7.8562174655700865
DLinear__ILI__h36__s2021,DLinear,ILI,36,158,72,86,50,0.125,4,False,False,-0.04909787099514987,0.38825321970663473,-0.04909787099514987,7.8562174655700865
DLinear__ILI__h36__s2021,DLinear,ILI,36,158,72,86,50,0.25,9,False,False,-0.43905573874376397,0.0,-0.43905573874376397,7.8562174655700865
DLinear__ILI__h36__s2021,DLinear,ILI,36,158,72,86,50,0.5,18,False,False,-0.43905573874376397,0.0,-0.43905573874376397,7.8562174655700865
DLinear__ILI__h36__s2021,DLinear,ILI,36,158,72,86,50,1.0,36,True,False,-0.43905573874376397,0.0,-0.43905573874376397,7.8562174655700865
DLinear__ILI__h36__s2021,DLinear,ILI,36,158,72,86,50,2.0,72,True,False,-0.43905573874376397,0.0,-0.43905573874376397,7.8562174655700865
DLinear__ILI__h36__s2021,DLinear,ILI,36,158,72,86,200,0.0,0,False,False,-0.43905573874376397,0.0,-0.43905573874376397,7.8562174655700865
DLinear__ILI__h36__s2021,DLinear,ILI,36,158,72,86,200,0.125,4,False,False,-0.43905573874376397,0.0,-0.43905573874376397,7.8562174655700865
DLinear__ILI__h36__s2021,DLinear,ILI,36,158,72,86,200,0.25,9,False,False,-0.43905573874376397,0.0,-0.43905573874376397,7.8562174655700865
DLinear__ILI__h36__s2021,DLinear,ILI,36,158,72,86,200,0.5,18,False,False,-0.43905573874376397,0.0,-0.43905573874376397,7.8562174655700865
DLinear__ILI__h36__s2021,DLinear,ILI,36,158,72,86,200,1.0,36,True,False,-0.43905573874376397,0.0,-0.43905573874376397,7.8562174655700865
DLinear__ILI__h36__s2021,DLinear,ILI,36,158,72,86,200,2.0,72,True,False,-0.43905573874376397,0.0,-0.43905573874376397,7.8562174655700865
DLinear__ILI__h36__s2021,DLinear,ILI,36,158,72,86,1000,0.0,0,False,False,-0.43905573874376397,0.0,-0.43905573874376397,7.8562174655700865
DLinear__ILI__h36__s2021,DLinear,ILI,36,158,72,86,1000,0.125,4,False,False,-0.43905573874376397,0.0,-0.43905573874376397,7.8562174655700865
DLinear__ILI__h36__s2021,DLinear,ILI,36,158,72,86,1000,0.25,9,False,False,-0.43905573874376397,0.0,-0.43905573874376397,7.8562174655700865
DLinear__ILI__h36__s2021,DLinear,ILI,36,158,72,86,1000,0.5,18,False,False,-0.43905573874376397,0.0,-0.43905573874376397,7.8562174655700865
DLinear__ILI__h36__s2021,DLinear,ILI,36,158,72,86,1000,1.0,36,True,False,-0.43905573874376397,0.0,-0.43905573874376397,7.8562174655700865
DLinear__ILI__h36__s2021,DLinear,ILI,36,158,72,86,1000,2.0,72,True,False,-0.43905573874376397,0.0,-0.43905573874376397,7.8562174655700865
DLinear__ILI__h36__s2021,DLinear,ILI,36,158,72,86,3000,0.0,0,False,False,-0.43905573874376397,0.0,-0.43905573874376397,7.8562174655700865
DLinear__ILI__h36__s2021,DLinear,ILI,36,158,72,86,3000,0.125,4,False,False,-0.43905573874376397,0.0,-0.43905573874376397,7.8562174655700865
DLinear__ILI__h36__s2021,DLinear,ILI,36,158,72,86,3000,0.25,9,False,False,-0.43905573874376397,0.0,-0.43905573874376397,7.8562174655700865
DLinear__ILI__h36__s2021,DLinear,ILI,36,158,72,86,3000,0.5,18,False,False,-0.43905573874376397,0.0,-0.43905573874376397,7.8562174655700865
DLinear__ILI__h36__s2021,DLinear,ILI,36,158,72,86,3000,1.0,36,True,False,-0.43905573874376397,0.0,-0.43905573874376397,7.8562174655700865
DLinear__ILI__h36__s2021,DLinear,ILI,36,158,72,86,3000,2.0,72,True,False,-0.43905573874376397,0.0,-0.43905573874376397,7.8562174655700865
DLinear__ILI__h36__s2021,DLinear,ILI,36,158,72,86,1000000000,0.0,0,False,False,-0.43905573874376397,0.0,-0.43905573874376397,7.8562174655700865
DLinear__ILI__h36__s2021,DLinear,ILI,36,158,72,86,1000000000,0.125,4,False,False,-0.43905573874376397,0.0,-0.43905573874376397,7.8562174655700865
DLinear__ILI__h36__s2021,DLinear,ILI,36,158,72,86,1000000000,0.25,9,False,False,-0.43905573874376397,0.0,-0.43905573874376397,7.8562174655700865
DLinear__ILI__h36__s2021,DLinear,ILI,36,158,72,86,1000000000,0.5,18,False,False,-0.43905573874376397,0.0,-0.43905573874376397,7.8562174655700865
DLinear__ILI__h36__s2021,DLinear,ILI,36,158,72,86,1000000000,1.0,36,True,False,-0.43905573874376397,0.0,-0.43905573874376397,7.8562174655700865
DLinear__ILI__h36__s2021,DLinear,ILI,36,158,72,86,1000000000,2.0,72,True,False,-0.43905573874376397,0.0,-0.43905573874376397,7.8562174655700865
DLinear__ILI__h48__s2021,DLinear,ILI,48,146,73,73,50,0.0,0,False,False,1.7973206006350388,0.0,0.0,5.650361195416055
DLinear__ILI__h48__s2021,DLinear,ILI,48,146,73,73,50,0.125,6,False,False,1.7973206006350388,0.0,0.0,5.650361195416055
DLinear__ILI__h48__s2021,DLinear,ILI,48,146,73,73,50,0.25,12,False,False,1.7973206006350388,0.0,0.0,5.650361195416055
DLinear__ILI__h48__s2021,DLinear,ILI,48,146,73,73,50,0.5,24,False,False,1.7973206006350388,0.0,0.0,5.650361195416055
DLinear__ILI__h48__s2021,DLinear,ILI,48,146,73,73,50,1.0,48,True,False,1.7973206006350388,0.0,0.0,5.650361195416055
DLinear__ILI__h48__s2021,DLinear,ILI,48,146,73,73,50,2.0,96,True,True,,,,5.650361195416055
DLinear__ILI__h48__s2021,DLinear,ILI,48,146,73,73,200,0.0,0,False,False,1.7973206006350388,0.0,0.0,5.650361195416055
DLinear__ILI__h48__s2021,DLinear,ILI,48,146,73,73,200,0.125,6,False,False,1.7973206006350388,0.0,0.0,5.650361195416055
DLinear__ILI__h48__s2021,DLinear,ILI,48,146,73,73,200,0.25,12,False,False,1.7973206006350388,0.0,0.0,5.650361195416055
DLinear__ILI__h48__s2021,DLinear,ILI,48,146,73,73,200,0.5,24,False,False,1.7973206006350388,0.0,0.0,5.650361195416055
DLinear__ILI__h48__s2021,DLinear,ILI,48,146,73,73,200,1.0,48,True,False,1.7973206006350388,0.0,0.0,5.650361195416055
DLinear__ILI__h48__s2021,DLinear,ILI,48,146,73,73,200,2.0,96,True,True,,,,5.650361195416055
DLinear__ILI__h48__s2021,DLinear,ILI,48,146,73,73,1000,0.0,0,False,False,1.7973206006350388,0.0,0.0,5.650361195416055
DLinear__ILI__h48__s2021,DLinear,ILI,48,146,73,73,1000,0.125,6,False,False,1.7973206006350388,0.0,0.0,5.650361195416055
DLinear__ILI__h48__s2021,DLinear,ILI,48,146,73,73,1000,0.25,12,False,False,1.7973206006350388,0.0,0.0,5.650361195416055
DLinear__ILI__h48__s2021,DLinear,ILI,48,146,73,73,1000,0.5,24,False,False,1.7973206006350388,0.0,0.0,5.650361195416055
DLinear__ILI__h48__s2021,DLinear,ILI,48,146,73,73,1000,1.0,48,True,False,1.7973206006350388,0.0,0.0,5.650361195416055
DLinear__ILI__h48__s2021,DLinear,ILI,48,146,73,73,1000,2.0,96,True,True,,,,5.650361195416055
DLinear__ILI__h48__s2021,DLinear,ILI,48,146,73,73,3000,0.0,0,False,False,1.7973206006350388,0.0,0.0,5.650361195416055
DLinear__ILI__h48__s2021,DLinear,ILI,48,146,73,73,3000,0.125,6,False,False,1.7973206006350388,0.0,0.0,5.650361195416055
DLinear__ILI__h48__s2021,DLinear,ILI,48,146,73,73,3000,0.25,12,False,False,1.7973206006350388,0.0,0.0,5.650361195416055
DLinear__ILI__h48__s2021,DLinear,ILI,48,146,73,73,3000,0.5,24,False,False,1.7973206006350388,0.0,0.0,5.650361195416055
DLinear__ILI__h48__s2021,DLinear,ILI,48,146,73,73,3000,1.0,48,True,False,1.7973206006350388,0.0,0.0,5.650361195416055
DLinear__ILI__h48__s2021,DLinear,ILI,48,146,73,73,3000,2.0,96,True,True,,,,5.650361195416055
DLinear__ILI__h48__s2021,DLinear,ILI,48,146,73,73,1000000000,0.0,0,False,False,1.7973206006350388,0.0,0.0,5.650361195416055
DLinear__ILI__h48__s2021,DLinear,ILI,48,146,73,73,1000000000,0.125,6,False,False,1.7973206006350388,0.0,0.0,5.650361195416055
DLinear__ILI__h48__s2021,DLinear,ILI,48,146,73,73,1000000000,0.25,12,False,False,1.7973206006350388,0.0,0.0,5.650361195416055
DLinear__ILI__h48__s2021,DLinear,ILI,48,146,73,73,1000000000,0.5,24,False,False,1.7973206006350388,0.0,0.0,5.650361195416055
DLinear__ILI__h48__s2021,DLinear,ILI,48,146,73,73,1000000000,1.0,48,True,False,1.7973206006350388,0.0,0.0,5.650361195416055
DLinear__ILI__h48__s2021,DLinear,ILI,48,146,73,73,1000000000,2.0,96,True,True,,,,5.650361195416055
DLinear__ILI__h60__s2021,DLinear,ILI,60,134,67,67,50,0.0,0,False,False,4.020010884605547,-0.8751595704704335,-0.8751595704704335,7.3863429238245235
DLinear__ILI__h60__s2021,DLinear,ILI,60,134,67,67,50,0.125,8,False,False,2.485625222999473,-2.487801954405949,-2.487801954405949,7.3863429238245235
DLinear__ILI__h60__s2021,DLinear,ILI,60,134,67,67,50,0.25,15,False,False,1.8836471943932063,-3.1204820604702097,-3.1204820604702097,7.3863429238245235
DLinear__ILI__h60__s2021,DLinear,ILI,60,134,67,67,50,0.5,30,False,False,2.6682555592686295,-2.2958571075336445,-2.2958571075336445,7.3863429238245235
DLinear__ILI__h60__s2021,DLinear,ILI,60,134,67,67,50,1.0,60,True,False,4.852701572834946,0.0,0.0,7.3863429238245235
DLinear__ILI__h60__s2021,DLinear,ILI,60,134,67,67,50,2.0,120,True,True,,,,7.3863429238245235
DLinear__ILI__h60__s2021,DLinear,ILI,60,134,67,67,200,0.0,0,False,False,4.852701572834946,0.0,0.0,7.3863429238245235
DLinear__ILI__h60__s2021,DLinear,ILI,60,134,67,67,200,0.125,8,False,False,4.852701572834946,0.0,0.0,7.3863429238245235
DLinear__ILI__h60__s2021,DLinear,ILI,60,134,67,67,200,0.25,15,False,False,4.852701572834946,0.0,0.0,7.3863429238245235
DLinear__ILI__h60__s2021,DLinear,ILI,60,134,67,67,200,0.5,30,False,False,4.852701572834946,0.0,0.0,7.3863429238245235
DLinear__ILI__h60__s2021,DLinear,ILI,60,134,67,67,200,1.0,60,True,False,4.852701572834946,0.0,0.0,7.3863429238245235
DLinear__ILI__h60__s2021,DLinear,ILI,60,134,67,67,200,2.0,120,True,True,,,,7.3863429238245235
DLinear__ILI__h60__s2021,DLinear,ILI,60,134,67,67,1000,0.0,0,False,False,4.852701572834946,0.0,0.0,7.3863429238245235
DLinear__ILI__h60__s2021,DLinear,ILI,60,134,67,67,1000,0.125,8,False,False,4.852701572834946,0.0,0.0,7.3863429238245235
DLinear__ILI__h60__s2021,DLinear,ILI,60,134,67,67,1000,0.25,15,False,False,4.852701572834946,0.0,0.0,7.3863429238245235
DLinear__ILI__h60__s2021,DLinear,ILI,60,134,67,67,1000,0.5,30,False,False,4.852701572834946,0.0,0.0,7.3863429238245235
DLinear__ILI__h60__s2021,DLinear,ILI,60,134,67,67,1000,1.0,60,True,False,4.852701572834946,0.0,0.0,7.3863429238245235
DLinear__ILI__h60__s2021,DLinear,ILI,60,134,67,67,1000,2.0,120,True,True,,,,7.3863429238245235
DLinear__ILI__h60__s2021,DLinear,ILI,60,134,67,67,3000,0.0,0,False,False,4.852701572834946,0.0,0.0,7.3863429238245235
DLinear__ILI__h60__s2021,DLinear,ILI,60,134,67,67,3000,0.125,8,False,False,4.852701572834946,0.0,0.0,7.3863429238245235
DLinear__ILI__h60__s2021,DLinear,ILI,60,134,67,67,3000,0.25,15,False,False,4.852701572834946,0.0,0.0,7.3863429238245235
DLinear__ILI__h60__s2021,DLinear,ILI,60,134,67,67,3000,0.5,30,False,False,4.852701572834946,0.0,0.0,7.3863429238245235
DLinear__ILI__h60__s2021,DLinear,ILI,60,134,67,67,3000,1.0,60,True,False,4.852701572834946,0.0,0.0,7.3863429238245235
DLinear__ILI__h60__s2021,DLinear,ILI,60,134,67,67,3000,2.0,120,True,True,,,,7.3863429238245235
DLinear__ILI__h60__s2021,DLinear,ILI,60,134,67,67,1000000000,0.0,0,False,False,4.852701572834946,0.0,0.0,7.3863429238245235
DLinear__ILI__h60__s2021,DLinear,ILI,60,134,67,67,1000000000,0.125,8,False,False,4.852701572834946,0.0,0.0,7.3863429238245235
DLinear__ILI__h60__s2021,DLinear,ILI,60,134,67,67,1000000000,0.25,15,False,False,4.852701572834946,0.0,0.0,7.3863429238245235
DLinear__ILI__h60__s2021,DLinear,ILI,60,134,67,67,1000000000,0.5,30,False,False,4.852701572834946,0.0,0.0,7.3863429238245235
DLinear__ILI__h60__s2021,DLinear,ILI,60,134,67,67,1000000000,1.0,60,True,False,4.852701572834946,0.0,0.0,7.3863429238245235
DLinear__ILI__h60__s2021,DLinear,ILI,60,134,67,67,1000000000,2.0,120,True,True,,,,7.3863429238245235
DLinear__Weather__h96__s2021,DLinear,Weather,96,10444,192,10252,50,0.0,0,False,False,7.268502125494409,7.268502125494409,6.519823025650935,11.107883888607713
DLinear__Weather__h96__s2021,DLinear,Weather,96,10444,192,10252,50,0.125,12,False,False,5.10390805147899,5.10390805147899,4.337752836399529,11.107883888607713
DLinear__Weather__h96__s2021,DLinear,Weather,96,10444,192,10252,50,0.25,24,False,False,3.7397037571851244,3.7397037571851244,2.9625344717362116,11.107883888607713
DLinear__Weather__h96__s2021,DLinear,Weather,96,10444,192,10252,50,0.5,48,False,False,2.0004315231300365,2.0004315231300365,1.2092200103859567,11.107883888607713
DLinear__Weather__h96__s2021,DLinear,Weather,96,10444,192,10252,50,1.0,96,True,False,0.3482419669542871,0.3482419669542871,-0.45630870042484917,11.107883888607713
DLinear__Weather__h96__s2021,DLinear,Weather,96,10444,192,10252,50,2.0,192,True,False,-0.8793965243961741,-0.8793965243961741,-1.6938586814169563,11.107883888607713
DLinear__Weather__h96__s2021,DLinear,Weather,96,10444,192,10252,200,0.0,0,False,False,3.7925199710525845,3.7925199710525845,3.015777103771843,11.107883888607713
DLinear__Weather__h96__s2021,DLinear,Weather,96,10444,192,10252,200,0.125,12,False,False,2.843571412155211,2.843571412155211,2.0591670925183942,11.107883888607713
DLinear__Weather__h96__s2021,DLinear,Weather,96,10444,192,10252,200,0.25,24,False,False,2.029320023872418,2.029320023872418,1.2383417459754762,11.107883888607713
DLinear__Weather__h96__s2021,DLinear,Weather,96,10444,192,10252,200,0.5,48,False,False,0.7892996308164918,0.7892996308164918,-0.011690103521248975,11.107883888607713
DLinear__Weather__h96__s2021,DLinear,Weather,96,10444,192,10252,200,1.0,96,True,False,-0.4337866000351206,-0.4337866000351206,-1.2446510707821035,11.107883888607713
DLinear__Weather__h96__s2021,DLinear,Weather,96,10444,192,10252,200,2.0,192,True,False,-1.164568940682429,-1.164568940682429,-1.9813334721155638,11.107883888607713
DLinear__Weather__h96__s2021,DLinear,Weather,96,10444,192,10252,1000,0.0,0,False,False,1.1288201153401152,1.1288201153401152,0.3305715411966761,11.107883888607713
DLinear__Weather__h96__s2021,DLinear,Weather,96,10444,192,10252,1000,0.125,12,False,False,0.5053543673071776,0.5053543673071776,-0.29792783387474875,11.107883888607713
DLinear__Weather__h96__s2021,DLinear,Weather,96,10444,192,10252,1000,0.25,24,False,False,0.21444066114253457,0.21444066114253457,-0.5911902674583992,11.107883888607713
DLinear__Weather__h96__s2021,DLinear,Weather,96,10444,192,10252,1000,0.5,48,False,False,-0.255998390516092,-0.255998390516092,-1.065427466389527,11.107883888607713
DLinear__Weather__h96__s2021,DLinear,Weather,96,10444,192,10252,1000,1.0,96,True,False,-0.6696199114938761,-0.6696199114938761,-1.4823884113505257,11.107883888607713
DLinear__Weather__h96__s2021,DLinear,Weather,96,10444,192,10252,1000,2.0,192,True,False,-0.23314278535339053,-0.23314278535339053,-1.0423873337006686,11.107883888607713
DLinear__Weather__h96__s2021,DLinear,Weather,96,10444,192,10252,3000,0.0,0,False,False,1.3921486649454349,1.3921486649454349,0.5960261060826765,11.107883888607713
DLinear__Weather__h96__s2021,DLinear,Weather,96,10444,192,10252,3000,0.125,12,False,False,1.25459359710596,1.25459359710596,0.45736047056415546,11.107883888607713
DLinear__Weather__h96__s2021,DLinear,Weather,96,10444,192,10252,3000,0.25,24,False,False,1.17429304876277,1.17429304876277,0.37641160591390144,11.107883888607713
DLinear__Weather__h96__s2021,DLinear,Weather,96,10444,192,10252,3000,0.5,48,False,False,1.0667019609029063,1.0667019609029063,0.2679518682354061,11.107883888607713
DLinear__Weather__h96__s2021,DLinear,Weather,96,10444,192,10252,3000,1.0,96,True,False,0.9817995515896842,0.9817995515896842,0.18236398892724043,11.107883888607713
DLinear__Weather__h96__s2021,DLinear,Weather,96,10444,192,10252,3000,2.0,192,True,False,0.8831815009196943,0.8831815009196943,0.08294973335280852,11.107883888607713
DLinear__Weather__h96__s2021,DLinear,Weather,96,10444,192,10252,1000000000,0.0,0,False,False,0.6763570375405543,0.6763570375405543,-0.1255445526499006,11.107883888607713
DLinear__Weather__h96__s2021,DLinear,Weather,96,10444,192,10252,1000000000,0.125,12,False,False,0.6170425648461032,0.6170425648461032,-0.185337908000649,11.107883888607713
DLinear__Weather__h96__s2021,DLinear,Weather,96,10444,192,10252,1000000000,0.25,24,False,False,0.5712064125250726,0.5712064125250726,-0.23154412410848949,11.107883888607713
DLinear__Weather__h96__s2021,DLinear,Weather,96,10444,192,10252,1000000000,0.5,48,False,False,0.49214051803605313,0.49214051803605313,-0.31124836677554096,11.107883888607713
DLinear__Weather__h96__s2021,DLinear,Weather,96,10444,192,10252,1000000000,1.0,96,True,False,0.4132039180149457,0.4132039180149457,-0.3908222710999659,11.107883888607713
DLinear__Weather__h96__s2021,DLinear,Weather,96,10444,192,10252,1000000000,2.0,192,True,False,0.19396861866385623,0.19396861866385623,-0.6118275934781202,11.107883888607713
DLinear__Weather__h192__s2021,DLinear,Weather,192,10348,384,9964,50,0.0,0,False,False,7.109257003098903,7.109257003098903,5.971534406134637,9.57280477319426
DLinear__Weather__h192__s2021,DLinear,Weather,192,10348,384,9964,50,0.125,24,False,False,5.129628819456156,5.129628819456156,3.9676598051907286,9.57280477319426
DLinear__Weather__h192__s2021,DLinear,Weather,192,10348,384,9964,50,0.25,48,False,False,3.9884354362275127,3.9884354362275127,2.812489125003135,9.57280477319426
DLinear__Weather__h192__s2021,DLinear,Weather,192,10348,384,9964,50,0.5,96,False,False,0.7494517785329923,0.7494517785329923,-0.4661654921397342,9.57280477319426
DLinear__Weather__h192__s2021,DLinear,Weather,192,10348,384,9964,50,1.0,192,True,False,-2.383360322659827,-2.383360322659827,-3.6373481672409684,9.57280477319426
DLinear__Weather__h192__s2021,DLinear,Weather,192,10348,384,9964,50,2.0,384,True,False,0.7666442080827646,0.7666442080827646,-0.4487624903094049,9.57280477319426
DLinear__Weather__h192__s2021,DLinear,Weather,192,10348,384,9964,200,0.0,0,False,False,4.051521487894986,4.051521487894986,2.8763478524423767,9.57280477319426
DLinear__Weather__h192__s2021,DLinear,Weather,192,10348,384,9964,200,0.125,24,False,False,2.6255274640638357,2.6255274640638357,1.4328883032886142,9.57280477319426
DLinear__Weather__h192__s2021,DLinear,Weather,192,10348,384,9964,200,0.25,48,False,False,1.3735886504837145,1.3735886504837145,0.16561578656140694,9.57280477319426
DLinear__Weather__h192__s2021,DLinear,Weather,192,10348,384,9964,200,0.5,96,False,False,-0.7868164304420698,-0.7868164304420698,-2.0212498608305935,9.57280477319426
DLinear__Weather__h192__s2021,DLinear,Weather,192,10348,384,9964,200,1.0,192,True,False,-1.714693394775755,-1.714693394775755,-2.9604914300265763,9.57280477319426
DLinear__Weather__h192__s2021,DLinear,Weather,192,10348,384,9964,200,2.0,384,True,False,0.8581470743395301,0.8581470743395301,-0.35613890012182964,9.57280477319426
DLinear__Weather__h192__s2021,DLinear,Weather,192,10348,384,9964,1000,0.0,0,False,False,1.6305124681330765,1.6305124681330765,0.4256863982142117,9.57280477319426
DLinear__Weather__h192__s2021,DLinear,Weather,192,10348,384,9964,1000,0.125,24,False,False,0.972555446587206,0.972555446587206,-0.24032925810077674,9.57280477319426
DLinear__Weather__h192__s2021,DLinear,Weather,192,10348,384,9964,1000,0.25,48,False,False,0.5074425726212337,0.5074425726212337,-0.7111388184079029,9.57280477319426
DLinear__Weather__h192__s2021,DLinear,Weather,192,10348,384,9964,1000,0.5,96,False,False,-0.08163693540538704,-0.08163693540538704,-1.307433351808073,9.57280477319426
DLinear__Weather__h192__s2021,DLinear,Weather,192,10348,384,9964,1000,1.0,192,True,False,0.7763719015183804,0.7763719015183804,-0.43891565242213565,9.57280477319426
DLinear__Weather__h192__s2021,DLinear,Weather,192,10348,384,9964,1000,2.0,384,True,False,1.3374202215824784,1.3374202215824784,0.1290043679980147,9.57280477319426
DLinear__Weather__h192__s2021,DLinear,Weather,192,10348,384,9964,3000,0.0,0,False,False,1.2742923471805443,1.2742923471805443,0.06510330558091079,9.57280477319426
DLinear__Weather__h192__s2021,DLinear,Weather,192,10348,384,9964,3000,0.125,24,False,False,1.149382686471453,1.149382686471453,-0.0613362443182433,9.57280477319426
DLinear__Weather__h192__s2021,DLinear,Weather,192,10348,384,9964,3000,0.25,48,False,False,1.0666569841415663,1.0666569841415663,-0.14507516817972643,9.57280477319426
DLinear__Weather__h192__s2021,DLinear,Weather,192,10348,384,9964,3000,0.5,96,False,False,0.9507433976738664,0.9507433976738664,-0.26240846023233994,9.57280477319426
DLinear__Weather__h192__s2021,DLinear,Weather,192,10348,384,9964,3000,1.0,192,True,False,0.9445951318916429,0.9445951318916429,-0.2686320297605224,9.57280477319426
DLinear__Weather__h192__s2021,DLinear,Weather,192,10348,384,9964,3000,2.0,384,True,False,0.9391360514394691,0.9391360514394691,-0.2741579728406471,9.57280477319426
DLinear__Weather__h192__s2021,DLinear,Weather,192,10348,384,9964,1000000000,0.0,0,False,False,1.0799776691948118,1.0799776691948118,-0.1315913318381698,9.57280477319426
DLinear__Weather__h192__s2021,DLinear,Weather,192,10348,384,9964,1000000000,0.125,24,False,False,1.0629011881341868,1.0629011881341868,-0.14887696504628017,9.57280477319426
DLinear__Weather__h192__s2021,DLinear,Weather,192,10348,384,9964,1000000000,0.25,48,False,False,1.0567987957876006,1.0567987957876006,-0.1550540992825775,9.57280477319426
DLinear__Weather__h192__s2021,DLinear,Weather,192,10348,384,9964,1000000000,0.5,96,False,False,1.021290636843652,1.021290636843652,-0.19099716092515637,9.57280477319426
DLinear__Weather__h192__s2021,DLinear,Weather,192,10348,384,9964,1000000000,1.0,192,True,False,0.9568482279308101,0.9568482279308101,-0.25622885822624375,9.57280477319426
DLinear__Weather__h192__s2021,DLinear,Weather,192,10348,384,9964,1000000000,2.0,384,True,False,0.8064239447130598,0.8064239447130598,-0.4084955328451985,9.57280477319426
DLinear__Weather__h336__s2021,DLinear,Weather,336,10204,672,9532,50,0.0,0,False,False,7.335461387616392,7.335461387616392,6.4758574106925515,8.791671035947726
DLinear__Weather__h336__s2021,DLinear,Weather,336,10204,672,9532,50,0.125,42,False,False,5.428274053434354,5.428274053434354,4.550978024709992,8.791671035947726
DLinear__Weather__h336__s2021,DLinear,Weather,336,10204,672,9532,50,0.25,84,False,False,3.404869423595695,3.404869423595695,2.5088032515912695,8.791671035947726
DLinear__Weather__h336__s2021,DLinear,Weather,336,10204,672,9532,50,0.5,168,False,False,0.09304053389916264,0.09304053389916264,-0.8337478682820388,8.791671035947726
DLinear__Weather__h336__s2021,DLinear,Weather,336,10204,672,9532,50,1.0,336,True,False,-2.2046592729854098,-2.2046592729854098,-3.1527623217547416,8.791671035947726
DLinear__Weather__h336__s2021,DLinear,Weather,336,10204,672,9532,50,2.0,672,True,False,-1.2323274223881966,-1.2323274223881966,-2.1714106202180083,8.791671035947726
DLinear__Weather__h336__s2021,DLinear,Weather,336,10204,672,9532,200,0.0,0,False,False,4.893629854859318,4.893629854859318,4.011374191238842,8.791671035947726
DLinear__Weather__h336__s2021,DLinear,Weather,336,10204,672,9532,200,0.125,42,False,False,2.8893669386279752,2.8893669386279752,1.9885187001197064,8.791671035947726
DLinear__Weather__h336__s2021,DLinear,Weather,336,10204,672,9532,200,0.25,84,False,False,1.2550396645866602,1.2550396645866602,0.3390305647025247,8.791671035947726
DLinear__Weather__h336__s2021,DLinear,Weather,336,10204,672,9532,200,0.5,168,False,False,-1.183863804569895,-1.183863804569895,-2.1224974289249285,8.791671035947726
DLinear__Weather__h336__s2021,DLinear,Weather,336,10204,672,9532,200,1.0,336,True,False,-0.2649590758602783,-0.2649590758602783,-1.1950684667702283,8.791671035947726
DLinear__Weather__h336__s2021,DLinear,Weather,336,10204,672,9532,200,2.0,672,True,False,-0.6769306516282004,-0.6769306516282004,-1.6108617030159629,8.791671035947726
DLinear__Weather__h336__s2021,DLinear,Weather,336,10204,672,9532,1000,0.0,0,False,False,1.4782534369226017,1.4782534369226017,0.5643149829325419,8.791671035947726
DLinear__Weather__h336__s2021,DLinear,Weather,336,10204,672,9532,1000,0.125,42,False,False,0.7868779987795417,0.7868779987795417,-0.13347400979218224,8.791671035947726
DLinear__Weather__h336__s2021,DLinear,Weather,336,10204,672,9532,1000,0.25,84,False,False,0.3889461766565794,0.3889461766565794,-0.5350972524085039,8.791671035947726
DLinear__Weather__h336__s2021,DLinear,Weather,336,10204,672,9532,1000,0.5,168,False,False,0.5373488622046949,0.5373488622046949,-0.38531790713064046,8.791671035947726
DLinear__Weather__h336__s2021,DLinear,Weather,336,10204,672,9532,1000,1.0,336,True,False,1.6129525402196216,1.6129525402196216,0.7002636244738144,8.791671035947726
DLinear__Weather__h336__s2021,DLinear,Weather,336,10204,672,9532,1000,2.0,672,True,False,2.3585558637430126,2.3585558637430126,1.4527835483678104,8.791671035947726
DLinear__Weather__h336__s2021,DLinear,Weather,336,10204,672,9532,3000,0.0,0,False,False,1.4413693560810867,1.4413693560810867,0.5270887463640214,8.791671035947726
DLinear__Weather__h336__s2021,DLinear,Weather,336,10204,672,9532,3000,0.125,42,False,False,1.1448986193282507,1.1448986193282507,0.2278677943921756,8.791671035947726
DLinear__Weather__h336__s2021,DLinear,Weather,336,10204,672,9532,3000,0.25,84,False,False,0.9413860934317889,0.9413860934317889,0.02246738150858734,8.791671035947726
DLinear__Weather__h336__s2021,DLinear,Weather,336,10204,672,9532,3000,0.5,168,False,False,0.817892481117381,0.817892481117381,-0.10217182114555351,8.791671035947726
DLinear__Weather__h336__s2021,DLinear,Weather,336,10204,672,9532,3000,1.0,336,True,False,0.5732997147151409,0.5732997147151409,-0.3490335559997455,8.791671035947726
DLinear__Weather__h336__s2021,DLinear,Weather,336,10204,672,9532,3000,2.0,672,True,False,0.09730354654836082,0.09730354654836082,-0.8294453097323073,8.791671035947726
DLinear__Weather__h336__s2021,DLinear,Weather,336,10204,672,9532,1000000000,0.0,0,False,False,0.7892938662848231,0.7892938662848231,-0.13103573145589298,8.791671035947726
DLinear__Weather__h336__s2021,DLinear,Weather,336,10204,672,9532,1000000000,0.125,42,False,False,0.763840215915451,0.763840215915451,-0.15672550299321542,8.791671035947726
DLinear__Weather__h336__s2021,DLinear,Weather,336,10204,672,9532,1000000000,0.25,84,False,False,0.7417109536640488,0.7417109536640488,-0.1790600476765226,8.791671035947726
DLinear__Weather__h336__s2021,DLinear,Weather,336,10204,672,9532,1000000000,0.5,168,False,False,0.6908117433859646,0.6908117433859646,-0.23043142523922844,8.791671035947726
DLinear__Weather__h336__s2021,DLinear,Weather,336,10204,672,9532,1000000000,1.0,336,True,False,0.5967064694832978,0.5967064694832978,-0.32540966812126515,8.791671035947726
DLinear__Weather__h336__s2021,DLinear,Weather,336,10204,672,9532,1000000000,2.0,672,True,False,0.48110441098895046,0.48110441098895046,-0.4420841108384272,8.791671035947726
DLinear__Weather__h720__s2021,DLinear,Weather,720,9820,1440,8380,50,0.0,0,False,False,8.637305005652978,8.637305005652978,7.497751117431035,9.695173151697844
DLinear__Weather__h720__s2021,DLinear,Weather,720,9820,1440,8380,50,0.125,90,False,False,5.078769932389872,5.078769932389872,3.8948309427940906,9.695173151697844
DLinear__Weather__h720__s2021,DLinear,Weather,720,9820,1440,8380,50,0.25,180,False,False,1.8088461486418472,1.8088461486418472,0.5841218651994902,9.695173151697844
DLinear__Weather__h720__s2021,DLinear,Weather,720,9820,1440,8380,50,0.5,360,False,False,0.8028859374708193,0.8028859374708193,-0.4343855444764358,9.695173151697844
DLinear__Weather__h720__s2021,DLinear,Weather,720,9820,1440,8380,50,1.0,720,True,False,-0.9549990029735907,-0.9549990029735907,-2.2141963335295607,9.695173151697844
DLinear__Weather__h720__s2021,DLinear,Weather,720,9820,1440,8380,50,2.0,1440,True,False,2.209411600450589,2.209411600450589,0.9896835128639285,9.695173151697844
DLinear__Weather__h720__s2021,DLinear,Weather,720,9820,1440,8380,200,0.0,0,False,False,6.310525180180074,6.310525180180074,5.141949698436637,9.695173151697844
DLinear__Weather__h720__s2021,DLinear,Weather,720,9820,1440,8380,200,0.125,90,False,False,3.2046164690051846,3.2046164690051846,1.9973014300661034,9.695173151697844
DLinear__Weather__h720__s2021,DLinear,Weather,720,9820,1440,8380,200,0.25,180,False,False,2.040226871200491,2.040226871200491,0.8183885665711231,9.695173151697844
DLinear__Weather__h720__s2021,DLinear,Weather,720,9820,1440,8380,200,0.5,360,False,False,-0.2217248439454907,-0.2217248439454907,-1.4717761503052078,9.695173151697844
DLinear__Weather__h720__s2021,DLinear,Weather,720,9820,1440,8380,200,1.0,720,True,False,-0.6153824314083418,-0.6153824314083418,-1.8703437728151766,9.695173151697844
DLinear__Weather__h720__s2021,DLinear,Weather,720,9820,1440,8380,200,2.0,1440,True,False,1.0480217094479916,1.0480217094479916,-0.18619222891305295,9.695173151697844
DLinear__Weather__h720__s2021,DLinear,Weather,720,9820,1440,8380,1000,0.0,0,False,False,3.664448457614321,3.664448457614321,2.462868837607232,9.695173151697844
DLinear__Weather__h720__s2021,DLinear,Weather,720,9820,1440,8380,1000,0.125,90,False,False,2.68252804563837,2.68252804563837,1.468701072119424,9.695173151697844
DLinear__Weather__h720__s2021,DLinear,Weather,720,9820,1440,8380,1000,0.25,180,False,False,2.2727560933292557,2.2727560933292557,1.0538180925845144,9.695173151697844
DLinear__Weather__h720__s2021,DLinear,Weather,720,9820,1440,8380,1000,0.5,360,False,False,2.71857431042324,2.71857431042324,1.50519693683339,9.695173151697844
DLinear__Weather__h720__s2021,DLinear,Weather,720,9820,1440,8380,1000,1.0,720,True,False,3.837085030691973,3.837085030691973,2.6376586820842456,9.695173151697844
DLinear__Weather__h720__s2021,DLinear,Weather,720,9820,1440,8380,1000,2.0,1440,True,False,-0.9360954194292661,-0.9360954194292661,-2.195056968278812,9.695173151697844
DLinear__Weather__h720__s2021,DLinear,Weather,720,9820,1440,8380,3000,0.0,0,False,False,1.744995806642029,1.744995806642029,0.5194751269736773,9.695173151697844
DLinear__Weather__h720__s2021,DLinear,Weather,720,9820,1440,8380,3000,0.125,90,False,False,1.209107375420407,1.209107375420407,-0.023097364361206102,9.695173151697844
DLinear__Weather__h720__s2021,DLinear,Weather,720,9820,1440,8380,3000,0.25,180,False,False,0.7156954325945071,0.7156954325945071,-0.522663564107583,9.695173151697844
DLinear__Weather__h720__s2021,DLinear,Weather,720,9820,1440,8380,3000,0.5,360,False,False,-0.10523281266669374,-0.10523281266669374,-1.3538311305041388,9.695173151697844
DLinear__Weather__h720__s2021,DLinear,Weather,720,9820,1440,8380,3000,1.0,720,True,False,-1.1318093019200657,-1.1318093019200657,-2.3932119621639854,9.695173151697844
DLinear__Weather__h720__s2021,DLinear,Weather,720,9820,1440,8380,3000,2.0,1440,True,False,-1.2003081571434777,-1.2003081571434777,-2.4625651938570647,9.695173151697844
DLinear__Weather__h720__s2021,DLinear,Weather,720,9820,1440,8380,1000000000,0.0,0,False,False,1.0010724868506669,1.0010724868506669,-0.23372704248011755,9.695173151697844
DLinear__Weather__h720__s2021,DLinear,Weather,720,9820,1440,8380,1000000000,0.125,90,False,False,0.9635879676604134,0.9635879676604134,-0.27167910074191454,9.695173151697844
DLinear__Weather__h720__s2021,DLinear,Weather,720,9820,1440,8380,1000000000,0.25,180,False,False,0.9281858742276383,0.9281858742276383,-0.3075227594462156,9.695173151697844
DLinear__Weather__h720__s2021,DLinear,Weather,720,9820,1440,8380,1000000000,0.5,360,False,False,0.8158024467656345,0.8158024467656345,-0.42130792939998757,9.695173151697844
DLinear__Weather__h720__s2021,DLinear,Weather,720,9820,1440,8380,1000000000,1.0,720,True,False,0.7172493016098554,0.7172493016098554,-0.5210903139052158,9.695173151697844
DLinear__Weather__h720__s2021,DLinear,Weather,720,9820,1440,8380,1000000000,2.0,1440,True,False,0.4197001726516812,0.4197001726516812,-0.8223507307896307,9.695173151697844
PatchTST__ETTh1__h96__s2021,PatchTST,ETTh1,96,2785,192,2593,50,0.0,0,False,False,2.568590561747966,2.5686249302382795,2.568590561747966,4.279809543460152
PatchTST__ETTh1__h96__s2021,PatchTST,ETTh1,96,2785,192,2593,50,0.125,12,False,False,1.8067820557738612,1.80681669298869,1.8067820557738612,4.279809543460152
PatchTST__ETTh1__h96__s2021,PatchTST,ETTh1,96,2785,192,2593,50,0.25,24,False,False,0.911959084638295,0.9119940374978915,0.911959084638295,4.279809543460152
PatchTST__ETTh1__h96__s2021,PatchTST,ETTh1,96,2785,192,2593,50,0.5,48,False,False,-0.5962972040627955,-0.5962617191725946,-0.5962972040627955,4.279809543460152
PatchTST__ETTh1__h96__s2021,PatchTST,ETTh1,96,2785,192,2593,50,1.0,96,True,False,-2.8025718443799845,-2.8025355812363535,-2.8025718443799845,4.279809543460152
PatchTST__ETTh1__h96__s2021,PatchTST,ETTh1,96,2785,192,2593,50,2.0,192,True,False,-2.872583172098512,-2.8725468842587008,-2.872583172098512,4.279809543460152
PatchTST__ETTh1__h96__s2021,PatchTST,ETTh1,96,2785,192,2593,200,0.0,0,False,False,0.45483064980678684,0.4548657639163773,0.45483064980678684,4.279809543460152
PatchTST__ETTh1__h96__s2021,PatchTST,ETTh1,96,2785,192,2593,200,0.125,12,False,False,0.02245534293606592,0.022490609564096105,0.02245534293606592,4.279809543460152
PatchTST__ETTh1__h96__s2021,PatchTST,ETTh1,96,2785,192,2593,200,0.25,24,False,False,-0.435752890188337,-0.43571746192941885,-0.435752890188337,4.279809543460152
PatchTST__ETTh1__h96__s2021,PatchTST,ETTh1,96,2785,192,2593,200,0.5,48,False,False,-1.5936552054041868,-1.5936193687004485,-1.5936552054041868,4.279809543460152
PatchTST__ETTh1__h96__s2021,PatchTST,ETTh1,96,2785,192,2593,200,1.0,96,True,False,-2.5795121004144503,-2.579475915954138,-2.5795121004144503,4.279809543460152
PatchTST__ETTh1__h96__s2021,PatchTST,ETTh1,96,2785,192,2593,200,2.0,192,True,False,-2.5687005058080756,-2.5686643251615044,-2.5687005058080756,4.279809543460152
PatchTST__ETTh1__h96__s2021,PatchTST,ETTh1,96,2785,192,2593,1000,0.0,0,False,False,-1.001350061123144,-1.0013144333523745,-1.001350061123144,4.279809543460152
PatchTST__ETTh1__h96__s2021,PatchTST,ETTh1,96,2785,192,2593,1000,0.125,12,False,False,-1.251275282661622,-1.2512395667308576,-1.251275282661622,4.279809543460152
PatchTST__ETTh1__h96__s2021,PatchTST,ETTh1,96,2785,192,2593,1000,0.25,24,False,False,-1.519985674947061,-1.5199498642299174,-1.519985674947061,4.279809543460152
PatchTST__ETTh1__h96__s2021,PatchTST,ETTh1,96,2785,192,2593,1000,0.5,48,False,False,-2.0767732866230624,-2.0767372795015997,-2.0767732866230624,4.279809543460152
PatchTST__ETTh1__h96__s2021,PatchTST,ETTh1,96,2785,192,2593,1000,1.0,96,True,False,-2.759505603741281,-2.759469355789072,-2.759505603741281,4.279809543460152
PatchTST__ETTh1__h96__s2021,PatchTST,ETTh1,96,2785,192,2593,1000,2.0,192,True,False,-2.882601802084999,-2.882565510711161,-2.882601802084999,4.279809543460152
PatchTST__ETTh1__h96__s2021,PatchTST,ETTh1,96,2785,192,2593,3000,0.0,0,False,False,-3.690198033992061e-06,3.158435231885277e-05,-3.690198033992061e-06,4.279809543460152
PatchTST__ETTh1__h96__s2021,PatchTST,ETTh1,96,2785,192,2593,3000,0.125,12,False,False,-0.1073512132358092,-0.1073159008191017,-0.1073512132358092,4.279809543460152
PatchTST__ETTh1__h96__s2021,PatchTST,ETTh1,96,2785,192,2593,3000,0.25,24,False,False,-0.22189495709500526,-0.22185960427350865,-0.22189495709500526,4.279809543460152
PatchTST__ETTh1__h96__s2021,PatchTST,ETTh1,96,2785,192,2593,3000,0.5,48,False,False,-0.6632402217096653,-0.6632047132056169,-0.6632402217096653,4.279809543460152
PatchTST__ETTh1__h96__s2021,PatchTST,ETTh1,96,2785,192,2593,3000,1.0,96,True,False,-1.1558335009074663,-1.15579781864336,-1.1558335009074663,4.279809543460152
PatchTST__ETTh1__h96__s2021,PatchTST,ETTh1,96,2785,192,2593,3000,2.0,192,True,False,-0.8804625233023242,-0.8804269381740885,-0.8804625233023242,4.279809543460152
PatchTST__ETTh1__h96__s2021,PatchTST,ETTh1,96,2785,192,2593,1000000000,0.0,0,False,False,-3.690198033992061e-06,3.158435231885277e-05,-3.690198033992061e-06,4.279809543460152
PatchTST__ETTh1__h96__s2021,PatchTST,ETTh1,96,2785,192,2593,1000000000,0.125,12,False,False,-0.1073512132358092,-0.1073159008191017,-0.1073512132358092,4.279809543460152
PatchTST__ETTh1__h96__s2021,PatchTST,ETTh1,96,2785,192,2593,1000000000,0.25,24,False,False,-0.22189495709500526,-0.22185960427350865,-0.22189495709500526,4.279809543460152
PatchTST__ETTh1__h96__s2021,PatchTST,ETTh1,96,2785,192,2593,1000000000,0.5,48,False,False,-0.6632402217096653,-0.6632047132056169,-0.6632402217096653,4.279809543460152
PatchTST__ETTh1__h96__s2021,PatchTST,ETTh1,96,2785,192,2593,1000000000,1.0,96,True,False,-1.1558335009074663,-1.15579781864336,-1.1558335009074663,4.279809543460152
PatchTST__ETTh1__h96__s2021,PatchTST,ETTh1,96,2785,192,2593,1000000000,2.0,192,True,False,-0.8804625233023242,-0.8804269381740885,-0.8804625233023242,4.279809543460152
PatchTST__ETTh1__h192__s2021,PatchTST,ETTh1,192,2689,384,2305,50,0.0,0,False,False,3.0205648876232947,3.0205648876232947,3.0205648876232947,4.230042888495506
PatchTST__ETTh1__h192__s2021,PatchTST,ETTh1,192,2689,384,2305,50,0.125,24,False,False,1.7211284679205767,1.7211284679205767,1.7211284679205767,4.230042888495506
PatchTST__ETTh1__h192__s2021,PatchTST,ETTh1,192,2689,384,2305,50,0.25,48,False,False,0.45238780279265556,0.45238780279265556,0.45238780279265556,4.230042888495506
PatchTST__ETTh1__h192__s2021,PatchTST,ETTh1,192,2689,384,2305,50,0.5,96,False,False,-1.1081600546545223,-1.1081600546545223,-1.1081600546545223,4.230042888495506
PatchTST__ETTh1__h192__s2021,PatchTST,ETTh1,192,2689,384,2305,50,1.0,192,True,False,-3.2985448415168483,-3.2985448415168483,-3.2985448415168483,4.230042888495506
PatchTST__ETTh1__h192__s2021,PatchTST,ETTh1,192,2689,384,2305,50,2.0,384,True,False,-0.10522550398234948,-0.10522550398234948,-0.10522550398234948,4.230042888495506
PatchTST__ETTh1__h192__s2021,PatchTST,ETTh1,192,2689,384,2305,200,0.0,0,False,False,0.8518620560728996,0.8518620560728996,0.8518620560728996,4.230042888495506
PatchTST__ETTh1__h192__s2021,PatchTST,ETTh1,192,2689,384,2305,200,0.125,24,False,False,-0.20147882069516196,-0.20147882069516196,-0.20147882069516196,4.230042888495506
PatchTST__ETTh1__h192__s2021,PatchTST,ETTh1,192,2689,384,2305,200,0.25,48,False,False,-0.927916365872477,-0.927916365872477,-0.927916365872477,4.230042888495506
PatchTST__ETTh1__h192__s2021,PatchTST,ETTh1,192,2689,384,2305,200,0.5,96,False,False,-2.276697801333387,-2.276697801333387,-2.276697801333387,4.230042888495506
PatchTST__ETTh1__h192__s2021,PatchTST,ETTh1,192,2689,384,2305,200,1.0,192,True,False,-2.0424255381405634,-2.0424255381405634,-2.0424255381405634,4.230042888495506
PatchTST__ETTh1__h192__s2021,PatchTST,ETTh1,192,2689,384,2305,200,2.0,384,True,False,-0.638429964619574,-0.638429964619574,-0.638429964619574,4.230042888495506
PatchTST__ETTh1__h192__s2021,PatchTST,ETTh1,192,2689,384,2305,1000,0.0,0,False,False,-1.201739105828017,-1.201739105828017,-1.201739105828017,4.230042888495506
PatchTST__ETTh1__h192__s2021,PatchTST,ETTh1,192,2689,384,2305,1000,0.125,24,False,False,-1.3673360446079075,-1.3673360446079075,-1.3673360446079075,4.230042888495506
PatchTST__ETTh1__h192__s2021,PatchTST,ETTh1,192,2689,384,2305,1000,0.25,48,False,False,-1.5080447604852851,-1.5080447604852851,-1.5080447604852851,4.230042888495506
PatchTST__ETTh1__h192__s2021,PatchTST,ETTh1,192,2689,384,2305,1000,0.5,96,False,False,-1.619824195752625,-1.619824195752625,-1.619824195752625,4.230042888495506
PatchTST__ETTh1__h192__s2021,PatchTST,ETTh1,192,2689,384,2305,1000,1.0,192,True,False,-1.5596008850128436,-1.5596008850128436,-1.5596008850128436,4.230042888495506
PatchTST__ETTh1__h192__s2021,PatchTST,ETTh1,192,2689,384,2305,1000,2.0,384,True,False,-0.13295175667866613,-0.13295175667866613,-0.13295175667866613,4.230042888495506
PatchTST__ETTh1__h192__s2021,PatchTST,ETTh1,192,2689,384,2305,3000,0.0,0,False,False,0.0,0.0,0.0,4.230042888495506
PatchTST__ETTh1__h192__s2021,PatchTST,ETTh1,192,2689,384,2305,3000,0.125,24,False,False,0.0,0.0,0.0,4.230042888495506
PatchTST__ETTh1__h192__s2021,PatchTST,ETTh1,192,2689,384,2305,3000,0.25,48,False,False,0.0,0.0,0.0,4.230042888495506
PatchTST__ETTh1__h192__s2021,PatchTST,ETTh1,192,2689,384,2305,3000,0.5,96,False,False,0.0,0.0,0.0,4.230042888495506
PatchTST__ETTh1__h192__s2021,PatchTST,ETTh1,192,2689,384,2305,3000,1.0,192,True,False,0.0,0.0,0.0,4.230042888495506
PatchTST__ETTh1__h192__s2021,PatchTST,ETTh1,192,2689,384,2305,3000,2.0,384,True,False,0.1719403215589938,0.1719403215589938,0.1719403215589938,4.230042888495506
PatchTST__ETTh1__h192__s2021,PatchTST,ETTh1,192,2689,384,2305,1000000000,0.0,0,False,False,0.0,0.0,0.0,4.230042888495506
PatchTST__ETTh1__h192__s2021,PatchTST,ETTh1,192,2689,384,2305,1000000000,0.125,24,False,False,0.0,0.0,0.0,4.230042888495506
PatchTST__ETTh1__h192__s2021,PatchTST,ETTh1,192,2689,384,2305,1000000000,0.25,48,False,False,0.0,0.0,0.0,4.230042888495506
PatchTST__ETTh1__h192__s2021,PatchTST,ETTh1,192,2689,384,2305,1000000000,0.5,96,False,False,0.0,0.0,0.0,4.230042888495506
PatchTST__ETTh1__h192__s2021,PatchTST,ETTh1,192,2689,384,2305,1000000000,1.0,192,True,False,0.0,0.0,0.0,4.230042888495506
PatchTST__ETTh1__h192__s2021,PatchTST,ETTh1,192,2689,384,2305,1000000000,2.0,384,True,False,0.1719403215589938,0.1719403215589938,0.1719403215589938,4.230042888495506
PatchTST__ETTh1__h336__s2021,PatchTST,ETTh1,336,2545,672,1873,50,0.0,0,False,False,3.098339935506873,3.098339935506873,3.098339935506873,4.016318257009977
PatchTST__ETTh1__h336__s2021,PatchTST,ETTh1,336,2545,672,1873,50,0.125,42,False,False,1.385500217146628,1.385500217146628,1.385500217146628,4.016318257009977
PatchTST__ETTh1__h336__s2021,PatchTST,ETTh1,336,2545,672,1873,50,0.25,84,False,False,0.15147774464185673,0.15147774464185673,0.15147774464185673,4.016318257009977
PatchTST__ETTh1__h336__s2021,PatchTST,ETTh1,336,2545,672,1873,50,0.5,168,False,False,-1.8383456878713667,-1.8383456878713667,-1.8383456878713667,4.016318257009977
PatchTST__ETTh1__h336__s2021,PatchTST,ETTh1,336,2545,672,1873,50,1.0,336,True,False,-1.514500271632763,-1.514500271632763,-1.514500271632763,4.016318257009977
PatchTST__ETTh1__h336__s2021,PatchTST,ETTh1,336,2545,672,1873,50,2.0,672,True,False,-0.6342280782301534,-0.6342280782301534,-0.6342280782301534,4.016318257009977
PatchTST__ETTh1__h336__s2021,PatchTST,ETTh1,336,2545,672,1873,200,0.0,0,False,False,1.154205019986743,1.154205019986743,1.154205019986743,4.016318257009977
PatchTST__ETTh1__h336__s2021,PatchTST,ETTh1,336,2545,672,1873,200,0.125,42,False,False,-0.8910444748663868,-0.8910444748663868,-0.8910444748663868,4.016318257009977
PatchTST__ETTh1__h336__s2021,PatchTST,ETTh1,336,2545,672,1873,200,0.25,84,False,False,-2.058213695273632,-2.058213695273632,-2.058213695273632,4.016318257009977
PatchTST__ETTh1__h336__s2021,PatchTST,ETTh1,336,2545,672,1873,200,0.5,168,False,False,-2.41094869643247,-2.41094869643247,-2.41094869643247,4.016318257009977
PatchTST__ETTh1__h336__s2021,PatchTST,ETTh1,336,2545,672,1873,200,1.0,336,True,False,-0.2822500516331807,-0.2822500516331807,-0.2822500516331807,4.016318257009977
PatchTST__ETTh1__h336__s2021,PatchTST,ETTh1,336,2545,672,1873,200,2.0,672,True,False,-0.35999949733598424,-0.35999949733598424,-0.35999949733598424,4.016318257009977
PatchTST__ETTh1__h336__s2021,PatchTST,ETTh1,336,2545,672,1873,1000,0.0,0,False,False,-1.334963315457498,-1.334963315457498,-1.334963315457498,4.016318257009977
PatchTST__ETTh1__h336__s2021,PatchTST,ETTh1,336,2545,672,1873,1000,0.125,42,False,False,-1.8252243581471475,-1.8252243581471475,-1.8252243581471475,4.016318257009977
PatchTST__ETTh1__h336__s2021,PatchTST,ETTh1,336,2545,672,1873,1000,0.25,84,False,False,-1.8551449870512149,-1.8551449870512149,-1.8551449870512149,4.016318257009977
PatchTST__ETTh1__h336__s2021,PatchTST,ETTh1,336,2545,672,1873,1000,0.5,168,False,False,-1.6336785929142077,-1.6336785929142077,-1.6336785929142077,4.016318257009977
PatchTST__ETTh1__h336__s2021,PatchTST,ETTh1,336,2545,672,1873,1000,1.0,336,True,False,-0.2503998272760298,-0.2503998272760298,-0.2503998272760298,4.016318257009977
PatchTST__ETTh1__h336__s2021,PatchTST,ETTh1,336,2545,672,1873,1000,2.0,672,True,False,0.04328116793394569,0.04328116793394569,0.04328116793394569,4.016318257009977
PatchTST__ETTh1__h336__s2021,PatchTST,ETTh1,336,2545,672,1873,3000,0.0,0,False,False,0.0,0.0,0.0,4.016318257009977
PatchTST__ETTh1__h336__s2021,PatchTST,ETTh1,336,2545,672,1873,3000,0.125,42,False,False,0.0,0.0,0.0,4.016318257009977
PatchTST__ETTh1__h336__s2021,PatchTST,ETTh1,336,2545,672,1873,3000,0.25,84,False,False,0.0,0.0,0.0,4.016318257009977
PatchTST__ETTh1__h336__s2021,PatchTST,ETTh1,336,2545,672,1873,3000,0.5,168,False,False,0.0,0.0,0.0,4.016318257009977
PatchTST__ETTh1__h336__s2021,PatchTST,ETTh1,336,2545,672,1873,3000,1.0,336,True,False,0.0,0.0,0.0,4.016318257009977
PatchTST__ETTh1__h336__s2021,PatchTST,ETTh1,336,2545,672,1873,3000,2.0,672,True,False,0.04328116793394569,0.04328116793394569,0.04328116793394569,4.016318257009977
PatchTST__ETTh1__h336__s2021,PatchTST,ETTh1,336,2545,672,1873,1000000000,0.0,0,False,False,0.0,0.0,0.0,4.016318257009977
PatchTST__ETTh1__h336__s2021,PatchTST,ETTh1,336,2545,672,1873,1000000000,0.125,42,False,False,0.0,0.0,0.0,4.016318257009977
PatchTST__ETTh1__h336__s2021,PatchTST,ETTh1,336,2545,672,1873,1000000000,0.25,84,False,False,0.0,0.0,0.0,4.016318257009977
PatchTST__ETTh1__h336__s2021,PatchTST,ETTh1,336,2545,672,1873,1000000000,0.5,168,False,False,0.0,0.0,0.0,4.016318257009977
PatchTST__ETTh1__h336__s2021,PatchTST,ETTh1,336,2545,672,1873,1000000000,1.0,336,True,False,0.0,0.0,0.0,4.016318257009977
PatchTST__ETTh1__h336__s2021,PatchTST,ETTh1,336,2545,672,1873,1000000000,2.0,672,True,False,0.04328116793394569,0.04328116793394569,0.04328116793394569,4.016318257009977
PatchTST__ETTh1__h720__s2021,PatchTST,ETTh1,720,2161,1080,1081,50,0.0,0,False,False,2.2003186830552584,2.2003186830552584,1.1210907219863597,3.999325554864051
PatchTST__ETTh1__h720__s2021,PatchTST,ETTh1,720,2161,1080,1081,50,0.125,90,False,False,-0.783029120149841,-0.783029120149841,-1.895178582837729,3.999325554864051
PatchTST__ETTh1__h720__s2021,PatchTST,ETTh1,720,2161,1080,1081,50,0.25,180,False,False,-0.5324843945701674,-0.5324843945701674,-1.6418690744928883,3.999325554864051
PatchTST__ETTh1__h720__s2021,PatchTST,ETTh1,720,2161,1080,1081,50,0.5,360,False,False,0.9732402402829144,0.9732402402829144,-0.11952863777090864,3.999325554864051
PatchTST__ETTh1__h720__s2021,PatchTST,ETTh1,720,2161,1080,1081,50,1.0,720,True,False,0.21945689494054055,0.21945689494054055,-0.8816300476706217,3.999325554864051
PatchTST__ETTh1__h720__s2021,PatchTST,ETTh1,720,2161,1080,1081,50,2.0,1440,True,True,,,,3.999325554864051
PatchTST__ETTh1__h720__s2021,PatchTST,ETTh1,720,2161,1080,1081,200,0.0,0,False,False,1.0653263688575123,1.0653263688575123,-0.026426330785031413,3.999325554864051
PatchTST__ETTh1__h720__s2021,PatchTST,ETTh1,720,2161,1080,1081,200,0.125,90,False,False,-0.30845744992508717,-0.30845744992508717,-1.4153699730939402,3.999325554864051
PatchTST__ETTh1__h720__s2021,PatchTST,ETTh1,720,2161,1080,1081,200,0.25,180,False,False,-0.18132956343323575,-0.18132956343323575,-1.286839219354608,3.999325554864051
PatchTST__ETTh1__h720__s2021,PatchTST,ETTh1,720,2161,1080,1081,200,0.5,360,False,False,1.0136187729988875,1.0136187729988875,-0.0787045244462138,3.999325554864051
PatchTST__ETTh1__h720__s2021,PatchTST,ETTh1,720,2161,1080,1081,200,1.0,720,True,False,0.5504918462268279,0.5504918462268279,-0.5469420970012234,3.999325554864051
PatchTST__ETTh1__h720__s2021,PatchTST,ETTh1,720,2161,1080,1081,200,2.0,1440,True,True,,,,3.999325554864051
PatchTST__ETTh1__h720__s2021,PatchTST,ETTh1,720,2161,1080,1081,1000,0.0,0,False,False,0.8698037739125949,0.8698037739125949,-0.2241065345139841,3.999325554864051
PatchTST__ETTh1__h720__s2021,PatchTST,ETTh1,720,2161,1080,1081,1000,0.125,90,False,False,0.9370764193252238,0.9370764193252238,-0.15609152962771758,3.999325554864051
PatchTST__ETTh1__h720__s2021,PatchTST,ETTh1,720,2161,1080,1081,1000,0.25,180,False,False,1.253536425081672,1.253536425081672,0.16386063972449505,3.999325554864051
PatchTST__ETTh1__h720__s2021,PatchTST,ETTh1,720,2161,1080,1081,1000,0.5,360,False,False,1.4537988186012385,1.4537988186012385,0.3663329461162361,3.999325554864051
PatchTST__ETTh1__h720__s2021,PatchTST,ETTh1,720,2161,1080,1081,1000,1.0,720,True,False,1.005879642503191,1.005879642503191,-0.08652905691779438,3.999325554864051
PatchTST__ETTh1__h720__s2021,PatchTST,ETTh1,720,2161,1080,1081,1000,2.0,1440,True,True,,,,3.999325554864051
PatchTST__ETTh1__h720__s2021,PatchTST,ETTh1,720,2161,1080,1081,3000,0.0,0,False,False,1.0597966539446262,1.0597966539446262,-0.03201706658132284,3.999325554864051
PatchTST__ETTh1__h720__s2021,PatchTST,ETTh1,720,2161,1080,1081,3000,0.125,90,False,False,0.5651545854209994,0.5651545854209994,-0.5321175532090091,3.999325554864051
PatchTST__ETTh1__h720__s2021,PatchTST,ETTh1,720,2161,1080,1081,3000,0.25,180,False,False,0.970928540819349,0.970928540819349,-0.1218658470384436,3.999325554864051
PatchTST__ETTh1__h720__s2021,PatchTST,ETTh1,720,2161,1080,1081,3000,0.5,360,False,False,1.4601675815893367,1.4601675815893367,0.37277198895598224,3.999325554864051
PatchTST__ETTh1__h720__s2021,PatchTST,ETTh1,720,2161,1080,1081,3000,1.0,720,True,False,0.5727133494279245,0.5727133494279245,-0.5244753775860383,3.999325554864051
PatchTST__ETTh1__h720__s2021,PatchTST,ETTh1,720,2161,1080,1081,3000,2.0,1440,True,True,,,,3.999325554864051
PatchTST__ETTh1__h720__s2021,PatchTST,ETTh1,720,2161,1080,1081,1000000000,0.0,0,False,False,1.0597966539446262,1.0597966539446262,-0.03201706658132284,3.999325554864051
PatchTST__ETTh1__h720__s2021,PatchTST,ETTh1,720,2161,1080,1081,1000000000,0.125,90,False,False,0.5651545854209994,0.5651545854209994,-0.5321175532090091,3.999325554864051
PatchTST__ETTh1__h720__s2021,PatchTST,ETTh1,720,2161,1080,1081,1000000000,0.25,180,False,False,0.970928540819349,0.970928540819349,-0.1218658470384436,3.999325554864051
PatchTST__ETTh1__h720__s2021,PatchTST,ETTh1,720,2161,1080,1081,1000000000,0.5,360,False,False,1.4601675815893367,1.4601675815893367,0.37277198895598224,3.999325554864051
PatchTST__ETTh1__h720__s2021,PatchTST,ETTh1,720,2161,1080,1081,1000000000,1.0,720,True,False,0.5727133494279245,0.5727133494279245,-0.5244753775860383,3.999325554864051
PatchTST__ETTh1__h720__s2021,PatchTST,ETTh1,720,2161,1080,1081,1000000000,2.0,1440,True,True,,,,3.999325554864051
PatchTST__ETTh2__h96__s2021,PatchTST,ETTh2,96,2785,192,2593,50,0.0,0,False,False,2.948463574401922,2.948463574401922,2.948463574401922,7.318296141810182
PatchTST__ETTh2__h96__s2021,PatchTST,ETTh2,96,2785,192,2593,50,0.125,12,False,False,1.1385179683658762,1.1385179683658762,1.1385179683658762,7.318296141810182
PatchTST__ETTh2__h96__s2021,PatchTST,ETTh2,96,2785,192,2593,50,0.25,24,False,False,-0.1737101947340664,-0.1737101947340664,-0.1737101947340664,7.318296141810182
PatchTST__ETTh2__h96__s2021,PatchTST,ETTh2,96,2785,192,2593,50,0.5,48,False,False,-0.6032026194250432,-0.6032026194250432,-0.6032026194250432,7.318296141810182
PatchTST__ETTh2__h96__s2021,PatchTST,ETTh2,96,2785,192,2593,50,1.0,96,True,False,-0.8633340212815792,-0.8633340212815792,-0.8633340212815792,7.318296141810182
PatchTST__ETTh2__h96__s2021,PatchTST,ETTh2,96,2785,192,2593,50,2.0,192,True,False,-2.948349197356016,-2.948349197356016,-2.948349197356016,7.318296141810182
PatchTST__ETTh2__h96__s2021,PatchTST,ETTh2,96,2785,192,2593,200,0.0,0,False,False,0.7669412741937722,0.7669412741937722,0.7669412741937722,7.318296141810182
PatchTST__ETTh2__h96__s2021,PatchTST,ETTh2,96,2785,192,2593,200,0.125,12,False,False,-0.6339485354866554,-0.6339485354866554,-0.6339485354866554,7.318296141810182
PatchTST__ETTh2__h96__s2021,PatchTST,ETTh2,96,2785,192,2593,200,0.25,24,False,False,-1.1490266718726492,-1.1490266718726492,-1.1490266718726492,7.318296141810182
PatchTST__ETTh2__h96__s2021,PatchTST,ETTh2,96,2785,192,2593,200,0.5,48,False,False,-2.592929009240762,-2.592929009240762,-2.592929009240762,7.318296141810182
PatchTST__ETTh2__h96__s2021,PatchTST,ETTh2,96,2785,192,2593,200,1.0,96,True,False,-2.359417476223714,-2.359417476223714,-2.359417476223714,7.318296141810182
PatchTST__ETTh2__h96__s2021,PatchTST,ETTh2,96,2785,192,2593,200,2.0,192,True,False,-1.6755593892165093,-1.6755593892165093,-1.6755593892165093,7.318296141810182
PatchTST__ETTh2__h96__s2021,PatchTST,ETTh2,96,2785,192,2593,1000,0.0,0,False,False,-0.7621046872532334,-0.7621046872532334,-0.7621046872532334,7.318296141810182
PatchTST__ETTh2__h96__s2021,PatchTST,ETTh2,96,2785,192,2593,1000,0.125,12,False,False,-1.327528950205587,-1.327528950205587,-1.327528950205587,7.318296141810182
PatchTST__ETTh2__h96__s2021,PatchTST,ETTh2,96,2785,192,2593,1000,0.25,24,False,False,-1.6844472203750853,-1.6844472203750853,-1.6844472203750853,7.318296141810182
PatchTST__ETTh2__h96__s2021,PatchTST,ETTh2,96,2785,192,2593,1000,0.5,48,False,False,-2.4358678957426414,-2.4358678957426414,-2.4358678957426414,7.318296141810182
PatchTST__ETTh2__h96__s2021,PatchTST,ETTh2,96,2785,192,2593,1000,1.0,96,True,False,-1.9856219487721436,-1.9856219487721436,-1.9856219487721436,7.318296141810182
PatchTST__ETTh2__h96__s2021,PatchTST,ETTh2,96,2785,192,2593,1000,2.0,192,True,False,-0.973836764302194,-0.973836764302194,-0.973836764302194,7.318296141810182
PatchTST__ETTh2__h96__s2021,PatchTST,ETTh2,96,2785,192,2593,3000,0.0,0,False,False,0.0385064076024847,0.0385064076024847,0.0385064076024847,7.318296141810182
PatchTST__ETTh2__h96__s2021,PatchTST,ETTh2,96,2785,192,2593,3000,0.125,12,False,False,-0.38607915746401,-0.38607915746401,-0.38607915746401,7.318296141810182
PatchTST__ETTh2__h96__s2021,PatchTST,ETTh2,96,2785,192,2593,3000,0.25,24,False,False,-0.409298231178131,-0.409298231178131,-0.409298231178131,7.318296141810182
PatchTST__ETTh2__h96__s2021,PatchTST,ETTh2,96,2785,192,2593,3000,0.5,48,False,False,-1.111556241324131,-1.111556241324131,-1.111556241324131,7.318296141810182
PatchTST__ETTh2__h96__s2021,PatchTST,ETTh2,96,2785,192,2593,3000,1.0,96,True,False,-1.4439143875066078,-1.4439143875066078,-1.4439143875066078,7.318296141810182
PatchTST__ETTh2__h96__s2021,PatchTST,ETTh2,96,2785,192,2593,3000,2.0,192,True,False,-1.1800554332311746,-1.1800554332311746,-1.1800554332311746,7.318296141810182
PatchTST__ETTh2__h96__s2021,PatchTST,ETTh2,96,2785,192,2593,1000000000,0.0,0,False,False,0.0385064076024847,0.0385064076024847,0.0385064076024847,7.318296141810182
PatchTST__ETTh2__h96__s2021,PatchTST,ETTh2,96,2785,192,2593,1000000000,0.125,12,False,False,-0.38607915746401,-0.38607915746401,-0.38607915746401,7.318296141810182
PatchTST__ETTh2__h96__s2021,PatchTST,ETTh2,96,2785,192,2593,1000000000,0.25,24,False,False,-0.409298231178131,-0.409298231178131,-0.409298231178131,7.318296141810182
PatchTST__ETTh2__h96__s2021,PatchTST,ETTh2,96,2785,192,2593,1000000000,0.5,48,False,False,-1.111556241324131,-1.111556241324131,-1.111556241324131,7.318296141810182
PatchTST__ETTh2__h96__s2021,PatchTST,ETTh2,96,2785,192,2593,1000000000,1.0,96,True,False,-1.4439143875066078,-1.4439143875066078,-1.4439143875066078,7.318296141810182
PatchTST__ETTh2__h96__s2021,PatchTST,ETTh2,96,2785,192,2593,1000000000,2.0,192,True,False,-1.1800554332311746,-1.1800554332311746,-1.1800554332311746,7.318296141810182
PatchTST__ETTh2__h192__s2021,PatchTST,ETTh2,192,2689,384,2305,50,0.0,0,False,False,2.7771580751722293,2.7771580751722293,2.7771580751722293,6.601795427827774
PatchTST__ETTh2__h192__s2021,PatchTST,ETTh2,192,2689,384,2305,50,0.125,24,False,False,0.6375502245015116,0.6375502245015116,0.6375502245015116,6.601795427827774
PatchTST__ETTh2__h192__s2021,PatchTST,ETTh2,192,2689,384,2305,50,0.25,48,False,False,-0.1422197243854372,-0.1422197243854372,-0.1422197243854372,6.601795427827774
PatchTST__ETTh2__h192__s2021,PatchTST,ETTh2,192,2689,384,2305,50,0.5,96,False,False,-1.2075490797121287,-1.2075490797121287,-1.2075490797121287,6.601795427827774
PatchTST__ETTh2__h192__s2021,PatchTST,ETTh2,192,2689,384,2305,50,1.0,192,True,False,-2.681617389157104,-2.681617389157104,-2.681617389157104,6.601795427827774
PatchTST__ETTh2__h192__s2021,PatchTST,ETTh2,192,2689,384,2305,50,2.0,384,True,False,-1.7957006632351529,-1.7957006632351529,-1.7957006632351529,6.601795427827774
PatchTST__ETTh2__h192__s2021,PatchTST,ETTh2,192,2689,384,2305,200,0.0,0,False,False,0.5083753132020828,0.5083753132020828,0.5083753132020828,6.601795427827774
PatchTST__ETTh2__h192__s2021,PatchTST,ETTh2,192,2689,384,2305,200,0.125,24,False,False,-1.510462870061335,-1.510462870061335,-1.510462870061335,6.601795427827774
PatchTST__ETTh2__h192__s2021,PatchTST,ETTh2,192,2689,384,2305,200,0.25,48,False,False,-2.0161402764665577,-2.0161402764665577,-2.0161402764665577,6.601795427827774
PatchTST__ETTh2__h192__s2021,PatchTST,ETTh2,192,2689,384,2305,200,0.5,96,False,False,-1.2935115961844907,-1.2935115961844907,-1.2935115961844907,6.601795427827774
PatchTST__ETTh2__h192__s2021,PatchTST,ETTh2,192,2689,384,2305,200,1.0,192,True,False,-1.3070935114615048,-1.3070935114615048,-1.3070935114615048,6.601795427827774
PatchTST__ETTh2__h192__s2021,PatchTST,ETTh2,192,2689,384,2305,200,2.0,384,True,False,-1.7879285993446357,-1.7879285993446357,-1.7879285993446357,6.601795427827774
PatchTST__ETTh2__h192__s2021,PatchTST,ETTh2,192,2689,384,2305,1000,0.0,0,False,False,-0.08308849854764432,-0.08308849854764432,-0.08308849854764432,6.601795427827774
PatchTST__ETTh2__h192__s2021,PatchTST,ETTh2,192,2689,384,2305,1000,0.125,24,False,False,-0.7456118387018841,-0.7456118387018841,-0.7456118387018841,6.601795427827774
PatchTST__ETTh2__h192__s2021,PatchTST,ETTh2,192,2689,384,2305,1000,0.25,48,False,False,-1.0441969163179325,-1.0441969163179325,-1.0441969163179325,6.601795427827774
PatchTST__ETTh2__h192__s2021,PatchTST,ETTh2,192,2689,384,2305,1000,0.5,96,False,False,-0.5706889544843909,-0.5706889544843909,-0.5706889544843909,6.601795427827774
PatchTST__ETTh2__h192__s2021,PatchTST,ETTh2,192,2689,384,2305,1000,1.0,192,True,False,-1.6085488865512598,-1.6085488865512598,-1.6085488865512598,6.601795427827774
PatchTST__ETTh2__h192__s2021,PatchTST,ETTh2,192,2689,384,2305,1000,2.0,384,True,False,-2.0660165673072797,-2.0660165673072797,-2.0660165673072797,6.601795427827774
PatchTST__ETTh2__h192__s2021,PatchTST,ETTh2,192,2689,384,2305,3000,0.0,0,False,False,-0.12791108435284063,-0.12791108435284063,-0.12791108435284063,6.601795427827774
PatchTST__ETTh2__h192__s2021,PatchTST,ETTh2,192,2689,384,2305,3000,0.125,24,False,False,-1.1453439746173244,-1.1453439746173244,-1.1453439746173244,6.601795427827774
PatchTST__ETTh2__h192__s2021,PatchTST,ETTh2,192,2689,384,2305,3000,0.25,48,False,False,-1.885356303680569,-1.885356303680569,-1.885356303680569,6.601795427827774
PatchTST__ETTh2__h192__s2021,PatchTST,ETTh2,192,2689,384,2305,3000,0.5,96,False,False,-1.2310432477552944,-1.2310432477552944,-1.2310432477552944,6.601795427827774
PatchTST__ETTh2__h192__s2021,PatchTST,ETTh2,192,2689,384,2305,3000,1.0,192,True,False,-2.1407345976416075,-2.1407345976416075,-2.1407345976416075,6.601795427827774
PatchTST__ETTh2__h192__s2021,PatchTST,ETTh2,192,2689,384,2305,3000,2.0,384,True,False,-2.018719061663173,-2.018719061663173,-2.018719061663173,6.601795427827774
PatchTST__ETTh2__h192__s2021,PatchTST,ETTh2,192,2689,384,2305,1000000000,0.0,0,False,False,-0.12791108435284063,-0.12791108435284063,-0.12791108435284063,6.601795427827774
PatchTST__ETTh2__h192__s2021,PatchTST,ETTh2,192,2689,384,2305,1000000000,0.125,24,False,False,-1.1453439746173244,-1.1453439746173244,-1.1453439746173244,6.601795427827774
PatchTST__ETTh2__h192__s2021,PatchTST,ETTh2,192,2689,384,2305,1000000000,0.25,48,False,False,-1.885356303680569,-1.885356303680569,-1.885356303680569,6.601795427827774
PatchTST__ETTh2__h192__s2021,PatchTST,ETTh2,192,2689,384,2305,1000000000,0.5,96,False,False,-1.2310432477552944,-1.2310432477552944,-1.2310432477552944,6.601795427827774
PatchTST__ETTh2__h192__s2021,PatchTST,ETTh2,192,2689,384,2305,1000000000,1.0,192,True,False,-2.1407345976416075,-2.1407345976416075,-2.1407345976416075,6.601795427827774
PatchTST__ETTh2__h192__s2021,PatchTST,ETTh2,192,2689,384,2305,1000000000,2.0,384,True,False,-2.018719061663173,-2.018719061663173,-2.018719061663173,6.601795427827774
PatchTST__ETTh2__h336__s2021,PatchTST,ETTh2,336,2545,672,1873,50,0.0,0,False,False,2.3851895975038717,2.3851895975038717,1.834869521778846,6.91083960381328
PatchTST__ETTh2__h336__s2021,PatchTST,ETTh2,336,2545,672,1873,50,0.125,42,False,False,-1.1109022104103863,-1.1109022104103863,-1.6809320975927091,6.91083960381328
PatchTST__ETTh2__h336__s2021,PatchTST,ETTh2,336,2545,672,1873,50,0.25,84,False,False,0.8605308167364897,0.8605308167364897,0.3016152181371474,6.91083960381328
PatchTST__ETTh2__h336__s2021,PatchTST,ETTh2,336,2545,672,1873,50,0.5,168,False,False,-0.3461169353448425,-0.3461169353448425,-0.9118352156229257,6.91083960381328
PatchTST__ETTh2__h336__s2021,PatchTST,ETTh2,336,2545,672,1873,50,1.0,336,True,False,0.6465834961073881,0.6465834961073881,0.08646173314421308,6.91083960381328
PatchTST__ETTh2__h336__s2021,PatchTST,ETTh2,336,2545,672,1873,50,2.0,672,True,False,-1.3724547617263654,-1.3724547617263654,-1.9439591958473423,6.91083960381328
PatchTST__ETTh2__h336__s2021,PatchTST,ETTh2,336,2545,672,1873,200,0.0,0,False,False,1.0299131555884566,1.0299131555884566,0.47195247869780943,6.91083960381328
PatchTST__ETTh2__h336__s2021,PatchTST,ETTh2,336,2545,672,1873,200,0.125,42,False,False,-0.9999162726199217,-0.9999162726199217,-1.569320457724482,6.91083960381328
PatchTST__ETTh2__h336__s2021,PatchTST,ETTh2,336,2545,672,1873,200,0.25,84,False,False,-0.09100455602537816,-0.09100455602537816,-0.6552845969284465,6.91083960381328
PatchTST__ETTh2__h336__s2021,PatchTST,ETTh2,336,2545,672,1873,200,0.5,168,False,False,-0.7255682693997096,-0.7255682693997096,-1.2934257710319093,6.91083960381328
PatchTST__ETTh2__h336__s2021,PatchTST,ETTh2,336,2545,672,1873,200,1.0,336,True,False,-0.01683090873240635,-0.01683090873240635,-0.5806927830987908,6.91083960381328
PatchTST__ETTh2__h336__s2021,PatchTST,ETTh2,336,2545,672,1873,200,2.0,672,True,False,-0.03936967431990779,-0.03936967431990779,-0.6033586148060104,6.91083960381328
PatchTST__ETTh2__h336__s2021,PatchTST,ETTh2,336,2545,672,1873,1000,0.0,0,False,False,0.773146343001864,0.773146343001864,0.21373809958761567,6.91083960381328
PatchTST__ETTh2__h336__s2021,PatchTST,ETTh2,336,2545,672,1873,1000,0.125,42,False,False,0.21815401138477866,0.21815401138477866,-0.3443830955769475,6.91083960381328
PatchTST__ETTh2__h336__s2021,PatchTST,ETTh2,336,2545,672,1873,1000,0.25,84,False,False,0.36302134019343224,0.36302134019343224,-0.19869905259314635,6.91083960381328
PatchTST__ETTh2__h336__s2021,PatchTST,ETTh2,336,2545,672,1873,1000,0.5,168,False,False,0.15951059366982773,0.15951059366982773,-0.40335712552117586,6.91083960381328
PatchTST__ETTh2__h336__s2021,PatchTST,ETTh2,336,2545,672,1873,1000,1.0,336,True,False,-0.016561060031097027,-0.016561060031097027,-0.580421413079588,6.91083960381328
PatchTST__ETTh2__h336__s2021,PatchTST,ETTh2,336,2545,672,1873,1000,2.0,672,True,False,-0.6857340221137141,-0.6857340221137141,-1.253366951410092,6.91083960381328
PatchTST__ETTh2__h336__s2021,PatchTST,ETTh2,336,2545,672,1873,3000,0.0,0,False,False,0.09456565180553914,0.09456565180553914,-0.4686682055275901,6.91083960381328
PatchTST__ETTh2__h336__s2021,PatchTST,ETTh2,336,2545,672,1873,3000,0.125,42,False,False,-0.2755249784527373,-0.2755249784527373,-0.8408452845822025,6.91083960381328
PatchTST__ETTh2__h336__s2021,PatchTST,ETTh2,336,2545,672,1873,3000,0.25,84,False,False,-0.2515851521488928,-0.2515851521488928,-0.8167704934408497,6.91083960381328
PatchTST__ETTh2__h336__s2021,PatchTST,ETTh2,336,2545,672,1873,3000,0.5,168,False,False,-0.24308590700444097,-0.24308590700444097,-0.8082233323581073,6.91083960381328
PatchTST__ETTh2__h336__s2021,PatchTST,ETTh2,336,2545,672,1873,3000,1.0,336,True,False,-0.5054044256683035,-0.5054044256683035,-1.0720207162316642,6.91083960381328
PatchTST__ETTh2__h336__s2021,PatchTST,ETTh2,336,2545,672,1873,3000,2.0,672,True,False,-1.0783116658220693,-1.0783116658220693,-1.6481578182730354,6.91083960381328
PatchTST__ETTh2__h336__s2021,PatchTST,ETTh2,336,2545,672,1873,1000000000,0.0,0,False,False,0.09456565180553914,0.09456565180553914,-0.4686682055275901,6.91083960381328
PatchTST__ETTh2__h336__s2021,PatchTST,ETTh2,336,2545,672,1873,1000000000,0.125,42,False,False,-0.2755249784527373,-0.2755249784527373,-0.8408452845822025,6.91083960381328
PatchTST__ETTh2__h336__s2021,PatchTST,ETTh2,336,2545,672,1873,1000000000,0.25,84,False,False,-0.2515851521488928,-0.2515851521488928,-0.8167704934408497,6.91083960381328
PatchTST__ETTh2__h336__s2021,PatchTST,ETTh2,336,2545,672,1873,1000000000,0.5,168,False,False,-0.24308590700444097,-0.24308590700444097,-0.8082233323581073,6.91083960381328
PatchTST__ETTh2__h336__s2021,PatchTST,ETTh2,336,2545,672,1873,1000000000,1.0,336,True,False,-0.5054044256683035,-0.5054044256683035,-1.0720207162316642,6.91083960381328
PatchTST__ETTh2__h336__s2021,PatchTST,ETTh2,336,2545,672,1873,1000000000,2.0,672,True,False,-1.0783116658220693,-1.0783116658220693,-1.6481578182730354,6.91083960381328
PatchTST__ETTh2__h720__s2021,PatchTST,ETTh2,720,2161,1080,1081,50,0.0,0,False,False,3.9452192234181194,3.263325099947181,3.263325099947181,7.969711038902958
PatchTST__ETTh2__h720__s2021,PatchTST,ETTh2,720,2161,1080,1081,50,0.125,90,False,False,1.693496484111739,0.9956173519696525,0.9956173519696525,7.969711038902958
PatchTST__ETTh2__h720__s2021,PatchTST,ETTh2,720,2161,1080,1081,50,0.25,180,False,False,0.4269082263177604,-0.2799624321477882,-0.2799624321477882,7.969711038902958
PatchTST__ETTh2__h720__s2021,PatchTST,ETTh2,720,2161,1080,1081,50,0.5,360,False,False,-3.937286026433262,-4.675138155998707,-4.675138155998707,7.969711038902958
PatchTST__ETTh2__h720__s2021,PatchTST,ETTh2,720,2161,1080,1081,50,1.0,720,True,False,-0.24206079248800078,-0.9536804706173263,-0.9536804706173263,7.969711038902958
PatchTST__ETTh2__h720__s2021,PatchTST,ETTh2,720,2161,1080,1081,50,2.0,1440,True,True,,,,7.969711038902958
PatchTST__ETTh2__h720__s2021,PatchTST,ETTh2,720,2161,1080,1081,200,0.0,0,False,False,1.734554009181457,1.0369663449376152,1.0369663449376152,7.969711038902958
PatchTST__ETTh2__h720__s2021,PatchTST,ETTh2,720,2161,1080,1081,200,0.125,90,False,False,0.6417397654283771,-0.06360580117946915,-0.06360580117946915,7.969711038902958
PatchTST__ETTh2__h720__s2021,PatchTST,ETTh2,720,2161,1080,1081,200,0.25,180,False,False,0.7381105986288355,0.03344916980468001,0.03344916980468001,7.969711038902958
PatchTST__ETTh2__h720__s2021,PatchTST,ETTh2,720,2161,1080,1081,200,0.5,360,False,False,-3.0598232707812802,-3.7914462809649905,-3.7914462809649905,7.969711038902958
PatchTST__ETTh2__h720__s2021,PatchTST,ETTh2,720,2161,1080,1081,200,1.0,720,True,False,0.9430958154695058,0.23988957933468857,0.23988957933468857,7.969711038902958
PatchTST__ETTh2__h720__s2021,PatchTST,ETTh2,720,2161,1080,1081,200,2.0,1440,True,True,,,,7.969711038902958
PatchTST__ETTh2__h720__s2021,PatchTST,ETTh2,720,2161,1080,1081,1000,0.0,0,False,False,0.1620299462890537,-0.5467210864913015,-0.5467210864913015,7.969711038902958
PatchTST__ETTh2__h720__s2021,PatchTST,ETTh2,720,2161,1080,1081,1000,0.125,90,False,False,-0.45266028232309363,-1.1657750089379135,-1.1657750089379135,7.969711038902958
PatchTST__ETTh2__h720__s2021,PatchTST,ETTh2,720,2161,1080,1081,1000,0.25,180,False,False,-2.330799388060917,-3.057247048329944,-3.057247048329944,7.969711038902958
PatchTST__ETTh2__h720__s2021,PatchTST,ETTh2,720,2161,1080,1081,1000,0.5,360,False,False,-2.5018287039482465,-3.2294905035292576,-3.2294905035292576,7.969711038902958
PatchTST__ETTh2__h720__s2021,PatchTST,ETTh2,720,2161,1080,1081,1000,1.0,720,True,False,0.31809159056624864,-0.3895515585952854,-0.3895515585952854,7.969711038902958
PatchTST__ETTh2__h720__s2021,PatchTST,ETTh2,720,2161,1080,1081,1000,2.0,1440,True,True,,,,7.969711038902958
PatchTST__ETTh2__h720__s2021,PatchTST,ETTh2,720,2161,1080,1081,3000,0.0,0,False,False,-0.3810587953763737,-1.093665222114956,-1.093665222114956,7.969711038902958
PatchTST__ETTh2__h720__s2021,PatchTST,ETTh2,720,2161,1080,1081,3000,0.125,90,False,False,-0.48603234265682965,-1.1993839779569404,-1.1993839779569404,7.969711038902958
PatchTST__ETTh2__h720__s2021,PatchTST,ETTh2,720,2161,1080,1081,3000,0.25,180,False,False,-2.0844969026410736,-2.8091960584000053,-2.8091960584000053,7.969711038902958
PatchTST__ETTh2__h720__s2021,PatchTST,ETTh2,720,2161,1080,1081,3000,0.5,360,False,False,-2.0620363506889205,-2.7865760587008244,-2.7865760587008244,7.969711038902958
PatchTST__ETTh2__h720__s2021,PatchTST,ETTh2,720,2161,1080,1081,3000,1.0,720,True,False,-1.1619661505653907,-1.880116248656648,-1.880116248656648,7.969711038902958
PatchTST__ETTh2__h720__s2021,PatchTST,ETTh2,720,2161,1080,1081,3000,2.0,1440,True,True,,,,7.969711038902958
PatchTST__ETTh2__h720__s2021,PatchTST,ETTh2,720,2161,1080,1081,1000000000,0.0,0,False,False,-0.3810587953763737,-1.093665222114956,-1.093665222114956,7.969711038902958
PatchTST__ETTh2__h720__s2021,PatchTST,ETTh2,720,2161,1080,1081,1000000000,0.125,90,False,False,-0.48603234265682965,-1.1993839779569404,-1.1993839779569404,7.969711038902958
PatchTST__ETTh2__h720__s2021,PatchTST,ETTh2,720,2161,1080,1081,1000000000,0.25,180,False,False,-2.0844969026410736,-2.8091960584000053,-2.8091960584000053,7.969711038902958
PatchTST__ETTh2__h720__s2021,PatchTST,ETTh2,720,2161,1080,1081,1000000000,0.5,360,False,False,-2.0620363506889205,-2.7865760587008244,-2.7865760587008244,7.969711038902958
PatchTST__ETTh2__h720__s2021,PatchTST,ETTh2,720,2161,1080,1081,1000000000,1.0,720,True,False,-1.1619661505653907,-1.880116248656648,-1.880116248656648,7.969711038902958
PatchTST__ETTh2__h720__s2021,PatchTST,ETTh2,720,2161,1080,1081,1000000000,2.0,1440,True,True,,,,7.969711038902958
PatchTST__ETTm1__h96__s2021,PatchTST,ETTm1,96,11425,192,11233,50,0.0,0,False,False,3.466966249257117,3.466966249257117,3.466966249257117,6.802542003101395
PatchTST__ETTm1__h96__s2021,PatchTST,ETTm1,96,11425,192,11233,50,0.125,12,False,False,2.296568778574952,2.296568778574952,2.296568778574952,6.802542003101395
PatchTST__ETTm1__h96__s2021,PatchTST,ETTm1,96,11425,192,11233,50,0.25,24,False,False,1.1046662650051648,1.1046662650051648,1.1046662650051648,6.802542003101395
PatchTST__ETTm1__h96__s2021,PatchTST,ETTm1,96,11425,192,11233,50,0.5,48,False,False,-1.4291282353327406,-1.4291282353327406,-1.4291282353327406,6.802542003101395
PatchTST__ETTm1__h96__s2021,PatchTST,ETTm1,96,11425,192,11233,50,1.0,96,True,False,-4.075349974330028,-4.075349974330028,-4.075349974330028,6.802542003101395
PatchTST__ETTm1__h96__s2021,PatchTST,ETTm1,96,11425,192,11233,50,2.0,192,True,False,-5.216498962948242,-5.216498962948242,-5.216498962948242,6.802542003101395
PatchTST__ETTm1__h96__s2021,PatchTST,ETTm1,96,11425,192,11233,200,0.0,0,False,False,-1.0615044169573777,-1.0615044169573777,-1.0615044169573777,6.802542003101395
PatchTST__ETTm1__h96__s2021,PatchTST,ETTm1,96,11425,192,11233,200,0.125,12,False,False,-2.0304347904214253,-2.0304347904214253,-2.0304347904214253,6.802542003101395
PatchTST__ETTm1__h96__s2021,PatchTST,ETTm1,96,11425,192,11233,200,0.25,24,False,False,-2.542858251227625,-2.542858251227625,-2.542858251227625,6.802542003101395
PatchTST__ETTm1__h96__s2021,PatchTST,ETTm1,96,11425,192,11233,200,0.5,48,False,False,-3.0299526429521006,-3.0299526429521006,-3.0299526429521006,6.802542003101395
PatchTST__ETTm1__h96__s2021,PatchTST,ETTm1,96,11425,192,11233,200,1.0,96,True,False,-3.273272750566135,-3.273272750566135,-3.273272750566135,6.802542003101395
PatchTST__ETTm1__h96__s2021,PatchTST,ETTm1,96,11425,192,11233,200,2.0,192,True,False,-2.8145358843279866,-2.8145358843279866,-2.8145358843279866,6.802542003101395
PatchTST__ETTm1__h96__s2021,PatchTST,ETTm1,96,11425,192,11233,1000,0.0,0,False,False,0.02815748565807011,0.02815748565807011,0.02815748565807011,6.802542003101395
PatchTST__ETTm1__h96__s2021,PatchTST,ETTm1,96,11425,192,11233,1000,0.125,12,False,False,0.0033506098540125543,0.0033506098540125543,0.0033506098540125543,6.802542003101395
PatchTST__ETTm1__h96__s2021,PatchTST,ETTm1,96,11425,192,11233,1000,0.25,24,False,False,-0.0031640394926871016,-0.0031640394926871016,-0.0031640394926871016,6.802542003101395
PatchTST__ETTm1__h96__s2021,PatchTST,ETTm1,96,11425,192,11233,1000,0.5,48,False,False,-0.028514067152667324,-0.028514067152667324,-0.028514067152667324,6.802542003101395
PatchTST__ETTm1__h96__s2021,PatchTST,ETTm1,96,11425,192,11233,1000,1.0,96,True,False,-0.1205108441974714,-0.1205108441974714,-0.1205108441974714,6.802542003101395
PatchTST__ETTm1__h96__s2021,PatchTST,ETTm1,96,11425,192,11233,1000,2.0,192,True,False,-0.5004540905394773,-0.5004540905394773,-0.5004540905394773,6.802542003101395
PatchTST__ETTm1__h96__s2021,PatchTST,ETTm1,96,11425,192,11233,3000,0.0,0,False,False,0.0,0.0,0.0,6.802542003101395
PatchTST__ETTm1__h96__s2021,PatchTST,ETTm1,96,11425,192,11233,3000,0.125,12,False,False,0.0,0.0,0.0,6.802542003101395
PatchTST__ETTm1__h96__s2021,PatchTST,ETTm1,96,11425,192,11233,3000,0.25,24,False,False,0.0,0.0,0.0,6.802542003101395
PatchTST__ETTm1__h96__s2021,PatchTST,ETTm1,96,11425,192,11233,3000,0.5,48,False,False,0.0,0.0,0.0,6.802542003101395
PatchTST__ETTm1__h96__s2021,PatchTST,ETTm1,96,11425,192,11233,3000,1.0,96,True,False,0.0,0.0,0.0,6.802542003101395
PatchTST__ETTm1__h96__s2021,PatchTST,ETTm1,96,11425,192,11233,3000,2.0,192,True,False,0.0,0.0,0.0,6.802542003101395
PatchTST__ETTm1__h96__s2021,PatchTST,ETTm1,96,11425,192,11233,1000000000,0.0,0,False,False,0.0,0.0,0.0,6.802542003101395
PatchTST__ETTm1__h96__s2021,PatchTST,ETTm1,96,11425,192,11233,1000000000,0.125,12,False,False,0.0,0.0,0.0,6.802542003101395
PatchTST__ETTm1__h96__s2021,PatchTST,ETTm1,96,11425,192,11233,1000000000,0.25,24,False,False,0.0,0.0,0.0,6.802542003101395
PatchTST__ETTm1__h96__s2021,PatchTST,ETTm1,96,11425,192,11233,1000000000,0.5,48,False,False,0.0,0.0,0.0,6.802542003101395
PatchTST__ETTm1__h96__s2021,PatchTST,ETTm1,96,11425,192,11233,1000000000,1.0,96,True,False,0.0,0.0,0.0,6.802542003101395
PatchTST__ETTm1__h96__s2021,PatchTST,ETTm1,96,11425,192,11233,1000000000,2.0,192,True,False,0.0,0.0,0.0,6.802542003101395
PatchTST__ETTm1__h192__s2021,PatchTST,ETTm1,192,11329,384,10945,50,0.0,0,False,False,2.454296106545421,2.454296106545421,2.454296106545421,4.733328501543548
PatchTST__ETTm1__h192__s2021,PatchTST,ETTm1,192,11329,384,10945,50,0.125,24,False,False,0.47386956321731066,0.47386956321731066,0.47386956321731066,4.733328501543548
PatchTST__ETTm1__h192__s2021,PatchTST,ETTm1,192,11329,384,10945,50,0.25,48,False,False,-0.9075281733435335,-0.9075281733435335,-0.9075281733435335,4.733328501543548
PatchTST__ETTm1__h192__s2021,PatchTST,ETTm1,192,11329,384,10945,50,0.5,96,False,False,-2.6630008841046595,-2.6630008841046595,-2.6630008841046595,4.733328501543548
PatchTST__ETTm1__h192__s2021,PatchTST,ETTm1,192,11329,384,10945,50,1.0,192,True,False,-3.592023633045643,-3.592023633045643,-3.592023633045643,4.733328501543548
PatchTST__ETTm1__h192__s2021,PatchTST,ETTm1,192,11329,384,10945,50,2.0,384,True,False,-3.1212489157931107,-3.1212489157931107,-3.1212489157931107,4.733328501543548
PatchTST__ETTm1__h192__s2021,PatchTST,ETTm1,192,11329,384,10945,200,0.0,0,False,False,0.03528934472619799,0.03528934472619799,0.03528934472619799,4.733328501543548
PatchTST__ETTm1__h192__s2021,PatchTST,ETTm1,192,11329,384,10945,200,0.125,24,False,False,-0.766643358864149,-0.766643358864149,-0.766643358864149,4.733328501543548
PatchTST__ETTm1__h192__s2021,PatchTST,ETTm1,192,11329,384,10945,200,0.25,48,False,False,-0.9133044212390504,-0.9133044212390504,-0.9133044212390504,4.733328501543548
PatchTST__ETTm1__h192__s2021,PatchTST,ETTm1,192,11329,384,10945,200,0.5,96,False,False,-1.2920590735009565,-1.2920590735009565,-1.2920590735009565,4.733328501543548
PatchTST__ETTm1__h192__s2021,PatchTST,ETTm1,192,11329,384,10945,200,1.0,192,True,False,-1.1577591557249076,-1.1577591557249076,-1.1577591557249076,4.733328501543548
PatchTST__ETTm1__h192__s2021,PatchTST,ETTm1,192,11329,384,10945,200,2.0,384,True,False,-1.7705953104242238,-1.7705953104242238,-1.7705953104242238,4.733328501543548
PatchTST__ETTm1__h192__s2021,PatchTST,ETTm1,192,11329,384,10945,1000,0.0,0,False,False,-0.10600473734281958,-0.10600473734281958,-0.10600473734281958,4.733328501543548
PatchTST__ETTm1__h192__s2021,PatchTST,ETTm1,192,11329,384,10945,1000,0.125,24,False,False,-0.16129654332747567,-0.16129654332747567,-0.16129654332747567,4.733328501543548
PatchTST__ETTm1__h192__s2021,PatchTST,ETTm1,192,11329,384,10945,1000,0.25,48,False,False,-0.1850476752797159,-0.1850476752797159,-0.1850476752797159,4.733328501543548
PatchTST__ETTm1__h192__s2021,PatchTST,ETTm1,192,11329,384,10945,1000,0.5,96,False,False,-0.23838036761301803,-0.23838036761301803,-0.23838036761301803,4.733328501543548
PatchTST__ETTm1__h192__s2021,PatchTST,ETTm1,192,11329,384,10945,1000,1.0,192,True,False,-0.4832999174374992,-0.4832999174374992,-0.4832999174374992,4.733328501543548
PatchTST__ETTm1__h192__s2021,PatchTST,ETTm1,192,11329,384,10945,1000,2.0,384,True,False,-1.3459960828154394,-1.3459960828154394,-1.3459960828154394,4.733328501543548
PatchTST__ETTm1__h192__s2021,PatchTST,ETTm1,192,11329,384,10945,3000,0.0,0,False,False,0.0,0.0,0.0,4.733328501543548
PatchTST__ETTm1__h192__s2021,PatchTST,ETTm1,192,11329,384,10945,3000,0.125,24,False,False,0.0,0.0,0.0,4.733328501543548
PatchTST__ETTm1__h192__s2021,PatchTST,ETTm1,192,11329,384,10945,3000,0.25,48,False,False,0.0,0.0,0.0,4.733328501543548
PatchTST__ETTm1__h192__s2021,PatchTST,ETTm1,192,11329,384,10945,3000,0.5,96,False,False,0.0,0.0,0.0,4.733328501543548
PatchTST__ETTm1__h192__s2021,PatchTST,ETTm1,192,11329,384,10945,3000,1.0,192,True,False,0.0,0.0,0.0,4.733328501543548
PatchTST__ETTm1__h192__s2021,PatchTST,ETTm1,192,11329,384,10945,3000,2.0,384,True,False,0.0,0.0,0.0,4.733328501543548
PatchTST__ETTm1__h192__s2021,PatchTST,ETTm1,192,11329,384,10945,1000000000,0.0,0,False,False,0.0,0.0,0.0,4.733328501543548
PatchTST__ETTm1__h192__s2021,PatchTST,ETTm1,192,11329,384,10945,1000000000,0.125,24,False,False,0.0,0.0,0.0,4.733328501543548
PatchTST__ETTm1__h192__s2021,PatchTST,ETTm1,192,11329,384,10945,1000000000,0.25,48,False,False,0.0,0.0,0.0,4.733328501543548
PatchTST__ETTm1__h192__s2021,PatchTST,ETTm1,192,11329,384,10945,1000000000,0.5,96,False,False,0.0,0.0,0.0,4.733328501543548
PatchTST__ETTm1__h192__s2021,PatchTST,ETTm1,192,11329,384,10945,1000000000,1.0,192,True,False,0.0,0.0,0.0,4.733328501543548
PatchTST__ETTm1__h192__s2021,PatchTST,ETTm1,192,11329,384,10945,1000000000,2.0,384,True,False,0.0,0.0,0.0,4.733328501543548
PatchTST__ETTm1__h336__s2021,PatchTST,ETTm1,336,11185,672,10513,50,0.0,0,False,False,2.0579784547283806,2.0579784547283806,2.0579784547283806,3.485537205895493
PatchTST__ETTm1__h336__s2021,PatchTST,ETTm1,336,11185,672,10513,50,0.125,42,False,False,0.28324070552438024,0.28324070552438024,0.28324070552438024,3.485537205895493
PatchTST__ETTm1__h336__s2021,PatchTST,ETTm1,336,11185,672,10513,50,0.25,84,False,False,-1.1553059505758483,-1.1553059505758483,-1.1553059505758483,3.485537205895493
PatchTST__ETTm1__h336__s2021,PatchTST,ETTm1,336,11185,672,10513,50,0.5,168,False,False,-1.8259443098295303,-1.8259443098295303,-1.8259443098295303,3.485537205895493
PatchTST__ETTm1__h336__s2021,PatchTST,ETTm1,336,11185,672,10513,50,1.0,336,True,False,-2.793307750052577,-2.793307750052577,-2.793307750052577,3.485537205895493
PatchTST__ETTm1__h336__s2021,PatchTST,ETTm1,336,11185,672,10513,50,2.0,672,True,False,-4.184669637331283,-4.184669637331283,-4.184669637331283,3.485537205895493
PatchTST__ETTm1__h336__s2021,PatchTST,ETTm1,336,11185,672,10513,200,0.0,0,False,False,0.12949525443919188,0.12949525443919188,0.12949525443919188,3.485537205895493
PatchTST__ETTm1__h336__s2021,PatchTST,ETTm1,336,11185,672,10513,200,0.125,42,False,False,-0.9551139415770828,-0.9551139415770828,-0.9551139415770828,3.485537205895493
PatchTST__ETTm1__h336__s2021,PatchTST,ETTm1,336,11185,672,10513,200,0.25,84,False,False,-1.344193341721623,-1.344193341721623,-1.344193341721623,3.485537205895493
PatchTST__ETTm1__h336__s2021,PatchTST,ETTm1,336,11185,672,10513,200,0.5,168,False,False,-1.2981971981563865,-1.2981971981563865,-1.2981971981563865,3.485537205895493
PatchTST__ETTm1__h336__s2021,PatchTST,ETTm1,336,11185,672,10513,200,1.0,336,True,False,-2.5289589314743837,-2.5289589314743837,-2.5289589314743837,3.485537205895493
PatchTST__ETTm1__h336__s2021,PatchTST,ETTm1,336,11185,672,10513,200,2.0,672,True,False,-4.178019038700096,-4.178019038700096,-4.178019038700096,3.485537205895493
PatchTST__ETTm1__h336__s2021,PatchTST,ETTm1,336,11185,672,10513,1000,0.0,0,False,False,-0.19121377926171873,-0.19121377926171873,-0.19121377926171873,3.485537205895493
PatchTST__ETTm1__h336__s2021,PatchTST,ETTm1,336,11185,672,10513,1000,0.125,42,False,False,-0.5228536142298112,-0.5228536142298112,-0.5228536142298112,3.485537205895493
PatchTST__ETTm1__h336__s2021,PatchTST,ETTm1,336,11185,672,10513,1000,0.25,84,False,False,-0.8242775559316773,-0.8242775559316773,-0.8242775559316773,3.485537205895493
PatchTST__ETTm1__h336__s2021,PatchTST,ETTm1,336,11185,672,10513,1000,0.5,168,False,False,-0.8532242245376009,-0.8532242245376009,-0.8532242245376009,3.485537205895493
PatchTST__ETTm1__h336__s2021,PatchTST,ETTm1,336,11185,672,10513,1000,1.0,336,True,False,-2.125407972375849,-2.125407972375849,-2.125407972375849,3.485537205895493
PatchTST__ETTm1__h336__s2021,PatchTST,ETTm1,336,11185,672,10513,1000,2.0,672,True,False,-1.2140402494293812,-1.2140402494293812,-1.2140402494293812,3.485537205895493
PatchTST__ETTm1__h336__s2021,PatchTST,ETTm1,336,11185,672,10513,3000,0.0,0,False,False,0.0,0.0,0.0,3.485537205895493
PatchTST__ETTm1__h336__s2021,PatchTST,ETTm1,336,11185,672,10513,3000,0.125,42,False,False,0.0,0.0,0.0,3.485537205895493
PatchTST__ETTm1__h336__s2021,PatchTST,ETTm1,336,11185,672,10513,3000,0.25,84,False,False,0.0,0.0,0.0,3.485537205895493
PatchTST__ETTm1__h336__s2021,PatchTST,ETTm1,336,11185,672,10513,3000,0.5,168,False,False,0.0,0.0,0.0,3.485537205895493
PatchTST__ETTm1__h336__s2021,PatchTST,ETTm1,336,11185,672,10513,3000,1.0,336,True,False,0.0,0.0,0.0,3.485537205895493
PatchTST__ETTm1__h336__s2021,PatchTST,ETTm1,336,11185,672,10513,3000,2.0,672,True,False,0.0,0.0,0.0,3.485537205895493
PatchTST__ETTm1__h336__s2021,PatchTST,ETTm1,336,11185,672,10513,1000000000,0.0,0,False,False,0.0,0.0,0.0,3.485537205895493
PatchTST__ETTm1__h336__s2021,PatchTST,ETTm1,336,11185,672,10513,1000000000,0.125,42,False,False,0.0,0.0,0.0,3.485537205895493
PatchTST__ETTm1__h336__s2021,PatchTST,ETTm1,336,11185,672,10513,1000000000,0.25,84,False,False,0.0,0.0,0.0,3.485537205895493
PatchTST__ETTm1__h336__s2021,PatchTST,ETTm1,336,11185,672,10513,1000000000,0.5,168,False,False,0.0,0.0,0.0,3.485537205895493
PatchTST__ETTm1__h336__s2021,PatchTST,ETTm1,336,11185,672,10513,1000000000,1.0,336,True,False,0.0,0.0,0.0,3.485537205895493
PatchTST__ETTm1__h336__s2021,PatchTST,ETTm1,336,11185,672,10513,1000000000,2.0,672,True,False,0.0,0.0,0.0,3.485537205895493
PatchTST__ETTm1__h720__s2021,PatchTST,ETTm1,720,10801,1440,9361,50,0.0,0,False,False,1.6369362258872315,1.6369362258872315,1.6369362258872315,2.9324505437777852
PatchTST__ETTm1__h720__s2021,PatchTST,ETTm1,720,10801,1440,9361,50,0.125,90,False,False,-0.6587899640639049,-0.6587899640639049,-0.6587899640639049,2.9324505437777852
PatchTST__ETTm1__h720__s2021,PatchTST,ETTm1,720,10801,1440,9361,50,0.25,180,False,False,-1.2957140977398625,-1.2957140977398625,-1.2957140977398625,2.9324505437777852
PatchTST__ETTm1__h720__s2021,PatchTST,ETTm1,720,10801,1440,9361,50,0.5,360,False,False,-1.8143808486173325,-1.8143808486173325,-1.8143808486173325,2.9324505437777852
PatchTST__ETTm1__h720__s2021,PatchTST,ETTm1,720,10801,1440,9361,50,1.0,720,True,False,-2.6848845498063367,-2.6848845498063367,-2.6848845498063367,2.9324505437777852
PatchTST__ETTm1__h720__s2021,PatchTST,ETTm1,720,10801,1440,9361,50,2.0,1440,True,False,-3.469855138810845,-3.469855138810845,-3.469855138810845,2.9324505437777852
PatchTST__ETTm1__h720__s2021,PatchTST,ETTm1,720,10801,1440,9361,200,0.0,0,False,False,0.45831766024336507,0.45831766024336507,0.45831766024336507,2.9324505437777852
PatchTST__ETTm1__h720__s2021,PatchTST,ETTm1,720,10801,1440,9361,200,0.125,90,False,False,-0.8006168129655231,-0.8006168129655231,-0.8006168129655231,2.9324505437777852
PatchTST__ETTm1__h720__s2021,PatchTST,ETTm1,720,10801,1440,9361,200,0.25,180,False,False,-1.0561138165171629,-1.0561138165171629,-1.0561138165171629,2.9324505437777852
PatchTST__ETTm1__h720__s2021,PatchTST,ETTm1,720,10801,1440,9361,200,0.5,360,False,False,-2.149243987604031,-2.149243987604031,-2.149243987604031,2.9324505437777852
PatchTST__ETTm1__h720__s2021,PatchTST,ETTm1,720,10801,1440,9361,200,1.0,720,True,False,-2.9992063267147153,-2.9992063267147153,-2.9992063267147153,2.9324505437777852
PatchTST__ETTm1__h720__s2021,PatchTST,ETTm1,720,10801,1440,9361,200,2.0,1440,True,False,-2.9910028075582824,-2.9910028075582824,-2.9910028075582824,2.9324505437777852
PatchTST__ETTm1__h720__s2021,PatchTST,ETTm1,720,10801,1440,9361,1000,0.0,0,False,False,-0.11019852219420749,-0.11019852219420749,-0.11019852219420749,2.9324505437777852
PatchTST__ETTm1__h720__s2021,PatchTST,ETTm1,720,10801,1440,9361,1000,0.125,90,False,False,-0.43094379893348767,-0.43094379893348767,-0.43094379893348767,2.9324505437777852
PatchTST__ETTm1__h720__s2021,PatchTST,ETTm1,720,10801,1440,9361,1000,0.25,180,False,False,-0.8041024801585724,-0.8041024801585724,-0.8041024801585724,2.9324505437777852
PatchTST__ETTm1__h720__s2021,PatchTST,ETTm1,720,10801,1440,9361,1000,0.5,360,False,False,-1.1506390347434785,-1.1506390347434785,-1.1506390347434785,2.9324505437777852
PatchTST__ETTm1__h720__s2021,PatchTST,ETTm1,720,10801,1440,9361,1000,1.0,720,True,False,-2.423883443005775,-2.423883443005775,-2.423883443005775,2.9324505437777852
PatchTST__ETTm1__h720__s2021,PatchTST,ETTm1,720,10801,1440,9361,1000,2.0,1440,True,False,-2.1264999887861786,-2.1264999887861786,-2.1264999887861786,2.9324505437777852
PatchTST__ETTm1__h720__s2021,PatchTST,ETTm1,720,10801,1440,9361,3000,0.0,0,False,False,0.0,0.0,0.0,2.9324505437777852
PatchTST__ETTm1__h720__s2021,PatchTST,ETTm1,720,10801,1440,9361,3000,0.125,90,False,False,0.0,0.0,0.0,2.9324505437777852
PatchTST__ETTm1__h720__s2021,PatchTST,ETTm1,720,10801,1440,9361,3000,0.25,180,False,False,0.0,0.0,0.0,2.9324505437777852
PatchTST__ETTm1__h720__s2021,PatchTST,ETTm1,720,10801,1440,9361,3000,0.5,360,False,False,0.0,0.0,0.0,2.9324505437777852
PatchTST__ETTm1__h720__s2021,PatchTST,ETTm1,720,10801,1440,9361,3000,1.0,720,True,False,0.0,0.0,0.0,2.9324505437777852
PatchTST__ETTm1__h720__s2021,PatchTST,ETTm1,720,10801,1440,9361,3000,2.0,1440,True,False,0.0,0.0,0.0,2.9324505437777852
PatchTST__ETTm1__h720__s2021,PatchTST,ETTm1,720,10801,1440,9361,1000000000,0.0,0,False,False,0.0,0.0,0.0,2.9324505437777852
PatchTST__ETTm1__h720__s2021,PatchTST,ETTm1,720,10801,1440,9361,1000000000,0.125,90,False,False,0.0,0.0,0.0,2.9324505437777852
PatchTST__ETTm1__h720__s2021,PatchTST,ETTm1,720,10801,1440,9361,1000000000,0.25,180,False,False,0.0,0.0,0.0,2.9324505437777852
PatchTST__ETTm1__h720__s2021,PatchTST,ETTm1,720,10801,1440,9361,1000000000,0.5,360,False,False,0.0,0.0,0.0,2.9324505437777852
PatchTST__ETTm1__h720__s2021,PatchTST,ETTm1,720,10801,1440,9361,1000000000,1.0,720,True,False,0.0,0.0,0.0,2.9324505437777852
PatchTST__ETTm1__h720__s2021,PatchTST,ETTm1,720,10801,1440,9361,1000000000,2.0,1440,True,False,0.0,0.0,0.0,2.9324505437777852
PatchTST__ETTm2__h96__s2021,PatchTST,ETTm2,96,11425,192,11233,50,0.0,0,False,False,2.362125399631632,2.362125399631632,2.362125399631632,7.321379415200353
PatchTST__ETTm2__h96__s2021,PatchTST,ETTm2,96,11425,192,11233,50,0.125,12,False,False,-0.6000301443350592,-0.6000301443350592,-0.6000301443350592,7.321379415200353
PatchTST__ETTm2__h96__s2021,PatchTST,ETTm2,96,11425,192,11233,50,0.25,24,False,False,-1.4574778625110916,-1.4574778625110916,-1.4574778625110916,7.321379415200353
PatchTST__ETTm2__h96__s2021,PatchTST,ETTm2,96,11425,192,11233,50,0.5,48,False,False,-1.9298956378564203,-1.9298956378564203,-1.9298956378564203,7.321379415200353
PatchTST__ETTm2__h96__s2021,PatchTST,ETTm2,96,11425,192,11233,50,1.0,96,True,False,-1.9055581230040841,-1.9055581230040841,-1.9055581230040841,7.321379415200353
PatchTST__ETTm2__h96__s2021,PatchTST,ETTm2,96,11425,192,11233,50,2.0,192,True,False,-1.7728037110686687,-1.7728037110686687,-1.7728037110686687,7.321379415200353
PatchTST__ETTm2__h96__s2021,PatchTST,ETTm2,96,11425,192,11233,200,0.0,0,False,False,1.0364332205821123,1.0364332205821123,1.0364332205821123,7.321379415200353
PatchTST__ETTm2__h96__s2021,PatchTST,ETTm2,96,11425,192,11233,200,0.125,12,False,False,0.06408724462633218,0.06408724462633218,0.06408724462633218,7.321379415200353
PatchTST__ETTm2__h96__s2021,PatchTST,ETTm2,96,11425,192,11233,200,0.25,24,False,False,-0.2728352768785305,-0.2728352768785305,-0.2728352768785305,7.321379415200353
PatchTST__ETTm2__h96__s2021,PatchTST,ETTm2,96,11425,192,11233,200,0.5,48,False,False,-0.951036054072936,-0.951036054072936,-0.951036054072936,7.321379415200353
PatchTST__ETTm2__h96__s2021,PatchTST,ETTm2,96,11425,192,11233,200,1.0,96,True,False,-1.2622668307968112,-1.2622668307968112,-1.2622668307968112,7.321379415200353
PatchTST__ETTm2__h96__s2021,PatchTST,ETTm2,96,11425,192,11233,200,2.0,192,True,False,-1.3272051961682854,-1.3272051961682854,-1.3272051961682854,7.321379415200353
PatchTST__ETTm2__h96__s2021,PatchTST,ETTm2,96,11425,192,11233,1000,0.0,0,False,False,0.007696220545049682,0.007696220545049682,0.007696220545049682,7.321379415200353
PatchTST__ETTm2__h96__s2021,PatchTST,ETTm2,96,11425,192,11233,1000,0.125,12,False,False,-0.5396919152252994,-0.5396919152252994,-0.5396919152252994,7.321379415200353
PatchTST__ETTm2__h96__s2021,PatchTST,ETTm2,96,11425,192,11233,1000,0.25,24,False,False,-0.7939084367307983,-0.7939084367307983,-0.7939084367307983,7.321379415200353
PatchTST__ETTm2__h96__s2021,PatchTST,ETTm2,96,11425,192,11233,1000,0.5,48,False,False,-0.8745026106248468,-0.8745026106248468,-0.8745026106248468,7.321379415200353
PatchTST__ETTm2__h96__s2021,PatchTST,ETTm2,96,11425,192,11233,1000,1.0,96,True,False,-0.7996423113445209,-0.7996423113445209,-0.7996423113445209,7.321379415200353
PatchTST__ETTm2__h96__s2021,PatchTST,ETTm2,96,11425,192,11233,1000,2.0,192,True,False,-0.856500527223646,-0.856500527223646,-0.856500527223646,7.321379415200353
PatchTST__ETTm2__h96__s2021,PatchTST,ETTm2,96,11425,192,11233,3000,0.0,0,False,False,-0.3755999209993347,-0.3755999209993347,-0.3755999209993347,7.321379415200353
PatchTST__ETTm2__h96__s2021,PatchTST,ETTm2,96,11425,192,11233,3000,0.125,12,False,False,-0.6918537999225931,-0.6918537999225931,-0.6918537999225931,7.321379415200353
PatchTST__ETTm2__h96__s2021,PatchTST,ETTm2,96,11425,192,11233,3000,0.25,24,False,False,-0.9300305951275836,-0.9300305951275836,-0.9300305951275836,7.321379415200353
PatchTST__ETTm2__h96__s2021,PatchTST,ETTm2,96,11425,192,11233,3000,0.5,48,False,False,-1.041699318402271,-1.041699318402271,-1.041699318402271,7.321379415200353
PatchTST__ETTm2__h96__s2021,PatchTST,ETTm2,96,11425,192,11233,3000,1.0,96,True,False,-1.161859094095605,-1.161859094095605,-1.161859094095605,7.321379415200353
PatchTST__ETTm2__h96__s2021,PatchTST,ETTm2,96,11425,192,11233,3000,2.0,192,True,False,-1.5782780354978299,-1.5782780354978299,-1.5782780354978299,7.321379415200353
PatchTST__ETTm2__h96__s2021,PatchTST,ETTm2,96,11425,192,11233,1000000000,0.0,0,False,False,-0.01440524369267966,-0.01440524369267966,-0.01440524369267966,7.321379415200353
PatchTST__ETTm2__h96__s2021,PatchTST,ETTm2,96,11425,192,11233,1000000000,0.125,12,False,False,-0.1844006238522619,-0.1844006238522619,-0.1844006238522619,7.321379415200353
PatchTST__ETTm2__h96__s2021,PatchTST,ETTm2,96,11425,192,11233,1000000000,0.25,24,False,False,-0.29580145065505076,-0.29580145065505076,-0.29580145065505076,7.321379415200353
PatchTST__ETTm2__h96__s2021,PatchTST,ETTm2,96,11425,192,11233,1000000000,0.5,48,False,False,-0.27027809825593707,-0.27027809825593707,-0.27027809825593707,7.321379415200353
PatchTST__ETTm2__h96__s2021,PatchTST,ETTm2,96,11425,192,11233,1000000000,1.0,96,True,False,-0.3660271991731144,-0.3660271991731144,-0.3660271991731144,7.321379415200353
PatchTST__ETTm2__h96__s2021,PatchTST,ETTm2,96,11425,192,11233,1000000000,2.0,192,True,False,-0.6756638169442744,-0.6756638169442744,-0.6756638169442744,7.321379415200353
PatchTST__ETTm2__h192__s2021,PatchTST,ETTm2,192,11329,384,10945,50,0.0,0,False,False,2.287590946028497,2.287590946028497,2.287590946028497,6.109407195804937
PatchTST__ETTm2__h192__s2021,PatchTST,ETTm2,192,11329,384,10945,50,0.125,24,False,False,-0.5497837271446989,-0.5497837271446989,-0.5497837271446989,6.109407195804937
PatchTST__ETTm2__h192__s2021,PatchTST,ETTm2,192,11329,384,10945,50,0.25,48,False,False,-1.601981974619906,-1.601981974619906,-1.601981974619906,6.109407195804937
PatchTST__ETTm2__h192__s2021,PatchTST,ETTm2,192,11329,384,10945,50,0.5,96,False,False,-1.1305486174311765,-1.1305486174311765,-1.1305486174311765,6.109407195804937
PatchTST__ETTm2__h192__s2021,PatchTST,ETTm2,192,11329,384,10945,50,1.0,192,True,False,-1.719873575716251,-1.719873575716251,-1.719873575716251,6.109407195804937
PatchTST__ETTm2__h192__s2021,PatchTST,ETTm2,192,11329,384,10945,50,2.0,384,True,False,-2.2481037560029535,-2.2481037560029535,-2.2481037560029535,6.109407195804937
PatchTST__ETTm2__h192__s2021,PatchTST,ETTm2,192,11329,384,10945,200,0.0,0,False,False,1.0184468096724844,1.0184468096724844,1.0184468096724844,6.109407195804937
PatchTST__ETTm2__h192__s2021,PatchTST,ETTm2,192,11329,384,10945,200,0.125,24,False,False,-0.41844093373215696,-0.41844093373215696,-0.41844093373215696,6.109407195804937
PatchTST__ETTm2__h192__s2021,PatchTST,ETTm2,192,11329,384,10945,200,0.25,48,False,False,-0.8585128788912332,-0.8585128788912332,-0.8585128788912332,6.109407195804937
PatchTST__ETTm2__h192__s2021,PatchTST,ETTm2,192,11329,384,10945,200,0.5,96,False,False,-0.5574943425804936,-0.5574943425804936,-0.5574943425804936,6.109407195804937
PatchTST__ETTm2__h192__s2021,PatchTST,ETTm2,192,11329,384,10945,200,1.0,192,True,False,-0.3178690073773489,-0.3178690073773489,-0.3178690073773489,6.109407195804937
PatchTST__ETTm2__h192__s2021,PatchTST,ETTm2,192,11329,384,10945,200,2.0,384,True,False,-1.0497451428040265,-1.0497451428040265,-1.0497451428040265,6.109407195804937
PatchTST__ETTm2__h192__s2021,PatchTST,ETTm2,192,11329,384,10945,1000,0.0,0,False,False,-0.2538293064873422,-0.2538293064873422,-0.2538293064873422,6.109407195804937
PatchTST__ETTm2__h192__s2021,PatchTST,ETTm2,192,11329,384,10945,1000,0.125,24,False,False,-0.8787536607163692,-0.8787536607163692,-0.8787536607163692,6.109407195804937
PatchTST__ETTm2__h192__s2021,PatchTST,ETTm2,192,11329,384,10945,1000,0.25,48,False,False,-0.8470979882449521,-0.8470979882449521,-0.8470979882449521,6.109407195804937
PatchTST__ETTm2__h192__s2021,PatchTST,ETTm2,192,11329,384,10945,1000,0.5,96,False,False,-0.8121645098817096,-0.8121645098817096,-0.8121645098817096,6.109407195804937
PatchTST__ETTm2__h192__s2021,PatchTST,ETTm2,192,11329,384,10945,1000,1.0,192,True,False,-0.6277280092077018,-0.6277280092077018,-0.6277280092077018,6.109407195804937
PatchTST__ETTm2__h192__s2021,PatchTST,ETTm2,192,11329,384,10945,1000,2.0,384,True,False,-1.5123628848121817,-1.5123628848121817,-1.5123628848121817,6.109407195804937
PatchTST__ETTm2__h192__s2021,PatchTST,ETTm2,192,11329,384,10945,3000,0.0,0,False,False,-0.13589698285129223,-0.13589698285129223,-0.13589698285129223,6.109407195804937
PatchTST__ETTm2__h192__s2021,PatchTST,ETTm2,192,11329,384,10945,3000,0.125,24,False,False,-0.3242162483740434,-0.3242162483740434,-0.3242162483740434,6.109407195804937
PatchTST__ETTm2__h192__s2021,PatchTST,ETTm2,192,11329,384,10945,3000,0.25,48,False,False,-0.37232302435700465,-0.37232302435700465,-0.37232302435700465,6.109407195804937
PatchTST__ETTm2__h192__s2021,PatchTST,ETTm2,192,11329,384,10945,3000,0.5,96,False,False,-0.32094356659849044,-0.32094356659849044,-0.32094356659849044,6.109407195804937
PatchTST__ETTm2__h192__s2021,PatchTST,ETTm2,192,11329,384,10945,3000,1.0,192,True,False,-0.3460684632968217,-0.3460684632968217,-0.3460684632968217,6.109407195804937
PatchTST__ETTm2__h192__s2021,PatchTST,ETTm2,192,11329,384,10945,3000,2.0,384,True,False,-0.289235925981958,-0.289235925981958,-0.289235925981958,6.109407195804937
PatchTST__ETTm2__h192__s2021,PatchTST,ETTm2,192,11329,384,10945,1000000000,0.0,0,False,False,0.0003275788522098183,0.0003275788522098183,0.0003275788522098183,6.109407195804937
PatchTST__ETTm2__h192__s2021,PatchTST,ETTm2,192,11329,384,10945,1000000000,0.125,24,False,False,-0.012531463906453953,-0.012531463906453953,-0.012531463906453953,6.109407195804937
PatchTST__ETTm2__h192__s2021,PatchTST,ETTm2,192,11329,384,10945,1000000000,0.25,48,False,False,-0.010055743250039214,-0.010055743250039214,-0.010055743250039214,6.109407195804937
PatchTST__ETTm2__h192__s2021,PatchTST,ETTm2,192,11329,384,10945,1000000000,0.5,96,False,False,-0.02953995913421033,-0.02953995913421033,-0.02953995913421033,6.109407195804937
PatchTST__ETTm2__h192__s2021,PatchTST,ETTm2,192,11329,384,10945,1000000000,1.0,192,True,False,-0.08181149220034445,-0.08181149220034445,-0.08181149220034445,6.109407195804937
PatchTST__ETTm2__h192__s2021,PatchTST,ETTm2,192,11329,384,10945,1000000000,2.0,384,True,False,-0.15943483252037338,-0.15943483252037338,-0.15943483252037338,6.109407195804937
PatchTST__ETTm2__h336__s2021,PatchTST,ETTm2,336,11185,672,10513,50,0.0,0,False,False,2.2100033759225726,2.2100033759225726,2.2100033759225726,5.444968307116188
PatchTST__ETTm2__h336__s2021,PatchTST,ETTm2,336,11185,672,10513,50,0.125,42,False,False,-0.5008369786846013,-0.5008369786846013,-0.5008369786846013,5.444968307116188
PatchTST__ETTm2__h336__s2021,PatchTST,ETTm2,336,11185,672,10513,50,0.25,84,False,False,-1.0013625563917137,-1.0013625563917137,-1.0013625563917137,5.444968307116188
PatchTST__ETTm2__h336__s2021,PatchTST,ETTm2,336,11185,672,10513,50,0.5,168,False,False,-1.3803016366107583,-1.3803016366107583,-1.3803016366107583,5.444968307116188
PatchTST__ETTm2__h336__s2021,PatchTST,ETTm2,336,11185,672,10513,50,1.0,336,True,False,-1.1652620849574795,-1.1652620849574795,-1.1652620849574795,5.444968307116188
PatchTST__ETTm2__h336__s2021,PatchTST,ETTm2,336,11185,672,10513,50,2.0,672,True,False,-1.2560973082673217,-1.2560973082673217,-1.2560973082673217,5.444968307116188
PatchTST__ETTm2__h336__s2021,PatchTST,ETTm2,336,11185,672,10513,200,0.0,0,False,False,0.9814351618149381,0.9814351618149381,0.9814351618149381,5.444968307116188
PatchTST__ETTm2__h336__s2021,PatchTST,ETTm2,336,11185,672,10513,200,0.125,42,False,False,-0.639647953970234,-0.639647953970234,-0.639647953970234,5.444968307116188
PatchTST__ETTm2__h336__s2021,PatchTST,ETTm2,336,11185,672,10513,200,0.25,84,False,False,-0.9688810798239774,-0.9688810798239774,-0.9688810798239774,5.444968307116188
PatchTST__ETTm2__h336__s2021,PatchTST,ETTm2,336,11185,672,10513,200,0.5,168,False,False,-1.132859228124488,-1.132859228124488,-1.132859228124488,5.444968307116188
PatchTST__ETTm2__h336__s2021,PatchTST,ETTm2,336,11185,672,10513,200,1.0,336,True,False,-1.4119142304467205,-1.4119142304467205,-1.4119142304467205,5.444968307116188
PatchTST__ETTm2__h336__s2021,PatchTST,ETTm2,336,11185,672,10513,200,2.0,672,True,False,-1.238996070642282,-1.238996070642282,-1.238996070642282,5.444968307116188
PatchTST__ETTm2__h336__s2021,PatchTST,ETTm2,336,11185,672,10513,1000,0.0,0,False,False,0.023002355852425355,0.023002355852425355,0.023002355852425355,5.444968307116188
PatchTST__ETTm2__h336__s2021,PatchTST,ETTm2,336,11185,672,10513,1000,0.125,42,False,False,-0.8437736734118916,-0.8437736734118916,-0.8437736734118916,5.444968307116188
PatchTST__ETTm2__h336__s2021,PatchTST,ETTm2,336,11185,672,10513,1000,0.25,84,False,False,-0.658810972101031,-0.658810972101031,-0.658810972101031,5.444968307116188
PatchTST__ETTm2__h336__s2021,PatchTST,ETTm2,336,11185,672,10513,1000,0.5,168,False,False,-0.9647506098010785,-0.9647506098010785,-0.9647506098010785,5.444968307116188
PatchTST__ETTm2__h336__s2021,PatchTST,ETTm2,336,11185,672,10513,1000,1.0,336,True,False,-0.4922359114368429,-0.4922359114368429,-0.4922359114368429,5.444968307116188
PatchTST__ETTm2__h336__s2021,PatchTST,ETTm2,336,11185,672,10513,1000,2.0,672,True,False,-0.7602017198939885,-0.7602017198939885,-0.7602017198939885,5.444968307116188
PatchTST__ETTm2__h336__s2021,PatchTST,ETTm2,336,11185,672,10513,3000,0.0,0,False,False,-0.19650417355137598,-0.19650417355137598,-0.19650417355137598,5.444968307116188
PatchTST__ETTm2__h336__s2021,PatchTST,ETTm2,336,11185,672,10513,3000,0.125,42,False,False,-0.5741385513017635,-0.5741385513017635,-0.5741385513017635,5.444968307116188
PatchTST__ETTm2__h336__s2021,PatchTST,ETTm2,336,11185,672,10513,3000,0.25,84,False,False,-0.6203529333290808,-0.6203529333290808,-0.6203529333290808,5.444968307116188
PatchTST__ETTm2__h336__s2021,PatchTST,ETTm2,336,11185,672,10513,3000,0.5,168,False,False,-0.6961171537398902,-0.6961171537398902,-0.6961171537398902,5.444968307116188
PatchTST__ETTm2__h336__s2021,PatchTST,ETTm2,336,11185,672,10513,3000,1.0,336,True,False,-0.16485372947393384,-0.16485372947393384,-0.16485372947393384,5.444968307116188
PatchTST__ETTm2__h336__s2021,PatchTST,ETTm2,336,11185,672,10513,3000,2.0,672,True,False,-1.336174838373541,-1.336174838373541,-1.336174838373541,5.444968307116188
PatchTST__ETTm2__h336__s2021,PatchTST,ETTm2,336,11185,672,10513,1000000000,0.0,0,False,False,-0.03504821543135969,-0.03504821543135969,-0.03504821543135969,5.444968307116188
PatchTST__ETTm2__h336__s2021,PatchTST,ETTm2,336,11185,672,10513,1000000000,0.125,42,False,False,-0.23746997926074973,-0.23746997926074973,-0.23746997926074973,5.444968307116188
PatchTST__ETTm2__h336__s2021,PatchTST,ETTm2,336,11185,672,10513,1000000000,0.25,84,False,False,-0.22972651305875588,-0.22972651305875588,-0.22972651305875588,5.444968307116188
PatchTST__ETTm2__h336__s2021,PatchTST,ETTm2,336,11185,672,10513,1000000000,0.5,168,False,False,-0.21324325451517928,-0.21324325451517928,-0.21324325451517928,5.444968307116188
PatchTST__ETTm2__h336__s2021,PatchTST,ETTm2,336,11185,672,10513,1000000000,1.0,336,True,False,-0.19133438171327538,-0.19133438171327538,-0.19133438171327538,5.444968307116188
PatchTST__ETTm2__h336__s2021,PatchTST,ETTm2,336,11185,672,10513,1000000000,2.0,672,True,False,-0.9341051652342166,-0.9341051652342166,-0.9341051652342166,5.444968307116188
PatchTST__ETTm2__h720__s2021,PatchTST,ETTm2,720,10801,1440,9361,50,0.0,0,False,False,2.4333233462692174,2.4333233462692174,2.4333233462692174,5.545770925258431
PatchTST__ETTm2__h720__s2021,PatchTST,ETTm2,720,10801,1440,9361,50,0.125,90,False,False,-0.8620080821679724,-0.8620080821679724,-0.8620080821679724,5.545770925258431
PatchTST__ETTm2__h720__s2021,PatchTST,ETTm2,720,10801,1440,9361,50,0.25,180,False,False,-1.0192249102602955,-1.0192249102602955,-1.0192249102602955,5.545770925258431
PatchTST__ETTm2__h720__s2021,PatchTST,ETTm2,720,10801,1440,9361,50,0.5,360,False,False,-1.1038850676427017,-1.1038850676427017,-1.1038850676427017,5.545770925258431
PatchTST__ETTm2__h720__s2021,PatchTST,ETTm2,720,10801,1440,9361,50,1.0,720,True,False,-1.6156019974335651,-1.6156019974335651,-1.6156019974335651,5.545770925258431
PatchTST__ETTm2__h720__s2021,PatchTST,ETTm2,720,10801,1440,9361,50,2.0,1440,True,False,-2.6296798311151734,-2.6296798311151734,-2.6296798311151734,5.545770925258431
PatchTST__ETTm2__h720__s2021,PatchTST,ETTm2,720,10801,1440,9361,200,0.0,0,False,False,1.4238145285687736,1.4238145285687736,1.4238145285687736,5.545770925258431
PatchTST__ETTm2__h720__s2021,PatchTST,ETTm2,720,10801,1440,9361,200,0.125,90,False,False,-0.131003539802399,-0.131003539802399,-0.131003539802399,5.545770925258431
PatchTST__ETTm2__h720__s2021,PatchTST,ETTm2,720,10801,1440,9361,200,0.25,180,False,False,-0.2884266188104622,-0.2884266188104622,-0.2884266188104622,5.545770925258431
PatchTST__ETTm2__h720__s2021,PatchTST,ETTm2,720,10801,1440,9361,200,0.5,360,False,False,-1.2872735597204519,-1.2872735597204519,-1.2872735597204519,5.545770925258431
PatchTST__ETTm2__h720__s2021,PatchTST,ETTm2,720,10801,1440,9361,200,1.0,720,True,False,-1.8011339364916503,-1.8011339364916503,-1.8011339364916503,5.545770925258431
PatchTST__ETTm2__h720__s2021,PatchTST,ETTm2,720,10801,1440,9361,200,2.0,1440,True,False,-1.8610919331952733,-1.8610919331952733,-1.8610919331952733,5.545770925258431
PatchTST__ETTm2__h720__s2021,PatchTST,ETTm2,720,10801,1440,9361,1000,0.0,0,False,False,0.22299289284042956,0.22299289284042956,0.22299289284042956,5.545770925258431
PatchTST__ETTm2__h720__s2021,PatchTST,ETTm2,720,10801,1440,9361,1000,0.125,90,False,False,0.04866604330315828,0.04866604330315828,0.04866604330315828,5.545770925258431
PatchTST__ETTm2__h720__s2021,PatchTST,ETTm2,720,10801,1440,9361,1000,0.25,180,False,False,-0.5403734028563908,-0.5403734028563908,-0.5403734028563908,5.545770925258431
PatchTST__ETTm2__h720__s2021,PatchTST,ETTm2,720,10801,1440,9361,1000,0.5,360,False,False,-0.7102376131039569,-0.7102376131039569,-0.7102376131039569,5.545770925258431
PatchTST__ETTm2__h720__s2021,PatchTST,ETTm2,720,10801,1440,9361,1000,1.0,720,True,False,-1.2328253551359247,-1.2328253551359247,-1.2328253551359247,5.545770925258431
PatchTST__ETTm2__h720__s2021,PatchTST,ETTm2,720,10801,1440,9361,1000,2.0,1440,True,False,-2.8313399709565514,-2.8313399709565514,-2.8313399709565514,5.545770925258431
PatchTST__ETTm2__h720__s2021,PatchTST,ETTm2,720,10801,1440,9361,3000,0.0,0,False,False,-0.20173549936964488,-0.20173549936964488,-0.20173549936964488,5.545770925258431
PatchTST__ETTm2__h720__s2021,PatchTST,ETTm2,720,10801,1440,9361,3000,0.125,90,False,False,-0.5452263603781375,-0.5452263603781375,-0.5452263603781375,5.545770925258431
PatchTST__ETTm2__h720__s2021,PatchTST,ETTm2,720,10801,1440,9361,3000,0.25,180,False,False,-0.6892979074840461,-0.6892979074840461,-0.6892979074840461,5.545770925258431
PatchTST__ETTm2__h720__s2021,PatchTST,ETTm2,720,10801,1440,9361,3000,0.5,360,False,False,-0.5066037873724786,-0.5066037873724786,-0.5066037873724786,5.545770925258431
PatchTST__ETTm2__h720__s2021,PatchTST,ETTm2,720,10801,1440,9361,3000,1.0,720,True,False,-1.2334960549818084,-1.2334960549818084,-1.2334960549818084,5.545770925258431
PatchTST__ETTm2__h720__s2021,PatchTST,ETTm2,720,10801,1440,9361,3000,2.0,1440,True,False,-2.0628964215999464,-2.0628964215999464,-2.0628964215999464,5.545770925258431
PatchTST__ETTm2__h720__s2021,PatchTST,ETTm2,720,10801,1440,9361,1000000000,0.0,0,False,False,-0.004451388597935693,-0.004451388597935693,-0.004451388597935693,5.545770925258431
PatchTST__ETTm2__h720__s2021,PatchTST,ETTm2,720,10801,1440,9361,1000000000,0.125,90,False,False,-0.03254488636410725,-0.03254488636410725,-0.03254488636410725,5.545770925258431
PatchTST__ETTm2__h720__s2021,PatchTST,ETTm2,720,10801,1440,9361,1000000000,0.25,180,False,False,-0.1423107040004648,-0.1423107040004648,-0.1423107040004648,5.545770925258431
PatchTST__ETTm2__h720__s2021,PatchTST,ETTm2,720,10801,1440,9361,1000000000,0.5,360,False,False,-0.3224901673638192,-0.3224901673638192,-0.3224901673638192,5.545770925258431
PatchTST__ETTm2__h720__s2021,PatchTST,ETTm2,720,10801,1440,9361,1000000000,1.0,720,True,False,-0.9798678029858604,-0.9798678029858604,-0.9798678029858604,5.545770925258431
PatchTST__ETTm2__h720__s2021,PatchTST,ETTm2,720,10801,1440,9361,1000000000,2.0,1440,True,False,-2.032059431060882,-2.032059431060882,-2.032059431060882,5.545770925258431
PatchTST__Electricity__h96__s2021,PatchTST,Electricity,96,5165,192,4973,50,0.0,0,False,False,0.027339409905235097,0.027339409905235097,0.027339409905235097,0.18172283859043073
PatchTST__Electricity__h96__s2021,PatchTST,Electricity,96,5165,192,4973,50,0.125,12,False,False,-0.07100101884231487,-0.07100101884231487,-0.07100101884231487,0.18172283859043073
PatchTST__Electricity__h96__s2021,PatchTST,Electricity,96,5165,192,4973,50,0.25,24,False,False,-0.2000352833109542,-0.2000352833109542,-0.2000352833109542,0.18172283859043073
PatchTST__Electricity__h96__s2021,PatchTST,Electricity,96,5165,192,4973,50,0.5,48,False,False,-0.44866656172512975,-0.44866656172512975,-0.44866656172512975,0.18172283859043073
PatchTST__Electricity__h96__s2021,PatchTST,Electricity,96,5165,192,4973,50,1.0,96,True,False,-0.29913856361206326,-0.29913856361206326,-0.29913856361206326,0.18172283859043073
PatchTST__Electricity__h96__s2021,PatchTST,Electricity,96,5165,192,4973,50,2.0,192,True,False,0.0,0.0,0.0,0.18172283859043073
PatchTST__Electricity__h96__s2021,PatchTST,Electricity,96,5165,192,4973,200,0.0,0,False,False,0.0,0.0,0.0,0.18172283859043073
PatchTST__Electricity__h96__s2021,PatchTST,Electricity,96,5165,192,4973,200,0.125,12,False,False,0.0,0.0,0.0,0.18172283859043073
PatchTST__Electricity__h96__s2021,PatchTST,Electricity,96,5165,192,4973,200,0.25,24,False,False,0.0,0.0,0.0,0.18172283859043073
PatchTST__Electricity__h96__s2021,PatchTST,Electricity,96,5165,192,4973,200,0.5,48,False,False,0.0,0.0,0.0,0.18172283859043073
PatchTST__Electricity__h96__s2021,PatchTST,Electricity,96,5165,192,4973,200,1.0,96,True,False,0.0,0.0,0.0,0.18172283859043073
PatchTST__Electricity__h96__s2021,PatchTST,Electricity,96,5165,192,4973,200,2.0,192,True,False,0.0,0.0,0.0,0.18172283859043073
PatchTST__Electricity__h96__s2021,PatchTST,Electricity,96,5165,192,4973,1000,0.0,0,False,False,0.0,0.0,0.0,0.18172283859043073
PatchTST__Electricity__h96__s2021,PatchTST,Electricity,96,5165,192,4973,1000,0.125,12,False,False,0.0,0.0,0.0,0.18172283859043073
PatchTST__Electricity__h96__s2021,PatchTST,Electricity,96,5165,192,4973,1000,0.25,24,False,False,0.0,0.0,0.0,0.18172283859043073
PatchTST__Electricity__h96__s2021,PatchTST,Electricity,96,5165,192,4973,1000,0.5,48,False,False,0.0,0.0,0.0,0.18172283859043073
PatchTST__Electricity__h96__s2021,PatchTST,Electricity,96,5165,192,4973,1000,1.0,96,True,False,0.0,0.0,0.0,0.18172283859043073
PatchTST__Electricity__h96__s2021,PatchTST,Electricity,96,5165,192,4973,1000,2.0,192,True,False,0.0,0.0,0.0,0.18172283859043073
PatchTST__Electricity__h96__s2021,PatchTST,Electricity,96,5165,192,4973,3000,0.0,0,False,False,0.0,0.0,0.0,0.18172283859043073
PatchTST__Electricity__h96__s2021,PatchTST,Electricity,96,5165,192,4973,3000,0.125,12,False,False,0.0,0.0,0.0,0.18172283859043073
PatchTST__Electricity__h96__s2021,PatchTST,Electricity,96,5165,192,4973,3000,0.25,24,False,False,0.0,0.0,0.0,0.18172283859043073
PatchTST__Electricity__h96__s2021,PatchTST,Electricity,96,5165,192,4973,3000,0.5,48,False,False,0.0,0.0,0.0,0.18172283859043073
PatchTST__Electricity__h96__s2021,PatchTST,Electricity,96,5165,192,4973,3000,1.0,96,True,False,0.0,0.0,0.0,0.18172283859043073
PatchTST__Electricity__h96__s2021,PatchTST,Electricity,96,5165,192,4973,3000,2.0,192,True,False,0.0,0.0,0.0,0.18172283859043073
PatchTST__Electricity__h96__s2021,PatchTST,Electricity,96,5165,192,4973,1000000000,0.0,0,False,False,0.0,0.0,0.0,0.18172283859043073
PatchTST__Electricity__h96__s2021,PatchTST,Electricity,96,5165,192,4973,1000000000,0.125,12,False,False,0.0,0.0,0.0,0.18172283859043073
PatchTST__Electricity__h96__s2021,PatchTST,Electricity,96,5165,192,4973,1000000000,0.25,24,False,False,0.0,0.0,0.0,0.18172283859043073
PatchTST__Electricity__h96__s2021,PatchTST,Electricity,96,5165,192,4973,1000000000,0.5,48,False,False,0.0,0.0,0.0,0.18172283859043073
PatchTST__Electricity__h96__s2021,PatchTST,Electricity,96,5165,192,4973,1000000000,1.0,96,True,False,0.0,0.0,0.0,0.18172283859043073
PatchTST__Electricity__h96__s2021,PatchTST,Electricity,96,5165,192,4973,1000000000,2.0,192,True,False,0.0,0.0,0.0,0.18172283859043073
PatchTST__Electricity__h192__s2021,PatchTST,Electricity,192,5069,384,4685,50,0.0,0,False,False,-0.04049598875917055,-0.04049598875917055,-0.04049598875917055,0.11370814436929605
PatchTST__Electricity__h192__s2021,PatchTST,Electricity,192,5069,384,4685,50,0.125,24,False,False,-0.23626718184876289,-0.23626718184876289,-0.23626718184876289,0.11370814436929605
PatchTST__Electricity__h192__s2021,PatchTST,Electricity,192,5069,384,4685,50,0.25,48,False,False,-0.18493019451411974,-0.18493019451411974,-0.18493019451411974,0.11370814436929605
PatchTST__Electricity__h192__s2021,PatchTST,Electricity,192,5069,384,4685,50,0.5,96,False,False,-0.1740101201932284,-0.1740101201932284,-0.1740101201932284,0.11370814436929605
PatchTST__Electricity__h192__s2021,PatchTST,Electricity,192,5069,384,4685,50,1.0,192,True,False,-0.25685622206476966,-0.25685622206476966,-0.25685622206476966,0.11370814436929605
PatchTST__Electricity__h192__s2021,PatchTST,Electricity,192,5069,384,4685,50,2.0,384,True,False,-0.1576018152448734,-0.1576018152448734,-0.1576018152448734,0.11370814436929605
PatchTST__Electricity__h192__s2021,PatchTST,Electricity,192,5069,384,4685,200,0.0,0,False,False,0.0,0.0,0.0,0.11370814436929605
PatchTST__Electricity__h192__s2021,PatchTST,Electricity,192,5069,384,4685,200,0.125,24,False,False,0.0,0.0,0.0,0.11370814436929605
PatchTST__Electricity__h192__s2021,PatchTST,Electricity,192,5069,384,4685,200,0.25,48,False,False,0.0,0.0,0.0,0.11370814436929605
PatchTST__Electricity__h192__s2021,PatchTST,Electricity,192,5069,384,4685,200,0.5,96,False,False,0.0,0.0,0.0,0.11370814436929605
PatchTST__Electricity__h192__s2021,PatchTST,Electricity,192,5069,384,4685,200,1.0,192,True,False,0.0,0.0,0.0,0.11370814436929605
PatchTST__Electricity__h192__s2021,PatchTST,Electricity,192,5069,384,4685,200,2.0,384,True,False,0.0,0.0,0.0,0.11370814436929605
PatchTST__Electricity__h192__s2021,PatchTST,Electricity,192,5069,384,4685,1000,0.0,0,False,False,0.0,0.0,0.0,0.11370814436929605
PatchTST__Electricity__h192__s2021,PatchTST,Electricity,192,5069,384,4685,1000,0.125,24,False,False,0.0,0.0,0.0,0.11370814436929605
PatchTST__Electricity__h192__s2021,PatchTST,Electricity,192,5069,384,4685,1000,0.25,48,False,False,0.0,0.0,0.0,0.11370814436929605
PatchTST__Electricity__h192__s2021,PatchTST,Electricity,192,5069,384,4685,1000,0.5,96,False,False,0.0,0.0,0.0,0.11370814436929605
PatchTST__Electricity__h192__s2021,PatchTST,Electricity,192,5069,384,4685,1000,1.0,192,True,False,0.0,0.0,0.0,0.11370814436929605
PatchTST__Electricity__h192__s2021,PatchTST,Electricity,192,5069,384,4685,1000,2.0,384,True,False,0.0,0.0,0.0,0.11370814436929605
PatchTST__Electricity__h192__s2021,PatchTST,Electricity,192,5069,384,4685,3000,0.0,0,False,False,0.0,0.0,0.0,0.11370814436929605
PatchTST__Electricity__h192__s2021,PatchTST,Electricity,192,5069,384,4685,3000,0.125,24,False,False,0.0,0.0,0.0,0.11370814436929605
PatchTST__Electricity__h192__s2021,PatchTST,Electricity,192,5069,384,4685,3000,0.25,48,False,False,0.0,0.0,0.0,0.11370814436929605
PatchTST__Electricity__h192__s2021,PatchTST,Electricity,192,5069,384,4685,3000,0.5,96,False,False,0.0,0.0,0.0,0.11370814436929605
PatchTST__Electricity__h192__s2021,PatchTST,Electricity,192,5069,384,4685,3000,1.0,192,True,False,0.0,0.0,0.0,0.11370814436929605
PatchTST__Electricity__h192__s2021,PatchTST,Electricity,192,5069,384,4685,3000,2.0,384,True,False,0.0,0.0,0.0,0.11370814436929605
PatchTST__Electricity__h192__s2021,PatchTST,Electricity,192,5069,384,4685,1000000000,0.0,0,False,False,0.0,0.0,0.0,0.11370814436929605
PatchTST__Electricity__h192__s2021,PatchTST,Electricity,192,5069,384,4685,1000000000,0.125,24,False,False,0.0,0.0,0.0,0.11370814436929605
PatchTST__Electricity__h192__s2021,PatchTST,Electricity,192,5069,384,4685,1000000000,0.25,48,False,False,0.0,0.0,0.0,0.11370814436929605
PatchTST__Electricity__h192__s2021,PatchTST,Electricity,192,5069,384,4685,1000000000,0.5,96,False,False,0.0,0.0,0.0,0.11370814436929605
PatchTST__Electricity__h192__s2021,PatchTST,Electricity,192,5069,384,4685,1000000000,1.0,192,True,False,0.0,0.0,0.0,0.11370814436929605
PatchTST__Electricity__h192__s2021,PatchTST,Electricity,192,5069,384,4685,1000000000,2.0,384,True,False,0.0,0.0,0.0,0.11370814436929605
PatchTST__Electricity__h336__s2021,PatchTST,Electricity,336,4925,672,4253,50,0.0,0,False,False,-0.0112323802450036,-0.0112323802450036,-0.0112323802450036,0.06418032785483677
PatchTST__Electricity__h336__s2021,PatchTST,Electricity,336,4925,672,4253,50,0.125,42,False,False,-0.056721893226703235,-0.056721893226703235,-0.056721893226703235,0.06418032785483677
PatchTST__Electricity__h336__s2021,PatchTST,Electricity,336,4925,672,4253,50,0.25,84,False,False,-0.1022967841586239,-0.1022967841586239,-0.1022967841586239,0.06418032785483677
PatchTST__Electricity__h336__s2021,PatchTST,Electricity,336,4925,672,4253,50,0.5,168,False,False,-0.06467702678400687,-0.06467702678400687,-0.06467702678400687,0.06418032785483677
PatchTST__Electricity__h336__s2021,PatchTST,Electricity,336,4925,672,4253,50,1.0,336,True,False,-0.02207618288671896,-0.02207618288671896,-0.02207618288671896,0.06418032785483677
PatchTST__Electricity__h336__s2021,PatchTST,Electricity,336,4925,672,4253,50,2.0,672,True,False,-0.05803921158451334,-0.05803921158451334,-0.05803921158451334,0.06418032785483677
PatchTST__Electricity__h336__s2021,PatchTST,Electricity,336,4925,672,4253,200,0.0,0,False,False,0.0,0.0,0.0,0.06418032785483677
PatchTST__Electricity__h336__s2021,PatchTST,Electricity,336,4925,672,4253,200,0.125,42,False,False,0.0,0.0,0.0,0.06418032785483677
PatchTST__Electricity__h336__s2021,PatchTST,Electricity,336,4925,672,4253,200,0.25,84,False,False,0.0,0.0,0.0,0.06418032785483677
PatchTST__Electricity__h336__s2021,PatchTST,Electricity,336,4925,672,4253,200,0.5,168,False,False,0.0,0.0,0.0,0.06418032785483677
PatchTST__Electricity__h336__s2021,PatchTST,Electricity,336,4925,672,4253,200,1.0,336,True,False,0.0,0.0,0.0,0.06418032785483677
PatchTST__Electricity__h336__s2021,PatchTST,Electricity,336,4925,672,4253,200,2.0,672,True,False,0.0,0.0,0.0,0.06418032785483677
PatchTST__Electricity__h336__s2021,PatchTST,Electricity,336,4925,672,4253,1000,0.0,0,False,False,0.0,0.0,0.0,0.06418032785483677
PatchTST__Electricity__h336__s2021,PatchTST,Electricity,336,4925,672,4253,1000,0.125,42,False,False,0.0,0.0,0.0,0.06418032785483677
PatchTST__Electricity__h336__s2021,PatchTST,Electricity,336,4925,672,4253,1000,0.25,84,False,False,0.0,0.0,0.0,0.06418032785483677
PatchTST__Electricity__h336__s2021,PatchTST,Electricity,336,4925,672,4253,1000,0.5,168,False,False,0.0,0.0,0.0,0.06418032785483677
PatchTST__Electricity__h336__s2021,PatchTST,Electricity,336,4925,672,4253,1000,1.0,336,True,False,0.0,0.0,0.0,0.06418032785483677
PatchTST__Electricity__h336__s2021,PatchTST,Electricity,336,4925,672,4253,1000,2.0,672,True,False,0.0,0.0,0.0,0.06418032785483677
PatchTST__Electricity__h336__s2021,PatchTST,Electricity,336,4925,672,4253,3000,0.0,0,False,False,0.0,0.0,0.0,0.06418032785483677
PatchTST__Electricity__h336__s2021,PatchTST,Electricity,336,4925,672,4253,3000,0.125,42,False,False,0.0,0.0,0.0,0.06418032785483677
PatchTST__Electricity__h336__s2021,PatchTST,Electricity,336,4925,672,4253,3000,0.25,84,False,False,0.0,0.0,0.0,0.06418032785483677
PatchTST__Electricity__h336__s2021,PatchTST,Electricity,336,4925,672,4253,3000,0.5,168,False,False,0.0,0.0,0.0,0.06418032785483677
PatchTST__Electricity__h336__s2021,PatchTST,Electricity,336,4925,672,4253,3000,1.0,336,True,False,0.0,0.0,0.0,0.06418032785483677
PatchTST__Electricity__h336__s2021,PatchTST,Electricity,336,4925,672,4253,3000,2.0,672,True,False,0.0,0.0,0.0,0.06418032785483677
PatchTST__Electricity__h336__s2021,PatchTST,Electricity,336,4925,672,4253,1000000000,0.0,0,False,False,0.0,0.0,0.0,0.06418032785483677
PatchTST__Electricity__h336__s2021,PatchTST,Electricity,336,4925,672,4253,1000000000,0.125,42,False,False,0.0,0.0,0.0,0.06418032785483677
PatchTST__Electricity__h336__s2021,PatchTST,Electricity,336,4925,672,4253,1000000000,0.25,84,False,False,0.0,0.0,0.0,0.06418032785483677
PatchTST__Electricity__h336__s2021,PatchTST,Electricity,336,4925,672,4253,1000000000,0.5,168,False,False,0.0,0.0,0.0,0.06418032785483677
PatchTST__Electricity__h336__s2021,PatchTST,Electricity,336,4925,672,4253,1000000000,1.0,336,True,False,0.0,0.0,0.0,0.06418032785483677
PatchTST__Electricity__h336__s2021,PatchTST,Electricity,336,4925,672,4253,1000000000,2.0,672,True,False,0.0,0.0,0.0,0.06418032785483677
PatchTST__Electricity__h720__s2021,PatchTST,Electricity,720,4541,1440,3101,50,0.0,0,False,False,0.0,0.0,0.0,0.02705397327259242
PatchTST__Electricity__h720__s2021,PatchTST,Electricity,720,4541,1440,3101,50,0.125,90,False,False,0.0,0.0,0.0,0.02705397327259242
PatchTST__Electricity__h720__s2021,PatchTST,Electricity,720,4541,1440,3101,50,0.25,180,False,False,0.0,0.0,0.0,0.02705397327259242
PatchTST__Electricity__h720__s2021,PatchTST,Electricity,720,4541,1440,3101,50,0.5,360,False,False,-0.08033460897500445,-0.08033460897500445,-0.08033460897500445,0.02705397327259242
PatchTST__Electricity__h720__s2021,PatchTST,Electricity,720,4541,1440,3101,50,1.0,720,True,False,-0.04963721554735222,-0.04963721554735222,-0.04963721554735222,0.02705397327259242
PatchTST__Electricity__h720__s2021,PatchTST,Electricity,720,4541,1440,3101,50,2.0,1440,True,False,-0.18830855810564456,-0.18830855810564456,-0.18830855810564456,0.02705397327259242
PatchTST__Electricity__h720__s2021,PatchTST,Electricity,720,4541,1440,3101,200,0.0,0,False,False,0.0,0.0,0.0,0.02705397327259242
PatchTST__Electricity__h720__s2021,PatchTST,Electricity,720,4541,1440,3101,200,0.125,90,False,False,0.0,0.0,0.0,0.02705397327259242
PatchTST__Electricity__h720__s2021,PatchTST,Electricity,720,4541,1440,3101,200,0.25,180,False,False,0.0,0.0,0.0,0.02705397327259242
PatchTST__Electricity__h720__s2021,PatchTST,Electricity,720,4541,1440,3101,200,0.5,360,False,False,0.0,0.0,0.0,0.02705397327259242
PatchTST__Electricity__h720__s2021,PatchTST,Electricity,720,4541,1440,3101,200,1.0,720,True,False,0.0,0.0,0.0,0.02705397327259242
PatchTST__Electricity__h720__s2021,PatchTST,Electricity,720,4541,1440,3101,200,2.0,1440,True,False,0.0,0.0,0.0,0.02705397327259242
PatchTST__Electricity__h720__s2021,PatchTST,Electricity,720,4541,1440,3101,1000,0.0,0,False,False,0.0,0.0,0.0,0.02705397327259242
PatchTST__Electricity__h720__s2021,PatchTST,Electricity,720,4541,1440,3101,1000,0.125,90,False,False,0.0,0.0,0.0,0.02705397327259242
PatchTST__Electricity__h720__s2021,PatchTST,Electricity,720,4541,1440,3101,1000,0.25,180,False,False,0.0,0.0,0.0,0.02705397327259242
PatchTST__Electricity__h720__s2021,PatchTST,Electricity,720,4541,1440,3101,1000,0.5,360,False,False,0.0,0.0,0.0,0.02705397327259242
PatchTST__Electricity__h720__s2021,PatchTST,Electricity,720,4541,1440,3101,1000,1.0,720,True,False,0.0,0.0,0.0,0.02705397327259242
PatchTST__Electricity__h720__s2021,PatchTST,Electricity,720,4541,1440,3101,1000,2.0,1440,True,False,0.0,0.0,0.0,0.02705397327259242
PatchTST__Electricity__h720__s2021,PatchTST,Electricity,720,4541,1440,3101,3000,0.0,0,False,False,0.0,0.0,0.0,0.02705397327259242
PatchTST__Electricity__h720__s2021,PatchTST,Electricity,720,4541,1440,3101,3000,0.125,90,False,False,0.0,0.0,0.0,0.02705397327259242
PatchTST__Electricity__h720__s2021,PatchTST,Electricity,720,4541,1440,3101,3000,0.25,180,False,False,0.0,0.0,0.0,0.02705397327259242
PatchTST__Electricity__h720__s2021,PatchTST,Electricity,720,4541,1440,3101,3000,0.5,360,False,False,0.0,0.0,0.0,0.02705397327259242
PatchTST__Electricity__h720__s2021,PatchTST,Electricity,720,4541,1440,3101,3000,1.0,720,True,False,0.0,0.0,0.0,0.02705397327259242
PatchTST__Electricity__h720__s2021,PatchTST,Electricity,720,4541,1440,3101,3000,2.0,1440,True,False,0.0,0.0,0.0,0.02705397327259242
PatchTST__Electricity__h720__s2021,PatchTST,Electricity,720,4541,1440,3101,1000000000,0.0,0,False,False,0.0,0.0,0.0,0.02705397327259242
PatchTST__Electricity__h720__s2021,PatchTST,Electricity,720,4541,1440,3101,1000000000,0.125,90,False,False,0.0,0.0,0.0,0.02705397327259242
PatchTST__Electricity__h720__s2021,PatchTST,Electricity,720,4541,1440,3101,1000000000,0.25,180,False,False,0.0,0.0,0.0,0.02705397327259242
PatchTST__Electricity__h720__s2021,PatchTST,Electricity,720,4541,1440,3101,1000000000,0.5,360,False,False,0.0,0.0,0.0,0.02705397327259242
PatchTST__Electricity__h720__s2021,PatchTST,Electricity,720,4541,1440,3101,1000000000,1.0,720,True,False,0.0,0.0,0.0,0.02705397327259242
PatchTST__Electricity__h720__s2021,PatchTST,Electricity,720,4541,1440,3101,1000000000,2.0,1440,True,False,0.0,0.0,0.0,0.02705397327259242
PatchTST__Exchange__h96__s2021,PatchTST,Exchange,96,1422,192,1230,50,0.0,0,False,False,4.386987247449061,7.518699293694436,4.386987247449061,13.001007844607566
PatchTST__Exchange__h96__s2021,PatchTST,Exchange,96,1422,192,1230,50,0.125,12,False,False,-1.8982083538027943,1.439369214412797,-1.8982083538027943,13.001007844607566
PatchTST__Exchange__h96__s2021,PatchTST,Exchange,96,1422,192,1230,50,0.25,24,False,False,-6.865939090099819,-3.365648291315624,-6.865939090099819,13.001007844607566
PatchTST__Exchange__h96__s2021,PatchTST,Exchange,96,1422,192,1230,50,0.5,48,False,False,-12.144528446415915,-8.471342542682558,-12.144528446415915,13.001007844607566
PatchTST__Exchange__h96__s2021,PatchTST,Exchange,96,1422,192,1230,50,1.0,96,True,False,-9.025571563616838,-5.454544085398852,-9.025571563616838,13.001007844607566
PatchTST__Exchange__h96__s2021,PatchTST,Exchange,96,1422,192,1230,50,2.0,192,True,False,-2.495985443852638,0.8611717365933883,-2.495985443852638,13.001007844607566
PatchTST__Exchange__h96__s2021,PatchTST,Exchange,96,1422,192,1230,200,0.0,0,False,False,-0.8154973553726522,2.4866170579985103,-0.8154973553726522,13.001007844607566
PatchTST__Exchange__h96__s2021,PatchTST,Exchange,96,1422,192,1230,200,0.125,12,False,False,-5.243775908256197,-1.7966175004646672,-5.243775908256197,13.001007844607566
PatchTST__Exchange__h96__s2021,PatchTST,Exchange,96,1422,192,1230,200,0.25,24,False,False,-6.513425528242836,-3.024680971296971,-6.513425528242836,13.001007844607566
PatchTST__Exchange__h96__s2021,PatchTST,Exchange,96,1422,192,1230,200,0.5,48,False,False,-7.046182141894291,-3.539987655732126,-7.046182141894291,13.001007844607566
PatchTST__Exchange__h96__s2021,PatchTST,Exchange,96,1422,192,1230,200,1.0,96,True,False,-1.78817047646785,1.5458029071700103,-1.78817047646785,13.001007844607566
PatchTST__Exchange__h96__s2021,PatchTST,Exchange,96,1422,192,1230,200,2.0,192,True,False,-4.023379106262437,-0.6161936190595989,-4.023379106262437,13.001007844607566
PatchTST__Exchange__h96__s2021,PatchTST,Exchange,96,1422,192,1230,1000,0.0,0,False,False,0.0,3.2754035837677558,0.0,13.001007844607566
PatchTST__Exchange__h96__s2021,PatchTST,Exchange,96,1422,192,1230,1000,0.125,12,False,False,0.0,3.2754035837677558,0.0,13.001007844607566
PatchTST__Exchange__h96__s2021,PatchTST,Exchange,96,1422,192,1230,1000,0.25,24,False,False,0.0,3.2754035837677558,0.0,13.001007844607566
PatchTST__Exchange__h96__s2021,PatchTST,Exchange,96,1422,192,1230,1000,0.5,48,False,False,0.0,3.2754035837677558,0.0,13.001007844607566
PatchTST__Exchange__h96__s2021,PatchTST,Exchange,96,1422,192,1230,1000,1.0,96,True,False,0.0,3.2754035837677558,0.0,13.001007844607566
PatchTST__Exchange__h96__s2021,PatchTST,Exchange,96,1422,192,1230,1000,2.0,192,True,False,-0.10521301170323437,3.1736367228204387,-0.10521301170323437,13.001007844607566
PatchTST__Exchange__h96__s2021,PatchTST,Exchange,96,1422,192,1230,3000,0.0,0,False,False,0.0,3.2754035837677558,0.0,13.001007844607566
PatchTST__Exchange__h96__s2021,PatchTST,Exchange,96,1422,192,1230,3000,0.125,12,False,False,0.0,3.2754035837677558,0.0,13.001007844607566
PatchTST__Exchange__h96__s2021,PatchTST,Exchange,96,1422,192,1230,3000,0.25,24,False,False,0.0,3.2754035837677558,0.0,13.001007844607566
PatchTST__Exchange__h96__s2021,PatchTST,Exchange,96,1422,192,1230,3000,0.5,48,False,False,0.0,3.2754035837677558,0.0,13.001007844607566
PatchTST__Exchange__h96__s2021,PatchTST,Exchange,96,1422,192,1230,3000,1.0,96,True,False,0.0,3.2754035837677558,0.0,13.001007844607566
PatchTST__Exchange__h96__s2021,PatchTST,Exchange,96,1422,192,1230,3000,2.0,192,True,False,-0.10521301170323437,3.1736367228204387,-0.10521301170323437,13.001007844607566
PatchTST__Exchange__h96__s2021,PatchTST,Exchange,96,1422,192,1230,1000000000,0.0,0,False,False,0.0,3.2754035837677558,0.0,13.001007844607566
PatchTST__Exchange__h96__s2021,PatchTST,Exchange,96,1422,192,1230,1000000000,0.125,12,False,False,0.0,3.2754035837677558,0.0,13.001007844607566
PatchTST__Exchange__h96__s2021,PatchTST,Exchange,96,1422,192,1230,1000000000,0.25,24,False,False,0.0,3.2754035837677558,0.0,13.001007844607566
PatchTST__Exchange__h96__s2021,PatchTST,Exchange,96,1422,192,1230,1000000000,0.5,48,False,False,0.0,3.2754035837677558,0.0,13.001007844607566
PatchTST__Exchange__h96__s2021,PatchTST,Exchange,96,1422,192,1230,1000000000,1.0,96,True,False,0.0,3.2754035837677558,0.0,13.001007844607566
PatchTST__Exchange__h96__s2021,PatchTST,Exchange,96,1422,192,1230,1000000000,2.0,192,True,False,-0.10521301170323437,3.1736367228204387,-0.10521301170323437,13.001007844607566
PatchTST__Exchange__h192__s2021,PatchTST,Exchange,192,1326,384,942,50,0.0,0,False,False,5.051594048827578,5.482115086434173,5.051594048827578,9.874728679904234
PatchTST__Exchange__h192__s2021,PatchTST,Exchange,192,1326,384,942,50,0.125,24,False,False,-2.436800539632629,-1.9723251520194705,-2.436800539632629,9.874728679904234
PatchTST__Exchange__h192__s2021,PatchTST,Exchange,192,1326,384,942,50,0.25,48,False,False,-7.530449372891548,-7.042878042182451,-7.530449372891548,9.874728679904234
PatchTST__Exchange__h192__s2021,PatchTST,Exchange,192,1326,384,942,50,0.5,96,False,False,-12.650635489685635,-12.139847888859538,-12.650635489685635,9.874728679904234
PatchTST__Exchange__h192__s2021,PatchTST,Exchange,192,1326,384,942,50,1.0,192,True,False,-3.927130759282941,-3.4558978225976023,-3.927130759282941,9.874728679904234
PatchTST__Exchange__h192__s2021,PatchTST,Exchange,192,1326,384,942,50,2.0,384,True,False,-6.229583627528874,-5.747910764149165,-6.229583627528874,9.874728679904234
PatchTST__Exchange__h192__s2021,PatchTST,Exchange,192,1326,384,942,200,0.0,0,False,False,-2.2042819754500336,-1.7408608881435712,-2.2042819754500336,9.874728679904234
PatchTST__Exchange__h192__s2021,PatchTST,Exchange,192,1326,384,942,200,0.125,24,False,False,-5.5624774939365205,-5.083829465170418,-5.5624774939365205,9.874728679904234
PatchTST__Exchange__h192__s2021,PatchTST,Exchange,192,1326,384,942,200,0.25,48,False,False,-7.0798914250370535,-6.594363042529868,-7.0798914250370535,9.874728679904234
PatchTST__Exchange__h192__s2021,PatchTST,Exchange,192,1326,384,942,200,0.5,96,False,False,-6.285822907521827,-5.803895040459494,-6.285822907521827,9.874728679904234
PatchTST__Exchange__h192__s2021,PatchTST,Exchange,192,1326,384,942,200,1.0,192,True,False,-1.837626851788139,-1.3758682752179165,-1.837626851788139,9.874728679904234
PatchTST__Exchange__h192__s2021,PatchTST,Exchange,192,1326,384,942,200,2.0,384,True,False,-2.2379958587467668,-1.7744219038289608,-2.2379958587467668,9.874728679904234
PatchTST__Exchange__h192__s2021,PatchTST,Exchange,192,1326,384,942,1000,0.0,0,False,False,0.033354930480097696,0.48662998370755434,0.033354930480097696,9.874728679904234
PatchTST__Exchange__h192__s2021,PatchTST,Exchange,192,1326,384,942,1000,0.125,24,False,False,-1.4220004135638042,-0.9621263965461995,-1.4220004135638042,9.874728679904234
PatchTST__Exchange__h192__s2021,PatchTST,Exchange,192,1326,384,942,1000,0.25,48,False,False,-2.0790700337614814,-1.616216690320927,-2.0790700337614814,9.874728679904234
PatchTST__Exchange__h192__s2021,PatchTST,Exchange,192,1326,384,942,1000,0.5,96,False,False,-0.4711982817941146,-0.015635451638757354,-0.4711982817941146,9.874728679904234
PatchTST__Exchange__h192__s2021,PatchTST,Exchange,192,1326,384,942,1000,1.0,192,True,False,-0.926170391047033,-0.46854459772135826,-0.926170391047033,9.874728679904234
PatchTST__Exchange__h192__s2021,PatchTST,Exchange,192,1326,384,942,1000,2.0,384,True,False,-0.04340795695150829,0.41021515939102293,-0.04340795695150829,9.874728679904234
PatchTST__Exchange__h192__s2021,PatchTST,Exchange,192,1326,384,942,3000,0.0,0,False,False,0.04960461791874404,0.5028059907907826,0.04960461791874404,9.874728679904234
PatchTST__Exchange__h192__s2021,PatchTST,Exchange,192,1326,384,942,3000,0.125,24,False,False,-1.401586237354665,-0.9418047835795432,-1.401586237354665,9.874728679904234
PatchTST__Exchange__h192__s2021,PatchTST,Exchange,192,1326,384,942,3000,0.25,48,False,False,-2.087723377929777,-1.6248307979515175,-2.087723377929777,9.874728679904234
PatchTST__Exchange__h192__s2021,PatchTST,Exchange,192,1326,384,942,3000,0.5,96,False,False,-0.45946186658015775,-0.0039522524172658415,-0.45946186658015775,9.874728679904234
PatchTST__Exchange__h192__s2021,PatchTST,Exchange,192,1326,384,942,3000,1.0,192,True,False,-0.926170391047033,-0.46854459772135826,-0.926170391047033,9.874728679904234
PatchTST__Exchange__h192__s2021,PatchTST,Exchange,192,1326,384,942,3000,2.0,384,True,False,-0.04340795695150829,0.41021515939102293,-0.04340795695150829,9.874728679904234
PatchTST__Exchange__h192__s2021,PatchTST,Exchange,192,1326,384,942,1000000000,0.0,0,False,False,0.04960461791874404,0.5028059907907826,0.04960461791874404,9.874728679904234
PatchTST__Exchange__h192__s2021,PatchTST,Exchange,192,1326,384,942,1000000000,0.125,24,False,False,-1.401586237354665,-0.9418047835795432,-1.401586237354665,9.874728679904234
PatchTST__Exchange__h192__s2021,PatchTST,Exchange,192,1326,384,942,1000000000,0.25,48,False,False,-2.087723377929777,-1.6248307979515175,-2.087723377929777,9.874728679904234
PatchTST__Exchange__h192__s2021,PatchTST,Exchange,192,1326,384,942,1000000000,0.5,96,False,False,-0.45946186658015775,-0.0039522524172658415,-0.45946186658015775,9.874728679904234
PatchTST__Exchange__h192__s2021,PatchTST,Exchange,192,1326,384,942,1000000000,1.0,192,True,False,-0.926170391047033,-0.46854459772135826,-0.926170391047033,9.874728679904234
PatchTST__Exchange__h192__s2021,PatchTST,Exchange,192,1326,384,942,1000000000,2.0,384,True,False,-0.04340795695150829,0.41021515939102293,-0.04340795695150829,9.874728679904234
PatchTST__Exchange__h336__s2021,PatchTST,Exchange,336,1182,591,591,50,0.0,0,False,False,2.658025140511455,7.78067654759298,2.658025140511455,5.659270983250809
PatchTST__Exchange__h336__s2021,PatchTST,Exchange,336,1182,591,591,50,0.125,42,False,False,-6.922528339050879,-1.2956973544177082,-6.922528339050879,5.659270983250809
PatchTST__Exchange__h336__s2021,PatchTST,Exchange,336,1182,591,591,50,0.25,84,False,False,-9.83020395127528,-4.0503556420213735,-9.83020395127528,5.659270983250809
PatchTST__Exchange__h336__s2021,PatchTST,Exchange,336,1182,591,591,50,0.5,168,False,False,-14.008078168698152,-8.008367942019783,-14.008078168698152,5.659270983250809
PatchTST__Exchange__h336__s2021,PatchTST,Exchange,336,1182,591,591,50,1.0,336,True,False,-0.8022767680014881,4.50247409274489,-0.8022767680014881,5.659270983250809
PatchTST__Exchange__h336__s2021,PatchTST,Exchange,336,1182,591,591,50,2.0,672,True,True,,,,5.659270983250809
PatchTST__Exchange__h336__s2021,PatchTST,Exchange,336,1182,591,591,200,0.0,0,False,False,-1.7487410635149587,3.6058177722818856,-1.7487410635149587,5.659270983250809
PatchTST__Exchange__h336__s2021,PatchTST,Exchange,336,1182,591,591,200,0.125,42,False,False,-6.8245470470262095,-1.2028723580628402,-6.8245470470262095,5.659270983250809
PatchTST__Exchange__h336__s2021,PatchTST,Exchange,336,1182,591,591,200,0.25,84,False,False,-10.382675644442825,-4.573753342181659,-10.382675644442825,5.659270983250809
PatchTST__Exchange__h336__s2021,PatchTST,Exchange,336,1182,591,591,200,0.5,168,False,False,-10.022820524755918,-4.232835708999116,-10.022820524755918,5.659270983250809
PatchTST__Exchange__h336__s2021,PatchTST,Exchange,336,1182,591,591,200,1.0,336,True,False,-0.21687775773596082,5.057066299799679,-0.21687775773596082,5.659270983250809
PatchTST__Exchange__h336__s2021,PatchTST,Exchange,336,1182,591,591,200,2.0,672,True,True,,,,5.659270983250809
PatchTST__Exchange__h336__s2021,PatchTST,Exchange,336,1182,591,591,1000,0.0,0,False,False,0.0,5.262530798739171,0.0,5.659270983250809
PatchTST__Exchange__h336__s2021,PatchTST,Exchange,336,1182,591,591,1000,0.125,42,False,False,0.0,5.262530798739171,0.0,5.659270983250809
PatchTST__Exchange__h336__s2021,PatchTST,Exchange,336,1182,591,591,1000,0.25,84,False,False,0.0,5.262530798739171,0.0,5.659270983250809
PatchTST__Exchange__h336__s2021,PatchTST,Exchange,336,1182,591,591,1000,0.5,168,False,False,0.0,5.262530798739171,0.0,5.659270983250809
PatchTST__Exchange__h336__s2021,PatchTST,Exchange,336,1182,591,591,1000,1.0,336,True,False,0.0,5.262530798739171,0.0,5.659270983250809
PatchTST__Exchange__h336__s2021,PatchTST,Exchange,336,1182,591,591,1000,2.0,672,True,True,,,,5.659270983250809
PatchTST__Exchange__h336__s2021,PatchTST,Exchange,336,1182,591,591,3000,0.0,0,False,False,0.0,5.262530798739171,0.0,5.659270983250809
PatchTST__Exchange__h336__s2021,PatchTST,Exchange,336,1182,591,591,3000,0.125,42,False,False,0.0,5.262530798739171,0.0,5.659270983250809
PatchTST__Exchange__h336__s2021,PatchTST,Exchange,336,1182,591,591,3000,0.25,84,False,False,0.0,5.262530798739171,0.0,5.659270983250809
PatchTST__Exchange__h336__s2021,PatchTST,Exchange,336,1182,591,591,3000,0.5,168,False,False,0.0,5.262530798739171,0.0,5.659270983250809
PatchTST__Exchange__h336__s2021,PatchTST,Exchange,336,1182,591,591,3000,1.0,336,True,False,0.0,5.262530798739171,0.0,5.659270983250809
PatchTST__Exchange__h336__s2021,PatchTST,Exchange,336,1182,591,591,3000,2.0,672,True,True,,,,5.659270983250809
PatchTST__Exchange__h336__s2021,PatchTST,Exchange,336,1182,591,591,1000000000,0.0,0,False,False,0.0,5.262530798739171,0.0,5.659270983250809
PatchTST__Exchange__h336__s2021,PatchTST,Exchange,336,1182,591,591,1000000000,0.125,42,False,False,0.0,5.262530798739171,0.0,5.659270983250809
PatchTST__Exchange__h336__s2021,PatchTST,Exchange,336,1182,591,591,1000000000,0.25,84,False,False,0.0,5.262530798739171,0.0,5.659270983250809
PatchTST__Exchange__h336__s2021,PatchTST,Exchange,336,1182,591,591,1000000000,0.5,168,False,False,0.0,5.262530798739171,0.0,5.659270983250809
PatchTST__Exchange__h336__s2021,PatchTST,Exchange,336,1182,591,591,1000000000,1.0,336,True,False,0.0,5.262530798739171,0.0,5.659270983250809
PatchTST__Exchange__h336__s2021,PatchTST,Exchange,336,1182,591,591,1000000000,2.0,672,True,True,,,,5.659270983250809
PatchTST__Exchange__h720__s2021,PatchTST,Exchange,720,798,399,399,50,0.0,0,False,False,3.6812352900058936,7.218380249466539,3.6812352900058936,5.878931377001146
PatchTST__Exchange__h720__s2021,PatchTST,Exchange,720,798,399,399,50,0.125,90,False,False,-7.373241193651844,-3.4301391406655894,-7.373241193651844,5.878931377001146
PatchTST__Exchange__h720__s2021,PatchTST,Exchange,720,798,399,399,50,0.25,180,False,False,-6.218131404876537,-2.3174488199896937,-6.218131404876537,5.878931377001146
PatchTST__Exchange__h720__s2021,PatchTST,Exchange,720,798,399,399,50,0.5,360,False,False,-8.179250767168845,-4.206549365511262,-8.179250767168845,5.878931377001146
PatchTST__Exchange__h720__s2021,PatchTST,Exchange,720,798,399,399,50,1.0,720,True,True,,,,5.878931377001146
PatchTST__Exchange__h720__s2021,PatchTST,Exchange,720,798,399,399,50,2.0,1440,True,True,,,,5.878931377001146
PatchTST__Exchange__h720__s2021,PatchTST,Exchange,720,798,399,399,200,0.0,0,False,False,-0.11419140372769905,3.562334230299978,-0.11419140372769905,5.878931377001146
PatchTST__Exchange__h720__s2021,PatchTST,Exchange,720,798,399,399,200,0.125,90,False,False,-8.102240338618579,-4.132367015684728,-8.102240338618579,5.878931377001146
PatchTST__Exchange__h720__s2021,PatchTST,Exchange,720,798,399,399,200,0.25,180,False,False,-7.325621710707753,-3.3842684033016037,-7.325621710707753,5.878931377001146
PatchTST__Exchange__h720__s2021,PatchTST,Exchange,720,798,399,399,200,0.5,360,False,False,0.0,3.672332146400159,0.0,5.878931377001146
PatchTST__Exchange__h720__s2021,PatchTST,Exchange,720,798,399,399,200,1.0,720,True,True,,,,5.878931377001146
PatchTST__Exchange__h720__s2021,PatchTST,Exchange,720,798,399,399,200,2.0,1440,True,True,,,,5.878931377001146
PatchTST__Exchange__h720__s2021,PatchTST,Exchange,720,798,399,399,1000,0.0,0,False,False,0.0,3.672332146400159,0.0,5.878931377001146
PatchTST__Exchange__h720__s2021,PatchTST,Exchange,720,798,399,399,1000,0.125,90,False,False,0.0,3.672332146400159,0.0,5.878931377001146
PatchTST__Exchange__h720__s2021,PatchTST,Exchange,720,798,399,399,1000,0.25,180,False,False,0.0,3.672332146400159,0.0,5.878931377001146
PatchTST__Exchange__h720__s2021,PatchTST,Exchange,720,798,399,399,1000,0.5,360,False,False,0.0,3.672332146400159,0.0,5.878931377001146
PatchTST__Exchange__h720__s2021,PatchTST,Exchange,720,798,399,399,1000,1.0,720,True,True,,,,5.878931377001146
PatchTST__Exchange__h720__s2021,PatchTST,Exchange,720,798,399,399,1000,2.0,1440,True,True,,,,5.878931377001146
PatchTST__Exchange__h720__s2021,PatchTST,Exchange,720,798,399,399,3000,0.0,0,False,False,0.0,3.672332146400159,0.0,5.878931377001146
PatchTST__Exchange__h720__s2021,PatchTST,Exchange,720,798,399,399,3000,0.125,90,False,False,0.0,3.672332146400159,0.0,5.878931377001146
PatchTST__Exchange__h720__s2021,PatchTST,Exchange,720,798,399,399,3000,0.25,180,False,False,0.0,3.672332146400159,0.0,5.878931377001146
PatchTST__Exchange__h720__s2021,PatchTST,Exchange,720,798,399,399,3000,0.5,360,False,False,0.0,3.672332146400159,0.0,5.878931377001146
PatchTST__Exchange__h720__s2021,PatchTST,Exchange,720,798,399,399,3000,1.0,720,True,True,,,,5.878931377001146
PatchTST__Exchange__h720__s2021,PatchTST,Exchange,720,798,399,399,3000,2.0,1440,True,True,,,,5.878931377001146
PatchTST__Exchange__h720__s2021,PatchTST,Exchange,720,798,399,399,1000000000,0.0,0,False,False,0.0,3.672332146400159,0.0,5.878931377001146
PatchTST__Exchange__h720__s2021,PatchTST,Exchange,720,798,399,399,1000000000,0.125,90,False,False,0.0,3.672332146400159,0.0,5.878931377001146
PatchTST__Exchange__h720__s2021,PatchTST,Exchange,720,798,399,399,1000000000,0.25,180,False,False,0.0,3.672332146400159,0.0,5.878931377001146
PatchTST__Exchange__h720__s2021,PatchTST,Exchange,720,798,399,399,1000000000,0.5,360,False,False,0.0,3.672332146400159,0.0,5.878931377001146
PatchTST__Exchange__h720__s2021,PatchTST,Exchange,720,798,399,399,1000000000,1.0,720,True,True,,,,5.878931377001146
PatchTST__Exchange__h720__s2021,PatchTST,Exchange,720,798,399,399,1000000000,2.0,1440,True,True,,,,5.878931377001146
PatchTST__ILI__h24__s2021,PatchTST,ILI,24,170,48,122,50,0.0,0,False,False,3.342022088575017,3.342022088575017,3.342022088575017,13.630991314675573
PatchTST__ILI__h24__s2021,PatchTST,ILI,24,170,48,122,50,0.125,3,False,False,0.40610602322373524,0.40610602322373524,0.40610602322373524,13.630991314675573
PatchTST__ILI__h24__s2021,PatchTST,ILI,24,170,48,122,50,0.25,6,False,False,-0.05171335478084078,-0.05171335478084078,-0.05171335478084078,13.630991314675573
PatchTST__ILI__h24__s2021,PatchTST,ILI,24,170,48,122,50,0.5,12,False,False,-0.02111616856778941,-0.02111616856778941,-0.02111616856778941,13.630991314675573
PatchTST__ILI__h24__s2021,PatchTST,ILI,24,170,48,122,50,1.0,24,True,False,-0.009860262514638733,-0.009860262514638733,-0.009860262514638733,13.630991314675573
PatchTST__ILI__h24__s2021,PatchTST,ILI,24,170,48,122,50,2.0,48,True,False,-0.3936903717074877,-0.3936903717074877,-0.3936903717074877,13.630991314675573
PatchTST__ILI__h24__s2021,PatchTST,ILI,24,170,48,122,200,0.0,0,False,False,0.0,0.0,0.0,13.630991314675573
PatchTST__ILI__h24__s2021,PatchTST,ILI,24,170,48,122,200,0.125,3,False,False,0.0,0.0,0.0,13.630991314675573
PatchTST__ILI__h24__s2021,PatchTST,ILI,24,170,48,122,200,0.25,6,False,False,0.0,0.0,0.0,13.630991314675573
PatchTST__ILI__h24__s2021,PatchTST,ILI,24,170,48,122,200,0.5,12,False,False,0.0,0.0,0.0,13.630991314675573
PatchTST__ILI__h24__s2021,PatchTST,ILI,24,170,48,122,200,1.0,24,True,False,0.0,0.0,0.0,13.630991314675573
PatchTST__ILI__h24__s2021,PatchTST,ILI,24,170,48,122,200,2.0,48,True,False,0.14856190935231853,0.14856190935231853,0.14856190935231853,13.630991314675573
PatchTST__ILI__h24__s2021,PatchTST,ILI,24,170,48,122,1000,0.0,0,False,False,0.0,0.0,0.0,13.630991314675573
PatchTST__ILI__h24__s2021,PatchTST,ILI,24,170,48,122,1000,0.125,3,False,False,0.0,0.0,0.0,13.630991314675573
PatchTST__ILI__h24__s2021,PatchTST,ILI,24,170,48,122,1000,0.25,6,False,False,0.0,0.0,0.0,13.630991314675573
PatchTST__ILI__h24__s2021,PatchTST,ILI,24,170,48,122,1000,0.5,12,False,False,0.0,0.0,0.0,13.630991314675573
PatchTST__ILI__h24__s2021,PatchTST,ILI,24,170,48,122,1000,1.0,24,True,False,0.0,0.0,0.0,13.630991314675573
PatchTST__ILI__h24__s2021,PatchTST,ILI,24,170,48,122,1000,2.0,48,True,False,0.14856190935231853,0.14856190935231853,0.14856190935231853,13.630991314675573
PatchTST__ILI__h24__s2021,PatchTST,ILI,24,170,48,122,3000,0.0,0,False,False,0.0,0.0,0.0,13.630991314675573
PatchTST__ILI__h24__s2021,PatchTST,ILI,24,170,48,122,3000,0.125,3,False,False,0.0,0.0,0.0,13.630991314675573
PatchTST__ILI__h24__s2021,PatchTST,ILI,24,170,48,122,3000,0.25,6,False,False,0.0,0.0,0.0,13.630991314675573
PatchTST__ILI__h24__s2021,PatchTST,ILI,24,170,48,122,3000,0.5,12,False,False,0.0,0.0,0.0,13.630991314675573
PatchTST__ILI__h24__s2021,PatchTST,ILI,24,170,48,122,3000,1.0,24,True,False,0.0,0.0,0.0,13.630991314675573
PatchTST__ILI__h24__s2021,PatchTST,ILI,24,170,48,122,3000,2.0,48,True,False,0.14856190935231853,0.14856190935231853,0.14856190935231853,13.630991314675573
PatchTST__ILI__h24__s2021,PatchTST,ILI,24,170,48,122,1000000000,0.0,0,False,False,0.0,0.0,0.0,13.630991314675573
PatchTST__ILI__h24__s2021,PatchTST,ILI,24,170,48,122,1000000000,0.125,3,False,False,0.0,0.0,0.0,13.630991314675573
PatchTST__ILI__h24__s2021,PatchTST,ILI,24,170,48,122,1000000000,0.25,6,False,False,0.0,0.0,0.0,13.630991314675573
PatchTST__ILI__h24__s2021,PatchTST,ILI,24,170,48,122,1000000000,0.5,12,False,False,0.0,0.0,0.0,13.630991314675573
PatchTST__ILI__h24__s2021,PatchTST,ILI,24,170,48,122,1000000000,1.0,24,True,False,0.0,0.0,0.0,13.630991314675573
PatchTST__ILI__h24__s2021,PatchTST,ILI,24,170,48,122,1000000000,2.0,48,True,False,0.14856190935231853,0.14856190935231853,0.14856190935231853,13.630991314675573
PatchTST__ILI__h36__s2021,PatchTST,ILI,36,158,72,86,50,0.0,0,False,False,0.0,0.0,0.0,5.962176171508295
PatchTST__ILI__h36__s2021,PatchTST,ILI,36,158,72,86,50,0.125,4,False,False,0.0,0.0,0.0,5.962176171508295
PatchTST__ILI__h36__s2021,PatchTST,ILI,36,158,72,86,50,0.25,9,False,False,0.0,0.0,0.0,5.962176171508295
PatchTST__ILI__h36__s2021,PatchTST,ILI,36,158,72,86,50,0.5,18,False,False,0.0,0.0,0.0,5.962176171508295
PatchTST__ILI__h36__s2021,PatchTST,ILI,36,158,72,86,50,1.0,36,True,False,0.0,0.0,0.0,5.962176171508295
PatchTST__ILI__h36__s2021,PatchTST,ILI,36,158,72,86,50,2.0,72,True,False,0.0,0.0,0.0,5.962176171508295
PatchTST__ILI__h36__s2021,PatchTST,ILI,36,158,72,86,200,0.0,0,False,False,0.0,0.0,0.0,5.962176171508295
PatchTST__ILI__h36__s2021,PatchTST,ILI,36,158,72,86,200,0.125,4,False,False,0.0,0.0,0.0,5.962176171508295
PatchTST__ILI__h36__s2021,PatchTST,ILI,36,158,72,86,200,0.25,9,False,False,0.0,0.0,0.0,5.962176171508295
PatchTST__ILI__h36__s2021,PatchTST,ILI,36,158,72,86,200,0.5,18,False,False,0.0,0.0,0.0,5.962176171508295
PatchTST__ILI__h36__s2021,PatchTST,ILI,36,158,72,86,200,1.0,36,True,False,0.0,0.0,0.0,5.962176171508295
PatchTST__ILI__h36__s2021,PatchTST,ILI,36,158,72,86,200,2.0,72,True,False,0.0,0.0,0.0,5.962176171508295
PatchTST__ILI__h36__s2021,PatchTST,ILI,36,158,72,86,1000,0.0,0,False,False,0.0,0.0,0.0,5.962176171508295
PatchTST__ILI__h36__s2021,PatchTST,ILI,36,158,72,86,1000,0.125,4,False,False,0.0,0.0,0.0,5.962176171508295
PatchTST__ILI__h36__s2021,PatchTST,ILI,36,158,72,86,1000,0.25,9,False,False,0.0,0.0,0.0,5.962176171508295
PatchTST__ILI__h36__s2021,PatchTST,ILI,36,158,72,86,1000,0.5,18,False,False,0.0,0.0,0.0,5.962176171508295
PatchTST__ILI__h36__s2021,PatchTST,ILI,36,158,72,86,1000,1.0,36,True,False,0.0,0.0,0.0,5.962176171508295
PatchTST__ILI__h36__s2021,PatchTST,ILI,36,158,72,86,1000,2.0,72,True,False,0.0,0.0,0.0,5.962176171508295
PatchTST__ILI__h36__s2021,PatchTST,ILI,36,158,72,86,3000,0.0,0,False,False,0.0,0.0,0.0,5.962176171508295
PatchTST__ILI__h36__s2021,PatchTST,ILI,36,158,72,86,3000,0.125,4,False,False,0.0,0.0,0.0,5.962176171508295
PatchTST__ILI__h36__s2021,PatchTST,ILI,36,158,72,86,3000,0.25,9,False,False,0.0,0.0,0.0,5.962176171508295
PatchTST__ILI__h36__s2021,PatchTST,ILI,36,158,72,86,3000,0.5,18,False,False,0.0,0.0,0.0,5.962176171508295
PatchTST__ILI__h36__s2021,PatchTST,ILI,36,158,72,86,3000,1.0,36,True,False,0.0,0.0,0.0,5.962176171508295
PatchTST__ILI__h36__s2021,PatchTST,ILI,36,158,72,86,3000,2.0,72,True,False,0.0,0.0,0.0,5.962176171508295
PatchTST__ILI__h36__s2021,PatchTST,ILI,36,158,72,86,1000000000,0.0,0,False,False,0.0,0.0,0.0,5.962176171508295
PatchTST__ILI__h36__s2021,PatchTST,ILI,36,158,72,86,1000000000,0.125,4,False,False,0.0,0.0,0.0,5.962176171508295
PatchTST__ILI__h36__s2021,PatchTST,ILI,36,158,72,86,1000000000,0.25,9,False,False,0.0,0.0,0.0,5.962176171508295
PatchTST__ILI__h36__s2021,PatchTST,ILI,36,158,72,86,1000000000,0.5,18,False,False,0.0,0.0,0.0,5.962176171508295
PatchTST__ILI__h36__s2021,PatchTST,ILI,36,158,72,86,1000000000,1.0,36,True,False,0.0,0.0,0.0,5.962176171508295
PatchTST__ILI__h36__s2021,PatchTST,ILI,36,158,72,86,1000000000,2.0,72,True,False,0.0,0.0,0.0,5.962176171508295
PatchTST__ILI__h48__s2021,PatchTST,ILI,48,146,73,73,50,0.0,0,False,False,0.0,0.0,0.0,0.804398430312596
PatchTST__ILI__h48__s2021,PatchTST,ILI,48,146,73,73,50,0.125,6,False,False,0.0,0.0,0.0,0.804398430312596
PatchTST__ILI__h48__s2021,PatchTST,ILI,48,146,73,73,50,0.25,12,False,False,0.0,0.0,0.0,0.804398430312596
PatchTST__ILI__h48__s2021,PatchTST,ILI,48,146,73,73,50,0.5,24,False,False,0.0,0.0,0.0,0.804398430312596
PatchTST__ILI__h48__s2021,PatchTST,ILI,48,146,73,73,50,1.0,48,True,False,0.0,0.0,0.0,0.804398430312596
PatchTST__ILI__h48__s2021,PatchTST,ILI,48,146,73,73,50,2.0,96,True,True,,,,0.804398430312596
PatchTST__ILI__h48__s2021,PatchTST,ILI,48,146,73,73,200,0.0,0,False,False,0.0,0.0,0.0,0.804398430312596
PatchTST__ILI__h48__s2021,PatchTST,ILI,48,146,73,73,200,0.125,6,False,False,0.0,0.0,0.0,0.804398430312596
PatchTST__ILI__h48__s2021,PatchTST,ILI,48,146,73,73,200,0.25,12,False,False,0.0,0.0,0.0,0.804398430312596
PatchTST__ILI__h48__s2021,PatchTST,ILI,48,146,73,73,200,0.5,24,False,False,0.0,0.0,0.0,0.804398430312596
PatchTST__ILI__h48__s2021,PatchTST,ILI,48,146,73,73,200,1.0,48,True,False,0.0,0.0,0.0,0.804398430312596
PatchTST__ILI__h48__s2021,PatchTST,ILI,48,146,73,73,200,2.0,96,True,True,,,,0.804398430312596
PatchTST__ILI__h48__s2021,PatchTST,ILI,48,146,73,73,1000,0.0,0,False,False,0.0,0.0,0.0,0.804398430312596
PatchTST__ILI__h48__s2021,PatchTST,ILI,48,146,73,73,1000,0.125,6,False,False,0.0,0.0,0.0,0.804398430312596
PatchTST__ILI__h48__s2021,PatchTST,ILI,48,146,73,73,1000,0.25,12,False,False,0.0,0.0,0.0,0.804398430312596
PatchTST__ILI__h48__s2021,PatchTST,ILI,48,146,73,73,1000,0.5,24,False,False,0.0,0.0,0.0,0.804398430312596
PatchTST__ILI__h48__s2021,PatchTST,ILI,48,146,73,73,1000,1.0,48,True,False,0.0,0.0,0.0,0.804398430312596
PatchTST__ILI__h48__s2021,PatchTST,ILI,48,146,73,73,1000,2.0,96,True,True,,,,0.804398430312596
PatchTST__ILI__h48__s2021,PatchTST,ILI,48,146,73,73,3000,0.0,0,False,False,0.0,0.0,0.0,0.804398430312596
PatchTST__ILI__h48__s2021,PatchTST,ILI,48,146,73,73,3000,0.125,6,False,False,0.0,0.0,0.0,0.804398430312596
PatchTST__ILI__h48__s2021,PatchTST,ILI,48,146,73,73,3000,0.25,12,False,False,0.0,0.0,0.0,0.804398430312596
PatchTST__ILI__h48__s2021,PatchTST,ILI,48,146,73,73,3000,0.5,24,False,False,0.0,0.0,0.0,0.804398430312596
PatchTST__ILI__h48__s2021,PatchTST,ILI,48,146,73,73,3000,1.0,48,True,False,0.0,0.0,0.0,0.804398430312596
PatchTST__ILI__h48__s2021,PatchTST,ILI,48,146,73,73,3000,2.0,96,True,True,,,,0.804398430312596
PatchTST__ILI__h48__s2021,PatchTST,ILI,48,146,73,73,1000000000,0.0,0,False,False,0.0,0.0,0.0,0.804398430312596
PatchTST__ILI__h48__s2021,PatchTST,ILI,48,146,73,73,1000000000,0.125,6,False,False,0.0,0.0,0.0,0.804398430312596
PatchTST__ILI__h48__s2021,PatchTST,ILI,48,146,73,73,1000000000,0.25,12,False,False,0.0,0.0,0.0,0.804398430312596
PatchTST__ILI__h48__s2021,PatchTST,ILI,48,146,73,73,1000000000,0.5,24,False,False,0.0,0.0,0.0,0.804398430312596
PatchTST__ILI__h48__s2021,PatchTST,ILI,48,146,73,73,1000000000,1.0,48,True,False,0.0,0.0,0.0,0.804398430312596
PatchTST__ILI__h48__s2021,PatchTST,ILI,48,146,73,73,1000000000,2.0,96,True,True,,,,0.804398430312596
PatchTST__ILI__h60__s2021,PatchTST,ILI,60,134,67,67,50,0.0,0,False,False,0.0,0.0,0.0,1.1664166319928853
PatchTST__ILI__h60__s2021,PatchTST,ILI,60,134,67,67,50,0.125,8,False,False,0.0,0.0,0.0,1.1664166319928853
PatchTST__ILI__h60__s2021,PatchTST,ILI,60,134,67,67,50,0.25,15,False,False,0.0,0.0,0.0,1.1664166319928853
PatchTST__ILI__h60__s2021,PatchTST,ILI,60,134,67,67,50,0.5,30,False,False,0.0,0.0,0.0,1.1664166319928853
PatchTST__ILI__h60__s2021,PatchTST,ILI,60,134,67,67,50,1.0,60,True,False,0.0,0.0,0.0,1.1664166319928853
PatchTST__ILI__h60__s2021,PatchTST,ILI,60,134,67,67,50,2.0,120,True,True,,,,1.1664166319928853
PatchTST__ILI__h60__s2021,PatchTST,ILI,60,134,67,67,200,0.0,0,False,False,0.0,0.0,0.0,1.1664166319928853
PatchTST__ILI__h60__s2021,PatchTST,ILI,60,134,67,67,200,0.125,8,False,False,0.0,0.0,0.0,1.1664166319928853
PatchTST__ILI__h60__s2021,PatchTST,ILI,60,134,67,67,200,0.25,15,False,False,0.0,0.0,0.0,1.1664166319928853
PatchTST__ILI__h60__s2021,PatchTST,ILI,60,134,67,67,200,0.5,30,False,False,0.0,0.0,0.0,1.1664166319928853
PatchTST__ILI__h60__s2021,PatchTST,ILI,60,134,67,67,200,1.0,60,True,False,0.0,0.0,0.0,1.1664166319928853
PatchTST__ILI__h60__s2021,PatchTST,ILI,60,134,67,67,200,2.0,120,True,True,,,,1.1664166319928853
PatchTST__ILI__h60__s2021,PatchTST,ILI,60,134,67,67,1000,0.0,0,False,False,0.0,0.0,0.0,1.1664166319928853
PatchTST__ILI__h60__s2021,PatchTST,ILI,60,134,67,67,1000,0.125,8,False,False,0.0,0.0,0.0,1.1664166319928853
PatchTST__ILI__h60__s2021,PatchTST,ILI,60,134,67,67,1000,0.25,15,False,False,0.0,0.0,0.0,1.1664166319928853
PatchTST__ILI__h60__s2021,PatchTST,ILI,60,134,67,67,1000,0.5,30,False,False,0.0,0.0,0.0,1.1664166319928853
PatchTST__ILI__h60__s2021,PatchTST,ILI,60,134,67,67,1000,1.0,60,True,False,0.0,0.0,0.0,1.1664166319928853
PatchTST__ILI__h60__s2021,PatchTST,ILI,60,134,67,67,1000,2.0,120,True,True,,,,1.1664166319928853
PatchTST__ILI__h60__s2021,PatchTST,ILI,60,134,67,67,3000,0.0,0,False,False,0.0,0.0,0.0,1.1664166319928853
PatchTST__ILI__h60__s2021,PatchTST,ILI,60,134,67,67,3000,0.125,8,False,False,0.0,0.0,0.0,1.1664166319928853
PatchTST__ILI__h60__s2021,PatchTST,ILI,60,134,67,67,3000,0.25,15,False,False,0.0,0.0,0.0,1.1664166319928853
PatchTST__ILI__h60__s2021,PatchTST,ILI,60,134,67,67,3000,0.5,30,False,False,0.0,0.0,0.0,1.1664166319928853
PatchTST__ILI__h60__s2021,PatchTST,ILI,60,134,67,67,3000,1.0,60,True,False,0.0,0.0,0.0,1.1664166319928853
PatchTST__ILI__h60__s2021,PatchTST,ILI,60,134,67,67,3000,2.0,120,True,True,,,,1.1664166319928853
PatchTST__ILI__h60__s2021,PatchTST,ILI,60,134,67,67,1000000000,0.0,0,False,False,0.0,0.0,0.0,1.1664166319928853
PatchTST__ILI__h60__s2021,PatchTST,ILI,60,134,67,67,1000000000,0.125,8,False,False,0.0,0.0,0.0,1.1664166319928853
PatchTST__ILI__h60__s2021,PatchTST,ILI,60,134,67,67,1000000000,0.25,15,False,False,0.0,0.0,0.0,1.1664166319928853
PatchTST__ILI__h60__s2021,PatchTST,ILI,60,134,67,67,1000000000,0.5,30,False,False,0.0,0.0,0.0,1.1664166319928853
PatchTST__ILI__h60__s2021,PatchTST,ILI,60,134,67,67,1000000000,1.0,60,True,False,0.0,0.0,0.0,1.1664166319928853
PatchTST__ILI__h60__s2021,PatchTST,ILI,60,134,67,67,1000000000,2.0,120,True,True,,,,1.1664166319928853
PatchTST__Weather__h96__s2021,PatchTST,Weather,96,10444,192,10252,50,0.0,0,False,False,2.3265175294784988,2.323882100375771,2.323882100375771,5.592314537018246
PatchTST__Weather__h96__s2021,PatchTST,Weather,96,10444,192,10252,50,0.125,12,False,False,0.7532315692053461,0.7505536896493146,0.7505536896493146,5.592314537018246
PatchTST__Weather__h96__s2021,PatchTST,Weather,96,10444,192,10252,50,0.25,24,False,False,0.06212781406023611,0.05943128712005033,0.05943128712005033,5.592314537018246
PatchTST__Weather__h96__s2021,PatchTST,Weather,96,10444,192,10252,50,0.5,48,False,False,-0.3791098222768861,-0.38181825470542563,-0.38181825470542563,5.592314537018246
PatchTST__Weather__h96__s2021,PatchTST,Weather,96,10444,192,10252,50,1.0,96,True,False,-0.1091911738914128,-0.11189232336614202,-0.11189232336614202,5.592314537018246
PatchTST__Weather__h96__s2021,PatchTST,Weather,96,10444,192,10252,50,2.0,192,True,False,-0.08684835440793713,-0.08954890102797936,-0.08954890102797936,5.592314537018246
PatchTST__Weather__h96__s2021,PatchTST,Weather,96,10444,192,10252,200,0.0,0,False,False,1.120650477440669,1.117982511593652,1.117982511593652,5.592314537018246
PatchTST__Weather__h96__s2021,PatchTST,Weather,96,10444,192,10252,200,0.125,12,False,False,0.42452047042028,0.42183372157061616,0.42183372157061616,5.592314537018246
PatchTST__Weather__h96__s2021,PatchTST,Weather,96,10444,192,10252,200,0.25,24,False,False,0.15793665934438464,0.15524271752159996,0.15524271752159996,5.592314537018246
PatchTST__Weather__h96__s2021,PatchTST,Weather,96,10444,192,10252,200,0.5,48,False,False,-0.037070114050959585,-0.0397693175528903,-0.0397693175528903,5.592314537018246
PatchTST__Weather__h96__s2021,PatchTST,Weather,96,10444,192,10252,200,1.0,96,True,False,0.26404560012281436,0.2613545213349447,0.2613545213349447,5.592314537018246
PatchTST__Weather__h96__s2021,PatchTST,Weather,96,10444,192,10252,200,2.0,192,True,False,-0.14536231820479417,-0.14806444365052382,-0.14806444365052382,5.592314537018246
PatchTST__Weather__h96__s2021,PatchTST,Weather,96,10444,192,10252,1000,0.0,0,False,False,0.3804398215072915,0.37775188327211506,0.37775188327211506,5.592314537018246
PatchTST__Weather__h96__s2021,PatchTST,Weather,96,10444,192,10252,1000,0.125,12,False,False,0.2640045865825073,0.261313506688009,0.261313506688009,5.592314537018246
PatchTST__Weather__h96__s2021,PatchTST,Weather,96,10444,192,10252,1000,0.25,24,False,False,0.25174058642452585,0.2490491756223736,0.2490491756223736,5.592314537018246
PatchTST__Weather__h96__s2021,PatchTST,Weather,96,10444,192,10252,1000,0.5,48,False,False,0.20648426132790973,0.20379162941811166,0.20379162941811166,5.592314537018246
PatchTST__Weather__h96__s2021,PatchTST,Weather,96,10444,192,10252,1000,1.0,96,True,False,0.07667581531216991,0.07397968090663033,0.07397968090663033,5.592314537018246
PatchTST__Weather__h96__s2021,PatchTST,Weather,96,10444,192,10252,1000,2.0,192,True,False,-0.3061151205618622,-0.3088215834449695,-0.3088215834449695,5.592314537018246
PatchTST__Weather__h96__s2021,PatchTST,Weather,96,10444,192,10252,3000,0.0,0,False,False,0.13385759711924267,0.13116300559441246,0.13116300559441246,5.592314537018246
PatchTST__Weather__h96__s2021,PatchTST,Weather,96,10444,192,10252,3000,0.125,12,False,False,0.006235107663308825,0.003537072624288608,0.003537072624288608,5.592314537018246
PatchTST__Weather__h96__s2021,PatchTST,Weather,96,10444,192,10252,3000,0.25,24,False,False,-0.16497297670381633,-0.16767563128497584,-0.16767563128497584,5.592314537018246
PatchTST__Weather__h96__s2021,PatchTST,Weather,96,10444,192,10252,3000,0.5,48,False,False,-0.28865415628852453,-0.29136014803932203,-0.29136014803932203,5.592314537018246
PatchTST__Weather__h96__s2021,PatchTST,Weather,96,10444,192,10252,3000,1.0,96,True,False,-0.3732712150411102,-0.3759794899321581,-0.3759794899321581,5.592314537018246
PatchTST__Weather__h96__s2021,PatchTST,Weather,96,10444,192,10252,3000,2.0,192,True,False,-0.5268954138109807,-0.5296078337951908,-0.5296078337951908,5.592314537018246
PatchTST__Weather__h96__s2021,PatchTST,Weather,96,10444,192,10252,1000000000,0.0,0,False,False,0.006254566133239856,0.003556531619248713,0.003556531619248713,5.592314537018246
PatchTST__Weather__h96__s2021,PatchTST,Weather,96,10444,192,10252,1000000000,0.125,12,False,False,-0.0564178760682104,-0.05911760161208948,-0.05911760161208948,5.592314537018246
PatchTST__Weather__h96__s2021,PatchTST,Weather,96,10444,192,10252,1000000000,0.25,24,False,False,-0.11378471889458487,-0.11648599231249579,-0.11648599231249579,5.592314537018246
PatchTST__Weather__h96__s2021,PatchTST,Weather,96,10444,192,10252,1000000000,0.5,48,False,False,-0.17006318048110922,-0.17276597240631372,-0.17276597240631372,5.592314537018246
PatchTST__Weather__h96__s2021,PatchTST,Weather,96,10444,192,10252,1000000000,1.0,96,True,False,-0.15979331589758647,-0.1624958307209685,-0.1624958307209685,5.592314537018246
PatchTST__Weather__h96__s2021,PatchTST,Weather,96,10444,192,10252,1000000000,2.0,192,True,False,-0.3681363969519999,-0.37084453329521794,-0.37084453329521794,5.592314537018246
PatchTST__Weather__h192__s2021,PatchTST,Weather,192,10348,384,9964,50,0.0,0,False,False,1.4355478076209411,1.4355478076209411,1.4355478076209411,3.864921877757692
PatchTST__Weather__h192__s2021,PatchTST,Weather,192,10348,384,9964,50,0.125,24,False,False,-0.5600244121964155,-0.5600244121964155,-0.5600244121964155,3.864921877757692
PatchTST__Weather__h192__s2021,PatchTST,Weather,192,10348,384,9964,50,0.25,48,False,False,-1.1443715049203134,-1.1443715049203134,-1.1443715049203134,3.864921877757692
PatchTST__Weather__h192__s2021,PatchTST,Weather,192,10348,384,9964,50,0.5,96,False,False,-1.4494866188614046,-1.4494866188614046,-1.4494866188614046,3.864921877757692
PatchTST__Weather__h192__s2021,PatchTST,Weather,192,10348,384,9964,50,1.0,192,True,False,-1.020385666811884,-1.020385666811884,-1.020385666811884,3.864921877757692
PatchTST__Weather__h192__s2021,PatchTST,Weather,192,10348,384,9964,50,2.0,384,True,False,-1.4393557964033767,-1.4393557964033767,-1.4393557964033767,3.864921877757692
PatchTST__Weather__h192__s2021,PatchTST,Weather,192,10348,384,9964,200,0.0,0,False,False,0.4432488175716625,0.4432488175716625,0.4432488175716625,3.864921877757692
PatchTST__Weather__h192__s2021,PatchTST,Weather,192,10348,384,9964,200,0.125,24,False,False,-0.40381184025439204,-0.40381184025439204,-0.40381184025439204,3.864921877757692
PatchTST__Weather__h192__s2021,PatchTST,Weather,192,10348,384,9964,200,0.25,48,False,False,-0.5228652851191178,-0.5228652851191178,-0.5228652851191178,3.864921877757692
PatchTST__Weather__h192__s2021,PatchTST,Weather,192,10348,384,9964,200,0.5,96,False,False,-0.6329293852828796,-0.6329293852828796,-0.6329293852828796,3.864921877757692
PatchTST__Weather__h192__s2021,PatchTST,Weather,192,10348,384,9964,200,1.0,192,True,False,-0.9070125073926428,-0.9070125073926428,-0.9070125073926428,3.864921877757692
PatchTST__Weather__h192__s2021,PatchTST,Weather,192,10348,384,9964,200,2.0,384,True,False,-1.1013405620207717,-1.1013405620207717,-1.1013405620207717,3.864921877757692
PatchTST__Weather__h192__s2021,PatchTST,Weather,192,10348,384,9964,1000,0.0,0,False,False,0.04084243707540941,0.04084243707540941,0.04084243707540941,3.864921877757692
PatchTST__Weather__h192__s2021,PatchTST,Weather,192,10348,384,9964,1000,0.125,24,False,False,-0.09982810918814791,-0.09982810918814791,-0.09982810918814791,3.864921877757692
PatchTST__Weather__h192__s2021,PatchTST,Weather,192,10348,384,9964,1000,0.25,48,False,False,-0.13535276542250987,-0.13535276542250987,-0.13535276542250987,3.864921877757692
PatchTST__Weather__h192__s2021,PatchTST,Weather,192,10348,384,9964,1000,0.5,96,False,False,-0.26713092923629767,-0.26713092923629767,-0.26713092923629767,3.864921877757692
PatchTST__Weather__h192__s2021,PatchTST,Weather,192,10348,384,9964,1000,1.0,192,True,False,-0.3715421853326927,-0.3715421853326927,-0.3715421853326927,3.864921877757692
PatchTST__Weather__h192__s2021,PatchTST,Weather,192,10348,384,9964,1000,2.0,384,True,False,-0.5509670805831197,-0.5509670805831197,-0.5509670805831197,3.864921877757692
PatchTST__Weather__h192__s2021,PatchTST,Weather,192,10348,384,9964,3000,0.0,0,False,False,0.0,0.0,0.0,3.864921877757692
PatchTST__Weather__h192__s2021,PatchTST,Weather,192,10348,384,9964,3000,0.125,24,False,False,0.0,0.0,0.0,3.864921877757692
PatchTST__Weather__h192__s2021,PatchTST,Weather,192,10348,384,9964,3000,0.25,48,False,False,0.0,0.0,0.0,3.864921877757692
PatchTST__Weather__h192__s2021,PatchTST,Weather,192,10348,384,9964,3000,0.5,96,False,False,0.0,0.0,0.0,3.864921877757692
PatchTST__Weather__h192__s2021,PatchTST,Weather,192,10348,384,9964,3000,1.0,192,True,False,0.0,0.0,0.0,3.864921877757692
PatchTST__Weather__h192__s2021,PatchTST,Weather,192,10348,384,9964,3000,2.0,384,True,False,-0.06431342695678285,-0.06431342695678285,-0.06431342695678285,3.864921877757692
PatchTST__Weather__h192__s2021,PatchTST,Weather,192,10348,384,9964,1000000000,0.0,0,False,False,0.0,0.0,0.0,3.864921877757692
PatchTST__Weather__h192__s2021,PatchTST,Weather,192,10348,384,9964,1000000000,0.125,24,False,False,0.0,0.0,0.0,3.864921877757692
PatchTST__Weather__h192__s2021,PatchTST,Weather,192,10348,384,9964,1000000000,0.25,48,False,False,0.0,0.0,0.0,3.864921877757692
PatchTST__Weather__h192__s2021,PatchTST,Weather,192,10348,384,9964,1000000000,0.5,96,False,False,0.0,0.0,0.0,3.864921877757692
PatchTST__Weather__h192__s2021,PatchTST,Weather,192,10348,384,9964,1000000000,1.0,192,True,False,0.0,0.0,0.0,3.864921877757692
PatchTST__Weather__h192__s2021,PatchTST,Weather,192,10348,384,9964,1000000000,2.0,384,True,False,-0.06431342695678285,-0.06431342695678285,-0.06431342695678285,3.864921877757692
PatchTST__Weather__h336__s2021,PatchTST,Weather,336,10204,672,9532,50,0.0,0,False,False,1.633159179521447,1.633159179521447,1.633159179521447,3.5069949861581704
PatchTST__Weather__h336__s2021,PatchTST,Weather,336,10204,672,9532,50,0.125,42,False,False,-0.45683338632411175,-0.45683338632411175,-0.45683338632411175,3.5069949861581704
PatchTST__Weather__h336__s2021,PatchTST,Weather,336,10204,672,9532,50,0.25,84,False,False,-1.0447998842974058,-1.0447998842974058,-1.0447998842974058,3.5069949861581704
PatchTST__Weather__h336__s2021,PatchTST,Weather,336,10204,672,9532,50,0.5,168,False,False,-0.9004458029146445,-0.9004458029146445,-0.9004458029146445,3.5069949861581704
PatchTST__Weather__h336__s2021,PatchTST,Weather,336,10204,672,9532,50,1.0,336,True,False,-0.7134335862012786,-0.7134335862012786,-0.7134335862012786,3.5069949861581704
PatchTST__Weather__h336__s2021,PatchTST,Weather,336,10204,672,9532,50,2.0,672,True,False,-1.4742168762463996,-1.4742168762463996,-1.4742168762463996,3.5069949861581704
PatchTST__Weather__h336__s2021,PatchTST,Weather,336,10204,672,9532,200,0.0,0,False,False,0.6284014505134491,0.6284014505134491,0.6284014505134491,3.5069949861581704
PatchTST__Weather__h336__s2021,PatchTST,Weather,336,10204,672,9532,200,0.125,42,False,False,-0.4793514462850481,-0.4793514462850481,-0.4793514462850481,3.5069949861581704
PatchTST__Weather__h336__s2021,PatchTST,Weather,336,10204,672,9532,200,0.25,84,False,False,-0.7465144486050944,-0.7465144486050944,-0.7465144486050944,3.5069949861581704
PatchTST__Weather__h336__s2021,PatchTST,Weather,336,10204,672,9532,200,0.5,168,False,False,-0.8912723036936047,-0.8912723036936047,-0.8912723036936047,3.5069949861581704
PatchTST__Weather__h336__s2021,PatchTST,Weather,336,10204,672,9532,200,1.0,336,True,False,-0.13598232238210078,-0.13598232238210078,-0.13598232238210078,3.5069949861581704
PatchTST__Weather__h336__s2021,PatchTST,Weather,336,10204,672,9532,200,2.0,672,True,False,-1.109200919030512,-1.109200919030512,-1.109200919030512,3.5069949861581704
PatchTST__Weather__h336__s2021,PatchTST,Weather,336,10204,672,9532,1000,0.0,0,False,False,0.13909119784689952,0.13909119784689952,0.13909119784689952,3.5069949861581704
PatchTST__Weather__h336__s2021,PatchTST,Weather,336,10204,672,9532,1000,0.125,42,False,False,0.03200750646324059,0.03200750646324059,0.03200750646324059,3.5069949861581704
PatchTST__Weather__h336__s2021,PatchTST,Weather,336,10204,672,9532,1000,0.25,84,False,False,-0.01793016967905404,-0.01793016967905404,-0.01793016967905404,3.5069949861581704
PatchTST__Weather__h336__s2021,PatchTST,Weather,336,10204,672,9532,1000,0.5,168,False,False,-0.14139269291123344,-0.14139269291123344,-0.14139269291123344,3.5069949861581704
PatchTST__Weather__h336__s2021,PatchTST,Weather,336,10204,672,9532,1000,1.0,336,True,False,-0.18071521414150288,-0.18071521414150288,-0.18071521414150288,3.5069949861581704
PatchTST__Weather__h336__s2021,PatchTST,Weather,336,10204,672,9532,1000,2.0,672,True,False,-0.4881728766227908,-0.4881728766227908,-0.4881728766227908,3.5069949861581704
PatchTST__Weather__h336__s2021,PatchTST,Weather,336,10204,672,9532,3000,0.0,0,False,False,-0.06630480969244949,-0.06630480969244949,-0.06630480969244949,3.5069949861581704
PatchTST__Weather__h336__s2021,PatchTST,Weather,336,10204,672,9532,3000,0.125,42,False,False,-0.17105709858745768,-0.17105709858745768,-0.17105709858745768,3.5069949861581704
PatchTST__Weather__h336__s2021,PatchTST,Weather,336,10204,672,9532,3000,0.25,84,False,False,-0.20201716688835394,-0.20201716688835394,-0.20201716688835394,3.5069949861581704
PatchTST__Weather__h336__s2021,PatchTST,Weather,336,10204,672,9532,3000,0.5,168,False,False,-0.2037230991248477,-0.2037230991248477,-0.2037230991248477,3.5069949861581704
PatchTST__Weather__h336__s2021,PatchTST,Weather,336,10204,672,9532,3000,1.0,336,True,False,-0.25199015736725755,-0.25199015736725755,-0.25199015736725755,3.5069949861581704
PatchTST__Weather__h336__s2021,PatchTST,Weather,336,10204,672,9532,3000,2.0,672,True,False,-0.21453114228292303,-0.21453114228292303,-0.21453114228292303,3.5069949861581704
PatchTST__Weather__h336__s2021,PatchTST,Weather,336,10204,672,9532,1000000000,0.0,0,False,False,0.002565157091538166,0.002565157091538166,0.002565157091538166,3.5069949861581704
PatchTST__Weather__h336__s2021,PatchTST,Weather,336,10204,672,9532,1000000000,0.125,42,False,False,-0.10896319417060762,-0.10896319417060762,-0.10896319417060762,3.5069949861581704
PatchTST__Weather__h336__s2021,PatchTST,Weather,336,10204,672,9532,1000000000,0.25,84,False,False,-0.11768123567142875,-0.11768123567142875,-0.11768123567142875,3.5069949861581704
PatchTST__Weather__h336__s2021,PatchTST,Weather,336,10204,672,9532,1000000000,0.5,168,False,False,-0.15195357541224233,-0.15195357541224233,-0.15195357541224233,3.5069949861581704
PatchTST__Weather__h336__s2021,PatchTST,Weather,336,10204,672,9532,1000000000,1.0,336,True,False,-0.2182332069661189,-0.2182332069661189,-0.2182332069661189,3.5069949861581704
PatchTST__Weather__h336__s2021,PatchTST,Weather,336,10204,672,9532,1000000000,2.0,672,True,False,-0.20951307125703636,-0.20951307125703636,-0.20951307125703636,3.5069949861581704
PatchTST__Weather__h720__s2021,PatchTST,Weather,720,9820,1440,8380,50,0.0,0,False,False,1.424533042696558,1.4263936591658946,1.424533042696558,2.925458895032763
PatchTST__Weather__h720__s2021,PatchTST,Weather,720,9820,1440,8380,50,0.125,90,False,False,-0.4688852164635614,-0.4669888616375618,-0.4688852164635614,2.925458895032763
PatchTST__Weather__h720__s2021,PatchTST,Weather,720,9820,1440,8380,50,0.25,180,False,False,-0.6145651873499554,-0.6126660828078098,-0.6145651873499554,2.925458895032763
PatchTST__Weather__h720__s2021,PatchTST,Weather,720,9820,1440,8380,50,0.5,360,False,False,-0.5934574943409527,-0.5915587882074829,-0.5934574943409527,2.925458895032763
PatchTST__Weather__h720__s2021,PatchTST,Weather,720,9820,1440,8380,50,1.0,720,True,False,-1.2506804609545508,-1.2487693497073802,-1.2506804609545508,2.925458895032763
PatchTST__Weather__h720__s2021,PatchTST,Weather,720,9820,1440,8380,50,2.0,1440,True,False,-0.36487112511090036,-0.36297673355565546,-0.36487112511090036,2.925458895032763
PatchTST__Weather__h720__s2021,PatchTST,Weather,720,9820,1440,8380,200,0.0,0,False,False,0.6608649880500478,0.662740018789014,0.6608649880500478,2.925458895032763
PatchTST__Weather__h720__s2021,PatchTST,Weather,720,9820,1440,8380,200,0.125,90,False,False,-0.44379393257719185,-0.4418980513503288,-0.44379393257719185,2.925458895032763
PatchTST__Weather__h720__s2021,PatchTST,Weather,720,9820,1440,8380,200,0.25,180,False,False,-0.5691821986494615,-0.5672839507133134,-0.5691821986494615,2.925458895032763
PatchTST__Weather__h720__s2021,PatchTST,Weather,720,9820,1440,8380,200,0.5,360,False,False,-0.26577934492903144,-0.2638868237356917,-0.26577934492903144,2.925458895032763
PatchTST__Weather__h720__s2021,PatchTST,Weather,720,9820,1440,8380,200,1.0,720,True,False,-0.8538399674838918,-0.8519363466192742,-0.8538399674838918,2.925458895032763
PatchTST__Weather__h720__s2021,PatchTST,Weather,720,9820,1440,8380,200,2.0,1440,True,False,-0.5686932186824862,-0.5667949799758575,-0.5686932186824862,2.925458895032763
PatchTST__Weather__h720__s2021,PatchTST,Weather,720,9820,1440,8380,1000,0.0,0,False,False,0.3671276474378173,0.36900822248258774,0.3671276474378173,2.925458895032763
PatchTST__Weather__h720__s2021,PatchTST,Weather,720,9820,1440,8380,1000,0.125,90,False,False,-0.038288160886940995,-0.03639993360015555,-0.038288160886940995,2.925458895032763
PatchTST__Weather__h720__s2021,PatchTST,Weather,720,9820,1440,8380,1000,0.25,180,False,False,0.06254137745679729,0.06442770158141237,0.06254137745679729,2.925458895032763
PatchTST__Weather__h720__s2021,PatchTST,Weather,720,9820,1440,8380,1000,0.5,360,False,False,-0.07099577197731219,-0.06910692733286418,-0.07099577197731219,2.925458895032763
PatchTST__Weather__h720__s2021,PatchTST,Weather,720,9820,1440,8380,1000,1.0,720,True,False,-0.21147369151693143,-0.20958219534529576,-0.21147369151693143,2.925458895032763
PatchTST__Weather__h720__s2021,PatchTST,Weather,720,9820,1440,8380,1000,2.0,1440,True,False,-0.18424392260865946,-0.18235294040016342,-0.18424392260865946,2.925458895032763
PatchTST__Weather__h720__s2021,PatchTST,Weather,720,9820,1440,8380,3000,0.0,0,False,False,0.11928022776167017,0.12116548093787805,0.11928022776167017,2.925458895032763
PatchTST__Weather__h720__s2021,PatchTST,Weather,720,9820,1440,8380,3000,0.125,90,False,False,0.02919630213402554,0.03108325564846988,0.02919630213402554,2.925458895032763
PatchTST__Weather__h720__s2021,PatchTST,Weather,720,9820,1440,8380,3000,0.25,180,False,False,0.024789803521024056,0.026676840208332237,0.024789803521024056,2.925458895032763
PatchTST__Weather__h720__s2021,PatchTST,Weather,720,9820,1440,8380,3000,0.5,360,False,False,-0.0433477576944144,-0.041459434907506684,-0.0433477576944144,2.925458895032763
PatchTST__Weather__h720__s2021,PatchTST,Weather,720,9820,1440,8380,3000,1.0,720,True,False,-0.16026164561220577,-0.15837111607029025,-0.16026164561220577,2.925458895032763
PatchTST__Weather__h720__s2021,PatchTST,Weather,720,9820,1440,8380,3000,2.0,1440,True,False,-0.31882660947330543,-0.3169330870104094,-0.31882660947330543,2.925458895032763
PatchTST__Weather__h720__s2021,PatchTST,Weather,720,9820,1440,8380,1000000000,0.0,0,False,False,0.005725874242855583,0.007613270762705065,0.005725874242855583,2.925458895032763
PatchTST__Weather__h720__s2021,PatchTST,Weather,720,9820,1440,8380,1000000000,0.125,90,False,False,-0.13152785776275588,-0.12963787057240664,-0.13152785776275588,2.925458895032763
PatchTST__Weather__h720__s2021,PatchTST,Weather,720,9820,1440,8380,1000000000,0.25,180,False,False,-0.17170622230129304,-0.16981547674246653,-0.17170622230129304,2.925458895032763
PatchTST__Weather__h720__s2021,PatchTST,Weather,720,9820,1440,8380,1000000000,0.5,360,False,False,-0.23185979230659248,-0.2299679113463675,-0.23185979230659248,2.925458895032763
PatchTST__Weather__h720__s2021,PatchTST,Weather,720,9820,1440,8380,1000000000,1.0,720,True,False,-0.3079254929547267,-0.30603217625090595,-0.3079254929547267,2.925458895032763
PatchTST__Weather__h720__s2021,PatchTST,Weather,720,9820,1440,8380,1000000000,2.0,1440,True,False,-0.4380848266920431,-0.43618905322481594,-0.4380848266920431,2.925458895032763
TimesNet__ETTh1__h96__s2021,TimesNet,ETTh1,96,2785,192,2593,50,0.0,0,False,False,3.8467896457740536,8.53292429575097,3.291748397165737,8.089172102030492
TimesNet__ETTh1__h96__s2021,TimesNet,ETTh1,96,2785,192,2593,50,0.125,12,False,False,1.509514031009881,6.309558431940955,0.9409809356833807,8.089172102030492
TimesNet__ETTh1__h96__s2021,TimesNet,ETTh1,96,2785,192,2593,50,0.25,24,False,False,0.576045800498051,5.421583823571735,0.002124290470775104,8.089172102030492
TimesNet__ETTh1__h96__s2021,TimesNet,ETTh1,96,2785,192,2593,50,0.5,48,False,False,-0.08886958951186755,4.789073831540204,-0.6666293017887657,8.089172102030492
TimesNet__ETTh1__h96__s2021,TimesNet,ETTh1,96,2785,192,2593,50,1.0,96,True,False,-1.062802793126205,3.8626063559593526,-1.646184502832037,8.089172102030492
TimesNet__ETTh1__h96__s2021,TimesNet,ETTh1,96,2785,192,2593,50,2.0,192,True,False,-2.4313361206085657,2.560770036532547,-3.022617643997681,8.089172102030492
TimesNet__ETTh1__h96__s2021,TimesNet,ETTh1,96,2785,192,2593,200,0.0,0,False,False,1.2512233928638345,6.06385587800678,0.6811993233122172,8.089172102030492
TimesNet__ETTh1__h96__s2021,TimesNet,ETTh1,96,2785,192,2593,200,0.125,12,False,False,0.4213051561941761,5.274384638282705,-0.15350958911987253,8.089172102030492
TimesNet__ETTh1__h96__s2021,TimesNet,ETTh1,96,2785,192,2593,200,0.25,24,False,False,-0.04761936233592948,4.828313682586459,-0.6251409590313222,8.089172102030492
TimesNet__ETTh1__h96__s2021,TimesNet,ETTh1,96,2785,192,2593,200,0.5,48,False,False,-0.5155670156674955,4.383171983466656,-1.0957898248219589,8.089172102030492
TimesNet__ETTh1__h96__s2021,TimesNet,ETTh1,96,2785,192,2593,200,1.0,96,True,False,-1.8092449841665512,3.1525428630691,-2.396935506903198,8.089172102030492
TimesNet__ETTh1__h96__s2021,TimesNet,ETTh1,96,2785,192,2593,200,2.0,192,True,False,-3.4118029319990972,1.6280873758852217,-4.008744167853437,8.089172102030492
TimesNet__ETTh1__h96__s2021,TimesNet,ETTh1,96,2785,192,2593,1000,0.0,0,False,False,0.629387200234178,5.472325570309685,0.055773601684875586,8.089172102030492
TimesNet__ETTh1__h96__s2021,TimesNet,ETTh1,96,2785,192,2593,1000,0.125,12,False,False,0.2067078194871924,5.070245943691057,-0.36934568190452705,8.089172102030492
TimesNet__ETTh1__h96__s2021,TimesNet,ETTh1,96,2785,192,2593,1000,0.25,24,False,False,-0.1623561758685988,4.719168696466963,-0.7405400870515672,8.089172102030492
TimesNet__ETTh1__h96__s2021,TimesNet,ETTh1,96,2785,192,2593,1000,0.5,48,False,False,-0.9586635794353211,3.961670228162413,-1.541444148950585,8.089172102030492
TimesNet__ETTh1__h96__s2021,TimesNet,ETTh1,96,2785,192,2593,1000,1.0,96,True,False,-1.585270458312439,3.365601738967787,-2.171668095455058,8.089172102030492
TimesNet__ETTh1__h96__s2021,TimesNet,ETTh1,96,2785,192,2593,1000,2.0,192,True,False,-0.6946503980255666,4.212816430790107,-1.2759069601226811,8.089172102030492
TimesNet__ETTh1__h96__s2021,TimesNet,ETTh1,96,2785,192,2593,3000,0.0,0,False,False,0.2988673329872845,5.157913959840755,-0.2766541806397438,8.089172102030492
TimesNet__ETTh1__h96__s2021,TimesNet,ETTh1,96,2785,192,2593,3000,0.125,12,False,False,-0.21367281484516717,4.670353031499921,-0.7921529496411278,8.089172102030492
TimesNet__ETTh1__h96__s2021,TimesNet,ETTh1,96,2785,192,2593,3000,0.25,24,False,False,-0.7157104708767276,4.192782744231772,-1.2970886015526553,8.089172102030492
TimesNet__ETTh1__h96__s2021,TimesNet,ETTh1,96,2785,192,2593,3000,0.5,48,False,False,-1.206085420746204,3.726306768048129,-1.7902942247138407,8.089172102030492
TimesNet__ETTh1__h96__s2021,TimesNet,ETTh1,96,2785,192,2593,3000,1.0,96,True,False,-0.6692600964278209,4.236969307535866,-1.2503700938429092,8.089172102030492
TimesNet__ETTh1__h96__s2021,TimesNet,ETTh1,96,2785,192,2593,3000,2.0,192,True,False,0.2156440096457569,5.07874661859031,-0.3603579078817823,8.089172102030492
TimesNet__ETTh1__h96__s2021,TimesNet,ETTh1,96,2785,192,2593,1000000000,0.0,0,False,False,0.2988673329872845,5.157913959840755,-0.2766541806397438,8.089172102030492
TimesNet__ETTh1__h96__s2021,TimesNet,ETTh1,96,2785,192,2593,1000000000,0.125,12,False,False,-0.21367281484516717,4.670353031499921,-0.7921529496411278,8.089172102030492
TimesNet__ETTh1__h96__s2021,TimesNet,ETTh1,96,2785,192,2593,1000000000,0.25,24,False,False,-0.7157104708767276,4.192782744231772,-1.2970886015526553,8.089172102030492
TimesNet__ETTh1__h96__s2021,TimesNet,ETTh1,96,2785,192,2593,1000000000,0.5,48,False,False,-1.206085420746204,3.726306768048129,-1.7902942247138407,8.089172102030492
TimesNet__ETTh1__h96__s2021,TimesNet,ETTh1,96,2785,192,2593,1000000000,1.0,96,True,False,-0.6692600964278209,4.236969307535866,-1.2503700938429092,8.089172102030492
TimesNet__ETTh1__h96__s2021,TimesNet,ETTh1,96,2785,192,2593,1000000000,2.0,192,True,False,0.2156440096457569,5.07874661859031,-0.3603579078817823,8.089172102030492
TimesNet__ETTh1__h192__s2021,TimesNet,ETTh1,192,2689,384,2305,50,0.0,0,False,False,13.382495551619067,12.273463577646844,1.833222319594505,16.657264618700026
TimesNet__ETTh1__h192__s2021,TimesNet,ETTh1,192,2689,384,2305,50,0.125,24,False,False,10.862873918625032,9.721581248952809,-1.022356795274454,16.657264618700026
TimesNet__ETTh1__h192__s2021,TimesNet,ETTh1,192,2689,384,2305,50,0.25,48,False,False,8.232998279723786,7.058033245675721,-4.002890797209194,16.657264618700026
TimesNet__ETTh1__h192__s2021,TimesNet,ETTh1,192,2689,384,2305,50,0.5,96,False,False,4.0633678169069665,2.8350157275245107,-8.728485112809869,16.657264618700026
TimesNet__ETTh1__h192__s2021,TimesNet,ETTh1,192,2689,384,2305,50,1.0,192,True,False,7.049442257772362,5.859323225930307,-5.344258014137624,16.657264618700026
TimesNet__ETTh1__h192__s2021,TimesNet,ETTh1,192,2689,384,2305,50,2.0,384,True,False,8.079961907728782,6.903037428753227,-4.176332500503732,16.657264618700026
TimesNet__ETTh1__h192__s2021,TimesNet,ETTh1,192,2689,384,2305,200,0.0,0,False,False,10.85720048180184,9.715835170659751,-1.0287867081985558,16.657264618700026
TimesNet__ETTh1__h192__s2021,TimesNet,ETTh1,192,2689,384,2305,200,0.125,24,False,False,9.688173941915238,8.531840665355386,-2.3536871330535787,16.657264618700026
TimesNet__ETTh1__h192__s2021,TimesNet,ETTh1,192,2689,384,2305,200,0.25,48,False,False,9.090128168916392,7.926137642377121,-3.0314742248725395,16.657264618700026
TimesNet__ETTh1__h192__s2021,TimesNet,ETTh1,192,2689,384,2305,200,0.5,96,False,False,9.245900571547244,8.083904521485682,-2.854931678245392,16.657264618700026
TimesNet__ETTh1__h192__s2021,TimesNet,ETTh1,192,2689,384,2305,200,1.0,192,True,False,9.726215240768624,8.570369036851057,-2.310573541280225,16.657264618700026
TimesNet__ETTh1__h192__s2021,TimesNet,ETTh1,192,2689,384,2305,200,2.0,384,True,False,9.123392939936094,7.959828328399833,-2.9937740463453832,16.657264618700026
TimesNet__ETTh1__h192__s2021,TimesNet,ETTh1,192,2689,384,2305,1000,0.0,0,False,False,11.766840773593033,10.637122301907178,0.002141819032574563,16.657264618700026
TimesNet__ETTh1__h192__s2021,TimesNet,ETTh1,192,2689,384,2305,1000,0.125,24,False,False,11.561353943600444,10.429004462557494,-0.23074390175328674,16.657264618700026
TimesNet__ETTh1__h192__s2021,TimesNet,ETTh1,192,2689,384,2305,1000,0.25,48,False,False,11.414232443168874,10.279999249946998,-0.39748206532483815,16.657264618700026
TimesNet__ETTh1__h192__s2021,TimesNet,ETTh1,192,2689,384,2305,1000,0.5,96,False,False,11.00736338593839,9.867920728456811,-0.858601610854849,16.657264618700026
TimesNet__ETTh1__h192__s2021,TimesNet,ETTh1,192,2689,384,2305,1000,1.0,192,True,False,11.322880593005271,10.187477750260957,-0.5010144497177438,16.657264618700026
TimesNet__ETTh1__h192__s2021,TimesNet,ETTh1,192,2689,384,2305,1000,2.0,384,True,False,10.519666767332488,9.373979746808168,-1.4113259803580382,16.657264618700026
TimesNet__ETTh1__h192__s2021,TimesNet,ETTh1,192,2689,384,2305,3000,0.0,0,False,False,11.766840773593033,10.637122301907178,0.002141819032574563,16.657264618700026
TimesNet__ETTh1__h192__s2021,TimesNet,ETTh1,192,2689,384,2305,3000,0.125,24,False,False,11.561353943600444,10.429004462557494,-0.23074390175328674,16.657264618700026
TimesNet__ETTh1__h192__s2021,TimesNet,ETTh1,192,2689,384,2305,3000,0.25,48,False,False,11.414232443168874,10.279999249946998,-0.39748206532483815,16.657264618700026
TimesNet__ETTh1__h192__s2021,TimesNet,ETTh1,192,2689,384,2305,3000,0.5,96,False,False,11.00736338593839,9.867920728456811,-0.858601610854849,16.657264618700026
TimesNet__ETTh1__h192__s2021,TimesNet,ETTh1,192,2689,384,2305,3000,1.0,192,True,False,11.322880593005271,10.187477750260957,-0.5010144497177438,16.657264618700026
TimesNet__ETTh1__h192__s2021,TimesNet,ETTh1,192,2689,384,2305,3000,2.0,384,True,False,10.519666767332488,9.373979746808168,-1.4113259803580382,16.657264618700026
TimesNet__ETTh1__h192__s2021,TimesNet,ETTh1,192,2689,384,2305,1000000000,0.0,0,False,False,11.766840773593033,10.637122301907178,0.002141819032574563,16.657264618700026
TimesNet__ETTh1__h192__s2021,TimesNet,ETTh1,192,2689,384,2305,1000000000,0.125,24,False,False,11.561353943600444,10.429004462557494,-0.23074390175328674,16.657264618700026
TimesNet__ETTh1__h192__s2021,TimesNet,ETTh1,192,2689,384,2305,1000000000,0.25,48,False,False,11.414232443168874,10.279999249946998,-0.39748206532483815,16.657264618700026
TimesNet__ETTh1__h192__s2021,TimesNet,ETTh1,192,2689,384,2305,1000000000,0.5,96,False,False,11.00736338593839,9.867920728456811,-0.858601610854849,16.657264618700026
TimesNet__ETTh1__h192__s2021,TimesNet,ETTh1,192,2689,384,2305,1000000000,1.0,192,True,False,11.322880593005271,10.187477750260957,-0.5010144497177438,16.657264618700026
TimesNet__ETTh1__h192__s2021,TimesNet,ETTh1,192,2689,384,2305,1000000000,2.0,384,True,False,10.519666767332488,9.373979746808168,-1.4113259803580382,16.657264618700026
TimesNet__ETTh1__h336__s2021,TimesNet,ETTh1,336,2545,672,1873,50,0.0,0,False,False,8.937384075113028,8.937384075113028,4.6454595639444705,10.806308696067587
TimesNet__ETTh1__h336__s2021,TimesNet,ETTh1,336,2545,672,1873,50,0.125,42,False,False,4.061464221651963,4.061464221651963,-0.46027007173089596,10.806308696067587
TimesNet__ETTh1__h336__s2021,TimesNet,ETTh1,336,2545,672,1873,50,0.25,84,False,False,1.6631727123496234,1.6631727123496234,-2.9715968371496713,10.806308696067587
TimesNet__ETTh1__h336__s2021,TimesNet,ETTh1,336,2545,672,1873,50,0.5,168,False,False,2.531221808678703,2.531221808678703,-2.062635219742726,10.806308696067587
TimesNet__ETTh1__h336__s2021,TimesNet,ETTh1,336,2545,672,1873,50,1.0,336,True,False,-0.035783145702413796,-0.035783145702413796,-4.75062716062868,10.806308696067587
TimesNet__ETTh1__h336__s2021,TimesNet,ETTh1,336,2545,672,1873,50,2.0,672,True,False,1.3728247731976289,1.3728247731976289,-3.275629331968742,10.806308696067587
TimesNet__ETTh1__h336__s2021,TimesNet,ETTh1,336,2545,672,1873,200,0.0,0,False,False,6.586692948987863,6.586692948987863,2.1839766627320962,10.806308696067587
TimesNet__ETTh1__h336__s2021,TimesNet,ETTh1,336,2545,672,1873,200,0.125,42,False,False,4.025930107148084,4.025930107148084,-0.49747896501718714,10.806308696067587
TimesNet__ETTh1__h336__s2021,TimesNet,ETTh1,336,2545,672,1873,200,0.25,84,False,False,2.43012273433905,2.43012273433905,-2.168499252685949,10.806308696067587
TimesNet__ETTh1__h336__s2021,TimesNet,ETTh1,336,2545,672,1873,200,0.5,168,False,False,0.9237282028905733,0.9237282028905733,-3.745892530956578,10.806308696067587
TimesNet__ETTh1__h336__s2021,TimesNet,ETTh1,336,2545,672,1873,200,1.0,336,True,False,4.113333906040955,4.113333906040955,-0.40595568742246296,10.806308696067587
TimesNet__ETTh1__h336__s2021,TimesNet,ETTh1,336,2545,672,1873,200,2.0,672,True,False,1.903553655580212,1.903553655580212,-2.7198863614672564,10.806308696067587
TimesNet__ETTh1__h336__s2021,TimesNet,ETTh1,336,2545,672,1873,1000,0.0,0,False,False,4.501017457104425,4.501017457104425,0.0,10.806308696067587
TimesNet__ETTh1__h336__s2021,TimesNet,ETTh1,336,2545,672,1873,1000,0.125,42,False,False,4.501017457104425,4.501017457104425,0.0,10.806308696067587
TimesNet__ETTh1__h336__s2021,TimesNet,ETTh1,336,2545,672,1873,1000,0.25,84,False,False,4.501017457104425,4.501017457104425,0.0,10.806308696067587
TimesNet__ETTh1__h336__s2021,TimesNet,ETTh1,336,2545,672,1873,1000,0.5,168,False,False,4.501017457104425,4.501017457104425,0.0,10.806308696067587
TimesNet__ETTh1__h336__s2021,TimesNet,ETTh1,336,2545,672,1873,1000,1.0,336,True,False,4.501017457104425,4.501017457104425,0.0,10.806308696067587
TimesNet__ETTh1__h336__s2021,TimesNet,ETTh1,336,2545,672,1873,1000,2.0,672,True,False,4.501017457104425,4.501017457104425,0.0,10.806308696067587
TimesNet__ETTh1__h336__s2021,TimesNet,ETTh1,336,2545,672,1873,3000,0.0,0,False,False,4.501017457104425,4.501017457104425,0.0,10.806308696067587
TimesNet__ETTh1__h336__s2021,TimesNet,ETTh1,336,2545,672,1873,3000,0.125,42,False,False,4.501017457104425,4.501017457104425,0.0,10.806308696067587
TimesNet__ETTh1__h336__s2021,TimesNet,ETTh1,336,2545,672,1873,3000,0.25,84,False,False,4.501017457104425,4.501017457104425,0.0,10.806308696067587
TimesNet__ETTh1__h336__s2021,TimesNet,ETTh1,336,2545,672,1873,3000,0.5,168,False,False,4.501017457104425,4.501017457104425,0.0,10.806308696067587
TimesNet__ETTh1__h336__s2021,TimesNet,ETTh1,336,2545,672,1873,3000,1.0,336,True,False,4.501017457104425,4.501017457104425,0.0,10.806308696067587
TimesNet__ETTh1__h336__s2021,TimesNet,ETTh1,336,2545,672,1873,3000,2.0,672,True,False,4.501017457104425,4.501017457104425,0.0,10.806308696067587
TimesNet__ETTh1__h336__s2021,TimesNet,ETTh1,336,2545,672,1873,1000000000,0.0,0,False,False,4.501017457104425,4.501017457104425,0.0,10.806308696067587
TimesNet__ETTh1__h336__s2021,TimesNet,ETTh1,336,2545,672,1873,1000000000,0.125,42,False,False,4.501017457104425,4.501017457104425,0.0,10.806308696067587
TimesNet__ETTh1__h336__s2021,TimesNet,ETTh1,336,2545,672,1873,1000000000,0.25,84,False,False,4.501017457104425,4.501017457104425,0.0,10.806308696067587
TimesNet__ETTh1__h336__s2021,TimesNet,ETTh1,336,2545,672,1873,1000000000,0.5,168,False,False,4.501017457104425,4.501017457104425,0.0,10.806308696067587
TimesNet__ETTh1__h336__s2021,TimesNet,ETTh1,336,2545,672,1873,1000000000,1.0,336,True,False,4.501017457104425,4.501017457104425,0.0,10.806308696067587
TimesNet__ETTh1__h336__s2021,TimesNet,ETTh1,336,2545,672,1873,1000000000,2.0,672,True,False,4.501017457104425,4.501017457104425,0.0,10.806308696067587
TimesNet__ETTh1__h720__s2021,TimesNet,ETTh1,720,2161,1080,1081,50,0.0,0,False,False,14.099916393473093,12.75520390615377,2.295765244863124,16.19378604156022
TimesNet__ETTh1__h720__s2021,TimesNet,ETTh1,720,2161,1080,1081,50,0.125,90,False,False,4.528163276531316,3.033610935727717,-8.591311627374443,16.19378604156022
TimesNet__ETTh1__h720__s2021,TimesNet,ETTh1,720,2161,1080,1081,50,0.25,180,False,False,4.8190660935568586,3.32906765577904,-8.260433752379749,16.19378604156022
TimesNet__ETTh1__h720__s2021,TimesNet,ETTh1,720,2161,1080,1081,50,0.5,360,False,False,9.788977248726443,8.37677968506461,-2.6075711959110985,16.19378604156022
TimesNet__ETTh1__h720__s2021,TimesNet,ETTh1,720,2161,1080,1081,50,1.0,720,True,False,8.423302685090352,6.989726333862402,-4.160912968846009,16.19378604156022
TimesNet__ETTh1__h720__s2021,TimesNet,ETTh1,720,2161,1080,1081,50,2.0,1440,True,True,,,,16.19378604156022
TimesNet__ETTh1__h720__s2021,TimesNet,ETTh1,720,2161,1080,1081,200,0.0,0,False,False,12.613889499061775,11.245914183145446,0.6055326577905499,16.19378604156022
TimesNet__ETTh1__h720__s2021,TimesNet,ETTh1,720,2161,1080,1081,200,0.125,90,False,False,8.534048560607424,7.102205867316396,-4.034948702393761,16.19378604156022
TimesNet__ETTh1__h720__s2021,TimesNet,ETTh1,720,2161,1080,1081,200,0.25,180,False,False,10.699326217085693,9.301379601434324,-1.5721245981977683,16.19378604156022
TimesNet__ETTh1__h720__s2021,TimesNet,ETTh1,720,2161,1080,1081,200,0.5,360,False,False,12.364252725366143,10.992369500716915,0.3215914913023277,16.19378604156022
TimesNet__ETTh1__h720__s2021,TimesNet,ETTh1,720,2161,1080,1081,200,1.0,720,True,False,11.482985493161834,10.09730657702948,-0.6807770387645894,16.19378604156022
TimesNet__ETTh1__h720__s2021,TimesNet,ETTh1,720,2161,1080,1081,200,2.0,1440,True,True,,,,16.19378604156022
TimesNet__ETTh1__h720__s2021,TimesNet,ETTh1,720,2161,1080,1081,1000,0.0,0,False,False,12.081514356253997,10.705205037943081,0.0,16.19378604156022
TimesNet__ETTh1__h720__s2021,TimesNet,ETTh1,720,2161,1080,1081,1000,0.125,90,False,False,12.081514356253997,10.705205037943081,0.0,16.19378604156022
TimesNet__ETTh1__h720__s2021,TimesNet,ETTh1,720,2161,1080,1081,1000,0.25,180,False,False,12.081514356253997,10.705205037943081,0.0,16.19378604156022
TimesNet__ETTh1__h720__s2021,TimesNet,ETTh1,720,2161,1080,1081,1000,0.5,360,False,False,12.081514356253997,10.705205037943081,0.0,16.19378604156022
TimesNet__ETTh1__h720__s2021,TimesNet,ETTh1,720,2161,1080,1081,1000,1.0,720,True,False,11.649229602091914,10.26615313429064,-0.4916881256505506,16.19378604156022
TimesNet__ETTh1__h720__s2021,TimesNet,ETTh1,720,2161,1080,1081,1000,2.0,1440,True,True,,,,16.19378604156022
TimesNet__ETTh1__h720__s2021,TimesNet,ETTh1,720,2161,1080,1081,3000,0.0,0,False,False,12.081514356253997,10.705205037943081,0.0,16.19378604156022
TimesNet__ETTh1__h720__s2021,TimesNet,ETTh1,720,2161,1080,1081,3000,0.125,90,False,False,12.081514356253997,10.705205037943081,0.0,16.19378604156022
TimesNet__ETTh1__h720__s2021,TimesNet,ETTh1,720,2161,1080,1081,3000,0.25,180,False,False,12.081514356253997,10.705205037943081,0.0,16.19378604156022
TimesNet__ETTh1__h720__s2021,TimesNet,ETTh1,720,2161,1080,1081,3000,0.5,360,False,False,12.081514356253997,10.705205037943081,0.0,16.19378604156022
TimesNet__ETTh1__h720__s2021,TimesNet,ETTh1,720,2161,1080,1081,3000,1.0,720,True,False,11.649229602091914,10.26615313429064,-0.4916881256505506,16.19378604156022
TimesNet__ETTh1__h720__s2021,TimesNet,ETTh1,720,2161,1080,1081,3000,2.0,1440,True,True,,,,16.19378604156022
TimesNet__ETTh1__h720__s2021,TimesNet,ETTh1,720,2161,1080,1081,1000000000,0.0,0,False,False,12.081514356253997,10.705205037943081,0.0,16.19378604156022
TimesNet__ETTh1__h720__s2021,TimesNet,ETTh1,720,2161,1080,1081,1000000000,0.125,90,False,False,12.081514356253997,10.705205037943081,0.0,16.19378604156022
TimesNet__ETTh1__h720__s2021,TimesNet,ETTh1,720,2161,1080,1081,1000000000,0.25,180,False,False,12.081514356253997,10.705205037943081,0.0,16.19378604156022
TimesNet__ETTh1__h720__s2021,TimesNet,ETTh1,720,2161,1080,1081,1000000000,0.5,360,False,False,12.081514356253997,10.705205037943081,0.0,16.19378604156022
TimesNet__ETTh1__h720__s2021,TimesNet,ETTh1,720,2161,1080,1081,1000000000,1.0,720,True,False,11.649229602091914,10.26615313429064,-0.4916881256505506,16.19378604156022
TimesNet__ETTh1__h720__s2021,TimesNet,ETTh1,720,2161,1080,1081,1000000000,2.0,1440,True,True,,,,16.19378604156022
TimesNet__ETTh2__h96__s2021,TimesNet,ETTh2,96,2785,192,2593,50,0.0,0,False,False,12.500695447243773,8.459575691528482,5.093604755040817,16.88743704308376
TimesNet__ETTh2__h96__s2021,TimesNet,ETTh2,96,2785,192,2593,50,0.125,12,False,False,10.32209391222311,6.18035633162333,2.730577763903058,16.88743704308376
TimesNet__ETTh2__h96__s2021,TimesNet,ETTh2,96,2785,192,2593,50,0.25,24,False,False,8.711781162055148,4.495671942722396,0.9839469864745113,16.88743704308376
TimesNet__ETTh2__h96__s2021,TimesNet,ETTh2,96,2785,192,2593,50,0.5,48,False,False,6.9957306542744035,2.700366340924112,-0.8773725815405241,16.88743704308376
TimesNet__ETTh2__h96__s2021,TimesNet,ETTh2,96,2785,192,2593,50,1.0,96,True,False,4.988419853460241,0.6003487080443294,-3.0546085403324232,16.88743704308376
TimesNet__ETTh2__h96__s2021,TimesNet,ETTh2,96,2785,192,2593,50,2.0,192,True,False,4.391278086619191,-0.024371808173969774,-3.702300231492324,16.88743704308376
TimesNet__ETTh2__h96__s2021,TimesNet,ETTh2,96,2785,192,2593,200,0.0,0,False,False,9.762969079112109,5.595408545740932,2.12412125920581,16.88743704308376
TimesNet__ETTh2__h96__s2021,TimesNet,ETTh2,96,2785,192,2593,200,0.125,12,False,False,8.835283590117717,4.624878280141427,1.117904282607661,16.88743704308376
TimesNet__ETTh2__h96__s2021,TimesNet,ETTh2,96,2785,192,2593,200,0.25,24,False,False,8.10300362905969,3.85877826722731,0.3236345250436596,16.88743704308376
TimesNet__ETTh2__h96__s2021,TimesNet,ETTh2,96,2785,192,2593,200,0.5,48,False,False,7.211307610449955,2.925899631049184,-0.6435463595713385,16.88743704308376
TimesNet__ETTh2__h96__s2021,TimesNet,ETTh2,96,2785,192,2593,200,1.0,96,True,False,6.760210316610793,2.4539685923568375,-1.1328304548205554,16.88743704308376
TimesNet__ETTh2__h96__s2021,TimesNet,ETTh2,96,2785,192,2593,200,2.0,192,True,False,5.939550086368952,1.5954065035103868,-2.0229621486809504,16.88743704308376
TimesNet__ETTh2__h96__s2021,TimesNet,ETTh2,96,2785,192,2593,1000,0.0,0,False,False,9.187747274833816,4.993620356631711,1.5002051242216885,16.88743704308376
TimesNet__ETTh2__h96__s2021,TimesNet,ETTh2,96,2785,192,2593,1000,0.125,12,False,False,8.788402843556744,4.575832365387877,1.0670549337444162,16.88743704308376
TimesNet__ETTh2__h96__s2021,TimesNet,ETTh2,96,2785,192,2593,1000,0.25,24,False,False,8.41311915433842,4.1832163517785235,0.6600023026407464,16.88743704308376
TimesNet__ETTh2__h96__s2021,TimesNet,ETTh2,96,2785,192,2593,1000,0.5,48,False,False,8.306034521774944,4.071186059059259,0.5438526199126645,16.88743704308376
TimesNet__ETTh2__h96__s2021,TimesNet,ETTh2,96,2785,192,2593,1000,1.0,96,True,False,7.221483863680494,2.9365458703919463,-0.6325086545730325,16.88743704308376
TimesNet__ETTh2__h96__s2021,TimesNet,ETTh2,96,2785,192,2593,1000,2.0,192,True,False,6.755203981182109,2.4487310413646917,-1.1382605922525297,16.88743704308376
TimesNet__ETTh2__h96__s2021,TimesNet,ETTh2,96,2785,192,2593,3000,0.0,0,False,False,7.85881514869687,3.6033120413194695,0.058774723585389384,16.88743704308376
TimesNet__ETTh2__h96__s2021,TimesNet,ETTh2,96,2785,192,2593,3000,0.125,12,False,False,7.36182738414713,3.083371099210931,-0.48028461471858136,16.88743704308376
TimesNet__ETTh2__h96__s2021,TimesNet,ETTh2,96,2785,192,2593,3000,0.25,24,False,False,7.15191787022972,2.8637669998572144,-0.707963627658751,16.88743704308376
TimesNet__ETTh2__h96__s2021,TimesNet,ETTh2,96,2785,192,2593,3000,0.5,48,False,False,7.100598150450544,2.8100770997146918,-0.7636277227520607,16.88743704308376
TimesNet__ETTh2__h96__s2021,TimesNet,ETTh2,96,2785,192,2593,3000,1.0,96,True,False,6.330884011008488,2.0048140261290808,-1.5985005793640439,16.88743704308376
TimesNet__ETTh2__h96__s2021,TimesNet,ETTh2,96,2785,192,2593,3000,2.0,192,True,False,6.545492666542435,2.2293342950416566,-1.3657246277241792,16.88743704308376
TimesNet__ETTh2__h96__s2021,TimesNet,ETTh2,96,2785,192,2593,1000000000,0.0,0,False,False,7.85881514869687,3.6033120413194695,0.058774723585389384,16.88743704308376
TimesNet__ETTh2__h96__s2021,TimesNet,ETTh2,96,2785,192,2593,1000000000,0.125,12,False,False,7.36182738414713,3.083371099210931,-0.48028461471858136,16.88743704308376
TimesNet__ETTh2__h96__s2021,TimesNet,ETTh2,96,2785,192,2593,1000000000,0.25,24,False,False,7.15191787022972,2.8637669998572144,-0.707963627658751,16.88743704308376
TimesNet__ETTh2__h96__s2021,TimesNet,ETTh2,96,2785,192,2593,1000000000,0.5,48,False,False,7.100598150450544,2.8100770997146918,-0.7636277227520607,16.88743704308376
TimesNet__ETTh2__h96__s2021,TimesNet,ETTh2,96,2785,192,2593,1000000000,1.0,96,True,False,6.330884011008488,2.0048140261290808,-1.5985005793640439,16.88743704308376
TimesNet__ETTh2__h96__s2021,TimesNet,ETTh2,96,2785,192,2593,1000000000,2.0,192,True,False,6.545492666542435,2.2293342950416566,-1.3657246277241792,16.88743704308376
TimesNet__ETTh2__h192__s2021,TimesNet,ETTh2,192,2689,384,2305,50,0.0,0,False,False,11.267674677584928,4.619405447579147,4.619405447579147,15.093028598403068
TimesNet__ETTh2__h192__s2021,TimesNet,ETTh2,192,2689,384,2305,50,0.125,24,False,False,7.425362330554075,0.48920785854637483,0.48920785854637483,15.093028598403068
TimesNet__ETTh2__h192__s2021,TimesNet,ETTh2,192,2689,384,2305,50,0.25,48,False,False,7.378962455878198,0.43933147338840667,0.43933147338840667,15.093028598403068
TimesNet__ETTh2__h192__s2021,TimesNet,ETTh2,192,2689,384,2305,50,0.5,96,False,False,5.261584394888728,-1.8366911329797204,-1.8366911329797204,15.093028598403068
TimesNet__ETTh2__h192__s2021,TimesNet,ETTh2,192,2689,384,2305,50,1.0,192,True,False,4.518089959888263,-2.6358918864715988,-2.6358918864715988,15.093028598403068
TimesNet__ETTh2__h192__s2021,TimesNet,ETTh2,192,2689,384,2305,50,2.0,384,True,False,5.787826506711702,-1.271020332380097,-1.271020332380097,15.093028598403068
TimesNet__ETTh2__h192__s2021,TimesNet,ETTh2,192,2689,384,2305,200,0.0,0,False,False,8.473401423816187,1.6157712779800402,1.6157712779800402,15.093028598403068
TimesNet__ETTh2__h192__s2021,TimesNet,ETTh2,192,2689,384,2305,200,0.125,24,False,False,6.244881231845631,-0.779720783226335,-0.779720783226335,15.093028598403068
TimesNet__ETTh2__h192__s2021,TimesNet,ETTh2,192,2689,384,2305,200,0.25,48,False,False,3.5583652048168672,-3.6675240161692306,-3.6675240161692306,15.093028598403068
TimesNet__ETTh2__h192__s2021,TimesNet,ETTh2,192,2689,384,2305,200,0.5,96,False,False,2.2103619482904304,-5.116526412972321,-5.116526412972321,15.093028598403068
TimesNet__ETTh2__h192__s2021,TimesNet,ETTh2,192,2689,384,2305,200,1.0,192,True,False,1.9213618051423376,-5.427179891048552,-5.427179891048552,15.093028598403068
TimesNet__ETTh2__h192__s2021,TimesNet,ETTh2,192,2689,384,2305,200,2.0,384,True,False,6.547056640666768,-0.4549048827328518,-0.4549048827328518,15.093028598403068
TimesNet__ETTh2__h192__s2021,TimesNet,ETTh2,192,2689,384,2305,1000,0.0,0,False,False,6.564982584136173,-0.4356358379984519,-0.4356358379984519,15.093028598403068
TimesNet__ETTh2__h192__s2021,TimesNet,ETTh2,192,2689,384,2305,1000,0.125,24,False,False,5.485902186917267,-1.595566331002245,-1.595566331002245,15.093028598403068
TimesNet__ETTh2__h192__s2021,TimesNet,ETTh2,192,2689,384,2305,1000,0.25,48,False,False,5.440692413628602,-1.6441634464298474,-1.6441634464298474,15.093028598403068
TimesNet__ETTh2__h192__s2021,TimesNet,ETTh2,192,2689,384,2305,1000,0.5,96,False,False,4.898667966215289,-2.2267990740703794,-2.2267990740703794,15.093028598403068
TimesNet__ETTh2__h192__s2021,TimesNet,ETTh2,192,2689,384,2305,1000,1.0,192,True,False,4.357110953509253,-2.80893224445948,-2.80893224445948,15.093028598403068
TimesNet__ETTh2__h192__s2021,TimesNet,ETTh2,192,2689,384,2305,1000,2.0,384,True,False,6.2581654355749485,-0.7654412605692439,-0.7654412605692439,15.093028598403068
TimesNet__ETTh2__h192__s2021,TimesNet,ETTh2,192,2689,384,2305,3000,0.0,0,False,False,6.997600454363275,0.029395924961999487,0.029395924961999487,15.093028598403068
TimesNet__ETTh2__h192__s2021,TimesNet,ETTh2,192,2689,384,2305,3000,0.125,24,False,False,6.202290061298742,-0.8255030971089589,-0.8255030971089589,15.093028598403068
TimesNet__ETTh2__h192__s2021,TimesNet,ETTh2,192,2689,384,2305,3000,0.25,48,False,False,5.923737521497377,-1.1249261851865275,-1.1249261851865275,15.093028598403068
TimesNet__ETTh2__h192__s2021,TimesNet,ETTh2,192,2689,384,2305,3000,0.5,96,False,False,5.694614163474874,-1.3712166101768082,-1.3712166101768082,15.093028598403068
TimesNet__ETTh2__h192__s2021,TimesNet,ETTh2,192,2689,384,2305,3000,1.0,192,True,False,4.885885019808421,-2.2405397827015183,-2.2405397827015183,15.093028598403068
TimesNet__ETTh2__h192__s2021,TimesNet,ETTh2,192,2689,384,2305,3000,2.0,384,True,False,6.2094097853019585,-0.8178499278044408,-0.8178499278044408,15.093028598403068
TimesNet__ETTh2__h192__s2021,TimesNet,ETTh2,192,2689,384,2305,1000000000,0.0,0,False,False,6.997600454363275,0.029395924961999487,0.029395924961999487,15.093028598403068
TimesNet__ETTh2__h192__s2021,TimesNet,ETTh2,192,2689,384,2305,1000000000,0.125,24,False,False,6.202290061298742,-0.8255030971089589,-0.8255030971089589,15.093028598403068
TimesNet__ETTh2__h192__s2021,TimesNet,ETTh2,192,2689,384,2305,1000000000,0.25,48,False,False,5.923737521497377,-1.1249261851865275,-1.1249261851865275,15.093028598403068
TimesNet__ETTh2__h192__s2021,TimesNet,ETTh2,192,2689,384,2305,1000000000,0.5,96,False,False,5.694614163474874,-1.3712166101768082,-1.3712166101768082,15.093028598403068
TimesNet__ETTh2__h192__s2021,TimesNet,ETTh2,192,2689,384,2305,1000000000,1.0,192,True,False,4.885885019808421,-2.2405397827015183,-2.2405397827015183,15.093028598403068
TimesNet__ETTh2__h192__s2021,TimesNet,ETTh2,192,2689,384,2305,1000000000,2.0,384,True,False,6.2094097853019585,-0.8178499278044408,-0.8178499278044408,15.093028598403068
TimesNet__ETTh2__h336__s2021,TimesNet,ETTh2,336,2545,672,1873,50,0.0,0,False,False,8.615636783988124,9.393027434568877,4.112021616911796,13.678498061211622
TimesNet__ETTh2__h336__s2021,TimesNet,ETTh2,336,2545,672,1873,50,0.125,42,False,False,4.332090025365288,5.145920052271371,-0.38262740770170983,13.678498061211622
TimesNet__ETTh2__h336__s2021,TimesNet,ETTh2,336,2545,672,1873,50,0.25,84,False,False,3.6879676314740832,4.507277093911791,-1.0584935187945637,13.678498061211622
TimesNet__ETTh2__h336__s2021,TimesNet,ETTh2,336,2545,672,1873,50,0.5,168,False,False,2.5842093417716874,3.4129082811912226,-2.216647357137375,13.678498061211622
TimesNet__ETTh2__h336__s2021,TimesNet,ETTh2,336,2545,672,1873,50,1.0,336,True,False,2.8915426574901253,3.7176271666303053,-1.8941680040301807,13.678498061211622
TimesNet__ETTh2__h336__s2021,TimesNet,ETTh2,336,2545,672,1873,50,2.0,672,True,False,-0.8526646066693178,0.005271212898160046,-5.82289774041703,13.678498061211622
TimesNet__ETTh2__h336__s2021,TimesNet,ETTh2,336,2545,672,1873,200,0.0,0,False,False,6.430397309374676,7.226377406520035,1.819088907972252,13.678498061211622
TimesNet__ETTh2__h336__s2021,TimesNet,ETTh2,336,2545,672,1873,200,0.125,42,False,False,5.6510598798259535,6.453669662948843,1.0013440775896527,13.678498061211622
TimesNet__ETTh2__h336__s2021,TimesNet,ETTh2,336,2545,672,1873,200,0.25,84,False,False,5.5745027162583085,6.3777637576610395,0.9210140146893664,13.678498061211622
TimesNet__ETTh2__h336__s2021,TimesNet,ETTh2,336,2545,672,1873,200,0.5,168,False,False,5.4701765116929755,6.274325037706701,0.8115463935767265,13.678498061211622
TimesNet__ETTh2__h336__s2021,TimesNet,ETTh2,336,2545,672,1873,200,1.0,336,True,False,-2.3096556380485156,-1.4393254529034512,-7.351692378849911,13.678498061211622
TimesNet__ETTh2__h336__s2021,TimesNet,ETTh2,336,2545,672,1873,200,2.0,672,True,False,-2.367839211935053,-1.4970140693950365,-7.412743362614994,13.678498061211622
TimesNet__ETTh2__h336__s2021,TimesNet,ETTh2,336,2545,672,1873,1000,0.0,0,False,False,5.090875752938853,5.898250923569193,0.4135528892598783,13.678498061211622
TimesNet__ETTh2__h336__s2021,TimesNet,ETTh2,336,2545,672,1873,1000,0.125,42,False,False,4.224454832558946,5.039200493055027,-0.495567091011399,13.678498061211622
TimesNet__ETTh2__h336__s2021,TimesNet,ETTh2,336,2545,672,1873,1000,0.25,84,False,False,1.3724577548745502,2.2114648511967445,-3.488116631321767,13.678498061211622
TimesNet__ETTh2__h336__s2021,TimesNet,ETTh2,336,2545,672,1873,1000,0.5,168,False,False,-1.6744119056639963,-0.8094856268440046,-6.685142488526811,13.678498061211622
TimesNet__ETTh2__h336__s2021,TimesNet,ETTh2,336,2545,672,1873,1000,1.0,336,True,False,-1.7177828290187864,-0.8524876014078144,-6.730650822937025,13.678498061211622
TimesNet__ETTh2__h336__s2021,TimesNet,ETTh2,336,2545,672,1873,1000,2.0,672,True,False,-0.857981045575016,0.0,-5.828476184703605,13.678498061211622
TimesNet__ETTh2__h336__s2021,TimesNet,ETTh2,336,2545,672,1873,3000,0.0,0,False,False,4.264038009475101,5.078446942870702,-0.4540331712148754,13.678498061211622
TimesNet__ETTh2__h336__s2021,TimesNet,ETTh2,336,2545,672,1873,3000,0.125,42,False,False,2.4740492132877314,3.3036852654794786,-2.332236410308093,13.678498061211622
TimesNet__ETTh2__h336__s2021,TimesNet,ETTh2,336,2545,672,1873,3000,0.25,84,False,False,-0.9662871653812338,-0.10738477875863607,-5.942119859718185,13.678498061211622
TimesNet__ETTh2__h336__s2021,TimesNet,ETTh2,336,2545,672,1873,3000,0.5,168,False,False,-2.0039883815527446,-1.1362584538152503,-7.030961191896158,13.678498061211622
TimesNet__ETTh2__h336__s2021,TimesNet,ETTh2,336,2545,672,1873,3000,1.0,336,True,False,-2.0320713508020285,-1.1641025262011466,-7.060428149409918,13.678498061211622
TimesNet__ETTh2__h336__s2021,TimesNet,ETTh2,336,2545,672,1873,3000,2.0,672,True,False,-0.857981045575016,0.0,-5.828476184703605,13.678498061211622
TimesNet__ETTh2__h336__s2021,TimesNet,ETTh2,336,2545,672,1873,1000000000,0.0,0,False,False,4.264038009475101,5.078446942870702,-0.4540331712148754,13.678498061211622
TimesNet__ETTh2__h336__s2021,TimesNet,ETTh2,336,2545,672,1873,1000000000,0.125,42,False,False,2.4740492132877314,3.3036852654794786,-2.332236410308093,13.678498061211622
TimesNet__ETTh2__h336__s2021,TimesNet,ETTh2,336,2545,672,1873,1000000000,0.25,84,False,False,-0.9662871653812338,-0.10738477875863607,-5.942119859718185,13.678498061211622
TimesNet__ETTh2__h336__s2021,TimesNet,ETTh2,336,2545,672,1873,1000000000,0.5,168,False,False,-2.0039883815527446,-1.1362584538152503,-7.030961191896158,13.678498061211622
TimesNet__ETTh2__h336__s2021,TimesNet,ETTh2,336,2545,672,1873,1000000000,1.0,336,True,False,-2.0320713508020285,-1.1641025262011466,-7.060428149409918,13.678498061211622
TimesNet__ETTh2__h336__s2021,TimesNet,ETTh2,336,2545,672,1873,1000000000,2.0,672,True,False,-0.857981045575016,0.0,-5.828476184703605,13.678498061211622
TimesNet__ETTh2__h720__s2021,TimesNet,ETTh2,720,2161,1080,1081,50,0.0,0,False,False,11.188085683310364,13.138063333923636,11.188085683310364,12.75927847449783
TimesNet__ETTh2__h720__s2021,TimesNet,ETTh2,720,2161,1080,1081,50,0.125,90,False,False,7.299368237033638,9.334727586354024,7.299368237033638,12.75927847449783
TimesNet__ETTh2__h720__s2021,TimesNet,ETTh2,720,2161,1080,1081,50,0.25,180,False,False,2.7168298146272467,4.85280457771864,2.7168298146272467,12.75927847449783
TimesNet__ETTh2__h720__s2021,TimesNet,ETTh2,720,2161,1080,1081,50,0.5,360,False,False,-3.5789209555220154,-1.304715039661569,-3.5789209555220154,12.75927847449783
TimesNet__ETTh2__h720__s2021,TimesNet,ETTh2,720,2161,1080,1081,50,1.0,720,True,False,-4.879991621750214,-2.5772190575911313,-4.879991621750214,12.75927847449783
TimesNet__ETTh2__h720__s2021,TimesNet,ETTh2,720,2161,1080,1081,50,2.0,1440,True,True,,,,12.75927847449783
TimesNet__ETTh2__h720__s2021,TimesNet,ETTh2,720,2161,1080,1081,200,0.0,0,False,False,9.833276436165976,11.813000633434635,9.833276436165976,12.75927847449783
TimesNet__ETTh2__h720__s2021,TimesNet,ETTh2,720,2161,1080,1081,200,0.125,90,False,False,2.8012182561235845,4.935340164492118,2.8012182561235845,12.75927847449783
TimesNet__ETTh2__h720__s2021,TimesNet,ETTh2,720,2161,1080,1081,200,0.25,180,False,False,-1.5026725795951066,0.7259466831532049,-1.5026725795951066,12.75927847449783
TimesNet__ETTh2__h720__s2021,TimesNet,ETTh2,720,2161,1080,1081,200,0.5,360,False,False,-4.645632048921925,-2.348005144922727,-4.645632048921925,12.75927847449783
TimesNet__ETTh2__h720__s2021,TimesNet,ETTh2,720,2161,1080,1081,200,1.0,720,True,False,-5.257367355391529,-2.9463090307897613,-5.257367355391529,12.75927847449783
TimesNet__ETTh2__h720__s2021,TimesNet,ETTh2,720,2161,1080,1081,200,2.0,1440,True,True,,,,12.75927847449783
TimesNet__ETTh2__h720__s2021,TimesNet,ETTh2,720,2161,1080,1081,1000,0.0,0,False,False,0.4850134289775142,2.669990537145841,0.4850134289775142,12.75927847449783
TimesNet__ETTh2__h720__s2021,TimesNet,ETTh2,720,2161,1080,1081,1000,0.125,90,False,False,-6.517456279326552,-4.178731112293073,-6.517456279326552,12.75927847449783
TimesNet__ETTh2__h720__s2021,TimesNet,ETTh2,720,2161,1080,1081,1000,0.25,180,False,False,-9.746091760593178,-7.336477827352077,-9.746091760593178,12.75927847449783
TimesNet__ETTh2__h720__s2021,TimesNet,ETTh2,720,2161,1080,1081,1000,0.5,360,False,False,-9.832511847492349,-7.421000452189835,-9.832511847492349,12.75927847449783
TimesNet__ETTh2__h720__s2021,TimesNet,ETTh2,720,2161,1080,1081,1000,1.0,720,True,False,-4.423097356038596,-2.130356482038269,-4.423097356038596,12.75927847449783
TimesNet__ETTh2__h720__s2021,TimesNet,ETTh2,720,2161,1080,1081,1000,2.0,1440,True,True,,,,12.75927847449783
TimesNet__ETTh2__h720__s2021,TimesNet,ETTh2,720,2161,1080,1081,3000,0.0,0,False,False,-0.6133824060817954,1.5957113687114042,-0.6133824060817954,12.75927847449783
TimesNet__ETTh2__h720__s2021,TimesNet,ETTh2,720,2161,1080,1081,3000,0.125,90,False,False,-6.49526349861919,-4.1570256020912195,-6.49526349861919,12.75927847449783
TimesNet__ETTh2__h720__s2021,TimesNet,ETTh2,720,2161,1080,1081,3000,0.25,180,False,False,-9.676299968302581,-7.268218401931513,-9.676299968302581,12.75927847449783
TimesNet__ETTh2__h720__s2021,TimesNet,ETTh2,720,2161,1080,1081,3000,0.5,360,False,False,-9.833536981398154,-7.422003077987122,-9.833536981398154,12.75927847449783
TimesNet__ETTh2__h720__s2021,TimesNet,ETTh2,720,2161,1080,1081,3000,1.0,720,True,False,-4.439448639684219,-2.1463487526177607,-4.439448639684219,12.75927847449783
TimesNet__ETTh2__h720__s2021,TimesNet,ETTh2,720,2161,1080,1081,3000,2.0,1440,True,True,,,,12.75927847449783
TimesNet__ETTh2__h720__s2021,TimesNet,ETTh2,720,2161,1080,1081,1000000000,0.0,0,False,False,-0.6133824060817954,1.5957113687114042,-0.6133824060817954,12.75927847449783
TimesNet__ETTh2__h720__s2021,TimesNet,ETTh2,720,2161,1080,1081,1000000000,0.125,90,False,False,-6.49526349861919,-4.1570256020912195,-6.49526349861919,12.75927847449783
TimesNet__ETTh2__h720__s2021,TimesNet,ETTh2,720,2161,1080,1081,1000000000,0.25,180,False,False,-9.676299968302581,-7.268218401931513,-9.676299968302581,12.75927847449783
TimesNet__ETTh2__h720__s2021,TimesNet,ETTh2,720,2161,1080,1081,1000000000,0.5,360,False,False,-9.833536981398154,-7.422003077987122,-9.833536981398154,12.75927847449783
TimesNet__ETTh2__h720__s2021,TimesNet,ETTh2,720,2161,1080,1081,1000000000,1.0,720,True,False,-4.439448639684219,-2.1463487526177607,-4.439448639684219,12.75927847449783
TimesNet__ETTh2__h720__s2021,TimesNet,ETTh2,720,2161,1080,1081,1000000000,2.0,1440,True,True,,,,12.75927847449783
TimesNet__ETTm1__h96__s2021,TimesNet,ETTm1,96,11425,192,11233,50,0.0,0,False,False,6.757066050818753,6.757066050818753,6.757066050818753,12.3454802576747
TimesNet__ETTm1__h96__s2021,TimesNet,ETTm1,96,11425,192,11233,50,0.125,12,False,False,4.017565003141568,4.017565003141568,4.017565003141568,12.3454802576747
TimesNet__ETTm1__h96__s2021,TimesNet,ETTm1,96,11425,192,11233,50,0.25,24,False,False,2.790856641123036,2.790856641123036,2.790856641123036,12.3454802576747
TimesNet__ETTm1__h96__s2021,TimesNet,ETTm1,96,11425,192,11233,50,0.5,48,False,False,0.2831416474406366,0.2831416474406366,0.2831416474406366,12.3454802576747
TimesNet__ETTm1__h96__s2021,TimesNet,ETTm1,96,11425,192,11233,50,1.0,96,True,False,-2.0606413937532144,-2.0606413937532144,-2.0606413937532144,12.3454802576747
TimesNet__ETTm1__h96__s2021,TimesNet,ETTm1,96,11425,192,11233,50,2.0,192,True,False,-1.1263142780947437,-1.1263142780947437,-1.1263142780947437,12.3454802576747
TimesNet__ETTm1__h96__s2021,TimesNet,ETTm1,96,11425,192,11233,200,0.0,0,False,False,1.8099144237994174,1.8099144237994174,1.8099144237994174,12.3454802576747
TimesNet__ETTm1__h96__s2021,TimesNet,ETTm1,96,11425,192,11233,200,0.125,12,False,False,-0.0022354919455460868,-0.0022354919455460868,-0.0022354919455460868,12.3454802576747
TimesNet__ETTm1__h96__s2021,TimesNet,ETTm1,96,11425,192,11233,200,0.25,24,False,False,-0.8903465227863682,-0.8903465227863682,-0.8903465227863682,12.3454802576747
TimesNet__ETTm1__h96__s2021,TimesNet,ETTm1,96,11425,192,11233,200,0.5,48,False,False,-1.4273014529577925,-1.4273014529577925,-1.4273014529577925,12.3454802576747
TimesNet__ETTm1__h96__s2021,TimesNet,ETTm1,96,11425,192,11233,200,1.0,96,True,False,-1.3721870571313548,-1.3721870571313548,-1.3721870571313548,12.3454802576747
TimesNet__ETTm1__h96__s2021,TimesNet,ETTm1,96,11425,192,11233,200,2.0,192,True,False,-1.5964539980175443,-1.5964539980175443,-1.5964539980175443,12.3454802576747
TimesNet__ETTm1__h96__s2021,TimesNet,ETTm1,96,11425,192,11233,1000,0.0,0,False,False,0.3133303665098947,0.3133303665098947,0.3133303665098947,12.3454802576747
TimesNet__ETTm1__h96__s2021,TimesNet,ETTm1,96,11425,192,11233,1000,0.125,12,False,False,-0.31132646356686094,-0.31132646356686094,-0.31132646356686094,12.3454802576747
TimesNet__ETTm1__h96__s2021,TimesNet,ETTm1,96,11425,192,11233,1000,0.25,24,False,False,-0.5644141467695243,-0.5644141467695243,-0.5644141467695243,12.3454802576747
TimesNet__ETTm1__h96__s2021,TimesNet,ETTm1,96,11425,192,11233,1000,0.5,48,False,False,-0.7640307491670582,-0.7640307491670582,-0.7640307491670582,12.3454802576747
TimesNet__ETTm1__h96__s2021,TimesNet,ETTm1,96,11425,192,11233,1000,1.0,96,True,False,-1.5448050009049281,-1.5448050009049281,-1.5448050009049281,12.3454802576747
TimesNet__ETTm1__h96__s2021,TimesNet,ETTm1,96,11425,192,11233,1000,2.0,192,True,False,-1.820652560913852,-1.820652560913852,-1.820652560913852,12.3454802576747
TimesNet__ETTm1__h96__s2021,TimesNet,ETTm1,96,11425,192,11233,3000,0.0,0,False,False,-0.583985439465043,-0.583985439465043,-0.583985439465043,12.3454802576747
TimesNet__ETTm1__h96__s2021,TimesNet,ETTm1,96,11425,192,11233,3000,0.125,12,False,False,-0.9383437659587669,-0.9383437659587669,-0.9383437659587669,12.3454802576747
TimesNet__ETTm1__h96__s2021,TimesNet,ETTm1,96,11425,192,11233,3000,0.25,24,False,False,-1.2469703343197525,-1.2469703343197525,-1.2469703343197525,12.3454802576747
TimesNet__ETTm1__h96__s2021,TimesNet,ETTm1,96,11425,192,11233,3000,0.5,48,False,False,-1.4413896021286021,-1.4413896021286021,-1.4413896021286021,12.3454802576747
TimesNet__ETTm1__h96__s2021,TimesNet,ETTm1,96,11425,192,11233,3000,1.0,96,True,False,-1.3497208416707434,-1.3497208416707434,-1.3497208416707434,12.3454802576747
TimesNet__ETTm1__h96__s2021,TimesNet,ETTm1,96,11425,192,11233,3000,2.0,192,True,False,-1.0437436756669705,-1.0437436756669705,-1.0437436756669705,12.3454802576747
TimesNet__ETTm1__h96__s2021,TimesNet,ETTm1,96,11425,192,11233,1000000000,0.0,0,False,False,-0.19333375686458285,-0.19333375686458285,-0.19333375686458285,12.3454802576747
TimesNet__ETTm1__h96__s2021,TimesNet,ETTm1,96,11425,192,11233,1000000000,0.125,12,False,False,-0.620385968714526,-0.620385968714526,-0.620385968714526,12.3454802576747
TimesNet__ETTm1__h96__s2021,TimesNet,ETTm1,96,11425,192,11233,1000000000,0.25,24,False,False,-0.8555982359103523,-0.8555982359103523,-0.8555982359103523,12.3454802576747
TimesNet__ETTm1__h96__s2021,TimesNet,ETTm1,96,11425,192,11233,1000000000,0.5,48,False,False,-0.9747051918454086,-0.9747051918454086,-0.9747051918454086,12.3454802576747
TimesNet__ETTm1__h96__s2021,TimesNet,ETTm1,96,11425,192,11233,1000000000,1.0,96,True,False,-0.9136179486340269,-0.9136179486340269,-0.9136179486340269,12.3454802576747
TimesNet__ETTm1__h96__s2021,TimesNet,ETTm1,96,11425,192,11233,1000000000,2.0,192,True,False,-0.6093738942142971,-0.6093738942142971,-0.6093738942142971,12.3454802576747
TimesNet__ETTm1__h192__s2021,TimesNet,ETTm1,192,11329,384,10945,50,0.0,0,False,False,8.947402235997645,8.993967903548095,8.947402235997645,12.705358522684698
TimesNet__ETTm1__h192__s2021,TimesNet,ETTm1,192,11329,384,10945,50,0.125,24,False,False,4.352235341300809,4.401151046293483,4.352235341300809,12.705358522684698
TimesNet__ETTm1__h192__s2021,TimesNet,ETTm1,192,11329,384,10945,50,0.25,48,False,False,2.8364072745877276,2.8860981968454937,2.8364072745877276,12.705358522684698
TimesNet__ETTm1__h192__s2021,TimesNet,ETTm1,192,11329,384,10945,50,0.5,96,False,False,0.32986709510491746,0.38083989969845383,0.32986709510491746,12.705358522684698
TimesNet__ETTm1__h192__s2021,TimesNet,ETTm1,192,11329,384,10945,50,1.0,192,True,False,-1.0118028317058823,-0.9601438769386164,-1.0118028317058823,12.705358522684698
TimesNet__ETTm1__h192__s2021,TimesNet,ETTm1,192,11329,384,10945,50,2.0,384,True,False,1.0650421650658783,1.1156389900746486,1.0650421650658783,12.705358522684698
TimesNet__ETTm1__h192__s2021,TimesNet,ETTm1,192,11329,384,10945,200,0.0,0,False,False,5.2296062029894586,5.278073207331442,5.2296062029894586,12.705358522684698
TimesNet__ETTm1__h192__s2021,TimesNet,ETTm1,192,11329,384,10945,200,0.125,24,False,False,2.719466968248432,2.769217695537158,2.719466968248432,12.705358522684698
TimesNet__ETTm1__h192__s2021,TimesNet,ETTm1,192,11329,384,10945,200,0.25,48,False,False,1.6247119630155866,1.6750225644745698,1.6247119630155866,12.705358522684698
TimesNet__ETTm1__h192__s2021,TimesNet,ETTm1,192,11329,384,10945,200,0.5,96,False,False,-0.4086235999198318,-0.3572731200810186,-0.4086235999198318,12.705358522684698
TimesNet__ETTm1__h192__s2021,TimesNet,ETTm1,192,11329,384,10945,200,1.0,192,True,False,0.015631635171669375,0.06676514450421536,0.015631635171669375,12.705358522684698
TimesNet__ETTm1__h192__s2021,TimesNet,ETTm1,192,11329,384,10945,200,2.0,384,True,False,1.7052351588526817,1.7555045795385784,1.7052351588526817,12.705358522684698
TimesNet__ETTm1__h192__s2021,TimesNet,ETTm1,192,11329,384,10945,1000,0.0,0,False,False,1.6675605818866268,1.7178492699176535,1.6675605818866268,12.705358522684698
TimesNet__ETTm1__h192__s2021,TimesNet,ETTm1,192,11329,384,10945,1000,0.125,24,False,False,1.065365936798995,1.1159625962260329,1.065365936798995,12.705358522684698
TimesNet__ETTm1__h192__s2021,TimesNet,ETTm1,192,11329,384,10945,1000,0.25,48,False,False,0.6118576899169004,0.6626862802802793,0.6118576899169004,12.705358522684698
TimesNet__ETTm1__h192__s2021,TimesNet,ETTm1,192,11329,384,10945,1000,0.5,96,False,False,0.14569204090406804,0.19675903538955267,0.14569204090406804,12.705358522684698
TimesNet__ETTm1__h192__s2021,TimesNet,ETTm1,192,11329,384,10945,1000,1.0,192,True,False,-1.234182036818677,-1.1824093539822542,-1.234182036818677,12.705358522684698
TimesNet__ETTm1__h192__s2021,TimesNet,ETTm1,192,11329,384,10945,1000,2.0,384,True,False,-2.4278688100245858,-2.3754856578242403,-2.4278688100245858,12.705358522684698
TimesNet__ETTm1__h192__s2021,TimesNet,ETTm1,192,11329,384,10945,3000,0.0,0,False,False,0.5451986874569024,0.5960613682364146,0.5451986874569024,12.705358522684698
TimesNet__ETTm1__h192__s2021,TimesNet,ETTm1,192,11329,384,10945,3000,0.125,24,False,False,-0.24905266781166563,-0.19778379494681833,-0.24905266781166563,12.705358522684698
TimesNet__ETTm1__h192__s2021,TimesNet,ETTm1,192,11329,384,10945,3000,0.25,48,False,False,-0.6921368838504691,-0.6406414110553883,-0.6921368838504691,12.705358522684698
TimesNet__ETTm1__h192__s2021,TimesNet,ETTm1,192,11329,384,10945,3000,0.5,96,False,False,-1.0324520097341459,-0.9807824946667583,-1.0324520097341459,12.705358522684698
TimesNet__ETTm1__h192__s2021,TimesNet,ETTm1,192,11329,384,10945,3000,1.0,192,True,False,-1.3129920754405808,-1.2611790879654303,-1.3129920754405808,12.705358522684698
TimesNet__ETTm1__h192__s2021,TimesNet,ETTm1,192,11329,384,10945,3000,2.0,384,True,False,-1.4894686989507373,-1.437565458676846,-1.4894686989507373,12.705358522684698
TimesNet__ETTm1__h192__s2021,TimesNet,ETTm1,192,11329,384,10945,1000000000,0.0,0,False,False,-0.023723819461096193,0.027429816842692016,-0.023723819461096193,12.705358522684698
TimesNet__ETTm1__h192__s2021,TimesNet,ETTm1,192,11329,384,10945,1000000000,0.125,24,False,False,-1.0039286712336277,-0.952273743430422,-1.0039286712336277,12.705358522684698
TimesNet__ETTm1__h192__s2021,TimesNet,ETTm1,192,11329,384,10945,1000000000,0.25,48,False,False,-1.571041669019133,-1.519096711101829,-1.571041669019133,12.705358522684698
TimesNet__ETTm1__h192__s2021,TimesNet,ETTm1,192,11329,384,10945,1000000000,0.5,96,False,False,-1.8990540688592161,-1.8469413604686864,-1.8990540688592161,12.705358522684698
TimesNet__ETTm1__h192__s2021,TimesNet,ETTm1,192,11329,384,10945,1000000000,1.0,192,True,False,-2.17948824930475,-2.1272321226577713,-2.17948824930475,12.705358522684698
TimesNet__ETTm1__h192__s2021,TimesNet,ETTm1,192,11329,384,10945,1000000000,2.0,384,True,False,-2.962747303417812,-2.910090606313588,-2.962747303417812,12.705358522684698
TimesNet__ETTm1__h336__s2021,TimesNet,ETTm1,336,11185,672,10513,50,0.0,0,False,False,11.263383239251798,9.750495007551232,4.294001224298746,14.119039689934137
TimesNet__ETTm1__h336__s2021,TimesNet,ETTm1,336,11185,672,10513,50,0.125,42,False,False,6.8156611884937375,5.226942858755859,-0.5030453240524534,14.119039689934137
TimesNet__ETTm1__h336__s2021,TimesNet,ETTm1,336,11185,672,10513,50,0.25,84,False,False,5.6464887694173616,4.037836986520922,-1.7640446521021544,14.119039689934137
TimesNet__ETTm1__h336__s2021,TimesNet,ETTm1,336,11185,672,10513,50,0.5,168,False,False,5.772739527077714,4.166240218463934,-1.627878148361638,14.119039689934137
TimesNet__ETTm1__h336__s2021,TimesNet,ETTm1,336,11185,672,10513,50,1.0,336,True,False,4.673832700247097,3.048597910535024,-2.81309321810929,14.119039689934137
TimesNet__ETTm1__h336__s2021,TimesNet,ETTm1,336,11185,672,10513,50,2.0,672,True,False,4.790366518331519,3.1671185368662638,-2.687406823269761,14.119039689934137
TimesNet__ETTm1__h336__s2021,TimesNet,ETTm1,336,11185,672,10513,200,0.0,0,False,False,9.028618533672972,7.477629353940935,1.8837178938809094,14.119039689934137
TimesNet__ETTm1__h336__s2021,TimesNet,ETTm1,336,11185,672,10513,200,0.125,42,False,False,6.588616590173535,4.996027331912475,-0.7479220259381032,14.119039689934137
TimesNet__ETTm1__h336__s2021,TimesNet,ETTm1,336,11185,672,10513,200,0.25,84,False,False,5.751664232629874,4.144805607128504,-1.650608698367403,14.119039689934137
TimesNet__ETTm1__h336__s2021,TimesNet,ETTm1,336,11185,672,10513,200,0.5,168,False,False,5.813423299404508,4.207617616518427,-1.583999068826783,14.119039689934137
TimesNet__ETTm1__h336__s2021,TimesNet,ETTm1,336,11185,672,10513,200,1.0,336,True,False,5.4605939114783,3.848772770168435,-1.964539709224895,14.119039689934137
TimesNet__ETTm1__h336__s2021,TimesNet,ETTm1,336,11185,672,10513,200,2.0,672,True,False,4.628246209056214,3.002234206187218,-2.8622600764972597,14.119039689934137
TimesNet__ETTm1__h336__s2021,TimesNet,ETTm1,336,11185,672,10513,1000,0.0,0,False,False,6.427021041178668,4.831676708256279,-0.922209304164633,14.119039689934137
TimesNet__ETTm1__h336__s2021,TimesNet,ETTm1,336,11185,672,10513,1000,0.125,42,False,False,5.549294713516437,3.9389858498259414,-1.8688723380634025,14.119039689934137
TimesNet__ETTm1__h336__s2021,TimesNet,ETTm1,336,11185,672,10513,1000,0.25,84,False,False,5.424351623153305,3.8119125798600377,-2.0036284701972984,14.119039689934137
TimesNet__ETTm1__h336__s2021,TimesNet,ETTm1,336,11185,672,10513,1000,0.5,168,False,False,4.92656880065022,3.305642958991201,-2.5405072012119647,14.119039689934137
TimesNet__ETTm1__h336__s2021,TimesNet,ETTm1,336,11185,672,10513,1000,1.0,336,True,False,4.560477082904147,2.933309670721942,-2.935351796029765,14.119039689934137
TimesNet__ETTm1__h336__s2021,TimesNet,ETTm1,336,11185,672,10513,1000,2.0,672,True,False,7.143205884602194,5.560071929547369,-0.14977523748532665,14.119039689934137
TimesNet__ETTm1__h336__s2021,TimesNet,ETTm1,336,11185,672,10513,3000,0.0,0,False,False,7.282074377894172,5.701308019406858,0.0,14.119039689934137
TimesNet__ETTm1__h336__s2021,TimesNet,ETTm1,336,11185,672,10513,3000,0.125,42,False,False,7.282074377894172,5.701308019406858,0.0,14.119039689934137
TimesNet__ETTm1__h336__s2021,TimesNet,ETTm1,336,11185,672,10513,3000,0.25,84,False,False,7.282074377894172,5.701308019406858,0.0,14.119039689934137
TimesNet__ETTm1__h336__s2021,TimesNet,ETTm1,336,11185,672,10513,3000,0.5,168,False,False,7.282074377894172,5.701308019406858,0.0,14.119039689934137
TimesNet__ETTm1__h336__s2021,TimesNet,ETTm1,336,11185,672,10513,3000,1.0,336,True,False,7.282074377894172,5.701308019406858,0.0,14.119039689934137
TimesNet__ETTm1__h336__s2021,TimesNet,ETTm1,336,11185,672,10513,3000,2.0,672,True,False,7.282074377894172,5.701308019406858,0.0,14.119039689934137
TimesNet__ETTm1__h336__s2021,TimesNet,ETTm1,336,11185,672,10513,1000000000,0.0,0,False,False,7.282074377894172,5.701308019406858,0.0,14.119039689934137
TimesNet__ETTm1__h336__s2021,TimesNet,ETTm1,336,11185,672,10513,1000000000,0.125,42,False,False,7.282074377894172,5.701308019406858,0.0,14.119039689934137
TimesNet__ETTm1__h336__s2021,TimesNet,ETTm1,336,11185,672,10513,1000000000,0.25,84,False,False,7.282074377894172,5.701308019406858,0.0,14.119039689934137
TimesNet__ETTm1__h336__s2021,TimesNet,ETTm1,336,11185,672,10513,1000000000,0.5,168,False,False,7.282074377894172,5.701308019406858,0.0,14.119039689934137
TimesNet__ETTm1__h336__s2021,TimesNet,ETTm1,336,11185,672,10513,1000000000,1.0,336,True,False,7.282074377894172,5.701308019406858,0.0,14.119039689934137
TimesNet__ETTm1__h336__s2021,TimesNet,ETTm1,336,11185,672,10513,1000000000,2.0,672,True,False,7.282074377894172,5.701308019406858,0.0,14.119039689934137
TimesNet__ETTm1__h720__s2021,TimesNet,ETTm1,720,10801,1440,9361,50,0.0,0,False,False,6.497621660733407,4.27189671565017,4.27189671565017,7.714077827636818
TimesNet__ETTm1__h720__s2021,TimesNet,ETTm1,720,10801,1440,9361,50,0.125,90,False,False,2.951270443235122,0.6411283687803484,0.6411283687803484,7.714077827636818
TimesNet__ETTm1__h720__s2021,TimesNet,ETTm1,720,10801,1440,9361,50,0.25,180,False,False,2.3879389788316714,0.06438739635215401,0.06438739635215401,7.714077827636818
TimesNet__ETTm1__h720__s2021,TimesNet,ETTm1,720,10801,1440,9361,50,0.5,360,False,False,2.5850369979363177,0.2661771247538188,0.2661771247538188,7.714077827636818
TimesNet__ETTm1__h720__s2021,TimesNet,ETTm1,720,10801,1440,9361,50,1.0,720,True,False,0.5998710431533792,-1.7662436000592292,-1.7662436000592292,7.714077827636818
TimesNet__ETTm1__h720__s2021,TimesNet,ETTm1,720,10801,1440,9361,50,2.0,1440,True,False,2.9760828783292825,0.6665314375751507,0.6665314375751507,7.714077827636818
TimesNet__ETTm1__h720__s2021,TimesNet,ETTm1,720,10801,1440,9361,200,0.0,0,False,False,5.235294134356086,2.9795208213679296,2.9795208213679296,7.714077827636818
TimesNet__ETTm1__h720__s2021,TimesNet,ETTm1,720,10801,1440,9361,200,0.125,90,False,False,3.1231384548736614,0.8170875161478398,0.8170875161478398,7.714077827636818
TimesNet__ETTm1__h720__s2021,TimesNet,ETTm1,720,10801,1440,9361,200,0.25,180,False,False,3.721826191709968,1.4300263795742858,1.4300263795742858,7.714077827636818
TimesNet__ETTm1__h720__s2021,TimesNet,ETTm1,720,10801,1440,9361,200,0.5,360,False,False,1.780283609465021,-0.5577325645856946,-0.5577325645856946,7.714077827636818
TimesNet__ETTm1__h720__s2021,TimesNet,ETTm1,720,10801,1440,9361,200,1.0,720,True,False,1.2938430145238713,-1.055752361956682,-1.055752361956682,7.714077827636818
TimesNet__ETTm1__h720__s2021,TimesNet,ETTm1,720,10801,1440,9361,200,2.0,1440,True,False,2.9323885036289625,0.6217969646285865,0.6217969646285865,7.714077827636818
TimesNet__ETTm1__h720__s2021,TimesNet,ETTm1,720,10801,1440,9361,1000,0.0,0,False,False,4.177108539965741,1.8961462412448742,1.8961462412448742,7.714077827636818
TimesNet__ETTm1__h720__s2021,TimesNet,ETTm1,720,10801,1440,9361,1000,0.125,90,False,False,3.420106398410293,1.12112446660771,1.12112446660771,7.714077827636818
TimesNet__ETTm1__h720__s2021,TimesNet,ETTm1,720,10801,1440,9361,1000,0.25,180,False,False,3.466326357067483,1.1684446423585308,1.1684446423585308,7.714077827636818
TimesNet__ETTm1__h720__s2021,TimesNet,ETTm1,720,10801,1440,9361,1000,0.5,360,False,False,3.100085171521629,0.7934854738365801,0.7934854738365801,7.714077827636818
TimesNet__ETTm1__h720__s2021,TimesNet,ETTm1,720,10801,1440,9361,1000,1.0,720,True,False,3.924200831036843,1.6372183325460359,1.6372183325460359,7.714077827636818
TimesNet__ETTm1__h720__s2021,TimesNet,ETTm1,720,10801,1440,9361,1000,2.0,1440,True,False,2.3923609343381917,0.06891461181945521,0.06891461181945521,7.714077827636818
TimesNet__ETTm1__h720__s2021,TimesNet,ETTm1,720,10801,1440,9361,3000,0.0,0,False,False,3.8104242195417215,1.5207333894889847,1.5207333894889847,7.714077827636818
TimesNet__ETTm1__h720__s2021,TimesNet,ETTm1,720,10801,1440,9361,3000,0.125,90,False,False,3.3137646294901733,1.0122513446675527,1.0122513446675527,7.714077827636818
TimesNet__ETTm1__h720__s2021,TimesNet,ETTm1,720,10801,1440,9361,3000,0.25,180,False,False,3.1376359238967906,0.8319300820446363,0.8319300820446363,7.714077827636818
TimesNet__ETTm1__h720__s2021,TimesNet,ETTm1,720,10801,1440,9361,3000,0.5,360,False,False,2.6679647581425847,0.35107889233625394,0.35107889233625394,7.714077827636818
TimesNet__ETTm1__h720__s2021,TimesNet,ETTm1,720,10801,1440,9361,3000,1.0,720,True,False,2.2739427046482543,-0.05232243823050754,-0.05232243823050754,7.714077827636818
TimesNet__ETTm1__h720__s2021,TimesNet,ETTm1,720,10801,1440,9361,3000,2.0,1440,True,False,2.126138587558212,-0.20364487556262584,-0.20364487556262584,7.714077827636818
TimesNet__ETTm1__h720__s2021,TimesNet,ETTm1,720,10801,1440,9361,1000000000,0.0,0,False,False,2.329315000955266,0.004367936860659611,0.004367936860659611,7.714077827636818
TimesNet__ETTm1__h720__s2021,TimesNet,ETTm1,720,10801,1440,9361,1000000000,0.125,90,False,False,2.0079970495815105,-0.32459864754658596,-0.32459864754658596,7.714077827636818
TimesNet__ETTm1__h720__s2021,TimesNet,ETTm1,720,10801,1440,9361,1000000000,0.25,180,False,False,1.8121680899016033,-0.5250891079099065,-0.5250891079099065,7.714077827636818
TimesNet__ETTm1__h720__s2021,TimesNet,ETTm1,720,10801,1440,9361,1000000000,0.5,360,False,False,1.4547609871645713,-0.8910039076514508,-0.8910039076514508,7.714077827636818
TimesNet__ETTm1__h720__s2021,TimesNet,ETTm1,720,10801,1440,9361,1000000000,1.0,720,True,False,1.6800801823551548,-0.6603212279993049,-0.6603212279993049,7.714077827636818
TimesNet__ETTm1__h720__s2021,TimesNet,ETTm1,720,10801,1440,9361,1000000000,2.0,1440,True,False,1.7408315005387138,-0.5981237891209631,-0.5981237891209631,7.714077827636818
TimesNet__ETTm2__h96__s2021,TimesNet,ETTm2,96,11425,192,11233,50,0.0,0,False,False,8.56423415914956,3.79163306564017,3.79163306564017,14.529389008451629
TimesNet__ETTm2__h96__s2021,TimesNet,ETTm2,96,11425,192,11233,50,0.125,12,False,False,5.593504490532228,0.6658425460026623,0.6658425460026623,14.529389008451629
TimesNet__ETTm2__h96__s2021,TimesNet,ETTm2,96,11425,192,11233,50,0.25,24,False,False,3.9227391187417733,-1.0921304580209363,-1.0921304580209363,14.529389008451629
TimesNet__ETTm2__h96__s2021,TimesNet,ETTm2,96,11425,192,11233,50,0.5,48,False,False,3.357184158238047,-1.687205248080614,-1.687205248080614,14.529389008451629
TimesNet__ETTm2__h96__s2021,TimesNet,ETTm2,96,11425,192,11233,50,1.0,96,True,False,2.889427823791368,-2.1793766937558883,-2.1793766937558883,14.529389008451629
TimesNet__ETTm2__h96__s2021,TimesNet,ETTm2,96,11425,192,11233,50,2.0,192,True,False,4.555746692511094,-0.4260822834430706,-0.4260822834430706,14.529389008451629
TimesNet__ETTm2__h96__s2021,TimesNet,ETTm2,96,11425,192,11233,200,0.0,0,False,False,5.517673755807571,0.5860537337780205,0.5860537337780205,14.529389008451629
TimesNet__ETTm2__h96__s2021,TimesNet,ETTm2,96,11425,192,11233,200,0.125,12,False,False,4.350903388562446,-0.641617632976211,-0.641617632976211,14.529389008451629
TimesNet__ETTm2__h96__s2021,TimesNet,ETTm2,96,11425,192,11233,200,0.25,24,False,False,3.856538329835654,-1.1617866776834895,-1.1617866776834895,14.529389008451629
TimesNet__ETTm2__h96__s2021,TimesNet,ETTm2,96,11425,192,11233,200,0.5,48,False,False,3.479441373937879,-1.5585666681960706,-1.5585666681960706,14.529389008451629
TimesNet__ETTm2__h96__s2021,TimesNet,ETTm2,96,11425,192,11233,200,1.0,96,True,False,3.9587921347363553,-1.0541956109728523,-1.0541956109728523,14.529389008451629
TimesNet__ETTm2__h96__s2021,TimesNet,ETTm2,96,11425,192,11233,200,2.0,192,True,False,4.074384713022637,-0.9325695373638442,-0.9325695373638442,14.529389008451629
TimesNet__ETTm2__h96__s2021,TimesNet,ETTm2,96,11425,192,11233,1000,0.0,0,False,False,4.511666465969693,-0.47246333106317057,-0.47246333106317057,14.529389008451629
TimesNet__ETTm2__h96__s2021,TimesNet,ETTm2,96,11425,192,11233,1000,0.125,12,False,False,4.260339742797761,-0.7369083584654873,-0.7369083584654873,14.529389008451629
TimesNet__ETTm2__h96__s2021,TimesNet,ETTm2,96,11425,192,11233,1000,0.25,24,False,False,4.156275174965338,-0.8464047030831242,-0.8464047030831242,14.529389008451629
TimesNet__ETTm2__h96__s2021,TimesNet,ETTm2,96,11425,192,11233,1000,0.5,48,False,False,4.054141182777159,-0.953869703310873,-0.953869703310873,14.529389008451629
TimesNet__ETTm2__h96__s2021,TimesNet,ETTm2,96,11425,192,11233,1000,1.0,96,True,False,3.3631125541830977,-1.6809674122931784,-1.6809674122931784,14.529389008451629
TimesNet__ETTm2__h96__s2021,TimesNet,ETTm2,96,11425,192,11233,1000,2.0,192,True,False,3.1982259973046454,-1.8544604237075157,-1.8544604237075157,14.529389008451629
TimesNet__ETTm2__h96__s2021,TimesNet,ETTm2,96,11425,192,11233,3000,0.0,0,False,False,4.937071330762677,-0.024853941550296545,-0.024853941550296545,14.529389008451629
TimesNet__ETTm2__h96__s2021,TimesNet,ETTm2,96,11425,192,11233,3000,0.125,12,False,False,4.909171206881183,-0.05421034635776477,-0.05421034635776477,14.529389008451629
TimesNet__ETTm2__h96__s2021,TimesNet,ETTm2,96,11425,192,11233,3000,0.25,24,False,False,4.877006696623761,-0.08805372237865612,-0.08805372237865612,14.529389008451629
TimesNet__ETTm2__h96__s2021,TimesNet,ETTm2,96,11425,192,11233,3000,0.5,48,False,False,4.864930235073482,-0.10076052953899883,-0.10076052953899883,14.529389008451629
TimesNet__ETTm2__h96__s2021,TimesNet,ETTm2,96,11425,192,11233,3000,1.0,96,True,False,4.950208341556319,-0.011031228487935144,-0.011031228487935144,14.529389008451629
TimesNet__ETTm2__h96__s2021,TimesNet,ETTm2,96,11425,192,11233,3000,2.0,192,True,False,4.9262749664258925,-0.0362138352649541,-0.0362138352649541,14.529389008451629
TimesNet__ETTm2__h96__s2021,TimesNet,ETTm2,96,11425,192,11233,1000000000,0.0,0,False,False,4.960692344737122,0.0,0.0,14.529389008451629
TimesNet__ETTm2__h96__s2021,TimesNet,ETTm2,96,11425,192,11233,1000000000,0.125,12,False,False,4.960692344737122,0.0,0.0,14.529389008451629
TimesNet__ETTm2__h96__s2021,TimesNet,ETTm2,96,11425,192,11233,1000000000,0.25,24,False,False,4.957344786956935,-0.003522287633165719,-0.003522287633165719,14.529389008451629
TimesNet__ETTm2__h96__s2021,TimesNet,ETTm2,96,11425,192,11233,1000000000,0.5,48,False,False,4.941946899050967,-0.019723887040667125,-0.019723887040667125,14.529389008451629
TimesNet__ETTm2__h96__s2021,TimesNet,ETTm2,96,11425,192,11233,1000000000,1.0,96,True,False,4.936756091388199,-0.02518563522763422,-0.02518563522763422,14.529389008451629
TimesNet__ETTm2__h96__s2021,TimesNet,ETTm2,96,11425,192,11233,1000000000,2.0,192,True,False,4.924184729615148,-0.03841317453026791,-0.03841317453026791,14.529389008451629
TimesNet__ETTm2__h192__s2021,TimesNet,ETTm2,192,11329,384,10945,50,0.0,0,False,False,10.036069396525786,5.776290436267782,5.776290436267782,15.036021214704531
TimesNet__ETTm2__h192__s2021,TimesNet,ETTm2,192,11329,384,10945,50,0.125,24,False,False,6.547445519137474,2.1224807283642075,2.1224807283642075,15.036021214704531
TimesNet__ETTm2__h192__s2021,TimesNet,ETTm2,192,11329,384,10945,50,0.25,48,False,False,4.9880695003359055,0.48926848307204956,0.48926848307204956,15.036021214704531
TimesNet__ETTm2__h192__s2021,TimesNet,ETTm2,192,11329,384,10945,50,0.5,96,False,False,3.107454179294024,-1.4803936984524235,-1.4803936984524235,15.036021214704531
TimesNet__ETTm2__h192__s2021,TimesNet,ETTm2,192,11329,384,10945,50,1.0,192,True,False,2.1870982840511775,-2.4443283107678373,-2.4443283107678373,15.036021214704531
TimesNet__ETTm2__h192__s2021,TimesNet,ETTm2,192,11329,384,10945,50,2.0,384,True,False,-0.09899575715541886,-4.838668570570922,-4.838668570570922,15.036021214704531
TimesNet__ETTm2__h192__s2021,TimesNet,ETTm2,192,11329,384,10945,200,0.0,0,False,False,6.316788700753039,1.880902343354091,1.880902343354091,15.036021214704531
TimesNet__ETTm2__h192__s2021,TimesNet,ETTm2,192,11329,384,10945,200,0.125,24,False,False,4.428879352634201,-0.09639923636295711,-0.09639923636295711,15.036021214704531
TimesNet__ETTm2__h192__s2021,TimesNet,ETTm2,192,11329,384,10945,200,0.25,48,False,False,3.5779821426321745,-0.9875863048470993,-0.9875863048470993,15.036021214704531
TimesNet__ETTm2__h192__s2021,TimesNet,ETTm2,192,11329,384,10945,200,0.5,96,False,False,2.7301591186880594,-1.8755536250129718,-1.8755536250129718,15.036021214704531
TimesNet__ETTm2__h192__s2021,TimesNet,ETTm2,192,11329,384,10945,200,1.0,192,True,False,1.3603408991494816,-3.310232536962683,-3.310232536962683,15.036021214704531
TimesNet__ETTm2__h192__s2021,TimesNet,ETTm2,192,11329,384,10945,200,2.0,384,True,False,-0.9085918611845346,-5.686598931753059,-5.686598931753059,15.036021214704531
TimesNet__ETTm2__h192__s2021,TimesNet,ETTm2,192,11329,384,10945,1000,0.0,0,False,False,4.775109161112045,0.2662245029233208,0.2662245029233208,15.036021214704531
TimesNet__ETTm2__h192__s2021,TimesNet,ETTm2,192,11329,384,10945,1000,0.125,24,False,False,3.3097463180374183,-1.2685230565170906,-1.2685230565170906,15.036021214704531
TimesNet__ETTm2__h192__s2021,TimesNet,ETTm2,192,11329,384,10945,1000,0.25,48,False,False,2.1984966070653265,-2.4323902788255407,-2.4323902788255407,15.036021214704531
TimesNet__ETTm2__h192__s2021,TimesNet,ETTm2,192,11329,384,10945,1000,0.5,96,False,False,1.4584802277724498,-3.207446325478576,-3.207446325478576,15.036021214704531
TimesNet__ETTm2__h192__s2021,TimesNet,ETTm2,192,11329,384,10945,1000,1.0,192,True,False,1.3520074954806585,-3.3189605260767805,-3.3189605260767805,15.036021214704531
TimesNet__ETTm2__h192__s2021,TimesNet,ETTm2,192,11329,384,10945,1000,2.0,384,True,False,1.6467831507775743,-3.0102272866013275,-3.0102272866013275,15.036021214704531
TimesNet__ETTm2__h192__s2021,TimesNet,ETTm2,192,11329,384,10945,3000,0.0,0,False,False,4.59585364126522,0.07848126042107621,0.07848126042107621,15.036021214704531
TimesNet__ETTm2__h192__s2021,TimesNet,ETTm2,192,11329,384,10945,3000,0.125,24,False,False,4.3133585289178,-0.21738995419178564,-0.21738995419178564,15.036021214704531
TimesNet__ETTm2__h192__s2021,TimesNet,ETTm2,192,11329,384,10945,3000,0.25,48,False,False,4.405314480098067,-0.12107990216820731,-0.12107990216820731,15.036021214704531
TimesNet__ETTm2__h192__s2021,TimesNet,ETTm2,192,11329,384,10945,3000,0.5,96,False,False,4.332770884670645,-0.19705842623236516,-0.19705842623236516,15.036021214704531
TimesNet__ETTm2__h192__s2021,TimesNet,ETTm2,192,11329,384,10945,3000,1.0,192,True,False,4.089776560135473,-0.45155849650556396,-0.45155849650556396,15.036021214704531
TimesNet__ETTm2__h192__s2021,TimesNet,ETTm2,192,11329,384,10945,3000,2.0,384,True,False,4.3508515630711875,-0.17812163035317177,-0.17812163035317177,15.036021214704531
TimesNet__ETTm2__h192__s2021,TimesNet,ETTm2,192,11329,384,10945,1000000000,0.0,0,False,False,4.444386360716287,-0.08015797371549747,-0.08015797371549747,15.036021214704531
TimesNet__ETTm2__h192__s2021,TimesNet,ETTm2,192,11329,384,10945,1000000000,0.125,24,False,False,4.442313384534681,-0.0823291050162074,-0.0823291050162074,15.036021214704531
TimesNet__ETTm2__h192__s2021,TimesNet,ETTm2,192,11329,384,10945,1000000000,0.25,48,False,False,4.4363708973966345,-0.08855296805137704,-0.08855296805137704,15.036021214704531
TimesNet__ETTm2__h192__s2021,TimesNet,ETTm2,192,11329,384,10945,1000000000,0.5,96,False,False,4.428538728726329,-0.09675598876306418,-0.09675598876306418,15.036021214704531
TimesNet__ETTm2__h192__s2021,TimesNet,ETTm2,192,11329,384,10945,1000000000,1.0,192,True,False,4.415372859509141,-0.11054525996267582,-0.11054525996267582,15.036021214704531
TimesNet__ETTm2__h192__s2021,TimesNet,ETTm2,192,11329,384,10945,1000000000,2.0,384,True,False,4.180861512149347,-0.3561606853315561,-0.3561606853315561,15.036021214704531
TimesNet__ETTm2__h336__s2021,TimesNet,ETTm2,336,11185,672,10513,50,0.0,0,False,False,7.8309257041584495,5.614004582203071,5.614004582203071,11.664002042340172
TimesNet__ETTm2__h336__s2021,TimesNet,ETTm2,336,11185,672,10513,50,0.125,42,False,False,3.9644337335417346,1.6545127872633094,1.6545127872633094,11.664002042340172
TimesNet__ETTm2__h336__s2021,TimesNet,ETTm2,336,11185,672,10513,50,0.25,84,False,False,2.3522805713888313,0.0035828832985900488,0.0035828832985900488,11.664002042340172
TimesNet__ETTm2__h336__s2021,TimesNet,ETTm2,336,11185,672,10513,50,0.5,168,False,False,0.7802669171368133,-1.6062420465980916,-1.6062420465980916,11.664002042340172
TimesNet__ETTm2__h336__s2021,TimesNet,ETTm2,336,11185,672,10513,50,1.0,336,True,False,0.46714936081644476,-1.926890946045913,-1.926890946045913,11.664002042340172
TimesNet__ETTm2__h336__s2021,TimesNet,ETTm2,336,11185,672,10513,50,2.0,672,True,False,0.809747061860031,-1.576052822869638,-1.576052822869638,11.664002042340172
TimesNet__ETTm2__h336__s2021,TimesNet,ETTm2,336,11185,672,10513,200,0.0,0,False,False,4.795448483890697,2.5055157404534083,2.5055157404534083,11.664002042340172
TimesNet__ETTm2__h336__s2021,TimesNet,ETTm2,336,11185,672,10513,200,0.125,42,False,False,2.2253515602754943,-0.1263991215425873,-0.1263991215425873,11.664002042340172
TimesNet__ETTm2__h336__s2021,TimesNet,ETTm2,336,11185,672,10513,200,0.25,84,False,False,1.6270680508350117,-0.7390730038834086,-0.7390730038834086,11.664002042340172
TimesNet__ETTm2__h336__s2021,TimesNet,ETTm2,336,11185,672,10513,200,0.5,168,False,False,-0.16885928424328053,-2.57819735784303,-2.57819735784303,11.664002042340172
TimesNet__ETTm2__h336__s2021,TimesNet,ETTm2,336,11185,672,10513,200,1.0,336,True,False,0.1505084847584678,-2.2511479108144505,-2.2511479108144505,11.664002042340172
TimesNet__ETTm2__h336__s2021,TimesNet,ETTm2,336,11185,672,10513,200,2.0,672,True,False,0.9869643386485986,-1.394572980496144,-1.394572980496144,11.664002042340172
TimesNet__ETTm2__h336__s2021,TimesNet,ETTm2,336,11185,672,10513,1000,0.0,0,False,False,3.9998482164201024,1.6907790863904135,1.6907790863904135,11.664002042340172
TimesNet__ETTm2__h336__s2021,TimesNet,ETTm2,336,11185,672,10513,1000,0.125,42,False,False,2.3106311584138175,-0.039068313236112956,-0.039068313236112956,11.664002042340172
TimesNet__ETTm2__h336__s2021,TimesNet,ETTm2,336,11185,672,10513,1000,0.25,84,False,False,2.108002567318596,-0.2465706822980002,-0.2465706822980002,11.664002042340172
TimesNet__ETTm2__h336__s2021,TimesNet,ETTm2,336,11185,672,10513,1000,0.5,168,False,False,2.1948675682690726,-0.15761633785745344,-0.15761633785745344,11.664002042340172
TimesNet__ETTm2__h336__s2021,TimesNet,ETTm2,336,11185,672,10513,1000,1.0,336,True,False,2.176606480482199,-0.17631665530496862,-0.17631665530496862,11.664002042340172
TimesNet__ETTm2__h336__s2021,TimesNet,ETTm2,336,11185,672,10513,1000,2.0,672,True,False,1.409871328103178,-0.9614939084346035,-0.9614939084346035,11.664002042340172
TimesNet__ETTm2__h336__s2021,TimesNet,ETTm2,336,11185,672,10513,3000,0.0,0,False,False,2.5442488119958226,0.20016849096278175,0.20016849096278175,11.664002042340172
TimesNet__ETTm2__h336__s2021,TimesNet,ETTm2,336,11185,672,10513,3000,0.125,42,False,False,1.800766423108943,-0.5611967054093361,-0.5611967054093361,11.664002042340172
TimesNet__ETTm2__h336__s2021,TimesNet,ETTm2,336,11185,672,10513,3000,0.25,84,False,False,1.3247057018284205,-1.0487080035390146,-1.0487080035390146,11.664002042340172
TimesNet__ETTm2__h336__s2021,TimesNet,ETTm2,336,11185,672,10513,3000,0.5,168,False,False,1.5272321584224018,-0.841310225595566,-0.841310225595566,11.664002042340172
TimesNet__ETTm2__h336__s2021,TimesNet,ETTm2,336,11185,672,10513,3000,1.0,336,True,False,1.6755228939078755,-0.6894526878372081,-0.6894526878372081,11.664002042340172
TimesNet__ETTm2__h336__s2021,TimesNet,ETTm2,336,11185,672,10513,3000,2.0,672,True,False,2.1823715425289554,-0.17041292757323642,-0.17041292757323642,11.664002042340172
TimesNet__ETTm2__h336__s2021,TimesNet,ETTm2,336,11185,672,10513,1000000000,0.0,0,False,False,2.3487818422025857,0.0,0.0,11.664002042340172
TimesNet__ETTm2__h336__s2021,TimesNet,ETTm2,336,11185,672,10513,1000000000,0.125,42,False,False,2.3487818422025857,0.0,0.0,11.664002042340172
TimesNet__ETTm2__h336__s2021,TimesNet,ETTm2,336,11185,672,10513,1000000000,0.25,84,False,False,2.3487818422025857,0.0,0.0,11.664002042340172
TimesNet__ETTm2__h336__s2021,TimesNet,ETTm2,336,11185,672,10513,1000000000,0.5,168,False,False,2.3487818422025857,0.0,0.0,11.664002042340172
TimesNet__ETTm2__h336__s2021,TimesNet,ETTm2,336,11185,672,10513,1000000000,1.0,336,True,False,2.35923273774333,0.010702268479494705,0.010702268479494705,11.664002042340172
TimesNet__ETTm2__h336__s2021,TimesNet,ETTm2,336,11185,672,10513,1000000000,2.0,672,True,False,2.3174695706687065,-0.032065418255490294,-0.032065418255490294,11.664002042340172
TimesNet__ETTm2__h720__s2021,TimesNet,ETTm2,720,10801,1440,9361,50,0.0,0,False,False,19.14078351766682,19.14078351766682,6.314275113256546,22.900838726631424
TimesNet__ETTm2__h720__s2021,TimesNet,ETTm2,720,10801,1440,9361,50,0.125,90,False,False,11.207943693323934,11.207943693323934,-2.876932539817478,22.900838726631424
TimesNet__ETTm2__h720__s2021,TimesNet,ETTm2,720,10801,1440,9361,50,0.25,180,False,False,11.327937921129816,11.327937921129816,-2.737903908286335,22.900838726631424
TimesNet__ETTm2__h720__s2021,TimesNet,ETTm2,720,10801,1440,9361,50,0.5,360,False,False,11.184498672986892,11.184498672986892,-2.9040965888994994,22.900838726631424
TimesNet__ETTm2__h720__s2021,TimesNet,ETTm2,720,10801,1440,9361,50,1.0,720,True,False,9.143648548369859,9.143648548369859,-5.268681995829856,22.900838726631424
TimesNet__ETTm2__h720__s2021,TimesNet,ETTm2,720,10801,1440,9361,50,2.0,1440,True,False,11.016122424237478,11.016122424237478,-3.0991819682049764,22.900838726631424
TimesNet__ETTm2__h720__s2021,TimesNet,ETTm2,720,10801,1440,9361,200,0.0,0,False,False,15.718103425846328,15.718103425846328,2.348663283123511,22.900838726631424
TimesNet__ETTm2__h720__s2021,TimesNet,ETTm2,720,10801,1440,9361,200,0.125,90,False,False,13.555024837224371,13.555024837224371,-0.15753940320005036,22.900838726631424
TimesNet__ETTm2__h720__s2021,TimesNet,ETTm2,720,10801,1440,9361,200,0.25,180,False,False,12.264873816490876,12.264873816490876,-1.6523440630646176,22.900838726631424
TimesNet__ETTm2__h720__s2021,TimesNet,ETTm2,720,10801,1440,9361,200,0.5,360,False,False,10.262202760769298,10.262202760769298,-3.972694144690366,22.900838726631424
TimesNet__ETTm2__h720__s2021,TimesNet,ETTm2,720,10801,1440,9361,200,1.0,720,True,False,11.051365222460973,11.051365222460973,-3.0583486873219408,22.900838726631424
TimesNet__ETTm2__h720__s2021,TimesNet,ETTm2,720,10801,1440,9361,200,2.0,1440,True,False,11.02289602828235,11.02289602828235,-3.0913338831919543,22.900838726631424
TimesNet__ETTm2__h720__s2021,TimesNet,ETTm2,720,10801,1440,9361,1000,0.0,0,False,False,13.25677728672967,13.25677728672967,-0.5030972651154771,22.900838726631424
TimesNet__ETTm2__h720__s2021,TimesNet,ETTm2,720,10801,1440,9361,1000,0.125,90,False,False,10.480786623028374,10.480786623028374,-3.719436835565193,22.900838726631424
TimesNet__ETTm2__h720__s2021,TimesNet,ETTm2,720,10801,1440,9361,1000,0.25,180,False,False,10.920639425979308,10.920639425979308,-3.2098112111698858,22.900838726631424
TimesNet__ETTm2__h720__s2021,TimesNet,ETTm2,720,10801,1440,9361,1000,0.5,360,False,False,12.806780712433262,12.806780712433262,-1.0244757435814587,22.900838726631424
TimesNet__ETTm2__h720__s2021,TimesNet,ETTm2,720,10801,1440,9361,1000,1.0,720,True,False,14.63722058186984,14.63722058186984,1.0963225214775365,22.900838726631424
TimesNet__ETTm2__h720__s2021,TimesNet,ETTm2,720,10801,1440,9361,1000,2.0,1440,True,False,13.232246211053972,13.232246211053972,-0.5315196479545607,22.900838726631424
TimesNet__ETTm2__h720__s2021,TimesNet,ETTm2,720,10801,1440,9361,3000,0.0,0,False,False,13.919786230296934,13.919786230296934,0.2650832365848378,22.900838726631424
TimesNet__ETTm2__h720__s2021,TimesNet,ETTm2,720,10801,1440,9361,3000,0.125,90,False,False,13.468106838781491,13.468106838781491,-0.2582450004600138,22.900838726631424
TimesNet__ETTm2__h720__s2021,TimesNet,ETTm2,720,10801,1440,9361,3000,0.25,180,False,False,13.799396429643188,13.799396429643188,0.12559628341010656,22.900838726631424
TimesNet__ETTm2__h720__s2021,TimesNet,ETTm2,720,10801,1440,9361,3000,0.5,360,False,False,13.657857025655815,13.657857025655815,-0.03839518521229843,22.900838726631424
TimesNet__ETTm2__h720__s2021,TimesNet,ETTm2,720,10801,1440,9361,3000,1.0,720,True,False,13.690995527777815,13.690995527777815,0.0,22.900838726631424
TimesNet__ETTm2__h720__s2021,TimesNet,ETTm2,720,10801,1440,9361,3000,2.0,1440,True,False,13.430312701915764,13.430312701915764,-0.3020343328672615,22.900838726631424
TimesNet__ETTm2__h720__s2021,TimesNet,ETTm2,720,10801,1440,9361,1000000000,0.0,0,False,False,13.690995527777815,13.690995527777815,0.0,22.900838726631424
TimesNet__ETTm2__h720__s2021,TimesNet,ETTm2,720,10801,1440,9361,1000000000,0.125,90,False,False,13.690995527777815,13.690995527777815,0.0,22.900838726631424
TimesNet__ETTm2__h720__s2021,TimesNet,ETTm2,720,10801,1440,9361,1000000000,0.25,180,False,False,13.690995527777815,13.690995527777815,0.0,22.900838726631424
TimesNet__ETTm2__h720__s2021,TimesNet,ETTm2,720,10801,1440,9361,1000000000,0.5,360,False,False,13.690995527777815,13.690995527777815,0.0,22.900838726631424
TimesNet__ETTm2__h720__s2021,TimesNet,ETTm2,720,10801,1440,9361,1000000000,1.0,720,True,False,13.690995527777815,13.690995527777815,0.0,22.900838726631424
TimesNet__ETTm2__h720__s2021,TimesNet,ETTm2,720,10801,1440,9361,1000000000,2.0,1440,True,False,13.430312701915764,13.430312701915764,-0.3020343328672615,22.900838726631424
TimesNet__Electricity__h96__s2021,TimesNet,Electricity,96,5165,192,4973,50,0.0,0,False,False,0.6251675354565692,0.6251675354565692,0.6251675354565692,1.6770116169121185
TimesNet__Electricity__h96__s2021,TimesNet,Electricity,96,5165,192,4973,50,0.125,12,False,False,-0.2389733845907371,-0.2389733845907371,-0.2389733845907371,1.6770116169121185
TimesNet__Electricity__h96__s2021,TimesNet,Electricity,96,5165,192,4973,50,0.25,24,False,False,-0.8547272126949492,-0.8547272126949492,-0.8547272126949492,1.6770116169121185
TimesNet__Electricity__h96__s2021,TimesNet,Electricity,96,5165,192,4973,50,0.5,48,False,False,-1.7815496050011077,-1.7815496050011077,-1.7815496050011077,1.6770116169121185
TimesNet__Electricity__h96__s2021,TimesNet,Electricity,96,5165,192,4973,50,1.0,96,True,False,-1.8790684811013154,-1.8790684811013154,-1.8790684811013154,1.6770116169121185
TimesNet__Electricity__h96__s2021,TimesNet,Electricity,96,5165,192,4973,50,2.0,192,True,False,-1.6735042088263168,-1.6735042088263168,-1.6735042088263168,1.6770116169121185
TimesNet__Electricity__h96__s2021,TimesNet,Electricity,96,5165,192,4973,200,0.0,0,False,False,-0.20551841976354843,-0.20551841976354843,-0.20551841976354843,1.6770116169121185
TimesNet__Electricity__h96__s2021,TimesNet,Electricity,96,5165,192,4973,200,0.125,12,False,False,-0.4741785050498693,-0.4741785050498693,-0.4741785050498693,1.6770116169121185
TimesNet__Electricity__h96__s2021,TimesNet,Electricity,96,5165,192,4973,200,0.25,24,False,False,-0.5606281774869462,-0.5606281774869462,-0.5606281774869462,1.6770116169121185
TimesNet__Electricity__h96__s2021,TimesNet,Electricity,96,5165,192,4973,200,0.5,48,False,False,-0.8486140645530703,-0.8486140645530703,-0.8486140645530703,1.6770116169121185
TimesNet__Electricity__h96__s2021,TimesNet,Electricity,96,5165,192,4973,200,1.0,96,True,False,-0.8247824472793921,-0.8247824472793921,-0.8247824472793921,1.6770116169121185
TimesNet__Electricity__h96__s2021,TimesNet,Electricity,96,5165,192,4973,200,2.0,192,True,False,-0.6591369590819794,-0.6591369590819794,-0.6591369590819794,1.6770116169121185
TimesNet__Electricity__h96__s2021,TimesNet,Electricity,96,5165,192,4973,1000,0.0,0,False,False,0.0,0.0,0.0,1.6770116169121185
TimesNet__Electricity__h96__s2021,TimesNet,Electricity,96,5165,192,4973,1000,0.125,12,False,False,0.0,0.0,0.0,1.6770116169121185
TimesNet__Electricity__h96__s2021,TimesNet,Electricity,96,5165,192,4973,1000,0.25,24,False,False,0.0,0.0,0.0,1.6770116169121185
TimesNet__Electricity__h96__s2021,TimesNet,Electricity,96,5165,192,4973,1000,0.5,48,False,False,0.0,0.0,0.0,1.6770116169121185
TimesNet__Electricity__h96__s2021,TimesNet,Electricity,96,5165,192,4973,1000,1.0,96,True,False,0.0,0.0,0.0,1.6770116169121185
TimesNet__Electricity__h96__s2021,TimesNet,Electricity,96,5165,192,4973,1000,2.0,192,True,False,0.0,0.0,0.0,1.6770116169121185
TimesNet__Electricity__h96__s2021,TimesNet,Electricity,96,5165,192,4973,3000,0.0,0,False,False,0.0,0.0,0.0,1.6770116169121185
TimesNet__Electricity__h96__s2021,TimesNet,Electricity,96,5165,192,4973,3000,0.125,12,False,False,0.0,0.0,0.0,1.6770116169121185
TimesNet__Electricity__h96__s2021,TimesNet,Electricity,96,5165,192,4973,3000,0.25,24,False,False,0.0,0.0,0.0,1.6770116169121185
TimesNet__Electricity__h96__s2021,TimesNet,Electricity,96,5165,192,4973,3000,0.5,48,False,False,0.0,0.0,0.0,1.6770116169121185
TimesNet__Electricity__h96__s2021,TimesNet,Electricity,96,5165,192,4973,3000,1.0,96,True,False,0.0,0.0,0.0,1.6770116169121185
TimesNet__Electricity__h96__s2021,TimesNet,Electricity,96,5165,192,4973,3000,2.0,192,True,False,0.0,0.0,0.0,1.6770116169121185
TimesNet__Electricity__h96__s2021,TimesNet,Electricity,96,5165,192,4973,1000000000,0.0,0,False,False,0.0,0.0,0.0,1.6770116169121185
TimesNet__Electricity__h96__s2021,TimesNet,Electricity,96,5165,192,4973,1000000000,0.125,12,False,False,0.0,0.0,0.0,1.6770116169121185
TimesNet__Electricity__h96__s2021,TimesNet,Electricity,96,5165,192,4973,1000000000,0.25,24,False,False,0.0,0.0,0.0,1.6770116169121185
TimesNet__Electricity__h96__s2021,TimesNet,Electricity,96,5165,192,4973,1000000000,0.5,48,False,False,0.0,0.0,0.0,1.6770116169121185
TimesNet__Electricity__h96__s2021,TimesNet,Electricity,96,5165,192,4973,1000000000,1.0,96,True,False,0.0,0.0,0.0,1.6770116169121185
TimesNet__Electricity__h96__s2021,TimesNet,Electricity,96,5165,192,4973,1000000000,2.0,192,True,False,0.0,0.0,0.0,1.6770116169121185
TimesNet__Electricity__h192__s2021,TimesNet,Electricity,192,5069,384,4685,50,0.0,0,False,False,0.10147770277910192,0.10147770277910192,0.10147770277910192,0.5530441168306143
TimesNet__Electricity__h192__s2021,TimesNet,Electricity,192,5069,384,4685,50,0.125,24,False,False,-0.5189560576455238,-0.5189560576455238,-0.5189560576455238,0.5530441168306143
TimesNet__Electricity__h192__s2021,TimesNet,Electricity,192,5069,384,4685,50,0.25,48,False,False,-0.7774665905193535,-0.7774665905193535,-0.7774665905193535,0.5530441168306143
TimesNet__Electricity__h192__s2021,TimesNet,Electricity,192,5069,384,4685,50,0.5,96,False,False,-0.5222387817027873,-0.5222387817027873,-0.5222387817027873,0.5530441168306143
TimesNet__Electricity__h192__s2021,TimesNet,Electricity,192,5069,384,4685,50,1.0,192,True,False,-0.5415403857516459,-0.5415403857516459,-0.5415403857516459,0.5530441168306143
TimesNet__Electricity__h192__s2021,TimesNet,Electricity,192,5069,384,4685,50,2.0,384,True,False,-0.6179913267942345,-0.6179913267942345,-0.6179913267942345,0.5530441168306143
TimesNet__Electricity__h192__s2021,TimesNet,Electricity,192,5069,384,4685,200,0.0,0,False,False,-0.008860481794559939,-0.008860481794559939,-0.008860481794559939,0.5530441168306143
TimesNet__Electricity__h192__s2021,TimesNet,Electricity,192,5069,384,4685,200,0.125,24,False,False,-0.012499921366230864,-0.012499921366230864,-0.012499921366230864,0.5530441168306143
TimesNet__Electricity__h192__s2021,TimesNet,Electricity,192,5069,384,4685,200,0.25,48,False,False,-0.020460947894769516,-0.020460947894769516,-0.020460947894769516,0.5530441168306143
TimesNet__Electricity__h192__s2021,TimesNet,Electricity,192,5069,384,4685,200,0.5,96,False,False,-0.023418275687326524,-0.023418275687326524,-0.023418275687326524,0.5530441168306143
TimesNet__Electricity__h192__s2021,TimesNet,Electricity,192,5069,384,4685,200,1.0,192,True,False,-0.02108366049722742,-0.02108366049722742,-0.02108366049722742,0.5530441168306143
TimesNet__Electricity__h192__s2021,TimesNet,Electricity,192,5069,384,4685,200,2.0,384,True,False,0.0077331428219054215,0.0077331428219054215,0.0077331428219054215,0.5530441168306143
TimesNet__Electricity__h192__s2021,TimesNet,Electricity,192,5069,384,4685,1000,0.0,0,False,False,0.0,0.0,0.0,0.5530441168306143
TimesNet__Electricity__h192__s2021,TimesNet,Electricity,192,5069,384,4685,1000,0.125,24,False,False,0.0,0.0,0.0,0.5530441168306143
TimesNet__Electricity__h192__s2021,TimesNet,Electricity,192,5069,384,4685,1000,0.25,48,False,False,0.0,0.0,0.0,0.5530441168306143
TimesNet__Electricity__h192__s2021,TimesNet,Electricity,192,5069,384,4685,1000,0.5,96,False,False,0.0,0.0,0.0,0.5530441168306143
TimesNet__Electricity__h192__s2021,TimesNet,Electricity,192,5069,384,4685,1000,1.0,192,True,False,0.0,0.0,0.0,0.5530441168306143
TimesNet__Electricity__h192__s2021,TimesNet,Electricity,192,5069,384,4685,1000,2.0,384,True,False,0.0,0.0,0.0,0.5530441168306143
TimesNet__Electricity__h192__s2021,TimesNet,Electricity,192,5069,384,4685,3000,0.0,0,False,False,0.0,0.0,0.0,0.5530441168306143
TimesNet__Electricity__h192__s2021,TimesNet,Electricity,192,5069,384,4685,3000,0.125,24,False,False,0.0,0.0,0.0,0.5530441168306143
TimesNet__Electricity__h192__s2021,TimesNet,Electricity,192,5069,384,4685,3000,0.25,48,False,False,0.0,0.0,0.0,0.5530441168306143
TimesNet__Electricity__h192__s2021,TimesNet,Electricity,192,5069,384,4685,3000,0.5,96,False,False,0.0,0.0,0.0,0.5530441168306143
TimesNet__Electricity__h192__s2021,TimesNet,Electricity,192,5069,384,4685,3000,1.0,192,True,False,0.0,0.0,0.0,0.5530441168306143
TimesNet__Electricity__h192__s2021,TimesNet,Electricity,192,5069,384,4685,3000,2.0,384,True,False,0.0,0.0,0.0,0.5530441168306143
TimesNet__Electricity__h192__s2021,TimesNet,Electricity,192,5069,384,4685,1000000000,0.0,0,False,False,0.0,0.0,0.0,0.5530441168306143
TimesNet__Electricity__h192__s2021,TimesNet,Electricity,192,5069,384,4685,1000000000,0.125,24,False,False,0.0,0.0,0.0,0.5530441168306143
TimesNet__Electricity__h192__s2021,TimesNet,Electricity,192,5069,384,4685,1000000000,0.25,48,False,False,0.0,0.0,0.0,0.5530441168306143
TimesNet__Electricity__h192__s2021,TimesNet,Electricity,192,5069,384,4685,1000000000,0.5,96,False,False,0.0,0.0,0.0,0.5530441168306143
TimesNet__Electricity__h192__s2021,TimesNet,Electricity,192,5069,384,4685,1000000000,1.0,192,True,False,0.0,0.0,0.0,0.5530441168306143
TimesNet__Electricity__h192__s2021,TimesNet,Electricity,192,5069,384,4685,1000000000,2.0,384,True,False,0.0,0.0,0.0,0.5530441168306143
TimesNet__Electricity__h336__s2021,TimesNet,Electricity,336,4925,672,4253,50,0.0,0,False,False,0.0,0.0,0.0,0.0023394596993249394
TimesNet__Electricity__h336__s2021,TimesNet,Electricity,336,4925,672,4253,50,0.125,42,False,False,0.0,0.0,0.0,0.0023394596993249394
TimesNet__Electricity__h336__s2021,TimesNet,Electricity,336,4925,672,4253,50,0.25,84,False,False,0.0,0.0,0.0,0.0023394596993249394
TimesNet__Electricity__h336__s2021,TimesNet,Electricity,336,4925,672,4253,50,0.5,168,False,False,0.0,0.0,0.0,0.0023394596993249394
TimesNet__Electricity__h336__s2021,TimesNet,Electricity,336,4925,672,4253,50,1.0,336,True,False,0.0,0.0,0.0,0.0023394596993249394
TimesNet__Electricity__h336__s2021,TimesNet,Electricity,336,4925,672,4253,50,2.0,672,True,False,0.0,0.0,0.0,0.0023394596993249394
TimesNet__Electricity__h336__s2021,TimesNet,Electricity,336,4925,672,4253,200,0.0,0,False,False,0.0,0.0,0.0,0.0023394596993249394
TimesNet__Electricity__h336__s2021,TimesNet,Electricity,336,4925,672,4253,200,0.125,42,False,False,0.0,0.0,0.0,0.0023394596993249394
TimesNet__Electricity__h336__s2021,TimesNet,Electricity,336,4925,672,4253,200,0.25,84,False,False,0.0,0.0,0.0,0.0023394596993249394
TimesNet__Electricity__h336__s2021,TimesNet,Electricity,336,4925,672,4253,200,0.5,168,False,False,0.0,0.0,0.0,0.0023394596993249394
TimesNet__Electricity__h336__s2021,TimesNet,Electricity,336,4925,672,4253,200,1.0,336,True,False,0.0,0.0,0.0,0.0023394596993249394
TimesNet__Electricity__h336__s2021,TimesNet,Electricity,336,4925,672,4253,200,2.0,672,True,False,0.0,0.0,0.0,0.0023394596993249394
TimesNet__Electricity__h336__s2021,TimesNet,Electricity,336,4925,672,4253,1000,0.0,0,False,False,0.0,0.0,0.0,0.0023394596993249394
TimesNet__Electricity__h336__s2021,TimesNet,Electricity,336,4925,672,4253,1000,0.125,42,False,False,0.0,0.0,0.0,0.0023394596993249394
TimesNet__Electricity__h336__s2021,TimesNet,Electricity,336,4925,672,4253,1000,0.25,84,False,False,0.0,0.0,0.0,0.0023394596993249394
TimesNet__Electricity__h336__s2021,TimesNet,Electricity,336,4925,672,4253,1000,0.5,168,False,False,0.0,0.0,0.0,0.0023394596993249394
TimesNet__Electricity__h336__s2021,TimesNet,Electricity,336,4925,672,4253,1000,1.0,336,True,False,0.0,0.0,0.0,0.0023394596993249394
TimesNet__Electricity__h336__s2021,TimesNet,Electricity,336,4925,672,4253,1000,2.0,672,True,False,0.0,0.0,0.0,0.0023394596993249394
TimesNet__Electricity__h336__s2021,TimesNet,Electricity,336,4925,672,4253,3000,0.0,0,False,False,0.0,0.0,0.0,0.0023394596993249394
TimesNet__Electricity__h336__s2021,TimesNet,Electricity,336,4925,672,4253,3000,0.125,42,False,False,0.0,0.0,0.0,0.0023394596993249394
TimesNet__Electricity__h336__s2021,TimesNet,Electricity,336,4925,672,4253,3000,0.25,84,False,False,0.0,0.0,0.0,0.0023394596993249394
TimesNet__Electricity__h336__s2021,TimesNet,Electricity,336,4925,672,4253,3000,0.5,168,False,False,0.0,0.0,0.0,0.0023394596993249394
TimesNet__Electricity__h336__s2021,TimesNet,Electricity,336,4925,672,4253,3000,1.0,336,True,False,0.0,0.0,0.0,0.0023394596993249394
TimesNet__Electricity__h336__s2021,TimesNet,Electricity,336,4925,672,4253,3000,2.0,672,True,False,0.0,0.0,0.0,0.0023394596993249394
TimesNet__Electricity__h336__s2021,TimesNet,Electricity,336,4925,672,4253,1000000000,0.0,0,False,False,0.0,0.0,0.0,0.0023394596993249394
TimesNet__Electricity__h336__s2021,TimesNet,Electricity,336,4925,672,4253,1000000000,0.125,42,False,False,0.0,0.0,0.0,0.0023394596993249394
TimesNet__Electricity__h336__s2021,TimesNet,Electricity,336,4925,672,4253,1000000000,0.25,84,False,False,0.0,0.0,0.0,0.0023394596993249394
TimesNet__Electricity__h336__s2021,TimesNet,Electricity,336,4925,672,4253,1000000000,0.5,168,False,False,0.0,0.0,0.0,0.0023394596993249394
TimesNet__Electricity__h336__s2021,TimesNet,Electricity,336,4925,672,4253,1000000000,1.0,336,True,False,0.0,0.0,0.0,0.0023394596993249394
TimesNet__Electricity__h336__s2021,TimesNet,Electricity,336,4925,672,4253,1000000000,2.0,672,True,False,0.0,0.0,0.0,0.0023394596993249394
TimesNet__Electricity__h720__s2021,TimesNet,Electricity,720,4541,1440,3101,50,0.0,0,False,False,1.1980789000508205,1.1980789000508205,0.998368341544606,1.8555345988843173
TimesNet__Electricity__h720__s2021,TimesNet,Electricity,720,4541,1440,3101,50,0.125,90,False,False,-0.3980861027706557,-0.3980861027706557,-0.6010230257102002,1.8555345988843173
TimesNet__Electricity__h720__s2021,TimesNet,Electricity,720,4541,1440,3101,50,0.25,180,False,False,0.27564320146039945,0.27564320146039945,0.07406810280657784,1.8555345988843173
TimesNet__Electricity__h720__s2021,TimesNet,Electricity,720,4541,1440,3101,50,0.5,360,False,False,-0.29558580128599854,-0.29558580128599854,-0.49831553804708956,1.8555345988843173
TimesNet__Electricity__h720__s2021,TimesNet,Electricity,720,4541,1440,3101,50,1.0,720,True,False,-0.8625555698449143,-0.8625555698449143,-1.0664313354268466,1.8555345988843173
TimesNet__Electricity__h720__s2021,TimesNet,Electricity,720,4541,1440,3101,50,2.0,1440,True,False,-0.5721243513031604,-0.5721243513031604,-0.7754130616920675,1.8555345988843173
TimesNet__Electricity__h720__s2021,TimesNet,Electricity,720,4541,1440,3101,200,0.0,0,False,False,0.8621425783679842,0.8621425783679842,0.6617529841742152,1.8555345988843173
TimesNet__Electricity__h720__s2021,TimesNet,Electricity,720,4541,1440,3101,200,0.125,90,False,False,0.2546828321398073,0.2546828321398073,0.05306536581725107,1.8555345988843173
TimesNet__Electricity__h720__s2021,TimesNet,Electricity,720,4541,1440,3101,200,0.25,180,False,False,0.4951831851322411,0.4951831851322411,0.2940518476144929,1.8555345988843173
TimesNet__Electricity__h720__s2021,TimesNet,Electricity,720,4541,1440,3101,200,0.5,360,False,False,0.12655293979225404,0.12655293979225404,-0.07532351838063463,1.8555345988843173
TimesNet__Electricity__h720__s2021,TimesNet,Electricity,720,4541,1440,3101,200,1.0,720,True,False,-0.2172236464254966,-0.2172236464254966,-0.41979498799002957,1.8555345988843173
TimesNet__Electricity__h720__s2021,TimesNet,Electricity,720,4541,1440,3101,200,2.0,1440,True,False,-0.6535910218141383,-0.6535910218141383,-0.8570444026273271,1.8555345988843173
TimesNet__Electricity__h720__s2021,TimesNet,Electricity,720,4541,1440,3101,1000,0.0,0,False,False,0.22928059323898276,0.22928059323898276,0.027611780796212283,1.8555345988843173
TimesNet__Electricity__h720__s2021,TimesNet,Electricity,720,4541,1440,3101,1000,0.125,90,False,False,0.13883331882312722,0.13883331882312722,-0.06301831674178358,1.8555345988843173
TimesNet__Electricity__h720__s2021,TimesNet,Electricity,720,4541,1440,3101,1000,0.25,180,False,False,0.08773360605425785,0.08773360605425785,-0.11422131851620025,1.8555345988843173
TimesNet__Electricity__h720__s2021,TimesNet,Electricity,720,4541,1440,3101,1000,0.5,360,False,False,0.04860793479068551,0.04860793479068551,-0.15342607538431335,1.8555345988843173
TimesNet__Electricity__h720__s2021,TimesNet,Electricity,720,4541,1440,3101,1000,1.0,720,True,False,-0.14124716056494285,-0.14124716056494285,-0.34366492913964297,1.8555345988843173
TimesNet__Electricity__h720__s2021,TimesNet,Electricity,720,4541,1440,3101,1000,2.0,1440,True,False,-0.5621467088846266,-0.5621467088846266,-0.7654152512391695,1.8555345988843173
TimesNet__Electricity__h720__s2021,TimesNet,Electricity,720,4541,1440,3101,3000,0.0,0,False,False,0.09659400107027592,0.09659400107027592,-0.10534301378327046,1.8555345988843173
TimesNet__Electricity__h720__s2021,TimesNet,Electricity,720,4541,1440,3101,3000,0.125,90,False,False,0.08657701565299879,0.08657701565299879,-0.11538024675980516,1.8555345988843173
TimesNet__Electricity__h720__s2021,TimesNet,Electricity,720,4541,1440,3101,3000,0.25,180,False,False,0.05388350834176684,0.05388350834176684,-0.14813983819705373,1.8555345988843173
TimesNet__Electricity__h720__s2021,TimesNet,Electricity,720,4541,1440,3101,3000,0.5,360,False,False,0.05484695653895718,0.05484695653895718,-0.14717444256022447,1.8555345988843173
TimesNet__Electricity__h720__s2021,TimesNet,Electricity,720,4541,1440,3101,3000,1.0,720,True,False,0.20172451217288387,0.20172451217288387,0.0,1.8555345988843173
TimesNet__Electricity__h720__s2021,TimesNet,Electricity,720,4541,1440,3101,3000,2.0,1440,True,False,0.15849458895890992,0.15849458895890992,-0.04331730483584048,1.8555345988843173
TimesNet__Electricity__h720__s2021,TimesNet,Electricity,720,4541,1440,3101,1000000000,0.0,0,False,False,0.20172451217288387,0.20172451217288387,0.0,1.8555345988843173
TimesNet__Electricity__h720__s2021,TimesNet,Electricity,720,4541,1440,3101,1000000000,0.125,90,False,False,0.20172451217288387,0.20172451217288387,0.0,1.8555345988843173
TimesNet__Electricity__h720__s2021,TimesNet,Electricity,720,4541,1440,3101,1000000000,0.25,180,False,False,0.20172451217288387,0.20172451217288387,0.0,1.8555345988843173
TimesNet__Electricity__h720__s2021,TimesNet,Electricity,720,4541,1440,3101,1000000000,0.5,360,False,False,0.20172451217288387,0.20172451217288387,0.0,1.8555345988843173
TimesNet__Electricity__h720__s2021,TimesNet,Electricity,720,4541,1440,3101,1000000000,1.0,720,True,False,0.20172451217288387,0.20172451217288387,0.0,1.8555345988843173
TimesNet__Electricity__h720__s2021,TimesNet,Electricity,720,4541,1440,3101,1000000000,2.0,1440,True,False,0.15849458895890992,0.15849458895890992,-0.04331730483584048,1.8555345988843173
TimesNet__Exchange__h96__s2021,TimesNet,Exchange,96,1422,192,1230,50,0.0,0,False,False,12.904420152056929,9.258553884486373,5.655869972738801,20.19344257929429
TimesNet__Exchange__h96__s2021,TimesNet,Exchange,96,1422,192,1230,50,0.125,12,False,False,9.63285144190534,5.850035606707986,2.112024184898281,20.19344257929429
TimesNet__Exchange__h96__s2021,TimesNet,Exchange,96,1422,192,1230,50,0.25,24,False,False,7.378068077011833,3.5008658375320056,-0.3304140574580843,20.19344257929429
TimesNet__Exchange__h96__s2021,TimesNet,Exchange,96,1422,192,1230,50,0.5,48,False,False,6.119220667928767,2.1893224212255262,-1.6940293391332373,20.19344257929429
TimesNet__Exchange__h96__s2021,TimesNet,Exchange,96,1422,192,1230,50,1.0,96,True,False,6.342054281897802,2.421483966162687,-1.4526503450735795,20.19344257929429
TimesNet__Exchange__h96__s2021,TimesNet,Exchange,96,1422,192,1230,50,2.0,192,True,False,8.387319494256294,4.5523650439760255,0.7628325470762063,20.19344257929429
TimesNet__Exchange__h96__s2021,TimesNet,Exchange,96,1422,192,1230,200,0.0,0,False,False,10.96133408020077,7.234129219136321,3.5510701041644452,20.19344257929429
TimesNet__Exchange__h96__s2021,TimesNet,Exchange,96,1422,192,1230,200,0.125,12,False,False,9.17110028203314,5.368955303144123,1.6118436758153007,20.19344257929429
TimesNet__Exchange__h96__s2021,TimesNet,Exchange,96,1422,192,1230,200,0.25,24,False,False,8.567481842552962,4.740069081868053,0.9579889493114564,20.19344257929429
TimesNet__Exchange__h96__s2021,TimesNet,Exchange,96,1422,192,1230,200,0.5,48,False,False,8.437060626170755,4.604188365540919,0.8167133964285404,20.19344257929429
TimesNet__Exchange__h96__s2021,TimesNet,Exchange,96,1422,192,1230,200,1.0,96,True,False,9.701917638222296,5.921992949921501,2.1868384316969274,20.19344257929429
TimesNet__Exchange__h96__s2021,TimesNet,Exchange,96,1422,192,1230,200,2.0,192,True,False,6.967465796457808,3.073075531975184,-0.7751888096752464,20.19344257929429
TimesNet__Exchange__h96__s2021,TimesNet,Exchange,96,1422,192,1230,1000,0.0,0,False,False,4.3352881528845835,0.3307135633453807,-3.626430058584471,20.19344257929429
TimesNet__Exchange__h96__s2021,TimesNet,Exchange,96,1422,192,1230,1000,0.125,12,False,False,3.832219267989208,-0.19341404669892337,-4.171366970102829,20.19344257929429
TimesNet__Exchange__h96__s2021,TimesNet,Exchange,96,1422,192,1230,1000,0.25,24,False,False,3.0399081863974144,-1.0188916822173464,-5.029618328371976,20.19344257929429
TimesNet__Exchange__h96__s2021,TimesNet,Exchange,96,1422,192,1230,1000,0.5,48,False,False,2.0308277712206997,-2.0702127283581335,-6.122679699151092,20.19344257929429
TimesNet__Exchange__h96__s2021,TimesNet,Exchange,96,1422,192,1230,1000,1.0,96,True,False,1.4267133039344098,-2.6996157414222433,-6.777071735492228,20.19344257929429
TimesNet__Exchange__h96__s2021,TimesNet,Exchange,96,1422,192,1230,1000,2.0,192,True,False,0.20579373686987648,-3.9716436365184493,-8.099602621549405,20.19344257929429
TimesNet__Exchange__h96__s2021,TimesNet,Exchange,96,1422,192,1230,3000,0.0,0,False,False,4.3352881528845835,0.3307135633453807,-3.626430058584471,20.19344257929429
TimesNet__Exchange__h96__s2021,TimesNet,Exchange,96,1422,192,1230,3000,0.125,12,False,False,3.832219267989208,-0.19341404669892337,-4.171366970102829,20.19344257929429
TimesNet__Exchange__h96__s2021,TimesNet,Exchange,96,1422,192,1230,3000,0.25,24,False,False,3.0399081863974144,-1.0188916822173464,-5.029618328371976,20.19344257929429
TimesNet__Exchange__h96__s2021,TimesNet,Exchange,96,1422,192,1230,3000,0.5,48,False,False,2.0308277712206997,-2.0702127283581335,-6.122679699151092,20.19344257929429
TimesNet__Exchange__h96__s2021,TimesNet,Exchange,96,1422,192,1230,3000,1.0,96,True,False,1.4267133039344098,-2.6996157414222433,-6.777071735492228,20.19344257929429
TimesNet__Exchange__h96__s2021,TimesNet,Exchange,96,1422,192,1230,3000,2.0,192,True,False,0.20579373686987648,-3.9716436365184493,-8.099602621549405,20.19344257929429
TimesNet__Exchange__h96__s2021,TimesNet,Exchange,96,1422,192,1230,1000000000,0.0,0,False,False,4.3352881528845835,0.3307135633453807,-3.626430058584471,20.19344257929429
TimesNet__Exchange__h96__s2021,TimesNet,Exchange,96,1422,192,1230,1000000000,0.125,12,False,False,3.832219267989208,-0.19341404669892337,-4.171366970102829,20.19344257929429
TimesNet__Exchange__h96__s2021,TimesNet,Exchange,96,1422,192,1230,1000000000,0.25,24,False,False,3.0399081863974144,-1.0188916822173464,-5.029618328371976,20.19344257929429
TimesNet__Exchange__h96__s2021,TimesNet,Exchange,96,1422,192,1230,1000000000,0.5,48,False,False,2.0308277712206997,-2.0702127283581335,-6.122679699151092,20.19344257929429
TimesNet__Exchange__h96__s2021,TimesNet,Exchange,96,1422,192,1230,1000000000,1.0,96,True,False,1.4267133039344098,-2.6996157414222433,-6.777071735492228,20.19344257929429
TimesNet__Exchange__h96__s2021,TimesNet,Exchange,96,1422,192,1230,1000000000,2.0,192,True,False,0.20579373686987648,-3.9716436365184493,-8.099602621549405,20.19344257929429
TimesNet__Exchange__h192__s2021,TimesNet,Exchange,192,1326,384,942,50,0.0,0,False,False,5.456539148641457,3.155358751527489,3.155358751527489,10.646839497985674
TimesNet__Exchange__h192__s2021,TimesNet,Exchange,192,1326,384,942,50,0.125,24,False,False,1.6305947781947383,-0.7637088038168346,-0.7637088038168346,10.646839497985674
TimesNet__Exchange__h192__s2021,TimesNet,Exchange,192,1326,384,942,50,0.25,48,False,False,-1.2205409884608065,-3.6842409906653466,-3.6842409906653466,10.646839497985674
TimesNet__Exchange__h192__s2021,TimesNet,Exchange,192,1326,384,942,50,0.5,96,False,False,0.184258125398645,-2.245249176923892,-2.245249176923892,10.646839497985674
TimesNet__Exchange__h192__s2021,TimesNet,Exchange,192,1326,384,942,50,1.0,192,True,False,0.5574654191072292,-1.862958047055635,-1.862958047055635,10.646839497985674
TimesNet__Exchange__h192__s2021,TimesNet,Exchange,192,1326,384,942,50,2.0,384,True,False,-0.8532593617325912,-3.3080197580454462,-3.3080197580454462,10.646839497985674
TimesNet__Exchange__h192__s2021,TimesNet,Exchange,192,1326,384,942,200,0.0,0,False,False,4.122969361111287,1.7893299803128457,1.7893299803128457,10.646839497985674
TimesNet__Exchange__h192__s2021,TimesNet,Exchange,192,1326,384,942,200,0.125,24,False,False,1.1886534660175836,-1.2164069327542282,-1.2164069327542282,10.646839497985674
TimesNet__Exchange__h192__s2021,TimesNet,Exchange,192,1326,384,942,200,0.25,48,False,False,-0.37578515526827033,-2.8189238669701644,-2.8189238669701644,10.646839497985674
TimesNet__Exchange__h192__s2021,TimesNet,Exchange,192,1326,384,942,200,0.5,96,False,False,2.0946967486653345,-0.2883106279070488,-0.2883106279070488,10.646839497985674
TimesNet__Exchange__h192__s2021,TimesNet,Exchange,192,1326,384,942,200,1.0,192,True,False,2.741790386807449,0.3745332184650238,0.3745332184650238,10.646839497985674
TimesNet__Exchange__h192__s2021,TimesNet,Exchange,192,1326,384,942,200,2.0,384,True,False,-4.191685398097691,-6.727702821421398,-6.727702821421398,10.646839497985674
TimesNet__Exchange__h192__s2021,TimesNet,Exchange,192,1326,384,942,1000,0.0,0,False,False,-5.430547541906885,-7.996718772319826,-7.996718772319826,10.646839497985674
TimesNet__Exchange__h192__s2021,TimesNet,Exchange,192,1326,384,942,1000,0.125,24,False,False,-7.153946133739058,-9.762064750255973,-9.762064750255973,10.646839497985674
TimesNet__Exchange__h192__s2021,TimesNet,Exchange,192,1326,384,942,1000,0.25,48,False,False,-6.367310520411044,-8.9562824880031,-8.9562824880031,10.646839497985674
TimesNet__Exchange__h192__s2021,TimesNet,Exchange,192,1326,384,942,1000,0.5,96,False,False,-6.835316632923095,-9.435679832464396,-9.435679832464396,10.646839497985674
TimesNet__Exchange__h192__s2021,TimesNet,Exchange,192,1326,384,942,1000,1.0,192,True,False,-9.097622879771356,-11.753050435330895,-11.753050435330895,10.646839497985674
TimesNet__Exchange__h192__s2021,TimesNet,Exchange,192,1326,384,942,1000,2.0,384,True,False,-8.316632098037447,-10.953050399428916,-10.953050399428916,10.646839497985674
TimesNet__Exchange__h192__s2021,TimesNet,Exchange,192,1326,384,942,3000,0.0,0,False,False,-3.9555731388106743,-6.4858436083239654,-6.4858436083239654,10.646839497985674
TimesNet__Exchange__h192__s2021,TimesNet,Exchange,192,1326,384,942,3000,0.125,24,False,False,-5.939945536763444,-8.5185154742846,-8.5185154742846,10.646839497985674
TimesNet__Exchange__h192__s2021,TimesNet,Exchange,192,1326,384,942,3000,0.25,48,False,False,-5.104858275089372,-7.663102254377782,-7.663102254377782,10.646839497985674
TimesNet__Exchange__h192__s2021,TimesNet,Exchange,192,1326,384,942,3000,0.5,96,False,False,-5.314240733332801,-7.877581065177702,-7.877581065177702,10.646839497985674
TimesNet__Exchange__h192__s2021,TimesNet,Exchange,192,1326,384,942,3000,1.0,192,True,False,-8.403743957349588,-11.042282554541528,-11.042282554541528,10.646839497985674
TimesNet__Exchange__h192__s2021,TimesNet,Exchange,192,1326,384,942,3000,2.0,384,True,False,-8.316632098037447,-10.953050399428916,-10.953050399428916,10.646839497985674
TimesNet__Exchange__h192__s2021,TimesNet,Exchange,192,1326,384,942,1000000000,0.0,0,False,False,-3.9555731388106743,-6.4858436083239654,-6.4858436083239654,10.646839497985674
TimesNet__Exchange__h192__s2021,TimesNet,Exchange,192,1326,384,942,1000000000,0.125,24,False,False,-5.939945536763444,-8.5185154742846,-8.5185154742846,10.646839497985674
TimesNet__Exchange__h192__s2021,TimesNet,Exchange,192,1326,384,942,1000000000,0.25,48,False,False,-5.104858275089372,-7.663102254377782,-7.663102254377782,10.646839497985674
TimesNet__Exchange__h192__s2021,TimesNet,Exchange,192,1326,384,942,1000000000,0.5,96,False,False,-5.314240733332801,-7.877581065177702,-7.877581065177702,10.646839497985674
TimesNet__Exchange__h192__s2021,TimesNet,Exchange,192,1326,384,942,1000000000,1.0,192,True,False,-8.403743957349588,-11.042282554541528,-11.042282554541528,10.646839497985674
TimesNet__Exchange__h192__s2021,TimesNet,Exchange,192,1326,384,942,1000000000,2.0,384,True,False,-8.316632098037447,-10.953050399428916,-10.953050399428916,10.646839497985674
TimesNet__Exchange__h336__s2021,TimesNet,Exchange,336,1182,591,591,50,0.0,0,False,False,8.56215491011771,1.0192589136216217,1.0192589136216217,13.928769637023606
TimesNet__Exchange__h336__s2021,TimesNet,Exchange,336,1182,591,591,50,0.125,42,False,False,1.2569515473209676,-6.88856570675905,-6.88856570675905,13.928769637023606
TimesNet__Exchange__h336__s2021,TimesNet,Exchange,336,1182,591,591,50,0.25,84,False,False,-1.5323805434656164,-9.907995541426304,-9.907995541426304,13.928769637023606
TimesNet__Exchange__h336__s2021,TimesNet,Exchange,336,1182,591,591,50,0.5,168,False,False,-7.953937052144874,-16.859279460380566,-16.859279460380566,13.928769637023606
TimesNet__Exchange__h336__s2021,TimesNet,Exchange,336,1182,591,591,50,1.0,336,True,False,-7.0996904005113946,-15.934564244638947,-15.934564244638947,13.928769637023606
TimesNet__Exchange__h336__s2021,TimesNet,Exchange,336,1182,591,591,50,2.0,672,True,True,,,,13.928769637023606
TimesNet__Exchange__h336__s2021,TimesNet,Exchange,336,1182,591,591,200,0.0,0,False,False,7.55743045148877,-0.06834733305825508,-0.06834733305825508,13.928769637023606
TimesNet__Exchange__h336__s2021,TimesNet,Exchange,336,1182,591,591,200,0.125,42,False,False,1.475212056151577,-6.652300439432292,-6.652300439432292,13.928769637023606
TimesNet__Exchange__h336__s2021,TimesNet,Exchange,336,1182,591,591,200,0.25,84,False,False,-2.3679256309200505,-10.812466462476849,-10.812466462476849,13.928769637023606
TimesNet__Exchange__h336__s2021,TimesNet,Exchange,336,1182,591,591,200,0.5,168,False,False,-8.511809467610762,-17.463171919352913,-17.463171919352913,13.928769637023606
TimesNet__Exchange__h336__s2021,TimesNet,Exchange,336,1182,591,591,200,1.0,336,True,False,-9.762670027471428,-18.817218540738466,-18.817218540738466,13.928769637023606
TimesNet__Exchange__h336__s2021,TimesNet,Exchange,336,1182,591,591,200,2.0,672,True,True,,,,13.928769637023606
TimesNet__Exchange__h336__s2021,TimesNet,Exchange,336,1182,591,591,1000,0.0,0,False,False,2.317169597481356,-5.740888087991084,-5.740888087991084,13.928769637023606
TimesNet__Exchange__h336__s2021,TimesNet,Exchange,336,1182,591,591,1000,0.125,42,False,False,0.16142879544616237,-8.074460384733644,-8.074460384733644,13.928769637023606
TimesNet__Exchange__h336__s2021,TimesNet,Exchange,336,1182,591,591,1000,0.25,84,False,False,-3.39191359218555,-11.920925297764995,-11.920925297764995,13.928769637023606
TimesNet__Exchange__h336__s2021,TimesNet,Exchange,336,1182,591,591,1000,0.5,168,False,False,-12.451913010268727,-21.72830271094135,-21.72830271094135,13.928769637023606
TimesNet__Exchange__h336__s2021,TimesNet,Exchange,336,1182,591,591,1000,1.0,336,True,False,-9.026849976536647,-18.020699179677976,-18.020699179677976,13.928769637023606
TimesNet__Exchange__h336__s2021,TimesNet,Exchange,336,1182,591,591,1000,2.0,672,True,True,,,,13.928769637023606
TimesNet__Exchange__h336__s2021,TimesNet,Exchange,336,1182,591,591,3000,0.0,0,False,False,2.317169597481356,-5.740888087991084,-5.740888087991084,13.928769637023606
TimesNet__Exchange__h336__s2021,TimesNet,Exchange,336,1182,591,591,3000,0.125,42,False,False,0.16142879544616237,-8.074460384733644,-8.074460384733644,13.928769637023606
TimesNet__Exchange__h336__s2021,TimesNet,Exchange,336,1182,591,591,3000,0.25,84,False,False,-3.39191359218555,-11.920925297764995,-11.920925297764995,13.928769637023606
TimesNet__Exchange__h336__s2021,TimesNet,Exchange,336,1182,591,591,3000,0.5,168,False,False,-12.451913010268727,-21.72830271094135,-21.72830271094135,13.928769637023606
TimesNet__Exchange__h336__s2021,TimesNet,Exchange,336,1182,591,591,3000,1.0,336,True,False,-9.026849976536647,-18.020699179677976,-18.020699179677976,13.928769637023606
TimesNet__Exchange__h336__s2021,TimesNet,Exchange,336,1182,591,591,3000,2.0,672,True,True,,,,13.928769637023606
TimesNet__Exchange__h336__s2021,TimesNet,Exchange,336,1182,591,591,1000000000,0.0,0,False,False,2.317169597481356,-5.740888087991084,-5.740888087991084,13.928769637023606
TimesNet__Exchange__h336__s2021,TimesNet,Exchange,336,1182,591,591,1000000000,0.125,42,False,False,0.16142879544616237,-8.074460384733644,-8.074460384733644,13.928769637023606
TimesNet__Exchange__h336__s2021,TimesNet,Exchange,336,1182,591,591,1000000000,0.25,84,False,False,-3.39191359218555,-11.920925297764995,-11.920925297764995,13.928769637023606
TimesNet__Exchange__h336__s2021,TimesNet,Exchange,336,1182,591,591,1000000000,0.5,168,False,False,-12.451913010268727,-21.72830271094135,-21.72830271094135,13.928769637023606
TimesNet__Exchange__h336__s2021,TimesNet,Exchange,336,1182,591,591,1000000000,1.0,336,True,False,-9.026849976536647,-18.020699179677976,-18.020699179677976,13.928769637023606
TimesNet__Exchange__h336__s2021,TimesNet,Exchange,336,1182,591,591,1000000000,2.0,672,True,True,,,,13.928769637023606
TimesNet__Exchange__h720__s2021,TimesNet,Exchange,720,798,399,399,50,0.0,0,False,False,10.840786609410115,10.840786609410115,4.82000555382774,15.255240206580055
TimesNet__Exchange__h720__s2021,TimesNet,Exchange,720,798,399,399,50,0.125,90,False,False,-4.118218756936387,-4.118218756936387,-11.14915785109966,15.255240206580055
TimesNet__Exchange__h720__s2021,TimesNet,Exchange,720,798,399,399,50,0.25,180,False,False,3.508408706046316,3.508408706046316,-3.007516264495754,15.255240206580055
TimesNet__Exchange__h720__s2021,TimesNet,Exchange,720,798,399,399,50,0.5,360,False,False,5.141763429314475,5.141763429314475,-1.2638636729431625,15.255240206580055
TimesNet__Exchange__h720__s2021,TimesNet,Exchange,720,798,399,399,50,1.0,720,True,True,,,,15.255240206580055
TimesNet__Exchange__h720__s2021,TimesNet,Exchange,720,798,399,399,50,2.0,1440,True,True,,,,15.255240206580055
TimesNet__Exchange__h720__s2021,TimesNet,Exchange,720,798,399,399,200,0.0,0,False,False,6.200895144971809,6.200895144971809,-0.13321046302296854,15.255240206580055
TimesNet__Exchange__h720__s2021,TimesNet,Exchange,720,798,399,399,200,0.125,90,False,False,-3.475168839879871,-3.475168839879871,-10.462683787382646,15.255240206580055
TimesNet__Exchange__h720__s2021,TimesNet,Exchange,720,798,399,399,200,0.25,180,False,False,0.017123718226964593,0.017123718226964593,-6.734562220979286,15.255240206580055
TimesNet__Exchange__h720__s2021,TimesNet,Exchange,720,798,399,399,200,0.5,360,False,False,5.611851679614509,5.611851679614509,-0.7620311045381739,15.255240206580055
TimesNet__Exchange__h720__s2021,TimesNet,Exchange,720,798,399,399,200,1.0,720,True,True,,,,15.255240206580055
TimesNet__Exchange__h720__s2021,TimesNet,Exchange,720,798,399,399,200,2.0,1440,True,True,,,,15.255240206580055
TimesNet__Exchange__h720__s2021,TimesNet,Exchange,720,798,399,399,1000,0.0,0,False,False,6.32567914152101,6.32567914152101,0.0,15.255240206580055
TimesNet__Exchange__h720__s2021,TimesNet,Exchange,720,798,399,399,1000,0.125,90,False,False,6.32567914152101,6.32567914152101,0.0,15.255240206580055
TimesNet__Exchange__h720__s2021,TimesNet,Exchange,720,798,399,399,1000,0.25,180,False,False,6.32567914152101,6.32567914152101,0.0,15.255240206580055
TimesNet__Exchange__h720__s2021,TimesNet,Exchange,720,798,399,399,1000,0.5,360,False,False,6.421709730940939,6.421709730940939,0.10251538366102403,15.255240206580055
TimesNet__Exchange__h720__s2021,TimesNet,Exchange,720,798,399,399,1000,1.0,720,True,True,,,,15.255240206580055
TimesNet__Exchange__h720__s2021,TimesNet,Exchange,720,798,399,399,1000,2.0,1440,True,True,,,,15.255240206580055
TimesNet__Exchange__h720__s2021,TimesNet,Exchange,720,798,399,399,3000,0.0,0,False,False,6.32567914152101,6.32567914152101,0.0,15.255240206580055
TimesNet__Exchange__h720__s2021,TimesNet,Exchange,720,798,399,399,3000,0.125,90,False,False,6.32567914152101,6.32567914152101,0.0,15.255240206580055
TimesNet__Exchange__h720__s2021,TimesNet,Exchange,720,798,399,399,3000,0.25,180,False,False,6.32567914152101,6.32567914152101,0.0,15.255240206580055
TimesNet__Exchange__h720__s2021,TimesNet,Exchange,720,798,399,399,3000,0.5,360,False,False,6.421709730940939,6.421709730940939,0.10251538366102403,15.255240206580055
TimesNet__Exchange__h720__s2021,TimesNet,Exchange,720,798,399,399,3000,1.0,720,True,True,,,,15.255240206580055
TimesNet__Exchange__h720__s2021,TimesNet,Exchange,720,798,399,399,3000,2.0,1440,True,True,,,,15.255240206580055
TimesNet__Exchange__h720__s2021,TimesNet,Exchange,720,798,399,399,1000000000,0.0,0,False,False,6.32567914152101,6.32567914152101,0.0,15.255240206580055
TimesNet__Exchange__h720__s2021,TimesNet,Exchange,720,798,399,399,1000000000,0.125,90,False,False,6.32567914152101,6.32567914152101,0.0,15.255240206580055
TimesNet__Exchange__h720__s2021,TimesNet,Exchange,720,798,399,399,1000000000,0.25,180,False,False,6.32567914152101,6.32567914152101,0.0,15.255240206580055
TimesNet__Exchange__h720__s2021,TimesNet,Exchange,720,798,399,399,1000000000,0.5,360,False,False,6.421709730940939,6.421709730940939,0.10251538366102403,15.255240206580055
TimesNet__Exchange__h720__s2021,TimesNet,Exchange,720,798,399,399,1000000000,1.0,720,True,True,,,,15.255240206580055
TimesNet__Exchange__h720__s2021,TimesNet,Exchange,720,798,399,399,1000000000,2.0,1440,True,True,,,,15.255240206580055
TimesNet__ILI__h24__s2021,TimesNet,ILI,24,170,48,122,50,0.0,0,False,False,2.476507504555087,2.476507504555087,2.476507504555087,16.35448769368779
TimesNet__ILI__h24__s2021,TimesNet,ILI,24,170,48,122,50,0.125,3,False,False,0.5723795864407345,0.5723795864407345,0.5723795864407345,16.35448769368779
TimesNet__ILI__h24__s2021,TimesNet,ILI,24,170,48,122,50,0.25,6,False,False,0.0,0.0,0.0,16.35448769368779
TimesNet__ILI__h24__s2021,TimesNet,ILI,24,170,48,122,50,0.5,12,False,False,0.0,0.0,0.0,16.35448769368779
TimesNet__ILI__h24__s2021,TimesNet,ILI,24,170,48,122,50,1.0,24,True,False,0.0,0.0,0.0,16.35448769368779
TimesNet__ILI__h24__s2021,TimesNet,ILI,24,170,48,122,50,2.0,48,True,False,0.0,0.0,0.0,16.35448769368779
TimesNet__ILI__h24__s2021,TimesNet,ILI,24,170,48,122,200,0.0,0,False,False,0.0,0.0,0.0,16.35448769368779
TimesNet__ILI__h24__s2021,TimesNet,ILI,24,170,48,122,200,0.125,3,False,False,0.0,0.0,0.0,16.35448769368779
TimesNet__ILI__h24__s2021,TimesNet,ILI,24,170,48,122,200,0.25,6,False,False,0.0,0.0,0.0,16.35448769368779
TimesNet__ILI__h24__s2021,TimesNet,ILI,24,170,48,122,200,0.5,12,False,False,0.0,0.0,0.0,16.35448769368779
TimesNet__ILI__h24__s2021,TimesNet,ILI,24,170,48,122,200,1.0,24,True,False,0.0,0.0,0.0,16.35448769368779
TimesNet__ILI__h24__s2021,TimesNet,ILI,24,170,48,122,200,2.0,48,True,False,0.0,0.0,0.0,16.35448769368779
TimesNet__ILI__h24__s2021,TimesNet,ILI,24,170,48,122,1000,0.0,0,False,False,0.0,0.0,0.0,16.35448769368779
TimesNet__ILI__h24__s2021,TimesNet,ILI,24,170,48,122,1000,0.125,3,False,False,0.0,0.0,0.0,16.35448769368779
TimesNet__ILI__h24__s2021,TimesNet,ILI,24,170,48,122,1000,0.25,6,False,False,0.0,0.0,0.0,16.35448769368779
TimesNet__ILI__h24__s2021,TimesNet,ILI,24,170,48,122,1000,0.5,12,False,False,0.0,0.0,0.0,16.35448769368779
TimesNet__ILI__h24__s2021,TimesNet,ILI,24,170,48,122,1000,1.0,24,True,False,0.0,0.0,0.0,16.35448769368779
TimesNet__ILI__h24__s2021,TimesNet,ILI,24,170,48,122,1000,2.0,48,True,False,0.0,0.0,0.0,16.35448769368779
TimesNet__ILI__h24__s2021,TimesNet,ILI,24,170,48,122,3000,0.0,0,False,False,0.0,0.0,0.0,16.35448769368779
TimesNet__ILI__h24__s2021,TimesNet,ILI,24,170,48,122,3000,0.125,3,False,False,0.0,0.0,0.0,16.35448769368779
TimesNet__ILI__h24__s2021,TimesNet,ILI,24,170,48,122,3000,0.25,6,False,False,0.0,0.0,0.0,16.35448769368779
TimesNet__ILI__h24__s2021,TimesNet,ILI,24,170,48,122,3000,0.5,12,False,False,0.0,0.0,0.0,16.35448769368779
TimesNet__ILI__h24__s2021,TimesNet,ILI,24,170,48,122,3000,1.0,24,True,False,0.0,0.0,0.0,16.35448769368779
TimesNet__ILI__h24__s2021,TimesNet,ILI,24,170,48,122,3000,2.0,48,True,False,0.0,0.0,0.0,16.35448769368779
TimesNet__ILI__h24__s2021,TimesNet,ILI,24,170,48,122,1000000000,0.0,0,False,False,0.0,0.0,0.0,16.35448769368779
TimesNet__ILI__h24__s2021,TimesNet,ILI,24,170,48,122,1000000000,0.125,3,False,False,0.0,0.0,0.0,16.35448769368779
TimesNet__ILI__h24__s2021,TimesNet,ILI,24,170,48,122,1000000000,0.25,6,False,False,0.0,0.0,0.0,16.35448769368779
TimesNet__ILI__h24__s2021,TimesNet,ILI,24,170,48,122,1000000000,0.5,12,False,False,0.0,0.0,0.0,16.35448769368779
TimesNet__ILI__h24__s2021,TimesNet,ILI,24,170,48,122,1000000000,1.0,24,True,False,0.0,0.0,0.0,16.35448769368779
TimesNet__ILI__h24__s2021,TimesNet,ILI,24,170,48,122,1000000000,2.0,48,True,False,0.0,0.0,0.0,16.35448769368779
TimesNet__ILI__h36__s2021,TimesNet,ILI,36,158,72,86,50,0.0,0,False,False,2.330847457748951,2.330847457748951,0.9652045178571096,19.848882063539175
TimesNet__ILI__h36__s2021,TimesNet,ILI,36,158,72,86,50,0.125,4,False,False,0.6762493333076468,0.6762493333076468,-0.7125287540507814,19.848882063539175
TimesNet__ILI__h36__s2021,TimesNet,ILI,36,158,72,86,50,0.25,9,False,False,-0.5479495241088549,-0.5479495241088549,-1.953844771626232,19.848882063539175
TimesNet__ILI__h36__s2021,TimesNet,ILI,36,158,72,86,50,0.5,18,False,False,-0.4416626549377407,-0.4416626549377407,-1.846071763702926,19.848882063539175
TimesNet__ILI__h36__s2021,TimesNet,ILI,36,158,72,86,50,1.0,36,True,False,-1.1351060501254489,-1.1351060501254489,-2.549211117667824,19.848882063539175
TimesNet__ILI__h36__s2021,TimesNet,ILI,36,158,72,86,50,2.0,72,True,False,5.7365929919784815,5.7365929919784815,4.418570331599935,19.848882063539175
TimesNet__ILI__h36__s2021,TimesNet,ILI,36,158,72,86,200,0.0,0,False,False,0.0,0.0,-1.3982336329795355,19.848882063539175
TimesNet__ILI__h36__s2021,TimesNet,ILI,36,158,72,86,200,0.125,4,False,False,0.0,0.0,-1.3982336329795355,19.848882063539175
TimesNet__ILI__h36__s2021,TimesNet,ILI,36,158,72,86,200,0.25,9,False,False,0.0,0.0,-1.3982336329795355,19.848882063539175
TimesNet__ILI__h36__s2021,TimesNet,ILI,36,158,72,86,200,0.5,18,False,False,0.0,0.0,-1.3982336329795355,19.848882063539175
TimesNet__ILI__h36__s2021,TimesNet,ILI,36,158,72,86,200,1.0,36,True,False,0.0,0.0,-1.3982336329795355,19.848882063539175
TimesNet__ILI__h36__s2021,TimesNet,ILI,36,158,72,86,200,2.0,72,True,False,0.0,0.0,-1.3982336329795355,19.848882063539175
TimesNet__ILI__h36__s2021,TimesNet,ILI,36,158,72,86,1000,0.0,0,False,False,0.0,0.0,-1.3982336329795355,19.848882063539175
TimesNet__ILI__h36__s2021,TimesNet,ILI,36,158,72,86,1000,0.125,4,False,False,0.0,0.0,-1.3982336329795355,19.848882063539175
TimesNet__ILI__h36__s2021,TimesNet,ILI,36,158,72,86,1000,0.25,9,False,False,0.0,0.0,-1.3982336329795355,19.848882063539175
TimesNet__ILI__h36__s2021,TimesNet,ILI,36,158,72,86,1000,0.5,18,False,False,0.0,0.0,-1.3982336329795355,19.848882063539175
TimesNet__ILI__h36__s2021,TimesNet,ILI,36,158,72,86,1000,1.0,36,True,False,0.0,0.0,-1.3982336329795355,19.848882063539175
TimesNet__ILI__h36__s2021,TimesNet,ILI,36,158,72,86,1000,2.0,72,True,False,0.0,0.0,-1.3982336329795355,19.848882063539175
TimesNet__ILI__h36__s2021,TimesNet,ILI,36,158,72,86,3000,0.0,0,False,False,0.0,0.0,-1.3982336329795355,19.848882063539175
TimesNet__ILI__h36__s2021,TimesNet,ILI,36,158,72,86,3000,0.125,4,False,False,0.0,0.0,-1.3982336329795355,19.848882063539175
TimesNet__ILI__h36__s2021,TimesNet,ILI,36,158,72,86,3000,0.25,9,False,False,0.0,0.0,-1.3982336329795355,19.848882063539175
TimesNet__ILI__h36__s2021,TimesNet,ILI,36,158,72,86,3000,0.5,18,False,False,0.0,0.0,-1.3982336329795355,19.848882063539175
TimesNet__ILI__h36__s2021,TimesNet,ILI,36,158,72,86,3000,1.0,36,True,False,0.0,0.0,-1.3982336329795355,19.848882063539175
TimesNet__ILI__h36__s2021,TimesNet,ILI,36,158,72,86,3000,2.0,72,True,False,0.0,0.0,-1.3982336329795355,19.848882063539175
TimesNet__ILI__h36__s2021,TimesNet,ILI,36,158,72,86,1000000000,0.0,0,False,False,0.0,0.0,-1.3982336329795355,19.848882063539175
TimesNet__ILI__h36__s2021,TimesNet,ILI,36,158,72,86,1000000000,0.125,4,False,False,0.0,0.0,-1.3982336329795355,19.848882063539175
TimesNet__ILI__h36__s2021,TimesNet,ILI,36,158,72,86,1000000000,0.25,9,False,False,0.0,0.0,-1.3982336329795355,19.848882063539175
TimesNet__ILI__h36__s2021,TimesNet,ILI,36,158,72,86,1000000000,0.5,18,False,False,0.0,0.0,-1.3982336329795355,19.848882063539175
TimesNet__ILI__h36__s2021,TimesNet,ILI,36,158,72,86,1000000000,1.0,36,True,False,0.0,0.0,-1.3982336329795355,19.848882063539175
TimesNet__ILI__h36__s2021,TimesNet,ILI,36,158,72,86,1000000000,2.0,72,True,False,0.0,0.0,-1.3982336329795355,19.848882063539175
TimesNet__ILI__h48__s2021,TimesNet,ILI,48,146,73,73,50,0.0,0,False,False,0.0,0.0,0.0,5.2469341601499995
TimesNet__ILI__h48__s2021,TimesNet,ILI,48,146,73,73,50,0.125,6,False,False,0.0,0.0,0.0,5.2469341601499995
TimesNet__ILI__h48__s2021,TimesNet,ILI,48,146,73,73,50,0.25,12,False,False,0.0,0.0,0.0,5.2469341601499995
TimesNet__ILI__h48__s2021,TimesNet,ILI,48,146,73,73,50,0.5,24,False,False,0.0,0.0,0.0,5.2469341601499995
TimesNet__ILI__h48__s2021,TimesNet,ILI,48,146,73,73,50,1.0,48,True,False,0.0,0.0,0.0,5.2469341601499995
TimesNet__ILI__h48__s2021,TimesNet,ILI,48,146,73,73,50,2.0,96,True,True,,,,5.2469341601499995
TimesNet__ILI__h48__s2021,TimesNet,ILI,48,146,73,73,200,0.0,0,False,False,0.0,0.0,0.0,5.2469341601499995
TimesNet__ILI__h48__s2021,TimesNet,ILI,48,146,73,73,200,0.125,6,False,False,0.0,0.0,0.0,5.2469341601499995
TimesNet__ILI__h48__s2021,TimesNet,ILI,48,146,73,73,200,0.25,12,False,False,0.0,0.0,0.0,5.2469341601499995
TimesNet__ILI__h48__s2021,TimesNet,ILI,48,146,73,73,200,0.5,24,False,False,0.0,0.0,0.0,5.2469341601499995
TimesNet__ILI__h48__s2021,TimesNet,ILI,48,146,73,73,200,1.0,48,True,False,0.0,0.0,0.0,5.2469341601499995
TimesNet__ILI__h48__s2021,TimesNet,ILI,48,146,73,73,200,2.0,96,True,True,,,,5.2469341601499995
TimesNet__ILI__h48__s2021,TimesNet,ILI,48,146,73,73,1000,0.0,0,False,False,0.0,0.0,0.0,5.2469341601499995
TimesNet__ILI__h48__s2021,TimesNet,ILI,48,146,73,73,1000,0.125,6,False,False,0.0,0.0,0.0,5.2469341601499995
TimesNet__ILI__h48__s2021,TimesNet,ILI,48,146,73,73,1000,0.25,12,False,False,0.0,0.0,0.0,5.2469341601499995
TimesNet__ILI__h48__s2021,TimesNet,ILI,48,146,73,73,1000,0.5,24,False,False,0.0,0.0,0.0,5.2469341601499995
TimesNet__ILI__h48__s2021,TimesNet,ILI,48,146,73,73,1000,1.0,48,True,False,0.0,0.0,0.0,5.2469341601499995
TimesNet__ILI__h48__s2021,TimesNet,ILI,48,146,73,73,1000,2.0,96,True,True,,,,5.2469341601499995
TimesNet__ILI__h48__s2021,TimesNet,ILI,48,146,73,73,3000,0.0,0,False,False,0.0,0.0,0.0,5.2469341601499995
TimesNet__ILI__h48__s2021,TimesNet,ILI,48,146,73,73,3000,0.125,6,False,False,0.0,0.0,0.0,5.2469341601499995
TimesNet__ILI__h48__s2021,TimesNet,ILI,48,146,73,73,3000,0.25,12,False,False,0.0,0.0,0.0,5.2469341601499995
TimesNet__ILI__h48__s2021,TimesNet,ILI,48,146,73,73,3000,0.5,24,False,False,0.0,0.0,0.0,5.2469341601499995
TimesNet__ILI__h48__s2021,TimesNet,ILI,48,146,73,73,3000,1.0,48,True,False,0.0,0.0,0.0,5.2469341601499995
TimesNet__ILI__h48__s2021,TimesNet,ILI,48,146,73,73,3000,2.0,96,True,True,,,,5.2469341601499995
TimesNet__ILI__h48__s2021,TimesNet,ILI,48,146,73,73,1000000000,0.0,0,False,False,0.0,0.0,0.0,5.2469341601499995
TimesNet__ILI__h48__s2021,TimesNet,ILI,48,146,73,73,1000000000,0.125,6,False,False,0.0,0.0,0.0,5.2469341601499995
TimesNet__ILI__h48__s2021,TimesNet,ILI,48,146,73,73,1000000000,0.25,12,False,False,0.0,0.0,0.0,5.2469341601499995
TimesNet__ILI__h48__s2021,TimesNet,ILI,48,146,73,73,1000000000,0.5,24,False,False,0.0,0.0,0.0,5.2469341601499995
TimesNet__ILI__h48__s2021,TimesNet,ILI,48,146,73,73,1000000000,1.0,48,True,False,0.0,0.0,0.0,5.2469341601499995
TimesNet__ILI__h48__s2021,TimesNet,ILI,48,146,73,73,1000000000,2.0,96,True,True,,,,5.2469341601499995
TimesNet__ILI__h60__s2021,TimesNet,ILI,60,134,67,67,50,0.0,0,False,False,0.0,0.0,0.0,2.153089425122496
TimesNet__ILI__h60__s2021,TimesNet,ILI,60,134,67,67,50,0.125,8,False,False,0.0,0.0,0.0,2.153089425122496
TimesNet__ILI__h60__s2021,TimesNet,ILI,60,134,67,67,50,0.25,15,False,False,0.0,0.0,0.0,2.153089425122496
TimesNet__ILI__h60__s2021,TimesNet,ILI,60,134,67,67,50,0.5,30,False,False,0.0,0.0,0.0,2.153089425122496
TimesNet__ILI__h60__s2021,TimesNet,ILI,60,134,67,67,50,1.0,60,True,False,0.0,0.0,0.0,2.153089425122496
TimesNet__ILI__h60__s2021,TimesNet,ILI,60,134,67,67,50,2.0,120,True,True,,,,2.153089425122496
TimesNet__ILI__h60__s2021,TimesNet,ILI,60,134,67,67,200,0.0,0,False,False,0.0,0.0,0.0,2.153089425122496
TimesNet__ILI__h60__s2021,TimesNet,ILI,60,134,67,67,200,0.125,8,False,False,0.0,0.0,0.0,2.153089425122496
TimesNet__ILI__h60__s2021,TimesNet,ILI,60,134,67,67,200,0.25,15,False,False,0.0,0.0,0.0,2.153089425122496
TimesNet__ILI__h60__s2021,TimesNet,ILI,60,134,67,67,200,0.5,30,False,False,0.0,0.0,0.0,2.153089425122496
TimesNet__ILI__h60__s2021,TimesNet,ILI,60,134,67,67,200,1.0,60,True,False,0.0,0.0,0.0,2.153089425122496
TimesNet__ILI__h60__s2021,TimesNet,ILI,60,134,67,67,200,2.0,120,True,True,,,,2.153089425122496
TimesNet__ILI__h60__s2021,TimesNet,ILI,60,134,67,67,1000,0.0,0,False,False,0.0,0.0,0.0,2.153089425122496
TimesNet__ILI__h60__s2021,TimesNet,ILI,60,134,67,67,1000,0.125,8,False,False,0.0,0.0,0.0,2.153089425122496
TimesNet__ILI__h60__s2021,TimesNet,ILI,60,134,67,67,1000,0.25,15,False,False,0.0,0.0,0.0,2.153089425122496
TimesNet__ILI__h60__s2021,TimesNet,ILI,60,134,67,67,1000,0.5,30,False,False,0.0,0.0,0.0,2.153089425122496
TimesNet__ILI__h60__s2021,TimesNet,ILI,60,134,67,67,1000,1.0,60,True,False,0.0,0.0,0.0,2.153089425122496
TimesNet__ILI__h60__s2021,TimesNet,ILI,60,134,67,67,1000,2.0,120,True,True,,,,2.153089425122496
TimesNet__ILI__h60__s2021,TimesNet,ILI,60,134,67,67,3000,0.0,0,False,False,0.0,0.0,0.0,2.153089425122496
TimesNet__ILI__h60__s2021,TimesNet,ILI,60,134,67,67,3000,0.125,8,False,False,0.0,0.0,0.0,2.153089425122496
TimesNet__ILI__h60__s2021,TimesNet,ILI,60,134,67,67,3000,0.25,15,False,False,0.0,0.0,0.0,2.153089425122496
TimesNet__ILI__h60__s2021,TimesNet,ILI,60,134,67,67,3000,0.5,30,False,False,0.0,0.0,0.0,2.153089425122496
TimesNet__ILI__h60__s2021,TimesNet,ILI,60,134,67,67,3000,1.0,60,True,False,0.0,0.0,0.0,2.153089425122496
TimesNet__ILI__h60__s2021,TimesNet,ILI,60,134,67,67,3000,2.0,120,True,True,,,,2.153089425122496
TimesNet__ILI__h60__s2021,TimesNet,ILI,60,134,67,67,1000000000,0.0,0,False,False,0.0,0.0,0.0,2.153089425122496
TimesNet__ILI__h60__s2021,TimesNet,ILI,60,134,67,67,1000000000,0.125,8,False,False,0.0,0.0,0.0,2.153089425122496
TimesNet__ILI__h60__s2021,TimesNet,ILI,60,134,67,67,1000000000,0.25,15,False,False,0.0,0.0,0.0,2.153089425122496
TimesNet__ILI__h60__s2021,TimesNet,ILI,60,134,67,67,1000000000,0.5,30,False,False,0.0,0.0,0.0,2.153089425122496
TimesNet__ILI__h60__s2021,TimesNet,ILI,60,134,67,67,1000000000,1.0,60,True,False,0.0,0.0,0.0,2.153089425122496
TimesNet__ILI__h60__s2021,TimesNet,ILI,60,134,67,67,1000000000,2.0,120,True,True,,,,2.153089425122496
TimesNet__Weather__h96__s2021,TimesNet,Weather,96,10444,192,10252,50,0.0,0,False,False,5.369933950662278,3.445158205440178,3.445158205440178,10.936629655061353
TimesNet__Weather__h96__s2021,TimesNet,Weather,96,10444,192,10252,50,0.125,12,False,False,2.8136852440485387,0.8369153946832556,0.8369153946832556,10.936629655061353
TimesNet__Weather__h96__s2021,TimesNet,Weather,96,10444,192,10252,50,0.25,24,False,False,1.6128552503023663,-0.3883394836962295,-0.3883394836962295,10.936629655061353
TimesNet__Weather__h96__s2021,TimesNet,Weather,96,10444,192,10252,50,0.5,48,False,False,0.7701731146266366,-1.2481617758084447,-1.2481617758084447,10.936629655061353
TimesNet__Weather__h96__s2021,TimesNet,Weather,96,10444,192,10252,50,1.0,96,True,False,-0.1413506969323576,-2.1782259836381805,-2.1782259836381805,10.936629655061353
TimesNet__Weather__h96__s2021,TimesNet,Weather,96,10444,192,10252,50,2.0,192,True,False,0.07564964910964299,-1.9568118500949783,-1.9568118500949783,10.936629655061353
TimesNet__Weather__h96__s2021,TimesNet,Weather,96,10444,192,10252,200,0.0,0,False,False,3.078020280721501,1.1066270065657844,1.1066270065657844,10.936629655061353
TimesNet__Weather__h96__s2021,TimesNet,Weather,96,10444,192,10252,200,0.125,12,False,False,1.701125615572232,-0.2982736990085568,-0.2982736990085568,10.936629655061353
TimesNet__Weather__h96__s2021,TimesNet,Weather,96,10444,192,10252,200,0.25,24,False,False,0.9358705000617437,-1.079094105200273,-1.079094105200273,10.936629655061353
TimesNet__Weather__h96__s2021,TimesNet,Weather,96,10444,192,10252,200,0.5,48,False,False,0.7302342875163036,-1.2889129587473631,-1.2889129587473631,10.936629655061353
TimesNet__Weather__h96__s2021,TimesNet,Weather,96,10444,192,10252,200,1.0,96,True,False,0.7550217640957001,-1.2636213048414875,-1.2636213048414875,10.936629655061353
TimesNet__Weather__h96__s2021,TimesNet,Weather,96,10444,192,10252,200,2.0,192,True,False,0.44767225907859376,-1.5772222994459995,-1.5772222994459995,10.936629655061353
TimesNet__Weather__h96__s2021,TimesNet,Weather,96,10444,192,10252,1000,0.0,0,False,False,1.9978605314346405,0.004496805675217377,0.004496805675217377,10.936629655061353
TimesNet__Weather__h96__s2021,TimesNet,Weather,96,10444,192,10252,1000,0.125,12,False,False,1.6372834373912166,-0.363414427229904,-0.363414427229904,10.936629655061353
TimesNet__Weather__h96__s2021,TimesNet,Weather,96,10444,192,10252,1000,0.25,24,False,False,1.498655921659985,-0.5048616269267028,-0.5048616269267028,10.936629655061353
TimesNet__Weather__h96__s2021,TimesNet,Weather,96,10444,192,10252,1000,0.5,48,False,False,1.4795054584296778,-0.5244016106199486,-0.5244016106199486,10.936629655061353
TimesNet__Weather__h96__s2021,TimesNet,Weather,96,10444,192,10252,1000,1.0,96,True,False,1.2627578877052983,-0.7455578273950304,-0.7455578273950304,10.936629655061353
TimesNet__Weather__h96__s2021,TimesNet,Weather,96,10444,192,10252,1000,2.0,192,True,False,1.0317878536149334,-0.9812257924712879,-0.9812257924712879,10.936629655061353
TimesNet__Weather__h96__s2021,TimesNet,Weather,96,10444,192,10252,3000,0.0,0,False,False,2.0021587729092185,0.00888247339055342,0.00888247339055342,10.936629655061353
TimesNet__Weather__h96__s2021,TimesNet,Weather,96,10444,192,10252,3000,0.125,12,False,False,1.9877216657434138,-0.0058482845657878086,-0.0058482845657878086,10.936629655061353
TimesNet__Weather__h96__s2021,TimesNet,Weather,96,10444,192,10252,3000,0.25,24,False,False,1.980059015305812,-0.013666793329629627,-0.013666793329629627,10.936629655061353
TimesNet__Weather__h96__s2021,TimesNet,Weather,96,10444,192,10252,3000,0.5,48,False,False,2.02409010597672,0.03125988981941154,0.03125988981941154,10.936629655061353
TimesNet__Weather__h96__s2021,TimesNet,Weather,96,10444,192,10252,3000,1.0,96,True,False,1.9737805681251914,-0.02007294413929131,-0.02007294413929131,10.936629655061353
TimesNet__Weather__h96__s2021,TimesNet,Weather,96,10444,192,10252,3000,2.0,192,True,False,1.7888295032106154,-0.20878591410859887,-0.20878591410859887,10.936629655061353
TimesNet__Weather__h96__s2021,TimesNet,Weather,96,10444,192,10252,1000000000,0.0,0,False,False,1.993453367483585,0.0,0.0,10.936629655061353
TimesNet__Weather__h96__s2021,TimesNet,Weather,96,10444,192,10252,1000000000,0.125,12,False,False,1.993453367483585,0.0,0.0,10.936629655061353
TimesNet__Weather__h96__s2021,TimesNet,Weather,96,10444,192,10252,1000000000,0.25,24,False,False,1.993453367483585,0.0,0.0,10.936629655061353
TimesNet__Weather__h96__s2021,TimesNet,Weather,96,10444,192,10252,1000000000,0.5,48,False,False,1.993453367483585,0.0,0.0,10.936629655061353
TimesNet__Weather__h96__s2021,TimesNet,Weather,96,10444,192,10252,1000000000,1.0,96,True,False,1.993453367483585,0.0,0.0,10.936629655061353
TimesNet__Weather__h96__s2021,TimesNet,Weather,96,10444,192,10252,1000000000,2.0,192,True,False,1.9945038226491836,0.0010718214259068553,0.0010718214259068553,10.936629655061353
TimesNet__Weather__h192__s2021,TimesNet,Weather,192,10348,384,9964,50,0.0,0,False,False,4.532146048201403,4.314265511593514,4.314265511593514,8.1525463103476
TimesNet__Weather__h192__s2021,TimesNet,Weather,192,10348,384,9964,50,0.125,24,False,False,0.4502669643590825,0.22307060081739544,0.22307060081739544,8.1525463103476
TimesNet__Weather__h192__s2021,TimesNet,Weather,192,10348,384,9964,50,0.25,48,False,False,-0.9517899093673281,-1.1821861029183556,-1.1821861029183556,8.1525463103476
TimesNet__Weather__h192__s2021,TimesNet,Weather,192,10348,384,9964,50,0.5,96,False,False,-1.0563230376105972,-1.2869578008280849,-1.2869578008280849,8.1525463103476
TimesNet__Weather__h192__s2021,TimesNet,Weather,192,10348,384,9964,50,1.0,192,True,False,-0.9486646929334799,-1.1790537539911554,-1.1790537539911554,8.1525463103476
TimesNet__Weather__h192__s2021,TimesNet,Weather,192,10348,384,9964,50,2.0,384,True,False,-1.325097036766356,-1.5563452067038885,-1.5563452067038885,8.1525463103476
TimesNet__Weather__h192__s2021,TimesNet,Weather,192,10348,384,9964,200,0.0,0,False,False,2.006472408558411,1.7828276790298387,1.7828276790298387,8.1525463103476
TimesNet__Weather__h192__s2021,TimesNet,Weather,192,10348,384,9964,200,0.125,24,False,False,-0.6425858506325883,-0.8722763663721875,-0.8722763663721875,8.1525463103476
TimesNet__Weather__h192__s2021,TimesNet,Weather,192,10348,384,9964,200,0.25,48,False,False,-0.9752621433816503,-1.2057119061995119,-1.2057119061995119,8.1525463103476
TimesNet__Weather__h192__s2021,TimesNet,Weather,192,10348,384,9964,200,0.5,96,False,False,-0.046844460749107454,-0.27517535177384833,-0.27517535177384833,8.1525463103476
TimesNet__Weather__h192__s2021,TimesNet,Weather,192,10348,384,9964,200,1.0,192,True,False,-1.080480561972061,-1.3111704584532926,-1.3111704584532926,8.1525463103476
TimesNet__Weather__h192__s2021,TimesNet,Weather,192,10348,384,9964,200,2.0,384,True,False,-1.5967363165412574,-1.828604432456323,-1.828604432456323,8.1525463103476
TimesNet__Weather__h192__s2021,TimesNet,Weather,192,10348,384,9964,1000,0.0,0,False,False,0.3775147208178177,0.15015231920984914,0.15015231920984914,8.1525463103476
TimesNet__Weather__h192__s2021,TimesNet,Weather,192,10348,384,9964,1000,0.125,24,False,False,-0.37349794350251697,-0.6025743361087963,-0.6025743361087963,8.1525463103476
TimesNet__Weather__h192__s2021,TimesNet,Weather,192,10348,384,9964,1000,0.25,48,False,False,-0.8018223549372256,-1.0318762865657267,-1.0318762865657267,8.1525463103476
TimesNet__Weather__h192__s2021,TimesNet,Weather,192,10348,384,9964,1000,0.5,96,False,False,-0.925926613075044,-1.1562637803817246,-1.1562637803817246,8.1525463103476
TimesNet__Weather__h192__s2021,TimesNet,Weather,192,10348,384,9964,1000,1.0,192,True,False,-0.3204244545198276,-0.5493797206968375,-0.5493797206968375,8.1525463103476
TimesNet__Weather__h192__s2021,TimesNet,Weather,192,10348,384,9964,1000,2.0,384,True,False,0.0708817703921726,-0.1571804411414923,-0.1571804411414923,8.1525463103476
TimesNet__Weather__h192__s2021,TimesNet,Weather,192,10348,384,9964,3000,0.0,0,False,False,0.35641054114608905,0.12899997473917293,0.12899997473917293,8.1525463103476
TimesNet__Weather__h192__s2021,TimesNet,Weather,192,10348,384,9964,3000,0.125,24,False,False,0.061641886826343584,-0.16644141233741022,-0.16644141233741022,8.1525463103476
TimesNet__Weather__h192__s2021,TimesNet,Weather,192,10348,384,9964,3000,0.25,48,False,False,-0.04687483617067166,-0.2752057965194088,-0.2752057965194088,8.1525463103476
TimesNet__Weather__h192__s2021,TimesNet,Weather,192,10348,384,9964,3000,0.5,96,False,False,-0.506681817170414,-0.7360621673148708,-0.7360621673148708,8.1525463103476
TimesNet__Weather__h192__s2021,TimesNet,Weather,192,10348,384,9964,3000,1.0,192,True,False,-0.35421398314370517,-0.5832463651280109,-0.5832463651280109,8.1525463103476
TimesNet__Weather__h192__s2021,TimesNet,Weather,192,10348,384,9964,3000,2.0,384,True,False,-0.15509295077920793,-0.3836708908169774,-0.3836708908169774,8.1525463103476
TimesNet__Weather__h192__s2021,TimesNet,Weather,192,10348,384,9964,1000000000,0.0,0,False,False,0.22770430490272064,0.0,0.0,8.1525463103476
TimesNet__Weather__h192__s2021,TimesNet,Weather,192,10348,384,9964,1000000000,0.125,24,False,False,0.22770430490272064,0.0,0.0,8.1525463103476
TimesNet__Weather__h192__s2021,TimesNet,Weather,192,10348,384,9964,1000000000,0.25,48,False,False,0.22770430490272064,0.0,0.0,8.1525463103476
TimesNet__Weather__h192__s2021,TimesNet,Weather,192,10348,384,9964,1000000000,0.5,96,False,False,0.22770430490272064,0.0,0.0,8.1525463103476
TimesNet__Weather__h192__s2021,TimesNet,Weather,192,10348,384,9964,1000000000,1.0,192,True,False,0.22770430490272064,0.0,0.0,8.1525463103476
TimesNet__Weather__h192__s2021,TimesNet,Weather,192,10348,384,9964,1000000000,2.0,384,True,False,0.22770430490272064,0.0,0.0,8.1525463103476
TimesNet__Weather__h336__s2021,TimesNet,Weather,336,10204,672,9532,50,0.0,0,False,False,2.8314448560605063,2.8314448560605063,2.8314448560605063,5.7745673170181275
TimesNet__Weather__h336__s2021,TimesNet,Weather,336,10204,672,9532,50,0.125,42,False,False,-1.4401775084752593,-1.4401775084752593,-1.4401775084752593,5.7745673170181275
TimesNet__Weather__h336__s2021,TimesNet,Weather,336,10204,672,9532,50,0.25,84,False,False,-0.8177121330994406,-0.8177121330994406,-0.8177121330994406,5.7745673170181275
TimesNet__Weather__h336__s2021,TimesNet,Weather,336,10204,672,9532,50,0.5,168,False,False,-1.4375116354223745,-1.4375116354223745,-1.4375116354223745,5.7745673170181275
TimesNet__Weather__h336__s2021,TimesNet,Weather,336,10204,672,9532,50,1.0,336,True,False,-3.3067458340890754,-3.3067458340890754,-3.3067458340890754,5.7745673170181275
TimesNet__Weather__h336__s2021,TimesNet,Weather,336,10204,672,9532,50,2.0,672,True,False,-0.7898723958627037,-0.7898723958627037,-0.7898723958627037,5.7745673170181275
TimesNet__Weather__h336__s2021,TimesNet,Weather,336,10204,672,9532,200,0.0,0,False,False,0.8375049519818695,0.8375049519818695,0.8375049519818695,5.7745673170181275
TimesNet__Weather__h336__s2021,TimesNet,Weather,336,10204,672,9532,200,0.125,42,False,False,-0.7372879532119285,-0.7372879532119285,-0.7372879532119285,5.7745673170181275
TimesNet__Weather__h336__s2021,TimesNet,Weather,336,10204,672,9532,200,0.25,84,False,False,-1.0600189956683084,-1.0600189956683084,-1.0600189956683084,5.7745673170181275
TimesNet__Weather__h336__s2021,TimesNet,Weather,336,10204,672,9532,200,0.5,168,False,False,-1.7001332336000003,-1.7001332336000003,-1.7001332336000003,5.7745673170181275
TimesNet__Weather__h336__s2021,TimesNet,Weather,336,10204,672,9532,200,1.0,336,True,False,-2.501484597142237,-2.501484597142237,-2.501484597142237,5.7745673170181275
TimesNet__Weather__h336__s2021,TimesNet,Weather,336,10204,672,9532,200,2.0,672,True,False,-0.14994707120274473,-0.14994707120274473,-0.14994707120274473,5.7745673170181275
TimesNet__Weather__h336__s2021,TimesNet,Weather,336,10204,672,9532,1000,0.0,0,False,False,0.33152359801854214,0.33152359801854214,0.33152359801854214,5.7745673170181275
TimesNet__Weather__h336__s2021,TimesNet,Weather,336,10204,672,9532,1000,0.125,42,False,False,-0.5777335337773366,-0.5777335337773366,-0.5777335337773366,5.7745673170181275
TimesNet__Weather__h336__s2021,TimesNet,Weather,336,10204,672,9532,1000,0.25,84,False,False,-0.7950960779962164,-0.7950960779962164,-0.7950960779962164,5.7745673170181275
TimesNet__Weather__h336__s2021,TimesNet,Weather,336,10204,672,9532,1000,0.5,168,False,False,-0.6796975700540518,-0.6796975700540518,-0.6796975700540518,5.7745673170181275
TimesNet__Weather__h336__s2021,TimesNet,Weather,336,10204,672,9532,1000,1.0,336,True,False,-0.8438355831401381,-0.8438355831401381,-0.8438355831401381,5.7745673170181275
TimesNet__Weather__h336__s2021,TimesNet,Weather,336,10204,672,9532,1000,2.0,672,True,False,-0.3591844405408541,-0.3591844405408541,-0.3591844405408541,5.7745673170181275
TimesNet__Weather__h336__s2021,TimesNet,Weather,336,10204,672,9532,3000,0.0,0,False,False,-0.1307863590815112,-0.1307863590815112,-0.1307863590815112,5.7745673170181275
TimesNet__Weather__h336__s2021,TimesNet,Weather,336,10204,672,9532,3000,0.125,42,False,False,-0.2814208318701912,-0.2814208318701912,-0.2814208318701912,5.7745673170181275
TimesNet__Weather__h336__s2021,TimesNet,Weather,336,10204,672,9532,3000,0.25,84,False,False,-0.26312266136324886,-0.26312266136324886,-0.26312266136324886,5.7745673170181275
TimesNet__Weather__h336__s2021,TimesNet,Weather,336,10204,672,9532,3000,0.5,168,False,False,-0.3995019123872043,-0.3995019123872043,-0.3995019123872043,5.7745673170181275
TimesNet__Weather__h336__s2021,TimesNet,Weather,336,10204,672,9532,3000,1.0,336,True,False,-0.37260785831584026,-0.37260785831584026,-0.37260785831584026,5.7745673170181275
TimesNet__Weather__h336__s2021,TimesNet,Weather,336,10204,672,9532,3000,2.0,672,True,False,-0.32186131369890225,-0.32186131369890225,-0.32186131369890225,5.7745673170181275
TimesNet__Weather__h336__s2021,TimesNet,Weather,336,10204,672,9532,1000000000,0.0,0,False,False,0.0025624897167944847,0.0025624897167944847,0.0025624897167944847,5.7745673170181275
TimesNet__Weather__h336__s2021,TimesNet,Weather,336,10204,672,9532,1000000000,0.125,42,False,False,-0.1022258756245204,-0.1022258756245204,-0.1022258756245204,5.7745673170181275
TimesNet__Weather__h336__s2021,TimesNet,Weather,336,10204,672,9532,1000000000,0.25,84,False,False,-0.19503318308407533,-0.19503318308407533,-0.19503318308407533,5.7745673170181275
TimesNet__Weather__h336__s2021,TimesNet,Weather,336,10204,672,9532,1000000000,0.5,168,False,False,-0.29212202289450373,-0.29212202289450373,-0.29212202289450373,5.7745673170181275
TimesNet__Weather__h336__s2021,TimesNet,Weather,336,10204,672,9532,1000000000,1.0,336,True,False,-0.3479534611571967,-0.3479534611571967,-0.3479534611571967,5.7745673170181275
TimesNet__Weather__h336__s2021,TimesNet,Weather,336,10204,672,9532,1000000000,2.0,672,True,False,-0.27655657596448935,-0.27655657596448935,-0.27655657596448935,5.7745673170181275
iTransformer__ETTh1__h96__s2021,iTransformer,ETTh1,96,2785,192,2593,50,0.0,0,False,False,5.338228455825385,0.882234343120537,0.882234343120537,8.775259376369396
iTransformer__ETTh1__h96__s2021,iTransformer,ETTh1,96,2785,192,2593,50,0.125,12,False,False,4.1175982131781605,-0.3958543760193591,-0.3958543760193591,8.775259376369396
iTransformer__ETTh1__h96__s2021,iTransformer,ETTh1,96,2785,192,2593,50,0.25,24,False,False,3.99676862975619,-0.5223717455833586,-0.5223717455833586,8.775259376369396
iTransformer__ETTh1__h96__s2021,iTransformer,ETTh1,96,2785,192,2593,50,0.5,48,False,False,3.4522243716604484,-1.0925492236009302,-1.0925492236009302,8.775259376369396
iTransformer__ETTh1__h96__s2021,iTransformer,ETTh1,96,2785,192,2593,50,1.0,96,True,False,2.2221543477149,-2.3805220809237118,-2.3805220809237118,8.775259376369396
iTransformer__ETTh1__h96__s2021,iTransformer,ETTh1,96,2785,192,2593,50,2.0,192,True,False,2.1502040814456107,-2.4558592472866034,-2.4558592472866034,8.775259376369396
iTransformer__ETTh1__h96__s2021,iTransformer,ETTh1,96,2785,192,2593,200,0.0,0,False,False,3.8916768733495144,-0.6324104646361269,-0.6324104646361269,8.775259376369396
iTransformer__ETTh1__h96__s2021,iTransformer,ETTh1,96,2785,192,2593,200,0.125,12,False,False,3.5349266522898333,-1.0059539155162138,-1.0059539155162138,8.775259376369396
iTransformer__ETTh1__h96__s2021,iTransformer,ETTh1,96,2785,192,2593,200,0.25,24,False,False,3.3324969624630736,-1.2179125365196286,-1.2179125365196286,8.775259376369396
iTransformer__ETTh1__h96__s2021,iTransformer,ETTh1,96,2785,192,2593,200,0.5,48,False,False,2.973956711396856,-1.5933302791207817,-1.5933302791207817,8.775259376369396
iTransformer__ETTh1__h96__s2021,iTransformer,ETTh1,96,2785,192,2593,200,1.0,96,True,False,2.5545700375333777,-2.0324586556716056,-2.0324586556716056,8.775259376369396
iTransformer__ETTh1__h96__s2021,iTransformer,ETTh1,96,2785,192,2593,200,2.0,192,True,False,4.064366646221541,-0.45159170158475465,-0.45159170158475465,8.775259376369396
iTransformer__ETTh1__h96__s2021,iTransformer,ETTh1,96,2785,192,2593,1000,0.0,0,False,False,4.495656336857278,0.0,0.0,8.775259376369396
iTransformer__ETTh1__h96__s2021,iTransformer,ETTh1,96,2785,192,2593,1000,0.125,12,False,False,4.495656336857278,0.0,0.0,8.775259376369396
iTransformer__ETTh1__h96__s2021,iTransformer,ETTh1,96,2785,192,2593,1000,0.25,24,False,False,4.495656336857278,0.0,0.0,8.775259376369396
iTransformer__ETTh1__h96__s2021,iTransformer,ETTh1,96,2785,192,2593,1000,0.5,48,False,False,4.495656336857278,0.0,0.0,8.775259376369396
iTransformer__ETTh1__h96__s2021,iTransformer,ETTh1,96,2785,192,2593,1000,1.0,96,True,False,4.495656336857278,0.0,0.0,8.775259376369396
iTransformer__ETTh1__h96__s2021,iTransformer,ETTh1,96,2785,192,2593,1000,2.0,192,True,False,4.495656336857278,0.0,0.0,8.775259376369396
iTransformer__ETTh1__h96__s2021,iTransformer,ETTh1,96,2785,192,2593,3000,0.0,0,False,False,4.495656336857278,0.0,0.0,8.775259376369396
iTransformer__ETTh1__h96__s2021,iTransformer,ETTh1,96,2785,192,2593,3000,0.125,12,False,False,4.495656336857278,0.0,0.0,8.775259376369396
iTransformer__ETTh1__h96__s2021,iTransformer,ETTh1,96,2785,192,2593,3000,0.25,24,False,False,4.495656336857278,0.0,0.0,8.775259376369396
iTransformer__ETTh1__h96__s2021,iTransformer,ETTh1,96,2785,192,2593,3000,0.5,48,False,False,4.495656336857278,0.0,0.0,8.775259376369396
iTransformer__ETTh1__h96__s2021,iTransformer,ETTh1,96,2785,192,2593,3000,1.0,96,True,False,4.495656336857278,0.0,0.0,8.775259376369396
iTransformer__ETTh1__h96__s2021,iTransformer,ETTh1,96,2785,192,2593,3000,2.0,192,True,False,4.495656336857278,0.0,0.0,8.775259376369396
iTransformer__ETTh1__h96__s2021,iTransformer,ETTh1,96,2785,192,2593,1000000000,0.0,0,False,False,4.495656336857278,0.0,0.0,8.775259376369396
iTransformer__ETTh1__h96__s2021,iTransformer,ETTh1,96,2785,192,2593,1000000000,0.125,12,False,False,4.495656336857278,0.0,0.0,8.775259376369396
iTransformer__ETTh1__h96__s2021,iTransformer,ETTh1,96,2785,192,2593,1000000000,0.25,24,False,False,4.495656336857278,0.0,0.0,8.775259376369396
iTransformer__ETTh1__h96__s2021,iTransformer,ETTh1,96,2785,192,2593,1000000000,0.5,48,False,False,4.495656336857278,0.0,0.0,8.775259376369396
iTransformer__ETTh1__h96__s2021,iTransformer,ETTh1,96,2785,192,2593,1000000000,1.0,96,True,False,4.495656336857278,0.0,0.0,8.775259376369396
iTransformer__ETTh1__h96__s2021,iTransformer,ETTh1,96,2785,192,2593,1000000000,2.0,192,True,False,4.495656336857278,0.0,0.0,8.775259376369396
iTransformer__ETTh1__h192__s2021,iTransformer,ETTh1,192,2689,384,2305,50,0.0,0,False,False,3.468053161771686,3.468053161771686,0.7498537483615891,5.700122028738213
iTransformer__ETTh1__h192__s2021,iTransformer,ETTh1,192,2689,384,2305,50,0.125,24,False,False,2.2650757082088404,2.2650757082088404,-0.486997803007447,5.700122028738213
iTransformer__ETTh1__h192__s2021,iTransformer,ETTh1,192,2689,384,2305,50,0.25,48,False,False,1.5310282900117702,1.5310282900117702,-1.2417149303206323,5.700122028738213
iTransformer__ETTh1__h192__s2021,iTransformer,ETTh1,192,2689,384,2305,50,0.5,96,False,False,0.39656044348735675,0.39656044348735675,-2.408127743625039,5.700122028738213
iTransformer__ETTh1__h192__s2021,iTransformer,ETTh1,192,2689,384,2305,50,1.0,192,True,False,0.2617420494353256,0.2617420494353256,-2.546742427834185,5.700122028738213
iTransformer__ETTh1__h192__s2021,iTransformer,ETTh1,192,2689,384,2305,50,2.0,384,True,False,1.0872683751429582,1.0872683751429582,-1.697970479845117,5.700122028738213
iTransformer__ETTh1__h192__s2021,iTransformer,ETTh1,192,2689,384,2305,200,0.0,0,False,False,2.428771948440183,2.428771948440183,-0.31869211441472417,5.700122028738213
iTransformer__ETTh1__h192__s2021,iTransformer,ETTh1,192,2689,384,2305,200,0.125,24,False,False,1.9648684083798442,1.9648684083798442,-0.7956585043581601,5.700122028738213
iTransformer__ETTh1__h192__s2021,iTransformer,ETTh1,192,2689,384,2305,200,0.25,48,False,False,1.7213158712460095,1.7213158712460095,-1.046069127185441,5.700122028738213
iTransformer__ETTh1__h192__s2021,iTransformer,ETTh1,192,2689,384,2305,200,0.5,96,False,False,1.6091894348662699,1.6091894348662699,-1.161352881153584,5.700122028738213
iTransformer__ETTh1__h192__s2021,iTransformer,ETTh1,192,2689,384,2305,200,1.0,192,True,False,2.0971430322639226,2.0971430322639226,-0.6596592191901518,5.700122028738213
iTransformer__ETTh1__h192__s2021,iTransformer,ETTh1,192,2689,384,2305,200,2.0,384,True,False,2.9127498883481064,2.9127498883481064,0.17891394131858268,5.700122028738213
iTransformer__ETTh1__h192__s2021,iTransformer,ETTh1,192,2689,384,2305,1000,0.0,0,False,False,2.738735927419578,2.738735927419578,0.0,5.700122028738213
iTransformer__ETTh1__h192__s2021,iTransformer,ETTh1,192,2689,384,2305,1000,0.125,24,False,False,2.738735927419578,2.738735927419578,0.0,5.700122028738213
iTransformer__ETTh1__h192__s2021,iTransformer,ETTh1,192,2689,384,2305,1000,0.25,48,False,False,2.738735927419578,2.738735927419578,0.0,5.700122028738213
iTransformer__ETTh1__h192__s2021,iTransformer,ETTh1,192,2689,384,2305,1000,0.5,96,False,False,2.738735927419578,2.738735927419578,0.0,5.700122028738213
iTransformer__ETTh1__h192__s2021,iTransformer,ETTh1,192,2689,384,2305,1000,1.0,192,True,False,2.738735927419578,2.738735927419578,0.0,5.700122028738213
iTransformer__ETTh1__h192__s2021,iTransformer,ETTh1,192,2689,384,2305,1000,2.0,384,True,False,2.738735927419578,2.738735927419578,0.0,5.700122028738213
iTransformer__ETTh1__h192__s2021,iTransformer,ETTh1,192,2689,384,2305,3000,0.0,0,False,False,2.738735927419578,2.738735927419578,0.0,5.700122028738213
iTransformer__ETTh1__h192__s2021,iTransformer,ETTh1,192,2689,384,2305,3000,0.125,24,False,False,2.738735927419578,2.738735927419578,0.0,5.700122028738213
iTransformer__ETTh1__h192__s2021,iTransformer,ETTh1,192,2689,384,2305,3000,0.25,48,False,False,2.738735927419578,2.738735927419578,0.0,5.700122028738213
iTransformer__ETTh1__h192__s2021,iTransformer,ETTh1,192,2689,384,2305,3000,0.5,96,False,False,2.738735927419578,2.738735927419578,0.0,5.700122028738213
iTransformer__ETTh1__h192__s2021,iTransformer,ETTh1,192,2689,384,2305,3000,1.0,192,True,False,2.738735927419578,2.738735927419578,0.0,5.700122028738213
iTransformer__ETTh1__h192__s2021,iTransformer,ETTh1,192,2689,384,2305,3000,2.0,384,True,False,2.738735927419578,2.738735927419578,0.0,5.700122028738213
iTransformer__ETTh1__h192__s2021,iTransformer,ETTh1,192,2689,384,2305,1000000000,0.0,0,False,False,2.738735927419578,2.738735927419578,0.0,5.700122028738213
iTransformer__ETTh1__h192__s2021,iTransformer,ETTh1,192,2689,384,2305,1000000000,0.125,24,False,False,2.738735927419578,2.738735927419578,0.0,5.700122028738213
iTransformer__ETTh1__h192__s2021,iTransformer,ETTh1,192,2689,384,2305,1000000000,0.25,48,False,False,2.738735927419578,2.738735927419578,0.0,5.700122028738213
iTransformer__ETTh1__h192__s2021,iTransformer,ETTh1,192,2689,384,2305,1000000000,0.5,96,False,False,2.738735927419578,2.738735927419578,0.0,5.700122028738213
iTransformer__ETTh1__h192__s2021,iTransformer,ETTh1,192,2689,384,2305,1000000000,1.0,192,True,False,2.738735927419578,2.738735927419578,0.0,5.700122028738213
iTransformer__ETTh1__h192__s2021,iTransformer,ETTh1,192,2689,384,2305,1000000000,2.0,384,True,False,2.738735927419578,2.738735927419578,0.0,5.700122028738213
iTransformer__ETTh1__h336__s2021,iTransformer,ETTh1,336,2545,672,1873,50,0.0,0,False,False,5.175472772379831,0.5118816261863719,0.5118816261863719,6.919282218771537
iTransformer__ETTh1__h336__s2021,iTransformer,ETTh1,336,2545,672,1873,50,0.125,42,False,False,4.607375019138623,-0.08415589885911264,-0.08415589885911264,6.919282218771537
iTransformer__ETTh1__h336__s2021,iTransformer,ETTh1,336,2545,672,1873,50,0.25,84,False,False,3.8731092607786493,-0.8545337833720673,-0.8545337833720673,6.919282218771537
iTransformer__ETTh1__h336__s2021,iTransformer,ETTh1,336,2545,672,1873,50,0.5,168,False,False,4.4691110303962525,-0.22921988684839248,-0.22921988684839248,6.919282218771537
iTransformer__ETTh1__h336__s2021,iTransformer,ETTh1,336,2545,672,1873,50,1.0,336,True,False,3.2252721933252824,-1.5342323037668144,-1.5342323037668144,6.919282218771537
iTransformer__ETTh1__h336__s2021,iTransformer,ETTh1,336,2545,672,1873,50,2.0,672,True,False,3.897287854963311,-0.8291660550987501,-0.8291660550987501,6.919282218771537
iTransformer__ETTh1__h336__s2021,iTransformer,ETTh1,336,2545,672,1873,200,0.0,0,False,False,5.081405655801326,0.4131881688830625,0.4131881688830625,6.919282218771537
iTransformer__ETTh1__h336__s2021,iTransformer,ETTh1,336,2545,672,1873,200,0.125,42,False,False,4.916488384520502,0.2401600559383143,0.2401600559383143,6.919282218771537
iTransformer__ETTh1__h336__s2021,iTransformer,ETTh1,336,2545,672,1873,200,0.25,84,False,False,4.937860211289722,0.2625829763961928,0.2625829763961928,6.919282218771537
iTransformer__ETTh1__h336__s2021,iTransformer,ETTh1,336,2545,672,1873,200,0.5,168,False,False,4.741046710761645,0.05608993698350971,0.05608993698350971,6.919282218771537
iTransformer__ETTh1__h336__s2021,iTransformer,ETTh1,336,2545,672,1873,200,1.0,336,True,False,4.251011999027565,-0.4580453066465505,-0.4580453066465505,6.919282218771537
iTransformer__ETTh1__h336__s2021,iTransformer,ETTh1,336,2545,672,1873,200,2.0,672,True,False,4.687586037832803,0.0,0.0,6.919282218771537
iTransformer__ETTh1__h336__s2021,iTransformer,ETTh1,336,2545,672,1873,1000,0.0,0,False,False,4.687586037832803,0.0,0.0,6.919282218771537
iTransformer__ETTh1__h336__s2021,iTransformer,ETTh1,336,2545,672,1873,1000,0.125,42,False,False,4.687586037832803,0.0,0.0,6.919282218771537
iTransformer__ETTh1__h336__s2021,iTransformer,ETTh1,336,2545,672,1873,1000,0.25,84,False,False,4.687586037832803,0.0,0.0,6.919282218771537
iTransformer__ETTh1__h336__s2021,iTransformer,ETTh1,336,2545,672,1873,1000,0.5,168,False,False,4.687586037832803,0.0,0.0,6.919282218771537
iTransformer__ETTh1__h336__s2021,iTransformer,ETTh1,336,2545,672,1873,1000,1.0,336,True,False,4.687586037832803,0.0,0.0,6.919282218771537
iTransformer__ETTh1__h336__s2021,iTransformer,ETTh1,336,2545,672,1873,1000,2.0,672,True,False,4.687586037832803,0.0,0.0,6.919282218771537
iTransformer__ETTh1__h336__s2021,iTransformer,ETTh1,336,2545,672,1873,3000,0.0,0,False,False,4.687586037832803,0.0,0.0,6.919282218771537
iTransformer__ETTh1__h336__s2021,iTransformer,ETTh1,336,2545,672,1873,3000,0.125,42,False,False,4.687586037832803,0.0,0.0,6.919282218771537
iTransformer__ETTh1__h336__s2021,iTransformer,ETTh1,336,2545,672,1873,3000,0.25,84,False,False,4.687586037832803,0.0,0.0,6.919282218771537
iTransformer__ETTh1__h336__s2021,iTransformer,ETTh1,336,2545,672,1873,3000,0.5,168,False,False,4.687586037832803,0.0,0.0,6.919282218771537
iTransformer__ETTh1__h336__s2021,iTransformer,ETTh1,336,2545,672,1873,3000,1.0,336,True,False,4.687586037832803,0.0,0.0,6.919282218771537
iTransformer__ETTh1__h336__s2021,iTransformer,ETTh1,336,2545,672,1873,3000,2.0,672,True,False,4.687586037832803,0.0,0.0,6.919282218771537
iTransformer__ETTh1__h336__s2021,iTransformer,ETTh1,336,2545,672,1873,1000000000,0.0,0,False,False,4.687586037832803,0.0,0.0,6.919282218771537
iTransformer__ETTh1__h336__s2021,iTransformer,ETTh1,336,2545,672,1873,1000000000,0.125,42,False,False,4.687586037832803,0.0,0.0,6.919282218771537
iTransformer__ETTh1__h336__s2021,iTransformer,ETTh1,336,2545,672,1873,1000000000,0.25,84,False,False,4.687586037832803,0.0,0.0,6.919282218771537
iTransformer__ETTh1__h336__s2021,iTransformer,ETTh1,336,2545,672,1873,1000000000,0.5,168,False,False,4.687586037832803,0.0,0.0,6.919282218771537
iTransformer__ETTh1__h336__s2021,iTransformer,ETTh1,336,2545,672,1873,1000000000,1.0,336,True,False,4.687586037832803,0.0,0.0,6.919282218771537
iTransformer__ETTh1__h336__s2021,iTransformer,ETTh1,336,2545,672,1873,1000000000,2.0,672,True,False,4.687586037832803,0.0,0.0,6.919282218771537
iTransformer__ETTh1__h720__s2021,iTransformer,ETTh1,720,2161,1080,1081,50,0.0,0,False,False,7.625040077600572,0.7974894052508931,0.7974894052508931,8.714642336422774
iTransformer__ETTh1__h720__s2021,iTransformer,ETTh1,720,2161,1080,1081,50,0.125,90,False,False,5.707708878868033,-1.2615541788079332,-1.2615541788079332,8.714642336422774
iTransformer__ETTh1__h720__s2021,iTransformer,ETTh1,720,2161,1080,1081,50,0.25,180,False,False,6.114510536058293,-0.8246852941959185,-0.8246852941959185,8.714642336422774
iTransformer__ETTh1__h720__s2021,iTransformer,ETTh1,720,2161,1080,1081,50,0.5,360,False,False,6.662155122562175,-0.2365636003900756,-0.2365636003900756,8.714642336422774
iTransformer__ETTh1__h720__s2021,iTransformer,ETTh1,720,2161,1080,1081,50,1.0,720,True,False,6.875228798943293,-0.007741377826549647,-0.007741377826549647,8.714642336422774
iTransformer__ETTh1__h720__s2021,iTransformer,ETTh1,720,2161,1080,1081,50,2.0,1440,True,True,,,,8.714642336422774
iTransformer__ETTh1__h720__s2021,iTransformer,ETTh1,720,2161,1080,1081,200,0.0,0,False,False,6.42478937422764,-0.49147335281398413,-0.49147335281398413,8.714642336422774
iTransformer__ETTh1__h720__s2021,iTransformer,ETTh1,720,2161,1080,1081,200,0.125,90,False,False,6.2171145484339405,-0.7144976888826428,-0.7144976888826428,8.714642336422774
iTransformer__ETTh1__h720__s2021,iTransformer,ETTh1,720,2161,1080,1081,200,0.25,180,False,False,6.908316409703533,0.027791780290703248,0.027791780290703248,8.714642336422774
iTransformer__ETTh1__h720__s2021,iTransformer,ETTh1,720,2161,1080,1081,200,0.5,360,False,False,6.882437381288483,0.0,0.0,8.714642336422774
iTransformer__ETTh1__h720__s2021,iTransformer,ETTh1,720,2161,1080,1081,200,1.0,720,True,False,6.368783506131479,-0.5516186857899859,-0.5516186857899859,8.714642336422774
iTransformer__ETTh1__h720__s2021,iTransformer,ETTh1,720,2161,1080,1081,200,2.0,1440,True,True,,,,8.714642336422774
iTransformer__ETTh1__h720__s2021,iTransformer,ETTh1,720,2161,1080,1081,1000,0.0,0,False,False,6.882437381288483,0.0,0.0,8.714642336422774
iTransformer__ETTh1__h720__s2021,iTransformer,ETTh1,720,2161,1080,1081,1000,0.125,90,False,False,6.882437381288483,0.0,0.0,8.714642336422774
iTransformer__ETTh1__h720__s2021,iTransformer,ETTh1,720,2161,1080,1081,1000,0.25,180,False,False,6.882437381288483,0.0,0.0,8.714642336422774
iTransformer__ETTh1__h720__s2021,iTransformer,ETTh1,720,2161,1080,1081,1000,0.5,360,False,False,6.882437381288483,0.0,0.0,8.714642336422774
iTransformer__ETTh1__h720__s2021,iTransformer,ETTh1,720,2161,1080,1081,1000,1.0,720,True,False,6.882437381288483,0.0,0.0,8.714642336422774
iTransformer__ETTh1__h720__s2021,iTransformer,ETTh1,720,2161,1080,1081,1000,2.0,1440,True,True,,,,8.714642336422774
iTransformer__ETTh1__h720__s2021,iTransformer,ETTh1,720,2161,1080,1081,3000,0.0,0,False,False,6.882437381288483,0.0,0.0,8.714642336422774
iTransformer__ETTh1__h720__s2021,iTransformer,ETTh1,720,2161,1080,1081,3000,0.125,90,False,False,6.882437381288483,0.0,0.0,8.714642336422774
iTransformer__ETTh1__h720__s2021,iTransformer,ETTh1,720,2161,1080,1081,3000,0.25,180,False,False,6.882437381288483,0.0,0.0,8.714642336422774
iTransformer__ETTh1__h720__s2021,iTransformer,ETTh1,720,2161,1080,1081,3000,0.5,360,False,False,6.882437381288483,0.0,0.0,8.714642336422774
iTransformer__ETTh1__h720__s2021,iTransformer,ETTh1,720,2161,1080,1081,3000,1.0,720,True,False,6.882437381288483,0.0,0.0,8.714642336422774
iTransformer__ETTh1__h720__s2021,iTransformer,ETTh1,720,2161,1080,1081,3000,2.0,1440,True,True,,,,8.714642336422774
iTransformer__ETTh1__h720__s2021,iTransformer,ETTh1,720,2161,1080,1081,1000000000,0.0,0,False,False,6.882437381288483,0.0,0.0,8.714642336422774
iTransformer__ETTh1__h720__s2021,iTransformer,ETTh1,720,2161,1080,1081,1000000000,0.125,90,False,False,6.882437381288483,0.0,0.0,8.714642336422774
iTransformer__ETTh1__h720__s2021,iTransformer,ETTh1,720,2161,1080,1081,1000000000,0.25,180,False,False,6.882437381288483,0.0,0.0,8.714642336422774
iTransformer__ETTh1__h720__s2021,iTransformer,ETTh1,720,2161,1080,1081,1000000000,0.5,360,False,False,6.882437381288483,0.0,0.0,8.714642336422774
iTransformer__ETTh1__h720__s2021,iTransformer,ETTh1,720,2161,1080,1081,1000000000,1.0,720,True,False,6.882437381288483,0.0,0.0,8.714642336422774
iTransformer__ETTh1__h720__s2021,iTransformer,ETTh1,720,2161,1080,1081,1000000000,2.0,1440,True,True,,,,8.714642336422774
iTransformer__ETTh2__h96__s2021,iTransformer,ETTh2,96,2785,192,2593,50,0.0,0,False,False,5.499637494328453,2.8765773040143383,2.8765773040143383,9.79004108719554
iTransformer__ETTh2__h96__s2021,iTransformer,ETTh2,96,2785,192,2593,50,0.125,12,False,False,3.2718883255786384,0.5869921803156498,0.5869921803156498,9.79004108719554
iTransformer__ETTh2__h96__s2021,iTransformer,ETTh2,96,2785,192,2593,50,0.25,24,False,False,2.595475692348386,-0.10819573592312344,-0.10819573592312344,9.79004108719554
iTransformer__ETTh2__h96__s2021,iTransformer,ETTh2,96,2785,192,2593,50,0.5,48,False,False,1.369669381472436,-1.3680269293480856,-1.3680269293480856,9.79004108719554
iTransformer__ETTh2__h96__s2021,iTransformer,ETTh2,96,2785,192,2593,50,1.0,96,True,False,0.17436287429811384,-2.5965117316215847,-2.5965117316215847,9.79004108719554
iTransformer__ETTh2__h96__s2021,iTransformer,ETTh2,96,2785,192,2593,50,2.0,192,True,False,3.20416003321901,0.5173839439776496,0.5173839439776496,9.79004108719554
iTransformer__ETTh2__h96__s2021,iTransformer,ETTh2,96,2785,192,2593,200,0.0,0,False,False,3.2468667517303533,0.561276079033605,0.561276079033605,9.79004108719554
iTransformer__ETTh2__h96__s2021,iTransformer,ETTh2,96,2785,192,2593,200,0.125,12,False,False,1.984284944866867,-0.7363513931245488,-0.7363513931245488,9.79004108719554
iTransformer__ETTh2__h96__s2021,iTransformer,ETTh2,96,2785,192,2593,200,0.25,24,False,False,1.8270280575918756,-0.897973282498225,-0.897973282498225,9.79004108719554
iTransformer__ETTh2__h96__s2021,iTransformer,ETTh2,96,2785,192,2593,200,0.5,48,False,False,0.919083762379817,-1.8311195184504645,-1.8311195184504645,9.79004108719554
iTransformer__ETTh2__h96__s2021,iTransformer,ETTh2,96,2785,192,2593,200,1.0,96,True,False,2.0577015288594245,-0.6608969744224348,-0.6608969744224348,9.79004108719554
iTransformer__ETTh2__h96__s2021,iTransformer,ETTh2,96,2785,192,2593,200,2.0,192,True,False,3.7375870228452297,1.0656173434823886,1.0656173434823886,9.79004108719554
iTransformer__ETTh2__h96__s2021,iTransformer,ETTh2,96,2785,192,2593,1000,0.0,0,False,False,1.9490956602096532,-0.7725174318307687,-0.7725174318307687,9.79004108719554
iTransformer__ETTh2__h96__s2021,iTransformer,ETTh2,96,2785,192,2593,1000,0.125,12,False,False,1.153933256468871,-1.5897512730854733,-1.5897512730854733,9.79004108719554
iTransformer__ETTh2__h96__s2021,iTransformer,ETTh2,96,2785,192,2593,1000,0.25,24,False,False,0.8824671998096348,-1.8687524522285162,-1.8687524522285162,9.79004108719554
iTransformer__ETTh2__h96__s2021,iTransformer,ETTh2,96,2785,192,2593,1000,0.5,48,False,False,0.2853407260895599,-2.48245345159344,-2.48245345159344,9.79004108719554
iTransformer__ETTh2__h96__s2021,iTransformer,ETTh2,96,2785,192,2593,1000,1.0,96,True,False,0.03673018105163421,-2.737964715383023,-2.737964715383023,9.79004108719554
iTransformer__ETTh2__h96__s2021,iTransformer,ETTh2,96,2785,192,2593,1000,2.0,192,True,False,0.8395286028863505,-1.9128829019789328,-1.9128829019789328,9.79004108719554
iTransformer__ETTh2__h96__s2021,iTransformer,ETTh2,96,2785,192,2593,3000,0.0,0,False,False,2.737098803292544,0.037358428135499853,0.037358428135499853,9.79004108719554
iTransformer__ETTh2__h96__s2021,iTransformer,ETTh2,96,2785,192,2593,3000,0.125,12,False,False,1.8357283143966434,-0.8890315314106313,-0.8890315314106313,9.79004108719554
iTransformer__ETTh2__h96__s2021,iTransformer,ETTh2,96,2785,192,2593,3000,0.25,24,False,False,1.58329595559893,-1.14847069159569,-1.14847069159569,9.79004108719554
iTransformer__ETTh2__h96__s2021,iTransformer,ETTh2,96,2785,192,2593,3000,0.5,48,False,False,0.5862943137489569,-2.1731462517997593,-2.1731462517997593,9.79004108719554
iTransformer__ETTh2__h96__s2021,iTransformer,ETTh2,96,2785,192,2593,3000,1.0,96,True,False,0.01514365525667536,-2.7601504214875443,-2.7601504214875443,9.79004108719554
iTransformer__ETTh2__h96__s2021,iTransformer,ETTh2,96,2785,192,2593,3000,2.0,192,True,False,1.610751793637956,-1.1202527579007076,-1.1202527579007076,9.79004108719554
iTransformer__ETTh2__h96__s2021,iTransformer,ETTh2,96,2785,192,2593,1000000000,0.0,0,False,False,2.737098803292544,0.037358428135499853,0.037358428135499853,9.79004108719554
iTransformer__ETTh2__h96__s2021,iTransformer,ETTh2,96,2785,192,2593,1000000000,0.125,12,False,False,1.8357283143966434,-0.8890315314106313,-0.8890315314106313,9.79004108719554
iTransformer__ETTh2__h96__s2021,iTransformer,ETTh2,96,2785,192,2593,1000000000,0.25,24,False,False,1.58329595559893,-1.14847069159569,-1.14847069159569,9.79004108719554
iTransformer__ETTh2__h96__s2021,iTransformer,ETTh2,96,2785,192,2593,1000000000,0.5,48,False,False,0.5862943137489569,-2.1731462517997593,-2.1731462517997593,9.79004108719554
iTransformer__ETTh2__h96__s2021,iTransformer,ETTh2,96,2785,192,2593,1000000000,1.0,96,True,False,0.01514365525667536,-2.7601504214875443,-2.7601504214875443,9.79004108719554
iTransformer__ETTh2__h96__s2021,iTransformer,ETTh2,96,2785,192,2593,1000000000,2.0,192,True,False,1.610751793637956,-1.1202527579007076,-1.1202527579007076,9.79004108719554
iTransformer__ETTh2__h192__s2021,iTransformer,ETTh2,192,2689,384,2305,50,0.0,0,False,False,5.933423468657214,2.6150245312210383,2.6150245312210383,9.942653298235667
iTransformer__ETTh2__h192__s2021,iTransformer,ETTh2,192,2689,384,2305,50,0.125,24,False,False,3.791193220724373,0.3972225463268191,0.3972225463268191,9.942653298235667
iTransformer__ETTh2__h192__s2021,iTransformer,ETTh2,192,2689,384,2305,50,0.25,48,False,False,2.132065342407188,-1.3204346034010674,-1.3204346034010674,9.942653298235667
iTransformer__ETTh2__h192__s2021,iTransformer,ETTh2,192,2689,384,2305,50,0.5,96,False,False,0.9543092846565415,-2.5397385158171435,-2.5397385158171435,9.942653298235667
iTransformer__ETTh2__h192__s2021,iTransformer,ETTh2,192,2689,384,2305,50,1.0,192,True,False,2.712533337298279,-0.7194893630473385,-0.7194893630473385,9.942653298235667
iTransformer__ETTh2__h192__s2021,iTransformer,ETTh2,192,2689,384,2305,50,2.0,384,True,False,1.4991304952817748,-1.975697576005433,-1.975697576005433,9.942653298235667
iTransformer__ETTh2__h192__s2021,iTransformer,ETTh2,192,2689,384,2305,200,0.0,0,False,False,4.215295608659815,0.8362860497337081,0.8362860497337081,9.942653298235667
iTransformer__ETTh2__h192__s2021,iTransformer,ETTh2,192,2689,384,2305,200,0.125,24,False,False,3.4682472060624066,0.06288392281885721,0.06288392281885721,9.942653298235667
iTransformer__ETTh2__h192__s2021,iTransformer,ETTh2,192,2689,384,2305,200,0.25,48,False,False,2.636781754627682,-0.7979132442187685,-0.7979132442187685,9.942653298235667
iTransformer__ETTh2__h192__s2021,iTransformer,ETTh2,192,2689,384,2305,200,0.5,96,False,False,2.981838023148503,-0.44068438053144166,-0.44068438053144166,9.942653298235667
iTransformer__ETTh2__h192__s2021,iTransformer,ETTh2,192,2689,384,2305,200,1.0,192,True,False,0.9757271920385213,-2.5175650461119745,-2.5175650461119745,9.942653298235667
iTransformer__ETTh2__h192__s2021,iTransformer,ETTh2,192,2689,384,2305,200,2.0,384,True,False,2.9477811941809446,-0.4759426367139125,-0.4759426367139125,9.942653298235667
iTransformer__ETTh2__h192__s2021,iTransformer,ETTh2,192,2689,384,2305,1000,0.0,0,False,False,2.766266431556502,-0.663860719387121,-0.663860719387121,9.942653298235667
iTransformer__ETTh2__h192__s2021,iTransformer,ETTh2,192,2689,384,2305,1000,0.125,24,False,False,2.1036953855809,-1.3498053709090967,-1.3498053709090967,9.942653298235667
iTransformer__ETTh2__h192__s2021,iTransformer,ETTh2,192,2689,384,2305,1000,0.25,48,False,False,1.9142191147369583,-1.5459658209697493,-1.5459658209697493,9.942653298235667
iTransformer__ETTh2__h192__s2021,iTransformer,ETTh2,192,2689,384,2305,1000,0.5,96,False,False,1.8923134948026723,-1.5686442083267935,-1.5686442083267935,9.942653298235667
iTransformer__ETTh2__h192__s2021,iTransformer,ETTh2,192,2689,384,2305,1000,1.0,192,True,False,2.0838270239671686,-1.3703746313170526,-1.3703746313170526,9.942653298235667
iTransformer__ETTh2__h192__s2021,iTransformer,ETTh2,192,2689,384,2305,1000,2.0,384,True,False,3.6315668745794896,0.23196504066740303,0.23196504066740303,9.942653298235667
iTransformer__ETTh2__h192__s2021,iTransformer,ETTh2,192,2689,384,2305,3000,0.0,0,False,False,3.4513253905226597,0.04536515417656082,0.04536515417656082,9.942653298235667
iTransformer__ETTh2__h192__s2021,iTransformer,ETTh2,192,2689,384,2305,3000,0.125,24,False,False,2.4639620826348776,-0.9768294984095861,-0.9768294984095861,9.942653298235667
iTransformer__ETTh2__h192__s2021,iTransformer,ETTh2,192,2689,384,2305,3000,0.25,48,False,False,2.251222325175788,-1.197074104148845,-1.197074104148845,9.942653298235667
iTransformer__ETTh2__h192__s2021,iTransformer,ETTh2,192,2689,384,2305,3000,0.5,96,False,False,2.510458764116538,-0.9286925474069909,-0.9286925474069909,9.942653298235667
iTransformer__ETTh2__h192__s2021,iTransformer,ETTh2,192,2689,384,2305,3000,1.0,192,True,False,2.3953727430532803,-1.047838473104737,-1.047838473104737,9.942653298235667
iTransformer__ETTh2__h192__s2021,iTransformer,ETTh2,192,2689,384,2305,3000,2.0,384,True,False,3.130470981875375,-0.2868080774574636,-0.2868080774574636,9.942653298235667
iTransformer__ETTh2__h192__s2021,iTransformer,ETTh2,192,2689,384,2305,1000000000,0.0,0,False,False,3.4513253905226597,0.04536515417656082,0.04536515417656082,9.942653298235667
iTransformer__ETTh2__h192__s2021,iTransformer,ETTh2,192,2689,384,2305,1000000000,0.125,24,False,False,2.4639620826348776,-0.9768294984095861,-0.9768294984095861,9.942653298235667
iTransformer__ETTh2__h192__s2021,iTransformer,ETTh2,192,2689,384,2305,1000000000,0.25,48,False,False,2.251222325175788,-1.197074104148845,-1.197074104148845,9.942653298235667
iTransformer__ETTh2__h192__s2021,iTransformer,ETTh2,192,2689,384,2305,1000000000,0.5,96,False,False,2.510458764116538,-0.9286925474069909,-0.9286925474069909,9.942653298235667
iTransformer__ETTh2__h192__s2021,iTransformer,ETTh2,192,2689,384,2305,1000000000,1.0,192,True,False,2.3953727430532803,-1.047838473104737,-1.047838473104737,9.942653298235667
iTransformer__ETTh2__h192__s2021,iTransformer,ETTh2,192,2689,384,2305,1000000000,2.0,384,True,False,3.130470981875375,-0.2868080774574636,-0.2868080774574636,9.942653298235667
iTransformer__ETTh2__h336__s2021,iTransformer,ETTh2,336,2545,672,1873,50,0.0,0,False,False,4.904398959498009,1.167650682494438,1.167650682494438,9.035536324127348
iTransformer__ETTh2__h336__s2021,iTransformer,ETTh2,336,2545,672,1873,50,0.125,42,False,False,1.276608517547862,-2.602692512001155,-2.602692512001155,9.035536324127348
iTransformer__ETTh2__h336__s2021,iTransformer,ETTh2,336,2545,672,1873,50,0.25,84,False,False,1.573209547246052,-2.2944366489084094,-2.2944366489084094,9.035536324127348
iTransformer__ETTh2__h336__s2021,iTransformer,ETTh2,336,2545,672,1873,50,0.5,168,False,False,0.9196360216434645,-2.9736921168823423,-2.9736921168823423,9.035536324127348
iTransformer__ETTh2__h336__s2021,iTransformer,ETTh2,336,2545,672,1873,50,1.0,336,True,False,2.6410800461970005,-1.1846045533814176,-1.1846045533814176,9.035536324127348
iTransformer__ETTh2__h336__s2021,iTransformer,ETTh2,336,2545,672,1873,50,2.0,672,True,False,2.7575663679125157,-1.0635409425252669,-1.0635409425252669,9.035536324127348
iTransformer__ETTh2__h336__s2021,iTransformer,ETTh2,336,2545,672,1873,200,0.0,0,False,False,3.843337994855309,0.06489569953709873,0.06489569953709873,9.035536324127348
iTransformer__ETTh2__h336__s2021,iTransformer,ETTh2,336,2545,672,1873,200,0.125,42,False,False,1.847508646300531,-2.009359062999014,-2.009359062999014,9.035536324127348
iTransformer__ETTh2__h336__s2021,iTransformer,ETTh2,336,2545,672,1873,200,0.25,84,False,False,2.617915529506163,-1.2086793116279635,-1.2086793116279635,9.035536324127348
iTransformer__ETTh2__h336__s2021,iTransformer,ETTh2,336,2545,672,1873,200,0.5,168,False,False,1.5812132842972608,-2.2861184078180186,-2.2861184078180186,9.035536324127348
iTransformer__ETTh2__h336__s2021,iTransformer,ETTh2,336,2545,672,1873,200,1.0,336,True,False,3.0344216766598064,-0.775806701560069,-0.775806701560069,9.035536324127348
iTransformer__ETTh2__h336__s2021,iTransformer,ETTh2,336,2545,672,1873,200,2.0,672,True,False,2.92423643974511,-0.8903216286989943,-0.8903216286989943,9.035536324127348
iTransformer__ETTh2__h336__s2021,iTransformer,ETTh2,336,2545,672,1873,1000,0.0,0,False,False,3.7271968844106445,-0.055809135092436624,-0.055809135092436624,9.035536324127348
iTransformer__ETTh2__h336__s2021,iTransformer,ETTh2,336,2545,672,1873,1000,0.125,42,False,False,3.3960492066128176,-0.3999691447006245,-0.3999691447006245,9.035536324127348
iTransformer__ETTh2__h336__s2021,iTransformer,ETTh2,336,2545,672,1873,1000,0.25,84,False,False,3.0604551122229764,-0.7487502912807109,-0.7487502912807109,9.035536324127348
iTransformer__ETTh2__h336__s2021,iTransformer,ETTh2,336,2545,672,1873,1000,0.5,168,False,False,3.81433938303391,0.03475759743882652,0.03475759743882652,9.035536324127348
iTransformer__ETTh2__h336__s2021,iTransformer,ETTh2,336,2545,672,1873,1000,1.0,336,True,False,3.7672212693793954,-0.014212005959563732,-0.014212005959563732,9.035536324127348
iTransformer__ETTh2__h336__s2021,iTransformer,ETTh2,336,2545,672,1873,1000,2.0,672,True,False,3.682523427874405,-0.10223801942883781,-0.10223801942883781,9.035536324127348
iTransformer__ETTh2__h336__s2021,iTransformer,ETTh2,336,2545,672,1873,3000,0.0,0,False,False,3.7855585737539283,0.004845856356416626,0.004845856356416626,9.035536324127348
iTransformer__ETTh2__h336__s2021,iTransformer,ETTh2,336,2545,672,1873,3000,0.125,42,False,False,3.7839988749039866,0.003224869687412895,0.003224869687412895,9.035536324127348
iTransformer__ETTh2__h336__s2021,iTransformer,ETTh2,336,2545,672,1873,3000,0.25,84,False,False,3.6377195378194633,-0.14880246262329386,-0.14880246262329386,9.035536324127348
iTransformer__ETTh2__h336__s2021,iTransformer,ETTh2,336,2545,672,1873,3000,0.5,168,False,False,3.751708595588955,-0.030334244823718246,-0.030334244823718246,9.035536324127348
iTransformer__ETTh2__h336__s2021,iTransformer,ETTh2,336,2545,672,1873,3000,1.0,336,True,False,3.7769405284285495,-0.004110832036237457,-0.004110832036237457,9.035536324127348
iTransformer__ETTh2__h336__s2021,iTransformer,ETTh2,336,2545,672,1873,3000,2.0,672,True,False,3.7847259816883234,0.003980547877722431,0.003980547877722431,9.035536324127348
iTransformer__ETTh2__h336__s2021,iTransformer,ETTh2,336,2545,672,1873,1000000000,0.0,0,False,False,3.7855585737539283,0.004845856356416626,0.004845856356416626,9.035536324127348
iTransformer__ETTh2__h336__s2021,iTransformer,ETTh2,336,2545,672,1873,1000000000,0.125,42,False,False,3.7839988749039866,0.003224869687412895,0.003224869687412895,9.035536324127348
iTransformer__ETTh2__h336__s2021,iTransformer,ETTh2,336,2545,672,1873,1000000000,0.25,84,False,False,3.6377195378194633,-0.14880246262329386,-0.14880246262329386,9.035536324127348
iTransformer__ETTh2__h336__s2021,iTransformer,ETTh2,336,2545,672,1873,1000000000,0.5,168,False,False,3.751708595588955,-0.030334244823718246,-0.030334244823718246,9.035536324127348
iTransformer__ETTh2__h336__s2021,iTransformer,ETTh2,336,2545,672,1873,1000000000,1.0,336,True,False,3.7769405284285495,-0.004110832036237457,-0.004110832036237457,9.035536324127348
iTransformer__ETTh2__h336__s2021,iTransformer,ETTh2,336,2545,672,1873,1000000000,2.0,672,True,False,3.7847259816883234,0.003980547877722431,0.003980547877722431,9.035536324127348
iTransformer__ETTh2__h720__s2021,iTransformer,ETTh2,720,2161,1080,1081,50,0.0,0,False,False,8.609900488583255,20.868144247422556,3.941820692297265,11.443668977537198
iTransformer__ETTh2__h720__s2021,iTransformer,ETTh2,720,2161,1080,1081,50,0.125,90,False,False,4.169037453385052,17.022938530425193,-0.7258754804454747,11.443668977537198
iTransformer__ETTh2__h720__s2021,iTransformer,ETTh2,720,2161,1080,1081,50,0.25,180,False,False,-1.3668932314301094,12.229547662606565,-6.544573842739716,11.443668977537198
iTransformer__ETTh2__h720__s2021,iTransformer,ETTh2,720,2161,1080,1081,50,0.5,360,False,False,-15.028530732263793,0.4003590104493063,-20.90402887898223,11.443668977537198
iTransformer__ETTh2__h720__s2021,iTransformer,ETTh2,720,2161,1080,1081,50,1.0,720,True,False,-6.777022969886415,7.545083936721547,-12.231045520447537,11.443668977537198
iTransformer__ETTh2__h720__s2021,iTransformer,ETTh2,720,2161,1080,1081,50,2.0,1440,True,True,,,,11.443668977537198
iTransformer__ETTh2__h720__s2021,iTransformer,ETTh2,720,2161,1080,1081,200,0.0,0,False,False,6.65672964282352,19.176954124498014,1.8888845829856842,11.443668977537198
iTransformer__ETTh2__h720__s2021,iTransformer,ETTh2,720,2161,1080,1081,200,0.125,90,False,False,2.940015174154698,15.95876621595462,-2.0176745166936265,11.443668977537198
iTransformer__ETTh2__h720__s2021,iTransformer,ETTh2,720,2161,1080,1081,200,0.25,180,False,False,-4.573231994169934,9.453278265555198,-9.914687951807123,11.443668977537198
iTransformer__ETTh2__h720__s2021,iTransformer,ETTh2,720,2161,1080,1081,200,0.5,360,False,False,-15.371047093255344,0.10378470518230028,-21.26404050163987,11.443668977537198
iTransformer__ETTh2__h720__s2021,iTransformer,ETTh2,720,2161,1080,1081,200,1.0,720,True,False,-16.64600600878537,-1.0001627194682372,-22.60412255399214,11.443668977537198
iTransformer__ETTh2__h720__s2021,iTransformer,ETTh2,720,2161,1080,1081,200,2.0,1440,True,True,,,,11.443668977537198
iTransformer__ETTh2__h720__s2021,iTransformer,ETTh2,720,2161,1080,1081,1000,0.0,0,False,False,3.5314723255276155,16.470890639021096,-1.3960065526237835,11.443668977537198
iTransformer__ETTh2__h720__s2021,iTransformer,ETTh2,720,2161,1080,1081,1000,0.125,90,False,False,-2.2046942562197693,11.504121711683567,-7.4251685843328,11.443668977537198
iTransformer__ETTh2__h720__s2021,iTransformer,ETTh2,720,2161,1080,1081,1000,0.25,180,False,False,-9.551653008467575,5.142617748878689,-15.147399821224635,11.443668977537198
iTransformer__ETTh2__h720__s2021,iTransformer,ETTh2,720,2161,1080,1081,1000,0.5,360,False,False,-17.983945330295548,-2.1586429264212743,-24.010401964295173,11.443668977537198
iTransformer__ETTh2__h720__s2021,iTransformer,ETTh2,720,2161,1080,1081,1000,1.0,720,True,False,4.525276827570331,17.33139516765532,-0.35143989207325155,11.443668977537198
iTransformer__ETTh2__h720__s2021,iTransformer,ETTh2,720,2161,1080,1081,1000,2.0,1440,True,True,,,,11.443668977537198
iTransformer__ETTh2__h720__s2021,iTransformer,ETTh2,720,2161,1080,1081,3000,0.0,0,False,False,4.85963801305535,17.62090815911186,0.0,11.443668977537198
iTransformer__ETTh2__h720__s2021,iTransformer,ETTh2,720,2161,1080,1081,3000,0.125,90,False,False,4.85963801305535,17.62090815911186,0.0,11.443668977537198
iTransformer__ETTh2__h720__s2021,iTransformer,ETTh2,720,2161,1080,1081,3000,0.25,180,False,False,4.85963801305535,17.62090815911186,0.0,11.443668977537198
iTransformer__ETTh2__h720__s2021,iTransformer,ETTh2,720,2161,1080,1081,3000,0.5,360,False,False,4.85963801305535,17.62090815911186,0.0,11.443668977537198
iTransformer__ETTh2__h720__s2021,iTransformer,ETTh2,720,2161,1080,1081,3000,1.0,720,True,False,4.85963801305535,17.62090815911186,0.0,11.443668977537198
iTransformer__ETTh2__h720__s2021,iTransformer,ETTh2,720,2161,1080,1081,3000,2.0,1440,True,True,,,,11.443668977537198
iTransformer__ETTh2__h720__s2021,iTransformer,ETTh2,720,2161,1080,1081,1000000000,0.0,0,False,False,4.85963801305535,17.62090815911186,0.0,11.443668977537198
iTransformer__ETTh2__h720__s2021,iTransformer,ETTh2,720,2161,1080,1081,1000000000,0.125,90,False,False,4.85963801305535,17.62090815911186,0.0,11.443668977537198
iTransformer__ETTh2__h720__s2021,iTransformer,ETTh2,720,2161,1080,1081,1000000000,0.25,180,False,False,4.85963801305535,17.62090815911186,0.0,11.443668977537198
iTransformer__ETTh2__h720__s2021,iTransformer,ETTh2,720,2161,1080,1081,1000000000,0.5,360,False,False,4.85963801305535,17.62090815911186,0.0,11.443668977537198
iTransformer__ETTh2__h720__s2021,iTransformer,ETTh2,720,2161,1080,1081,1000000000,1.0,720,True,False,4.85963801305535,17.62090815911186,0.0,11.443668977537198
iTransformer__ETTh2__h720__s2021,iTransformer,ETTh2,720,2161,1080,1081,1000000000,2.0,1440,True,True,,,,11.443668977537198
iTransformer__ETTm1__h96__s2021,iTransformer,ETTm1,96,11425,192,11233,50,0.0,0,False,False,8.316257667763036,4.848907460128285,4.848907460128285,15.41224268592664
iTransformer__ETTm1__h96__s2021,iTransformer,ETTm1,96,11425,192,11233,50,0.125,12,False,False,4.927985124720646,1.3324952141594115,1.3324952141594115,15.41224268592664
iTransformer__ETTm1__h96__s2021,iTransformer,ETTm1,96,11425,192,11233,50,0.25,24,False,False,3.241259415212519,-0.41802008977749194,-0.41802008977749194,15.41224268592664
iTransformer__ETTm1__h96__s2021,iTransformer,ETTm1,96,11425,192,11233,50,0.5,48,False,False,1.557802914086129,-2.1651425484688827,-2.1651425484688827,15.41224268592664
iTransformer__ETTm1__h96__s2021,iTransformer,ETTm1,96,11425,192,11233,50,1.0,96,True,False,0.3038504048370352,-3.4665177782866174,-3.4665177782866174,15.41224268592664
iTransformer__ETTm1__h96__s2021,iTransformer,ETTm1,96,11425,192,11233,50,2.0,192,True,False,1.171482296427156,-2.566073268636536,-2.566073268636536,15.41224268592664
iTransformer__ETTm1__h96__s2021,iTransformer,ETTm1,96,11425,192,11233,200,0.0,0,False,False,4.0262624830039195,0.3966706901519784,0.3966706901519784,15.41224268592664
iTransformer__ETTm1__h96__s2021,iTransformer,ETTm1,96,11425,192,11233,200,0.125,12,False,False,2.822251926391839,-0.8528738526093069,-0.8528738526093069,15.41224268592664
iTransformer__ETTm1__h96__s2021,iTransformer,ETTm1,96,11425,192,11233,200,0.25,24,False,False,2.3627113520081084,-1.3297936053017938,-1.3297936053017938,15.41224268592664
iTransformer__ETTm1__h96__s2021,iTransformer,ETTm1,96,11425,192,11233,200,0.5,48,False,False,1.781311954271744,-1.9331807106859848,-1.9331807106859848,15.41224268592664
iTransformer__ETTm1__h96__s2021,iTransformer,ETTm1,96,11425,192,11233,200,1.0,96,True,False,1.391338369463775,-2.3379025480833393,-2.3379025480833393,15.41224268592664
iTransformer__ETTm1__h96__s2021,iTransformer,ETTm1,96,11425,192,11233,200,2.0,192,True,False,1.7124820913058512,-2.004613622279424,-2.004613622279424,15.41224268592664
iTransformer__ETTm1__h96__s2021,iTransformer,ETTm1,96,11425,192,11233,1000,0.0,0,False,False,3.161477609340356,-0.5008191313570921,-0.5008191313570921,15.41224268592664
iTransformer__ETTm1__h96__s2021,iTransformer,ETTm1,96,11425,192,11233,1000,0.125,12,False,False,2.716962909957065,-0.9621447515862862,-0.9621447515862862,15.41224268592664
iTransformer__ETTm1__h96__s2021,iTransformer,ETTm1,96,11425,192,11233,1000,0.25,24,False,False,2.4459456834060087,-1.2434114685360775,-1.2434114685360775,15.41224268592664
iTransformer__ETTm1__h96__s2021,iTransformer,ETTm1,96,11425,192,11233,1000,0.5,48,False,False,2.4814793663748653,-1.2065339516454594,-1.2065339516454594,15.41224268592664
iTransformer__ETTm1__h96__s2021,iTransformer,ETTm1,96,11425,192,11233,1000,1.0,96,True,False,2.5234467431865055,-1.162979427658103,-1.162979427658103,15.41224268592664
iTransformer__ETTm1__h96__s2021,iTransformer,ETTm1,96,11425,192,11233,1000,2.0,192,True,False,2.8120725078439235,-0.8634382424522179,-0.8634382424522179,15.41224268592664
iTransformer__ETTm1__h96__s2021,iTransformer,ETTm1,96,11425,192,11233,3000,0.0,0,False,False,3.634405018896135,-0.010006272211164704,-0.010006272211164704,15.41224268592664
iTransformer__ETTm1__h96__s2021,iTransformer,ETTm1,96,11425,192,11233,3000,0.125,12,False,False,3.5887124542264077,-0.057426865422973504,-0.057426865422973504,15.41224268592664
iTransformer__ETTm1__h96__s2021,iTransformer,ETTm1,96,11425,192,11233,3000,0.25,24,False,False,3.5856061999829922,-0.06065059383380277,-0.06065059383380277,15.41224268592664
iTransformer__ETTm1__h96__s2021,iTransformer,ETTm1,96,11425,192,11233,3000,0.5,48,False,False,3.6211028223601143,-0.023811539114383468,-0.023811539114383468,15.41224268592664
iTransformer__ETTm1__h96__s2021,iTransformer,ETTm1,96,11425,192,11233,3000,1.0,96,True,False,3.620017205332163,-0.024938212651717136,-0.024938212651717136,15.41224268592664
iTransformer__ETTm1__h96__s2021,iTransformer,ETTm1,96,11425,192,11233,3000,2.0,192,True,False,3.616366499653842,-0.028726982885102694,-0.028726982885102694,15.41224268592664
iTransformer__ETTm1__h96__s2021,iTransformer,ETTm1,96,11425,192,11233,1000000000,0.0,0,False,False,3.6440466578792106,0.0,0.0,15.41224268592664
iTransformer__ETTm1__h96__s2021,iTransformer,ETTm1,96,11425,192,11233,1000000000,0.125,12,False,False,3.6440466578792106,0.0,0.0,15.41224268592664
iTransformer__ETTm1__h96__s2021,iTransformer,ETTm1,96,11425,192,11233,1000000000,0.25,24,False,False,3.6440466578792106,0.0,0.0,15.41224268592664
iTransformer__ETTm1__h96__s2021,iTransformer,ETTm1,96,11425,192,11233,1000000000,0.5,48,False,False,3.6440466578792106,0.0,0.0,15.41224268592664
iTransformer__ETTm1__h96__s2021,iTransformer,ETTm1,96,11425,192,11233,1000000000,1.0,96,True,False,3.6440466578792106,0.0,0.0,15.41224268592664
iTransformer__ETTm1__h96__s2021,iTransformer,ETTm1,96,11425,192,11233,1000000000,2.0,192,True,False,3.6440466578792106,0.0,0.0,15.41224268592664
iTransformer__ETTm1__h192__s2021,iTransformer,ETTm1,192,11329,384,10945,50,0.0,0,False,False,5.471885739585452,3.6118783971147117,3.6118783971147117,11.440629289383345
iTransformer__ETTm1__h192__s2021,iTransformer,ETTm1,192,11329,384,10945,50,0.125,24,False,False,2.4139608441518416,0.4937834369048014,0.4937834369048014,11.440629289383345
iTransformer__ETTm1__h192__s2021,iTransformer,ETTm1,192,11329,384,10945,50,0.25,48,False,False,1.0935910868977838,-0.8525669237124329,-0.8525669237124329,11.440629289383345
iTransformer__ETTm1__h192__s2021,iTransformer,ETTm1,192,11329,384,10945,50,0.5,96,False,False,0.0007393105724982674,-1.9669224859124406,-1.9669224859124406,11.440629289383345
iTransformer__ETTm1__h192__s2021,iTransformer,ETTm1,192,11329,384,10945,50,1.0,192,True,False,0.4117585962784315,-1.5478156709535276,-1.5478156709535276,11.440629289383345
iTransformer__ETTm1__h192__s2021,iTransformer,ETTm1,192,11329,384,10945,50,2.0,384,True,False,0.14093201931161956,-1.8239712384078335,-1.8239712384078335,11.440629289383345
iTransformer__ETTm1__h192__s2021,iTransformer,ETTm1,192,11329,384,10945,200,0.0,0,False,False,2.7440510420311024,0.8303687415206848,0.8303687415206848,11.440629289383345
iTransformer__ETTm1__h192__s2021,iTransformer,ETTm1,192,11329,384,10945,200,0.125,24,False,False,0.8950460961772797,-1.0550186372469936,-1.0550186372469936,11.440629289383345
iTransformer__ETTm1__h192__s2021,iTransformer,ETTm1,192,11329,384,10945,200,0.25,48,False,False,0.6297350938114914,-1.325550101443631,-1.325550101443631,11.440629289383345
iTransformer__ETTm1__h192__s2021,iTransformer,ETTm1,192,11329,384,10945,200,0.5,96,False,False,-0.012928327559138269,-1.980859058926339,-1.980859058926339,11.440629289383345
iTransformer__ETTm1__h192__s2021,iTransformer,ETTm1,192,11329,384,10945,200,1.0,192,True,False,0.6684183850285779,-1.286105648256292,-1.286105648256292,11.440629289383345
iTransformer__ETTm1__h192__s2021,iTransformer,ETTm1,192,11329,384,10945,200,2.0,384,True,False,0.8822083701303226,-1.068108968192449,-1.068108968192449,11.440629289383345
iTransformer__ETTm1__h192__s2021,iTransformer,ETTm1,192,11329,384,10945,1000,0.0,0,False,False,2.1934280620538815,0.268911283423343,0.268911283423343,11.440629289383345
iTransformer__ETTm1__h192__s2021,iTransformer,ETTm1,192,11329,384,10945,1000,0.125,24,False,False,1.9014308474637955,-0.02883149128256559,-0.02883149128256559,11.440629289383345
iTransformer__ETTm1__h192__s2021,iTransformer,ETTm1,192,11329,384,10945,1000,0.25,48,False,False,1.8990894632052688,-0.031218946405262932,-0.031218946405262932,11.440629289383345
iTransformer__ETTm1__h192__s2021,iTransformer,ETTm1,192,11329,384,10945,1000,0.5,96,False,False,1.6453386733499238,-0.2899627305246049,-0.2899627305246049,11.440629289383345
iTransformer__ETTm1__h192__s2021,iTransformer,ETTm1,192,11329,384,10945,1000,1.0,192,True,False,0.8293643857743583,-1.1219927511276666,-1.1219927511276666,11.440629289383345
iTransformer__ETTm1__h192__s2021,iTransformer,ETTm1,192,11329,384,10945,1000,2.0,384,True,False,0.6494209074817016,-1.3054769346747626,-1.3054769346747626,11.440629289383345
iTransformer__ETTm1__h192__s2021,iTransformer,ETTm1,192,11329,384,10945,3000,0.0,0,False,False,1.8046964334302398,-0.12746932549729992,-0.12746932549729992,11.440629289383345
iTransformer__ETTm1__h192__s2021,iTransformer,ETTm1,192,11329,384,10945,3000,0.125,24,False,False,1.7274428152064192,-0.2062430448915816,-0.2062430448915816,11.440629289383345
iTransformer__ETTm1__h192__s2021,iTransformer,ETTm1,192,11329,384,10945,3000,0.25,48,False,False,1.705468260631683,-0.22864998757832347,-0.22864998757832347,11.440629289383345
iTransformer__ETTm1__h192__s2021,iTransformer,ETTm1,192,11329,384,10945,3000,0.5,96,False,False,1.6425295895416137,-0.29282708801048657,-0.29282708801048657,11.440629289383345
iTransformer__ETTm1__h192__s2021,iTransformer,ETTm1,192,11329,384,10945,3000,1.0,192,True,False,1.6799025739339628,-0.25471872424530556,-0.25471872424530556,11.440629289383345
iTransformer__ETTm1__h192__s2021,iTransformer,ETTm1,192,11329,384,10945,3000,2.0,384,True,False,1.7767761439601744,-0.15593899589836707,-0.15593899589836707,11.440629289383345
iTransformer__ETTm1__h192__s2021,iTransformer,ETTm1,192,11329,384,10945,1000000000,0.0,0,False,False,1.9297059757361876,0.0,0.0,11.440629289383345
iTransformer__ETTm1__h192__s2021,iTransformer,ETTm1,192,11329,384,10945,1000000000,0.125,24,False,False,1.9297059757361876,0.0,0.0,11.440629289383345
iTransformer__ETTm1__h192__s2021,iTransformer,ETTm1,192,11329,384,10945,1000000000,0.25,48,False,False,1.9297059757361876,0.0,0.0,11.440629289383345
iTransformer__ETTm1__h192__s2021,iTransformer,ETTm1,192,11329,384,10945,1000000000,0.5,96,False,False,1.9297059757361876,0.0,0.0,11.440629289383345
iTransformer__ETTm1__h192__s2021,iTransformer,ETTm1,192,11329,384,10945,1000000000,1.0,192,True,False,1.9297059757361876,0.0,0.0,11.440629289383345
iTransformer__ETTm1__h192__s2021,iTransformer,ETTm1,192,11329,384,10945,1000000000,2.0,384,True,False,1.8970985123906219,-0.03324907268810506,-0.03324907268810506,11.440629289383345
iTransformer__ETTm1__h336__s2021,iTransformer,ETTm1,336,11185,672,10513,50,0.0,0,False,False,5.193648994580243,3.440706587638359,3.440706587638359,11.111633573074343
iTransformer__ETTm1__h336__s2021,iTransformer,ETTm1,336,11185,672,10513,50,0.125,42,False,False,0.6399661245250323,-1.1971725807242115,-1.1971725807242115,11.111633573074343
iTransformer__ETTm1__h336__s2021,iTransformer,ETTm1,336,11185,672,10513,50,0.25,84,False,False,1.286877140255828,-0.5383003647049718,-0.5383003647049718,11.111633573074343
iTransformer__ETTm1__h336__s2021,iTransformer,ETTm1,336,11185,672,10513,50,0.5,168,False,False,0.578259515369093,-1.2600201274948877,-1.2600201274948877,11.111633573074343
iTransformer__ETTm1__h336__s2021,iTransformer,ETTm1,336,11185,672,10513,50,1.0,336,True,False,0.2201084356109993,-1.6247933186320398,-1.6247933186320398,11.111633573074343
iTransformer__ETTm1__h336__s2021,iTransformer,ETTm1,336,11185,672,10513,50,2.0,672,True,False,-0.5237939658010787,-2.382450263407849,-2.382450263407849,11.111633573074343
iTransformer__ETTm1__h336__s2021,iTransformer,ETTm1,336,11185,672,10513,200,0.0,0,False,False,3.094946011563346,1.3031991846697288,1.3031991846697288,11.111633573074343
iTransformer__ETTm1__h336__s2021,iTransformer,ETTm1,336,11185,672,10513,200,0.125,42,False,False,0.7983213104559984,-1.0358894525421858,-1.0358894525421858,11.111633573074343
iTransformer__ETTm1__h336__s2021,iTransformer,ETTm1,336,11185,672,10513,200,0.25,84,False,False,0.8062550954986768,-1.0278089740754763,-1.0278089740754763,11.111633573074343
iTransformer__ETTm1__h336__s2021,iTransformer,ETTm1,336,11185,672,10513,200,0.5,168,False,False,0.8367496002722186,-0.9967506346006794,-0.9967506346006794,11.111633573074343
iTransformer__ETTm1__h336__s2021,iTransformer,ETTm1,336,11185,672,10513,200,1.0,336,True,False,0.8154949040717366,-1.0183983240755714,-1.0183983240755714,11.111633573074343
iTransformer__ETTm1__h336__s2021,iTransformer,ETTm1,336,11185,672,10513,200,2.0,672,True,False,-0.06928127695575279,-1.9195337644978931,-1.9195337644978931,11.111633573074343
iTransformer__ETTm1__h336__s2021,iTransformer,ETTm1,336,11185,672,10513,1000,0.0,0,False,False,1.79666025644333,-0.01909150400530117,-0.01909150400530117,11.111633573074343
iTransformer__ETTm1__h336__s2021,iTransformer,ETTm1,336,11185,672,10513,1000,0.125,42,False,False,0.6252260907242573,-1.2121851535485342,-1.2121851535485342,11.111633573074343
iTransformer__ETTm1__h336__s2021,iTransformer,ETTm1,336,11185,672,10513,1000,0.25,84,False,False,1.0065334759941909,-0.823827503410991,-0.823827503410991,11.111633573074343
iTransformer__ETTm1__h336__s2021,iTransformer,ETTm1,336,11185,672,10513,1000,0.5,168,False,False,0.612123996720587,-1.2255295015357741,-1.2255295015357741,11.111633573074343
iTransformer__ETTm1__h336__s2021,iTransformer,ETTm1,336,11185,672,10513,1000,1.0,336,True,False,-0.0587522896715756,-1.9088100992399637,-1.9088100992399637,11.111633573074343
iTransformer__ETTm1__h336__s2021,iTransformer,ETTm1,336,11185,672,10513,1000,2.0,672,True,False,0.2978665331901863,-1.5455974959924093,-1.5455974959924093,11.111633573074343
iTransformer__ETTm1__h336__s2021,iTransformer,ETTm1,336,11185,672,10513,3000,0.0,0,False,False,0.9449435237043825,-0.8865562363633327,-0.8865562363633327,11.111633573074343
iTransformer__ETTm1__h336__s2021,iTransformer,ETTm1,336,11185,672,10513,3000,0.125,42,False,False,0.4704579306092023,-1.3698149328297413,-1.3698149328297413,11.111633573074343
iTransformer__ETTm1__h336__s2021,iTransformer,ETTm1,336,11185,672,10513,3000,0.25,84,False,False,0.6004959589420537,-1.2373725384184324,-1.2373725384184324,11.111633573074343
iTransformer__ETTm1__h336__s2021,iTransformer,ETTm1,336,11185,672,10513,3000,0.5,168,False,False,0.20747034438980674,-1.637665084557611,-1.637665084557611,11.111633573074343
iTransformer__ETTm1__h336__s2021,iTransformer,ETTm1,336,11185,672,10513,3000,1.0,336,True,False,0.47731763134700717,-1.3628283981805507,-1.3628283981805507,11.111633573074343
iTransformer__ETTm1__h336__s2021,iTransformer,ETTm1,336,11185,672,10513,3000,2.0,672,True,False,0.379463596774633,-1.4624917259603225,-1.4624917259603225,11.111633573074343
iTransformer__ETTm1__h336__s2021,iTransformer,ETTm1,336,11185,672,10513,1000000000,0.0,0,False,False,1.8232365634495378,0.007976191342267938,0.007976191342267938,11.111633573074343
iTransformer__ETTm1__h336__s2021,iTransformer,ETTm1,336,11185,672,10513,1000000000,0.125,42,False,False,1.6956490669270905,-0.12197036162395027,-0.12197036162395027,11.111633573074343
iTransformer__ETTm1__h336__s2021,iTransformer,ETTm1,336,11185,672,10513,1000000000,0.25,84,False,False,1.7749070661099007,-0.041246904627570385,-0.041246904627570385,11.111633573074343
iTransformer__ETTm1__h336__s2021,iTransformer,ETTm1,336,11185,672,10513,1000000000,0.5,168,False,False,1.6768541833858308,-0.14111275720468422,-0.14111275720468422,11.111633573074343
iTransformer__ETTm1__h336__s2021,iTransformer,ETTm1,336,11185,672,10513,1000000000,1.0,336,True,False,1.9502163860954365,0.13730383471516866,0.13730383471516866,11.111633573074343
iTransformer__ETTm1__h336__s2021,iTransformer,ETTm1,336,11185,672,10513,1000000000,2.0,672,True,False,1.5299749449090885,-0.29070775093510676,-0.29070775093510676,11.111633573074343
iTransformer__ETTm1__h720__s2021,iTransformer,ETTm1,720,10801,1440,9361,50,0.0,0,False,False,11.529139675376515,11.529139675376515,4.0987738669217935,15.960314363460974
iTransformer__ETTm1__h720__s2021,iTransformer,ETTm1,720,10801,1440,9361,50,0.125,90,False,False,8.020914282743464,8.020914282743464,0.29590458917080653,15.960314363460974
iTransformer__ETTm1__h720__s2021,iTransformer,ETTm1,720,10801,1440,9361,50,0.25,180,False,False,7.617826567296102,7.617826567296102,-0.14103708867364817,15.960314363460974
iTransformer__ETTm1__h720__s2021,iTransformer,ETTm1,720,10801,1440,9361,50,0.5,360,False,False,5.0043049615261195,5.0043049615261195,-2.974059460095912,15.960314363460974
iTransformer__ETTm1__h720__s2021,iTransformer,ETTm1,720,10801,1440,9361,50,1.0,720,True,False,4.455789107690114,4.455789107690114,-3.5686432896561686,15.960314363460974
iTransformer__ETTm1__h720__s2021,iTransformer,ETTm1,720,10801,1440,9361,50,2.0,1440,True,False,5.482074760339385,5.482074760339385,-2.4561634054240677,15.960314363460974
iTransformer__ETTm1__h720__s2021,iTransformer,ETTm1,720,10801,1440,9361,200,0.0,0,False,False,10.546277227379845,10.546277227379845,3.033364154196241,15.960314363460974
iTransformer__ETTm1__h720__s2021,iTransformer,ETTm1,720,10801,1440,9361,200,0.125,90,False,False,8.167713619084799,8.167713619084799,0.45503310107856004,15.960314363460974
iTransformer__ETTm1__h720__s2021,iTransformer,ETTm1,720,10801,1440,9361,200,0.25,180,False,False,7.087660887495676,7.087660887495676,-0.7157295756685649,15.960314363460974
iTransformer__ETTm1__h720__s2021,iTransformer,ETTm1,720,10801,1440,9361,200,0.5,360,False,False,4.507978112269651,4.507978112269651,-3.512071108584596,15.960314363460974
iTransformer__ETTm1__h720__s2021,iTransformer,ETTm1,720,10801,1440,9361,200,1.0,720,True,False,3.04433300056071,3.04433300056071,-5.098642781127795,15.960314363460974
iTransformer__ETTm1__h720__s2021,iTransformer,ETTm1,720,10801,1440,9361,200,2.0,1440,True,False,6.161632273309188,6.161632273309188,-1.719532174727074,15.960314363460974
iTransformer__ETTm1__h720__s2021,iTransformer,ETTm1,720,10801,1440,9361,1000,0.0,0,False,False,8.650249027880227,8.650249027880227,0.9780950130607612,15.960314363460974
iTransformer__ETTm1__h720__s2021,iTransformer,ETTm1,720,10801,1440,9361,1000,0.125,90,False,False,7.748094123813229,7.748094123813229,0.0001711956078999435,15.960314363460974
iTransformer__ETTm1__h720__s2021,iTransformer,ETTm1,720,10801,1440,9361,1000,0.25,180,False,False,6.849600045484862,6.849600045484862,-0.9737843358386309,15.960314363460974
iTransformer__ETTm1__h720__s2021,iTransformer,ETTm1,720,10801,1440,9361,1000,0.5,360,False,False,6.316900016861402,6.316900016861402,-1.5512240229702485,15.960314363460974
iTransformer__ETTm1__h720__s2021,iTransformer,ETTm1,720,10801,1440,9361,1000,1.0,720,True,False,6.672950875408266,6.672950875408266,-1.165269667207349,15.960314363460974
iTransformer__ETTm1__h720__s2021,iTransformer,ETTm1,720,10801,1440,9361,1000,2.0,1440,True,False,5.735873069021579,5.735873069021579,-2.181049442433141,15.960314363460974
iTransformer__ETTm1__h720__s2021,iTransformer,ETTm1,720,10801,1440,9361,3000,0.0,0,False,False,6.3223807102623715,6.3223807102623715,-1.5452830248236966,15.960314363460974
iTransformer__ETTm1__h720__s2021,iTransformer,ETTm1,720,10801,1440,9361,3000,0.125,90,False,False,6.138666689947073,6.138666689947073,-1.74442655910637,15.960314363460974
iTransformer__ETTm1__h720__s2021,iTransformer,ETTm1,720,10801,1440,9361,3000,0.25,180,False,False,5.978115451643845,5.978115451643845,-1.9184619483177754,15.960314363460974
iTransformer__ETTm1__h720__s2021,iTransformer,ETTm1,720,10801,1440,9361,3000,0.5,360,False,False,6.229796847047176,6.229796847047176,-1.6456426909317838,15.960314363460974
iTransformer__ETTm1__h720__s2021,iTransformer,ETTm1,720,10801,1440,9361,3000,1.0,720,True,False,6.248235434728766,6.248235434728766,-1.6256555091598588,15.960314363460974
iTransformer__ETTm1__h720__s2021,iTransformer,ETTm1,720,10801,1440,9361,3000,2.0,1440,True,False,7.172825289043426,7.172825289043426,-0.6234125065075917,15.960314363460974
iTransformer__ETTm1__h720__s2021,iTransformer,ETTm1,720,10801,1440,9361,1000000000,0.0,0,False,False,7.747936192331792,7.747936192331792,0.0,15.960314363460974
iTransformer__ETTm1__h720__s2021,iTransformer,ETTm1,720,10801,1440,9361,1000000000,0.125,90,False,False,7.747936192331792,7.747936192331792,0.0,15.960314363460974
iTransformer__ETTm1__h720__s2021,iTransformer,ETTm1,720,10801,1440,9361,1000000000,0.25,180,False,False,7.747936192331792,7.747936192331792,0.0,15.960314363460974
iTransformer__ETTm1__h720__s2021,iTransformer,ETTm1,720,10801,1440,9361,1000000000,0.5,360,False,False,7.747936192331792,7.747936192331792,0.0,15.960314363460974
iTransformer__ETTm1__h720__s2021,iTransformer,ETTm1,720,10801,1440,9361,1000000000,1.0,720,True,False,7.747936192331792,7.747936192331792,0.0,15.960314363460974
iTransformer__ETTm1__h720__s2021,iTransformer,ETTm1,720,10801,1440,9361,1000000000,2.0,1440,True,False,7.750233110705143,7.750233110705143,0.002489828713359986,15.960314363460974
iTransformer__ETTm2__h96__s2021,iTransformer,ETTm2,96,11425,192,11233,50,0.0,0,False,False,4.354872982962918,4.640944339193658,4.354872982962918,12.45518710965299
iTransformer__ETTm2__h96__s2021,iTransformer,ETTm2,96,11425,192,11233,50,0.125,12,False,False,0.5921326834686733,0.8894582693103865,0.5921326834686733,12.45518710965299
iTransformer__ETTm2__h96__s2021,iTransformer,ETTm2,96,11425,192,11233,50,0.25,24,False,False,-0.2310748137516902,0.06871295801139453,-0.2310748137516902,12.45518710965299
iTransformer__ETTm2__h96__s2021,iTransformer,ETTm2,96,11425,192,11233,50,0.5,48,False,False,-0.690324018402502,-0.3891626477230925,-0.690324018402502,12.45518710965299
iTransformer__ETTm2__h96__s2021,iTransformer,ETTm2,96,11425,192,11233,50,1.0,96,True,False,-1.8115143926874842,-1.506999579329208,-1.8115143926874842,12.45518710965299
iTransformer__ETTm2__h96__s2021,iTransformer,ETTm2,96,11425,192,11233,50,2.0,192,True,False,-1.155650293936555,-0.8530971480263163,-1.155650293936555,12.45518710965299
iTransformer__ETTm2__h96__s2021,iTransformer,ETTm2,96,11425,192,11233,200,0.0,0,False,False,1.8326713600082336,2.12628653641538,1.8326713600082336,12.45518710965299
iTransformer__ETTm2__h96__s2021,iTransformer,ETTm2,96,11425,192,11233,200,0.125,12,False,False,-0.07944820939633523,0.21988605229570457,-0.07944820939633523,12.45518710965299
iTransformer__ETTm2__h96__s2021,iTransformer,ETTm2,96,11425,192,11233,200,0.25,24,False,False,-1.0045494768741634,-0.7024482684228702,-1.0045494768741634,12.45518710965299
iTransformer__ETTm2__h96__s2021,iTransformer,ETTm2,96,11425,192,11233,200,0.5,48,False,False,-0.516664778908245,-0.2160228171701324,-0.516664778908245,12.45518710965299
iTransformer__ETTm2__h96__s2021,iTransformer,ETTm2,96,11425,192,11233,200,1.0,96,True,False,-1.5022927194908393,-1.198702777751078,-1.5022927194908393,12.45518710965299
iTransformer__ETTm2__h96__s2021,iTransformer,ETTm2,96,11425,192,11233,200,2.0,192,True,False,-0.17233688978097467,0.12727519882817911,-0.17233688978097467,12.45518710965299
iTransformer__ETTm2__h96__s2021,iTransformer,ETTm2,96,11425,192,11233,1000,0.0,0,False,False,1.1184047185032053,1.4141562423983876,1.1184047185032053,12.45518710965299
iTransformer__ETTm2__h96__s2021,iTransformer,ETTm2,96,11425,192,11233,1000,0.125,12,False,False,0.13248145265060707,0.43118183985538217,0.13248145265060707,12.45518710965299
iTransformer__ETTm2__h96__s2021,iTransformer,ETTm2,96,11425,192,11233,1000,0.25,24,False,False,-0.1725046940287945,0.12710789647721749,-0.1725046940287945,12.45518710965299
iTransformer__ETTm2__h96__s2021,iTransformer,ETTm2,96,11425,192,11233,1000,0.5,48,False,False,-0.2858128446229563,0.014138646748404487,-0.2858128446229563,12.45518710965299
iTransformer__ETTm2__h96__s2021,iTransformer,ETTm2,96,11425,192,11233,1000,1.0,96,True,False,-0.3435190648442321,-0.04339497611013575,-0.3435190648442321,12.45518710965299
iTransformer__ETTm2__h96__s2021,iTransformer,ETTm2,96,11425,192,11233,1000,2.0,192,True,False,-0.12932394151371177,0.17015949681465867,-0.12932394151371177,12.45518710965299
iTransformer__ETTm2__h96__s2021,iTransformer,ETTm2,96,11425,192,11233,3000,0.0,0,False,False,0.6211615046776208,0.9184002662919842,0.6211615046776208,12.45518710965299
iTransformer__ETTm2__h96__s2021,iTransformer,ETTm2,96,11425,192,11233,3000,0.125,12,False,False,0.47972976809949003,0.7773915472784574,0.47972976809949003,12.45518710965299
iTransformer__ETTm2__h96__s2021,iTransformer,ETTm2,96,11425,192,11233,3000,0.25,24,False,False,0.38486704031582586,0.6828125507212464,0.38486704031582586,12.45518710965299
iTransformer__ETTm2__h96__s2021,iTransformer,ETTm2,96,11425,192,11233,3000,0.5,48,False,False,0.37901666800642814,0.6769796766785476,0.37901666800642814,12.45518710965299
iTransformer__ETTm2__h96__s2021,iTransformer,ETTm2,96,11425,192,11233,3000,1.0,96,True,False,0.34809050520350815,0.6461460129878351,0.34809050520350815,12.45518710965299
iTransformer__ETTm2__h96__s2021,iTransformer,ETTm2,96,11425,192,11233,3000,2.0,192,True,False,0.2656676050928904,0.5639696369977292,0.2656676050928904,12.45518710965299
iTransformer__ETTm2__h96__s2021,iTransformer,ETTm2,96,11425,192,11233,1000000000,0.0,0,False,False,-0.032360793272866714,0.26683263154214704,-0.032360793272866714,12.45518710965299
iTransformer__ETTm2__h96__s2021,iTransformer,ETTm2,96,11425,192,11233,1000000000,0.125,12,False,False,-0.35061804416088255,-0.05047272261854695,-0.35061804416088255,12.45518710965299
iTransformer__ETTm2__h96__s2021,iTransformer,ETTm2,96,11425,192,11233,1000000000,0.25,24,False,False,-0.5825692087520087,-0.28173012908206807,-0.5825692087520087,12.45518710965299
iTransformer__ETTm2__h96__s2021,iTransformer,ETTm2,96,11425,192,11233,1000000000,0.5,48,False,False,-0.5227458233029003,-0.22208567336564425,-0.5227458233029003,12.45518710965299
iTransformer__ETTm2__h96__s2021,iTransformer,ETTm2,96,11425,192,11233,1000000000,1.0,96,True,False,-0.688511782008224,-0.387355831666884,-0.688511782008224,12.45518710965299
iTransformer__ETTm2__h96__s2021,iTransformer,ETTm2,96,11425,192,11233,1000000000,2.0,192,True,False,-0.7645141710418903,-0.46313090011260466,-0.7645141710418903,12.45518710965299
iTransformer__ETTm2__h192__s2021,iTransformer,ETTm2,192,11329,384,10945,50,0.0,0,False,False,7.158396278328347,3.326334684553113,3.326334684553113,13.933631057565105
iTransformer__ETTm2__h192__s2021,iTransformer,ETTm2,192,11329,384,10945,50,0.125,24,False,False,2.6203232451219765,-1.3990485057723752,-1.3990485057723752,13.933631057565105
iTransformer__ETTm2__h192__s2021,iTransformer,ETTm2,192,11329,384,10945,50,0.25,48,False,False,1.6485796170798563,-2.4109011074507056,-2.4109011074507056,13.933631057565105
iTransformer__ETTm2__h192__s2021,iTransformer,ETTm2,192,11329,384,10945,50,0.5,96,False,False,2.5519690133964317,-1.4702240763769072,-1.4702240763769072,13.933631057565105
iTransformer__ETTm2__h192__s2021,iTransformer,ETTm2,192,11329,384,10945,50,1.0,192,True,False,2.1378912759439737,-1.901392981268543,-1.901392981268543,13.933631057565105
iTransformer__ETTm2__h192__s2021,iTransformer,ETTm2,192,11329,384,10945,50,2.0,384,True,False,1.2167348640646574,-2.8605703661418724,-2.8605703661418724,13.933631057565105
iTransformer__ETTm2__h192__s2021,iTransformer,ETTm2,192,11329,384,10945,200,0.0,0,False,False,4.574966780104041,0.6362734548256541,0.6362734548256541,13.933631057565105
iTransformer__ETTm2__h192__s2021,iTransformer,ETTm2,192,11329,384,10945,200,0.125,24,False,False,2.898463848146242,-1.1094275762587686,-1.1094275762587686,13.933631057565105
iTransformer__ETTm2__h192__s2021,iTransformer,ETTm2,192,11329,384,10945,200,0.25,48,False,False,2.476782275694338,-1.5485141664378548,-1.5485141664378548,13.933631057565105
iTransformer__ETTm2__h192__s2021,iTransformer,ETTm2,192,11329,384,10945,200,0.5,96,False,False,3.1494403869232364,-0.8480919148833629,-0.8480919148833629,13.933631057565105
iTransformer__ETTm2__h192__s2021,iTransformer,ETTm2,192,11329,384,10945,200,1.0,192,True,False,2.6149679722030035,-1.4046248189885244,-1.4046248189885244,13.933631057565105
iTransformer__ETTm2__h192__s2021,iTransformer,ETTm2,192,11329,384,10945,200,2.0,384,True,False,1.3559628538476614,-2.715595704489375,-2.715595704489375,13.933631057565105
iTransformer__ETTm2__h192__s2021,iTransformer,ETTm2,192,11329,384,10945,1000,0.0,0,False,False,3.836014511251256,-0.1331792631317465,-0.1331792631317465,13.933631057565105
iTransformer__ETTm2__h192__s2021,iTransformer,ETTm2,192,11329,384,10945,1000,0.125,24,False,False,3.5749420768473694,-0.4050275308793977,-0.4050275308793977,13.933631057565105
iTransformer__ETTm2__h192__s2021,iTransformer,ETTm2,192,11329,384,10945,1000,0.25,48,False,False,3.3932048172439937,-0.5942660436361747,-0.5942660436361747,13.933631057565105
iTransformer__ETTm2__h192__s2021,iTransformer,ETTm2,192,11329,384,10945,1000,0.5,96,False,False,3.3450726047095722,-0.6443849258928206,-0.6443849258928206,13.933631057565105
iTransformer__ETTm2__h192__s2021,iTransformer,ETTm2,192,11329,384,10945,1000,1.0,192,True,False,3.1501613425439463,-0.84734120162993,-0.84734120162993,13.933631057565105
iTransformer__ETTm2__h192__s2021,iTransformer,ETTm2,192,11329,384,10945,1000,2.0,384,True,False,3.1523446538516073,-0.8450677735742386,-0.8450677735742386,13.933631057565105
iTransformer__ETTm2__h192__s2021,iTransformer,ETTm2,192,11329,384,10945,3000,0.0,0,False,False,4.040208344073577,0.07944272380551196,0.07944272380551196,13.933631057565105
iTransformer__ETTm2__h192__s2021,iTransformer,ETTm2,192,11329,384,10945,3000,0.125,24,False,False,4.011694474721892,0.04975193700246461,0.04975193700246461,13.933631057565105
iTransformer__ETTm2__h192__s2021,iTransformer,ETTm2,192,11329,384,10945,3000,0.25,48,False,False,3.9837145356006536,0.02061711854044985,0.02061711854044985,13.933631057565105
iTransformer__ETTm2__h192__s2021,iTransformer,ETTm2,192,11329,384,10945,3000,0.5,96,False,False,3.9614427455141046,-0.0025739455352812783,-0.0025739455352812783,13.933631057565105
iTransformer__ETTm2__h192__s2021,iTransformer,ETTm2,192,11329,384,10945,3000,1.0,192,True,False,3.96391466204492,0.0,0.0,13.933631057565105
iTransformer__ETTm2__h192__s2021,iTransformer,ETTm2,192,11329,384,10945,3000,2.0,384,True,False,3.942456036525302,-0.022344335927588176,-0.022344335927588176,13.933631057565105
iTransformer__ETTm2__h192__s2021,iTransformer,ETTm2,192,11329,384,10945,1000000000,0.0,0,False,False,3.96391466204492,0.0,0.0,13.933631057565105
iTransformer__ETTm2__h192__s2021,iTransformer,ETTm2,192,11329,384,10945,1000000000,0.125,24,False,False,3.96391466204492,0.0,0.0,13.933631057565105
iTransformer__ETTm2__h192__s2021,iTransformer,ETTm2,192,11329,384,10945,1000000000,0.25,48,False,False,3.96391466204492,0.0,0.0,13.933631057565105
iTransformer__ETTm2__h192__s2021,iTransformer,ETTm2,192,11329,384,10945,1000000000,0.5,96,False,False,3.96391466204492,0.0,0.0,13.933631057565105
iTransformer__ETTm2__h192__s2021,iTransformer,ETTm2,192,11329,384,10945,1000000000,1.0,192,True,False,3.96391466204492,0.0,0.0,13.933631057565105
iTransformer__ETTm2__h192__s2021,iTransformer,ETTm2,192,11329,384,10945,1000000000,2.0,384,True,False,3.942456036525302,-0.022344335927588176,-0.022344335927588176,13.933631057565105
iTransformer__ETTm2__h336__s2021,iTransformer,ETTm2,336,11185,672,10513,50,0.0,0,False,False,11.081107901266313,2.8379571165501463,2.8379571165501463,17.264614015013976
iTransformer__ETTm2__h336__s2021,iTransformer,ETTm2,336,11185,672,10513,50,0.125,42,False,False,7.266824010954174,-1.3299267399946408,-1.3299267399946408,17.264614015013976
iTransformer__ETTm2__h336__s2021,iTransformer,ETTm2,336,11185,672,10513,50,0.25,84,False,False,7.081856512287235,-1.5320414943886342,-1.5320414943886342,17.264614015013976
iTransformer__ETTm2__h336__s2021,iTransformer,ETTm2,336,11185,672,10513,50,0.5,168,False,False,5.793975947941509,-2.9393139386154017,-2.9393139386154017,17.264614015013976
iTransformer__ETTm2__h336__s2021,iTransformer,ETTm2,336,11185,672,10513,50,1.0,336,True,False,6.543444185850528,-2.1203668807658493,-2.1203668807658493,17.264614015013976
iTransformer__ETTm2__h336__s2021,iTransformer,ETTm2,336,11185,672,10513,50,2.0,672,True,False,5.937119845726838,-2.782900006695524,-2.782900006695524,17.264614015013976
iTransformer__ETTm2__h336__s2021,iTransformer,ETTm2,336,11185,672,10513,200,0.0,0,False,False,9.360255790396815,0.9575748642980586,0.9575748642980586,17.264614015013976
iTransformer__ETTm2__h336__s2021,iTransformer,ETTm2,336,11185,672,10513,200,0.125,42,False,False,8.538422482847695,0.05955419415216588,0.05955419415216588,17.264614015013976
iTransformer__ETTm2__h336__s2021,iTransformer,ETTm2,336,11185,672,10513,200,0.25,84,False,False,7.956893615020438,-0.5758848161658757,-0.5758848161658757,17.264614015013976
iTransformer__ETTm2__h336__s2021,iTransformer,ETTm2,336,11185,672,10513,200,0.5,168,False,False,7.4611606901615515,-1.1175742430920927,-1.1175742430920927,17.264614015013976
iTransformer__ETTm2__h336__s2021,iTransformer,ETTm2,336,11185,672,10513,200,1.0,336,True,False,7.75508900017407,-0.7963975573728708,-0.7963975573728708,17.264614015013976
iTransformer__ETTm2__h336__s2021,iTransformer,ETTm2,336,11185,672,10513,200,2.0,672,True,False,6.488695597817534,-2.180190890407842,-2.180190890407842,17.264614015013976
iTransformer__ETTm2__h336__s2021,iTransformer,ETTm2,336,11185,672,10513,1000,0.0,0,False,False,7.996359664075749,-0.5327601003687575,-0.5327601003687575,17.264614015013976
iTransformer__ETTm2__h336__s2021,iTransformer,ETTm2,336,11185,672,10513,1000,0.125,42,False,False,6.931578693143842,-1.6962506918202525,-1.6962506918202525,17.264614015013976
iTransformer__ETTm2__h336__s2021,iTransformer,ETTm2,336,11185,672,10513,1000,0.25,84,False,False,6.51181771167922,-2.154925260511211,-2.154925260511211,17.264614015013976
iTransformer__ETTm2__h336__s2021,iTransformer,ETTm2,336,11185,672,10513,1000,0.5,168,False,False,6.472788637911187,-2.197572491596144,-2.197572491596144,17.264614015013976
iTransformer__ETTm2__h336__s2021,iTransformer,ETTm2,336,11185,672,10513,1000,1.0,336,True,False,7.979166611315933,-0.5515470205621819,-0.5515470205621819,17.264614015013976
iTransformer__ETTm2__h336__s2021,iTransformer,ETTm2,336,11185,672,10513,1000,2.0,672,True,False,8.146448308014214,-0.3687576154696487,-0.3687576154696487,17.264614015013976
iTransformer__ETTm2__h336__s2021,iTransformer,ETTm2,336,11185,672,10513,3000,0.0,0,False,False,8.483920819372013,0.0,0.0,17.264614015013976
iTransformer__ETTm2__h336__s2021,iTransformer,ETTm2,336,11185,672,10513,3000,0.125,42,False,False,8.483920819372013,0.0,0.0,17.264614015013976
iTransformer__ETTm2__h336__s2021,iTransformer,ETTm2,336,11185,672,10513,3000,0.25,84,False,False,8.483920819372013,0.0,0.0,17.264614015013976
iTransformer__ETTm2__h336__s2021,iTransformer,ETTm2,336,11185,672,10513,3000,0.5,168,False,False,8.483920819372013,0.0,0.0,17.264614015013976
iTransformer__ETTm2__h336__s2021,iTransformer,ETTm2,336,11185,672,10513,3000,1.0,336,True,False,8.483920819372013,0.0,0.0,17.264614015013976
iTransformer__ETTm2__h336__s2021,iTransformer,ETTm2,336,11185,672,10513,3000,2.0,672,True,False,8.478191036135522,-0.006260957951643315,-0.006260957951643315,17.264614015013976
iTransformer__ETTm2__h336__s2021,iTransformer,ETTm2,336,11185,672,10513,1000000000,0.0,0,False,False,8.483920819372013,0.0,0.0,17.264614015013976
iTransformer__ETTm2__h336__s2021,iTransformer,ETTm2,336,11185,672,10513,1000000000,0.125,42,False,False,8.483920819372013,0.0,0.0,17.264614015013976
iTransformer__ETTm2__h336__s2021,iTransformer,ETTm2,336,11185,672,10513,1000000000,0.25,84,False,False,8.483920819372013,0.0,0.0,17.264614015013976
iTransformer__ETTm2__h336__s2021,iTransformer,ETTm2,336,11185,672,10513,1000000000,0.5,168,False,False,8.483920819372013,0.0,0.0,17.264614015013976
iTransformer__ETTm2__h336__s2021,iTransformer,ETTm2,336,11185,672,10513,1000000000,1.0,336,True,False,8.483920819372013,0.0,0.0,17.264614015013976
iTransformer__ETTm2__h336__s2021,iTransformer,ETTm2,336,11185,672,10513,1000000000,2.0,672,True,False,8.478191036135522,-0.006260957951643315,-0.006260957951643315,17.264614015013976
iTransformer__ETTm2__h720__s2021,iTransformer,ETTm2,720,10801,1440,9361,50,0.0,0,False,False,3.936430468118895,3.5887427565291685,3.5887427565291685,8.825233829664914
iTransformer__ETTm2__h720__s2021,iTransformer,ETTm2,720,10801,1440,9361,50,0.125,90,False,False,0.4845796556213025,0.12439848667209173,0.12439848667209173,8.825233829664914
iTransformer__ETTm2__h720__s2021,iTransformer,ETTm2,720,10801,1440,9361,50,0.25,180,False,False,0.8638745719471291,0.5050662041765294,0.5050662041765294,8.825233829664914
iTransformer__ETTm2__h720__s2021,iTransformer,ETTm2,720,10801,1440,9361,50,0.5,360,False,False,0.580727450423324,0.22089427402646172,0.22089427402646172,8.825233829664914
iTransformer__ETTm2__h720__s2021,iTransformer,ETTm2,720,10801,1440,9361,50,1.0,720,True,False,-0.03254967894802796,-0.39460252012229236,-0.39460252012229236,8.825233829664914
iTransformer__ETTm2__h720__s2021,iTransformer,ETTm2,720,10801,1440,9361,50,2.0,1440,True,False,0.2351179278265989,-0.1259661305081388,-0.1259661305081388,8.825233829664914
iTransformer__ETTm2__h720__s2021,iTransformer,ETTm2,720,10801,1440,9361,200,0.0,0,False,False,2.9661388155892934,2.614939278591802,2.614939278591802,8.825233829664914
iTransformer__ETTm2__h720__s2021,iTransformer,ETTm2,720,10801,1440,9361,200,0.125,90,False,False,0.8891124194393287,0.5303953962802479,0.5303953962802479,8.825233829664914
iTransformer__ETTm2__h720__s2021,iTransformer,ETTm2,720,10801,1440,9361,200,0.25,180,False,False,1.1187335974352255,0.7608476537613124,0.7608476537613124,8.825233829664914
iTransformer__ETTm2__h720__s2021,iTransformer,ETTm2,720,10801,1440,9361,200,0.5,360,False,False,0.4259773662435324,0.06558409507922627,0.06558409507922627,8.825233829664914
iTransformer__ETTm2__h720__s2021,iTransformer,ETTm2,720,10801,1440,9361,200,1.0,720,True,False,0.1152734446454875,-0.24624437285838105,-0.24624437285838105,8.825233829664914
iTransformer__ETTm2__h720__s2021,iTransformer,ETTm2,720,10801,1440,9361,200,2.0,1440,True,False,1.2780063579729195,0.9206968782165953,0.9206968782165953,8.825233829664914
iTransformer__ETTm2__h720__s2021,iTransformer,ETTm2,720,10801,1440,9361,1000,0.0,0,False,False,1.0428393041308754,0.6846786724218383,0.6846786724218383,8.825233829664914
iTransformer__ETTm2__h720__s2021,iTransformer,ETTm2,720,10801,1440,9361,1000,0.125,90,False,False,0.29401983546612137,-0.06685103623006798,-0.06685103623006798,8.825233829664914
iTransformer__ETTm2__h720__s2021,iTransformer,ETTm2,720,10801,1440,9361,1000,0.25,180,False,False,-0.050651575687357925,-0.4127699339674659,-0.4127699339674659,8.825233829664914
iTransformer__ETTm2__h720__s2021,iTransformer,ETTm2,720,10801,1440,9361,1000,0.5,360,False,False,-0.46056730856142025,-0.8241692954824597,-0.8241692954824597,8.825233829664914
iTransformer__ETTm2__h720__s2021,iTransformer,ETTm2,720,10801,1440,9361,1000,1.0,720,True,False,0.12910105669789956,-0.23236671383379545,-0.23236671383379545,8.825233829664914
iTransformer__ETTm2__h720__s2021,iTransformer,ETTm2,720,10801,1440,9361,1000,2.0,1440,True,False,0.16641503083050233,-0.19491768735679507,-0.19491768735679507,8.825233829664914
iTransformer__ETTm2__h720__s2021,iTransformer,ETTm2,720,10801,1440,9361,3000,0.0,0,False,False,0.04877719438217794,-0.3129812963466812,-0.3129812963466812,8.825233829664914
iTransformer__ETTm2__h720__s2021,iTransformer,ETTm2,720,10801,1440,9361,3000,0.125,90,False,False,-0.3274283739545459,-0.6905484844293681,-0.6905484844293681,8.825233829664914
iTransformer__ETTm2__h720__s2021,iTransformer,ETTm2,720,10801,1440,9361,3000,0.25,180,False,False,-0.8936618266581707,-1.2588313343639665,-1.2588313343639665,8.825233829664914
iTransformer__ETTm2__h720__s2021,iTransformer,ETTm2,720,10801,1440,9361,3000,0.5,360,False,False,-1.289322571415267,-1.6559241139661227,-1.6559241139661227,8.825233829664914
iTransformer__ETTm2__h720__s2021,iTransformer,ETTm2,720,10801,1440,9361,3000,1.0,720,True,False,-1.8234895053422366,-2.1920243851589154,-2.1920243851589154,8.825233829664914
iTransformer__ETTm2__h720__s2021,iTransformer,ETTm2,720,10801,1440,9361,3000,2.0,1440,True,False,-1.376988632686664,-1.743907469424859,-1.743907469424859,8.825233829664914
iTransformer__ETTm2__h720__s2021,iTransformer,ETTm2,720,10801,1440,9361,1000000000,0.0,0,False,False,0.37797932852937083,0.01741233565167267,0.01741233565167267,8.825233829664914
iTransformer__ETTm2__h720__s2021,iTransformer,ETTm2,720,10801,1440,9361,1000000000,0.125,90,False,False,-0.3263021089520203,-0.6894181430792398,-0.6894181430792398,8.825233829664914
iTransformer__ETTm2__h720__s2021,iTransformer,ETTm2,720,10801,1440,9361,1000000000,0.25,180,False,False,-0.19232137520179174,-0.5549524861167912,-0.5549524861167912,8.825233829664914
iTransformer__ETTm2__h720__s2021,iTransformer,ETTm2,720,10801,1440,9361,1000000000,0.5,360,False,False,-0.3071847904135343,-0.6702316322676917,-0.6702316322676917,8.825233829664914
iTransformer__ETTm2__h720__s2021,iTransformer,ETTm2,720,10801,1440,9361,1000000000,1.0,720,True,False,-0.39498516268435546,-0.7583497848444115,-0.7583497848444115,8.825233829664914
iTransformer__ETTm2__h720__s2021,iTransformer,ETTm2,720,10801,1440,9361,1000000000,2.0,1440,True,False,-0.558294651007455,-0.9222503474171214,-0.9222503474171214,8.825233829664914
iTransformer__Electricity__h96__s2021,iTransformer,Electricity,96,5165,192,4973,50,0.0,0,False,False,0.07860500521364394,0.07860500521364394,0.07860500521364394,1.4120967011629668
iTransformer__Electricity__h96__s2021,iTransformer,Electricity,96,5165,192,4973,50,0.125,12,False,False,-0.9035267726471883,-0.9035267726471883,-0.9035267726471883,1.4120967011629668
iTransformer__Electricity__h96__s2021,iTransformer,Electricity,96,5165,192,4973,50,0.25,24,False,False,-2.0877570600707864,-2.0877570600707864,-2.0877570600707864,1.4120967011629668
iTransformer__Electricity__h96__s2021,iTransformer,Electricity,96,5165,192,4973,50,0.5,48,False,False,-2.7340318284714766,-2.7340318284714766,-2.7340318284714766,1.4120967011629668
iTransformer__Electricity__h96__s2021,iTransformer,Electricity,96,5165,192,4973,50,1.0,96,True,False,-1.5478313338860377,-1.5478313338860377,-1.5478313338860377,1.4120967011629668
iTransformer__Electricity__h96__s2021,iTransformer,Electricity,96,5165,192,4973,50,2.0,192,True,False,-2.204846961509841,-2.204846961509841,-2.204846961509841,1.4120967011629668
iTransformer__Electricity__h96__s2021,iTransformer,Electricity,96,5165,192,4973,200,0.0,0,False,False,-0.010454873163102932,-0.010454873163102932,-0.010454873163102932,1.4120967011629668
iTransformer__Electricity__h96__s2021,iTransformer,Electricity,96,5165,192,4973,200,0.125,12,False,False,-0.01228833741468996,-0.01228833741468996,-0.01228833741468996,1.4120967011629668
iTransformer__Electricity__h96__s2021,iTransformer,Electricity,96,5165,192,4973,200,0.25,24,False,False,-0.005501196616613819,-0.005501196616613819,-0.005501196616613819,1.4120967011629668
iTransformer__Electricity__h96__s2021,iTransformer,Electricity,96,5165,192,4973,200,0.5,48,False,False,0.0018202324602121284,0.0018202324602121284,0.0018202324602121284,1.4120967011629668
iTransformer__Electricity__h96__s2021,iTransformer,Electricity,96,5165,192,4973,200,1.0,96,True,False,-0.05258336054268638,-0.05258336054268638,-0.05258336054268638,1.4120967011629668
iTransformer__Electricity__h96__s2021,iTransformer,Electricity,96,5165,192,4973,200,2.0,192,True,False,-0.05523487724387565,-0.05523487724387565,-0.05523487724387565,1.4120967011629668
iTransformer__Electricity__h96__s2021,iTransformer,Electricity,96,5165,192,4973,1000,0.0,0,False,False,0.0,0.0,0.0,1.4120967011629668
iTransformer__Electricity__h96__s2021,iTransformer,Electricity,96,5165,192,4973,1000,0.125,12,False,False,0.0,0.0,0.0,1.4120967011629668
iTransformer__Electricity__h96__s2021,iTransformer,Electricity,96,5165,192,4973,1000,0.25,24,False,False,0.0,0.0,0.0,1.4120967011629668
iTransformer__Electricity__h96__s2021,iTransformer,Electricity,96,5165,192,4973,1000,0.5,48,False,False,0.0,0.0,0.0,1.4120967011629668
iTransformer__Electricity__h96__s2021,iTransformer,Electricity,96,5165,192,4973,1000,1.0,96,True,False,0.0,0.0,0.0,1.4120967011629668
iTransformer__Electricity__h96__s2021,iTransformer,Electricity,96,5165,192,4973,1000,2.0,192,True,False,-0.06613008169787193,-0.06613008169787193,-0.06613008169787193,1.4120967011629668
iTransformer__Electricity__h96__s2021,iTransformer,Electricity,96,5165,192,4973,3000,0.0,0,False,False,0.0,0.0,0.0,1.4120967011629668
iTransformer__Electricity__h96__s2021,iTransformer,Electricity,96,5165,192,4973,3000,0.125,12,False,False,0.0,0.0,0.0,1.4120967011629668
iTransformer__Electricity__h96__s2021,iTransformer,Electricity,96,5165,192,4973,3000,0.25,24,False,False,0.0,0.0,0.0,1.4120967011629668
iTransformer__Electricity__h96__s2021,iTransformer,Electricity,96,5165,192,4973,3000,0.5,48,False,False,0.0,0.0,0.0,1.4120967011629668
iTransformer__Electricity__h96__s2021,iTransformer,Electricity,96,5165,192,4973,3000,1.0,96,True,False,0.0,0.0,0.0,1.4120967011629668
iTransformer__Electricity__h96__s2021,iTransformer,Electricity,96,5165,192,4973,3000,2.0,192,True,False,-0.06613008169787193,-0.06613008169787193,-0.06613008169787193,1.4120967011629668
iTransformer__Electricity__h96__s2021,iTransformer,Electricity,96,5165,192,4973,1000000000,0.0,0,False,False,0.0,0.0,0.0,1.4120967011629668
iTransformer__Electricity__h96__s2021,iTransformer,Electricity,96,5165,192,4973,1000000000,0.125,12,False,False,0.0,0.0,0.0,1.4120967011629668
iTransformer__Electricity__h96__s2021,iTransformer,Electricity,96,5165,192,4973,1000000000,0.25,24,False,False,0.0,0.0,0.0,1.4120967011629668
iTransformer__Electricity__h96__s2021,iTransformer,Electricity,96,5165,192,4973,1000000000,0.5,48,False,False,0.0,0.0,0.0,1.4120967011629668
iTransformer__Electricity__h96__s2021,iTransformer,Electricity,96,5165,192,4973,1000000000,1.0,96,True,False,0.0,0.0,0.0,1.4120967011629668
iTransformer__Electricity__h96__s2021,iTransformer,Electricity,96,5165,192,4973,1000000000,2.0,192,True,False,-0.06613008169787193,-0.06613008169787193,-0.06613008169787193,1.4120967011629668
iTransformer__Electricity__h192__s2021,iTransformer,Electricity,192,5069,384,4685,50,0.0,0,False,False,0.2780701600781889,0.2780701600781889,0.2780701600781889,0.9978844706219259
iTransformer__Electricity__h192__s2021,iTransformer,Electricity,192,5069,384,4685,50,0.125,24,False,False,-0.9598966798664161,-0.9598966798664161,-0.9598966798664161,0.9978844706219259
iTransformer__Electricity__h192__s2021,iTransformer,Electricity,192,5069,384,4685,50,0.25,48,False,False,-1.448370576282375,-1.448370576282375,-1.448370576282375,0.9978844706219259
iTransformer__Electricity__h192__s2021,iTransformer,Electricity,192,5069,384,4685,50,0.5,96,False,False,-1.1833202064098638,-1.1833202064098638,-1.1833202064098638,0.9978844706219259
iTransformer__Electricity__h192__s2021,iTransformer,Electricity,192,5069,384,4685,50,1.0,192,True,False,-1.3294752624851698,-1.3294752624851698,-1.3294752624851698,0.9978844706219259
iTransformer__Electricity__h192__s2021,iTransformer,Electricity,192,5069,384,4685,50,2.0,384,True,False,-1.307873589095495,-1.307873589095495,-1.307873589095495,0.9978844706219259
iTransformer__Electricity__h192__s2021,iTransformer,Electricity,192,5069,384,4685,200,0.0,0,False,False,0.043540059054582685,0.043540059054582685,0.043540059054582685,0.9978844706219259
iTransformer__Electricity__h192__s2021,iTransformer,Electricity,192,5069,384,4685,200,0.125,24,False,False,-0.08430197429009276,-0.08430197429009276,-0.08430197429009276,0.9978844706219259
iTransformer__Electricity__h192__s2021,iTransformer,Electricity,192,5069,384,4685,200,0.25,48,False,False,-0.15050432322329338,-0.15050432322329338,-0.15050432322329338,0.9978844706219259
iTransformer__Electricity__h192__s2021,iTransformer,Electricity,192,5069,384,4685,200,0.5,96,False,False,-0.1756008081427312,-0.1756008081427312,-0.1756008081427312,0.9978844706219259
iTransformer__Electricity__h192__s2021,iTransformer,Electricity,192,5069,384,4685,200,1.0,192,True,False,-0.18802669539571723,-0.18802669539571723,-0.18802669539571723,0.9978844706219259
iTransformer__Electricity__h192__s2021,iTransformer,Electricity,192,5069,384,4685,200,2.0,384,True,False,-0.20107366080965872,-0.20107366080965872,-0.20107366080965872,0.9978844706219259
iTransformer__Electricity__h192__s2021,iTransformer,Electricity,192,5069,384,4685,1000,0.0,0,False,False,0.0,0.0,0.0,0.9978844706219259
iTransformer__Electricity__h192__s2021,iTransformer,Electricity,192,5069,384,4685,1000,0.125,24,False,False,0.0,0.0,0.0,0.9978844706219259
iTransformer__Electricity__h192__s2021,iTransformer,Electricity,192,5069,384,4685,1000,0.25,48,False,False,0.0,0.0,0.0,0.9978844706219259
iTransformer__Electricity__h192__s2021,iTransformer,Electricity,192,5069,384,4685,1000,0.5,96,False,False,0.0,0.0,0.0,0.9978844706219259
iTransformer__Electricity__h192__s2021,iTransformer,Electricity,192,5069,384,4685,1000,1.0,192,True,False,0.0,0.0,0.0,0.9978844706219259
iTransformer__Electricity__h192__s2021,iTransformer,Electricity,192,5069,384,4685,1000,2.0,384,True,False,0.0,0.0,0.0,0.9978844706219259
iTransformer__Electricity__h192__s2021,iTransformer,Electricity,192,5069,384,4685,3000,0.0,0,False,False,0.0,0.0,0.0,0.9978844706219259
iTransformer__Electricity__h192__s2021,iTransformer,Electricity,192,5069,384,4685,3000,0.125,24,False,False,0.0,0.0,0.0,0.9978844706219259
iTransformer__Electricity__h192__s2021,iTransformer,Electricity,192,5069,384,4685,3000,0.25,48,False,False,0.0,0.0,0.0,0.9978844706219259
iTransformer__Electricity__h192__s2021,iTransformer,Electricity,192,5069,384,4685,3000,0.5,96,False,False,0.0,0.0,0.0,0.9978844706219259
iTransformer__Electricity__h192__s2021,iTransformer,Electricity,192,5069,384,4685,3000,1.0,192,True,False,0.0,0.0,0.0,0.9978844706219259
iTransformer__Electricity__h192__s2021,iTransformer,Electricity,192,5069,384,4685,3000,2.0,384,True,False,0.0,0.0,0.0,0.9978844706219259
iTransformer__Electricity__h192__s2021,iTransformer,Electricity,192,5069,384,4685,1000000000,0.0,0,False,False,0.0,0.0,0.0,0.9978844706219259
iTransformer__Electricity__h192__s2021,iTransformer,Electricity,192,5069,384,4685,1000000000,0.125,24,False,False,0.0,0.0,0.0,0.9978844706219259
iTransformer__Electricity__h192__s2021,iTransformer,Electricity,192,5069,384,4685,1000000000,0.25,48,False,False,0.0,0.0,0.0,0.9978844706219259
iTransformer__Electricity__h192__s2021,iTransformer,Electricity,192,5069,384,4685,1000000000,0.5,96,False,False,0.0,0.0,0.0,0.9978844706219259
iTransformer__Electricity__h192__s2021,iTransformer,Electricity,192,5069,384,4685,1000000000,1.0,192,True,False,0.0,0.0,0.0,0.9978844706219259
iTransformer__Electricity__h192__s2021,iTransformer,Electricity,192,5069,384,4685,1000000000,2.0,384,True,False,0.0,0.0,0.0,0.9978844706219259
iTransformer__Electricity__h336__s2021,iTransformer,Electricity,336,4925,672,4253,50,0.0,0,False,False,0.2641616410996964,0.2641616410996964,0.2641616410996964,1.0700246284256543
iTransformer__Electricity__h336__s2021,iTransformer,Electricity,336,4925,672,4253,50,0.125,42,False,False,-1.2663485980638558,-1.2663485980638558,-1.2663485980638558,1.0700246284256543
iTransformer__Electricity__h336__s2021,iTransformer,Electricity,336,4925,672,4253,50,0.25,84,False,False,-1.33124853549133,-1.33124853549133,-1.33124853549133,1.0700246284256543
iTransformer__Electricity__h336__s2021,iTransformer,Electricity,336,4925,672,4253,50,0.5,168,False,False,-1.0617334952556345,-1.0617334952556345,-1.0617334952556345,1.0700246284256543
iTransformer__Electricity__h336__s2021,iTransformer,Electricity,336,4925,672,4253,50,1.0,336,True,False,-1.4661307199494185,-1.4661307199494185,-1.4661307199494185,1.0700246284256543
iTransformer__Electricity__h336__s2021,iTransformer,Electricity,336,4925,672,4253,50,2.0,672,True,False,-0.6199767023589411,-0.6199767023589411,-0.6199767023589411,1.0700246284256543
iTransformer__Electricity__h336__s2021,iTransformer,Electricity,336,4925,672,4253,200,0.0,0,False,False,0.006428654137145161,0.006428654137145161,0.006428654137145161,1.0700246284256543
iTransformer__Electricity__h336__s2021,iTransformer,Electricity,336,4925,672,4253,200,0.125,42,False,False,-0.4759598637024331,-0.4759598637024331,-0.4759598637024331,1.0700246284256543
iTransformer__Electricity__h336__s2021,iTransformer,Electricity,336,4925,672,4253,200,0.25,84,False,False,-0.7022974313842403,-0.7022974313842403,-0.7022974313842403,1.0700246284256543
iTransformer__Electricity__h336__s2021,iTransformer,Electricity,336,4925,672,4253,200,0.5,168,False,False,-1.0951431079830207,-1.0951431079830207,-1.0951431079830207,1.0700246284256543
iTransformer__Electricity__h336__s2021,iTransformer,Electricity,336,4925,672,4253,200,1.0,336,True,False,-1.2106414891565593,-1.2106414891565593,-1.2106414891565593,1.0700246284256543
iTransformer__Electricity__h336__s2021,iTransformer,Electricity,336,4925,672,4253,200,2.0,672,True,False,-0.2625481133859989,-0.2625481133859989,-0.2625481133859989,1.0700246284256543
iTransformer__Electricity__h336__s2021,iTransformer,Electricity,336,4925,672,4253,1000,0.0,0,False,False,0.0,0.0,0.0,1.0700246284256543
iTransformer__Electricity__h336__s2021,iTransformer,Electricity,336,4925,672,4253,1000,0.125,42,False,False,0.0,0.0,0.0,1.0700246284256543
iTransformer__Electricity__h336__s2021,iTransformer,Electricity,336,4925,672,4253,1000,0.25,84,False,False,0.0,0.0,0.0,1.0700246284256543
iTransformer__Electricity__h336__s2021,iTransformer,Electricity,336,4925,672,4253,1000,0.5,168,False,False,0.0,0.0,0.0,1.0700246284256543
iTransformer__Electricity__h336__s2021,iTransformer,Electricity,336,4925,672,4253,1000,1.0,336,True,False,0.0,0.0,0.0,1.0700246284256543
iTransformer__Electricity__h336__s2021,iTransformer,Electricity,336,4925,672,4253,1000,2.0,672,True,False,0.0,0.0,0.0,1.0700246284256543
iTransformer__Electricity__h336__s2021,iTransformer,Electricity,336,4925,672,4253,3000,0.0,0,False,False,0.0,0.0,0.0,1.0700246284256543
iTransformer__Electricity__h336__s2021,iTransformer,Electricity,336,4925,672,4253,3000,0.125,42,False,False,0.0,0.0,0.0,1.0700246284256543
iTransformer__Electricity__h336__s2021,iTransformer,Electricity,336,4925,672,4253,3000,0.25,84,False,False,0.0,0.0,0.0,1.0700246284256543
iTransformer__Electricity__h336__s2021,iTransformer,Electricity,336,4925,672,4253,3000,0.5,168,False,False,0.0,0.0,0.0,1.0700246284256543
iTransformer__Electricity__h336__s2021,iTransformer,Electricity,336,4925,672,4253,3000,1.0,336,True,False,0.0,0.0,0.0,1.0700246284256543
iTransformer__Electricity__h336__s2021,iTransformer,Electricity,336,4925,672,4253,3000,2.0,672,True,False,0.0,0.0,0.0,1.0700246284256543
iTransformer__Electricity__h336__s2021,iTransformer,Electricity,336,4925,672,4253,1000000000,0.0,0,False,False,0.0,0.0,0.0,1.0700246284256543
iTransformer__Electricity__h336__s2021,iTransformer,Electricity,336,4925,672,4253,1000000000,0.125,42,False,False,0.0,0.0,0.0,1.0700246284256543
iTransformer__Electricity__h336__s2021,iTransformer,Electricity,336,4925,672,4253,1000000000,0.25,84,False,False,0.0,0.0,0.0,1.0700246284256543
iTransformer__Electricity__h336__s2021,iTransformer,Electricity,336,4925,672,4253,1000000000,0.5,168,False,False,0.0,0.0,0.0,1.0700246284256543
iTransformer__Electricity__h336__s2021,iTransformer,Electricity,336,4925,672,4253,1000000000,1.0,336,True,False,0.0,0.0,0.0,1.0700246284256543
iTransformer__Electricity__h336__s2021,iTransformer,Electricity,336,4925,672,4253,1000000000,2.0,672,True,False,0.0,0.0,0.0,1.0700246284256543
iTransformer__Electricity__h720__s2021,iTransformer,Electricity,720,4541,1440,3101,50,0.0,0,False,False,0.7524407108501953,0.7524407108501953,0.7524407108501953,1.438002635409929
iTransformer__Electricity__h720__s2021,iTransformer,Electricity,720,4541,1440,3101,50,0.125,90,False,False,-0.3147348079050197,-0.3147348079050197,-0.3147348079050197,1.438002635409929
iTransformer__Electricity__h720__s2021,iTransformer,Electricity,720,4541,1440,3101,50,0.25,180,False,False,-1.1394306644126893,-1.1394306644126893,-1.1394306644126893,1.438002635409929
iTransformer__Electricity__h720__s2021,iTransformer,Electricity,720,4541,1440,3101,50,0.5,360,False,False,-2.6065428378390796,-2.6065428378390796,-2.6065428378390796,1.438002635409929
iTransformer__Electricity__h720__s2021,iTransformer,Electricity,720,4541,1440,3101,50,1.0,720,True,False,-3.148230096329216,-3.148230096329216,-3.148230096329216,1.438002635409929
iTransformer__Electricity__h720__s2021,iTransformer,Electricity,720,4541,1440,3101,50,2.0,1440,True,False,-2.9596939157313904,-2.9596939157313904,-2.9596939157313904,1.438002635409929
iTransformer__Electricity__h720__s2021,iTransformer,Electricity,720,4541,1440,3101,200,0.0,0,False,False,0.4348079540569444,0.4348079540569444,0.4348079540569444,1.438002635409929
iTransformer__Electricity__h720__s2021,iTransformer,Electricity,720,4541,1440,3101,200,0.125,90,False,False,-0.26067303573226575,-0.26067303573226575,-0.26067303573226575,1.438002635409929
iTransformer__Electricity__h720__s2021,iTransformer,Electricity,720,4541,1440,3101,200,0.25,180,False,False,-0.8995619239097554,-0.8995619239097554,-0.8995619239097554,1.438002635409929
iTransformer__Electricity__h720__s2021,iTransformer,Electricity,720,4541,1440,3101,200,0.5,360,False,False,-2.4412611665729504,-2.4412611665729504,-2.4412611665729504,1.438002635409929
iTransformer__Electricity__h720__s2021,iTransformer,Electricity,720,4541,1440,3101,200,1.0,720,True,False,-1.6420948931281159,-1.6420948931281159,-1.6420948931281159,1.438002635409929
iTransformer__Electricity__h720__s2021,iTransformer,Electricity,720,4541,1440,3101,200,2.0,1440,True,False,-2.2677079539134493,-2.2677079539134493,-2.2677079539134493,1.438002635409929
iTransformer__Electricity__h720__s2021,iTransformer,Electricity,720,4541,1440,3101,1000,0.0,0,False,False,0.0,0.0,0.0,1.438002635409929
iTransformer__Electricity__h720__s2021,iTransformer,Electricity,720,4541,1440,3101,1000,0.125,90,False,False,0.0,0.0,0.0,1.438002635409929
iTransformer__Electricity__h720__s2021,iTransformer,Electricity,720,4541,1440,3101,1000,0.25,180,False,False,0.0,0.0,0.0,1.438002635409929
iTransformer__Electricity__h720__s2021,iTransformer,Electricity,720,4541,1440,3101,1000,0.5,360,False,False,0.0,0.0,0.0,1.438002635409929
iTransformer__Electricity__h720__s2021,iTransformer,Electricity,720,4541,1440,3101,1000,1.0,720,True,False,0.0,0.0,0.0,1.438002635409929
iTransformer__Electricity__h720__s2021,iTransformer,Electricity,720,4541,1440,3101,1000,2.0,1440,True,False,-0.000529276613136528,-0.000529276613136528,-0.000529276613136528,1.438002635409929
iTransformer__Electricity__h720__s2021,iTransformer,Electricity,720,4541,1440,3101,3000,0.0,0,False,False,0.0,0.0,0.0,1.438002635409929
iTransformer__Electricity__h720__s2021,iTransformer,Electricity,720,4541,1440,3101,3000,0.125,90,False,False,0.0,0.0,0.0,1.438002635409929
iTransformer__Electricity__h720__s2021,iTransformer,Electricity,720,4541,1440,3101,3000,0.25,180,False,False,0.0,0.0,0.0,1.438002635409929
iTransformer__Electricity__h720__s2021,iTransformer,Electricity,720,4541,1440,3101,3000,0.5,360,False,False,0.0,0.0,0.0,1.438002635409929
iTransformer__Electricity__h720__s2021,iTransformer,Electricity,720,4541,1440,3101,3000,1.0,720,True,False,0.0,0.0,0.0,1.438002635409929
iTransformer__Electricity__h720__s2021,iTransformer,Electricity,720,4541,1440,3101,3000,2.0,1440,True,False,-0.000529276613136528,-0.000529276613136528,-0.000529276613136528,1.438002635409929
iTransformer__Electricity__h720__s2021,iTransformer,Electricity,720,4541,1440,3101,1000000000,0.0,0,False,False,0.0,0.0,0.0,1.438002635409929
iTransformer__Electricity__h720__s2021,iTransformer,Electricity,720,4541,1440,3101,1000000000,0.125,90,False,False,0.0,0.0,0.0,1.438002635409929
iTransformer__Electricity__h720__s2021,iTransformer,Electricity,720,4541,1440,3101,1000000000,0.25,180,False,False,0.0,0.0,0.0,1.438002635409929
iTransformer__Electricity__h720__s2021,iTransformer,Electricity,720,4541,1440,3101,1000000000,0.5,360,False,False,0.0,0.0,0.0,1.438002635409929
iTransformer__Electricity__h720__s2021,iTransformer,Electricity,720,4541,1440,3101,1000000000,1.0,720,True,False,0.0,0.0,0.0,1.438002635409929
iTransformer__Electricity__h720__s2021,iTransformer,Electricity,720,4541,1440,3101,1000000000,2.0,1440,True,False,-0.000529276613136528,-0.000529276613136528,-0.000529276613136528,1.438002635409929
iTransformer__Exchange__h96__s2021,iTransformer,Exchange,96,1422,192,1230,50,0.0,0,False,False,25.114474969575415,25.114474969575415,0.6845241542089229,32.91563955409977
iTransformer__Exchange__h96__s2021,iTransformer,Exchange,96,1422,192,1230,50,0.125,12,False,False,21.879428517752412,21.879428517752412,-3.6058934881258926,32.91563955409977
iTransformer__Exchange__h96__s2021,iTransformer,Exchange,96,1422,192,1230,50,0.25,24,False,False,22.321762003251095,22.321762003251095,-3.01925727803081,32.91563955409977
iTransformer__Exchange__h96__s2021,iTransformer,Exchange,96,1422,192,1230,50,0.5,48,False,False,18.656828897712828,18.656828897712828,-7.8798037611014164,32.91563955409977
iTransformer__Exchange__h96__s2021,iTransformer,Exchange,96,1422,192,1230,50,1.0,96,True,False,18.83409395606555,18.83409395606555,-7.644709413909745,32.91563955409977
iTransformer__Exchange__h96__s2021,iTransformer,Exchange,96,1422,192,1230,50,2.0,192,True,False,22.550777653572574,22.550777653572574,-2.715529711474118,32.91563955409977
iTransformer__Exchange__h96__s2021,iTransformer,Exchange,96,1422,192,1230,200,0.0,0,False,False,24.29417681314061,24.29417681314061,-0.4033803735172124,32.91563955409977
iTransformer__Exchange__h96__s2021,iTransformer,Exchange,96,1422,192,1230,200,0.125,12,False,False,22.858619169403298,22.858619169403298,-2.3072608688987835,32.91563955409977
iTransformer__Exchange__h96__s2021,iTransformer,Exchange,96,1422,192,1230,200,0.25,24,False,False,22.64806928072171,22.64806928072171,-2.586498577056593,32.91563955409977
iTransformer__Exchange__h96__s2021,iTransformer,Exchange,96,1422,192,1230,200,0.5,48,False,False,22.724435710066505,22.724435710066505,-2.4852190805725787,32.91563955409977
iTransformer__Exchange__h96__s2021,iTransformer,Exchange,96,1422,192,1230,200,1.0,96,True,False,21.744644912986132,21.744644912986132,-3.784647631041173,32.91563955409977
iTransformer__Exchange__h96__s2021,iTransformer,Exchange,96,1422,192,1230,200,2.0,192,True,False,21.311480769814793,21.311480769814793,-4.359123178630885,32.91563955409977
iTransformer__Exchange__h96__s2021,iTransformer,Exchange,96,1422,192,1230,1000,0.0,0,False,False,24.59833234177855,24.59833234177855,0.0,32.91563955409977
iTransformer__Exchange__h96__s2021,iTransformer,Exchange,96,1422,192,1230,1000,0.125,12,False,False,24.59833234177855,24.59833234177855,0.0,32.91563955409977
iTransformer__Exchange__h96__s2021,iTransformer,Exchange,96,1422,192,1230,1000,0.25,24,False,False,24.59833234177855,24.59833234177855,0.0,32.91563955409977
iTransformer__Exchange__h96__s2021,iTransformer,Exchange,96,1422,192,1230,1000,0.5,48,False,False,24.636580165563412,24.636580165563412,0.05072543482490132,32.91563955409977
iTransformer__Exchange__h96__s2021,iTransformer,Exchange,96,1422,192,1230,1000,1.0,96,True,False,23.364137351770545,23.364137351770545,-1.636827179476095,32.91563955409977
iTransformer__Exchange__h96__s2021,iTransformer,Exchange,96,1422,192,1230,1000,2.0,192,True,False,22.84927982490465,22.84927982490465,-2.3196469934882034,32.91563955409977
iTransformer__Exchange__h96__s2021,iTransformer,Exchange,96,1422,192,1230,3000,0.0,0,False,False,24.59833234177855,24.59833234177855,0.0,32.91563955409977
iTransformer__Exchange__h96__s2021,iTransformer,Exchange,96,1422,192,1230,3000,0.125,12,False,False,24.59833234177855,24.59833234177855,0.0,32.91563955409977
iTransformer__Exchange__h96__s2021,iTransformer,Exchange,96,1422,192,1230,3000,0.25,24,False,False,24.59833234177855,24.59833234177855,0.0,32.91563955409977
iTransformer__Exchange__h96__s2021,iTransformer,Exchange,96,1422,192,1230,3000,0.5,48,False,False,24.636580165563412,24.636580165563412,0.05072543482490132,32.91563955409977
iTransformer__Exchange__h96__s2021,iTransformer,Exchange,96,1422,192,1230,3000,1.0,96,True,False,23.364137351770545,23.364137351770545,-1.636827179476095,32.91563955409977
iTransformer__Exchange__h96__s2021,iTransformer,Exchange,96,1422,192,1230,3000,2.0,192,True,False,22.84927982490465,22.84927982490465,-2.3196469934882034,32.91563955409977
iTransformer__Exchange__h96__s2021,iTransformer,Exchange,96,1422,192,1230,1000000000,0.0,0,False,False,24.59833234177855,24.59833234177855,0.0,32.91563955409977
iTransformer__Exchange__h96__s2021,iTransformer,Exchange,96,1422,192,1230,1000000000,0.125,12,False,False,24.59833234177855,24.59833234177855,0.0,32.91563955409977
iTransformer__Exchange__h96__s2021,iTransformer,Exchange,96,1422,192,1230,1000000000,0.25,24,False,False,24.59833234177855,24.59833234177855,0.0,32.91563955409977
iTransformer__Exchange__h96__s2021,iTransformer,Exchange,96,1422,192,1230,1000000000,0.5,48,False,False,24.636580165563412,24.636580165563412,0.05072543482490132,32.91563955409977
iTransformer__Exchange__h96__s2021,iTransformer,Exchange,96,1422,192,1230,1000000000,1.0,96,True,False,23.364137351770545,23.364137351770545,-1.636827179476095,32.91563955409977
iTransformer__Exchange__h96__s2021,iTransformer,Exchange,96,1422,192,1230,1000000000,2.0,192,True,False,22.84927982490465,22.84927982490465,-2.3196469934882034,32.91563955409977
iTransformer__Exchange__h192__s2021,iTransformer,Exchange,192,1326,384,942,50,0.0,0,False,False,5.162048185011015,5.162048185011015,2.591127010332862,13.884100033394294
iTransformer__Exchange__h192__s2021,iTransformer,Exchange,192,1326,384,942,50,0.125,24,False,False,1.2789221953454324,1.2789221953454324,-1.3972649687358838,13.884100033394294
iTransformer__Exchange__h192__s2021,iTransformer,Exchange,192,1326,384,942,50,0.25,48,False,False,2.0174633886619175,2.0174633886619175,-0.6387029804113677,13.884100033394294
iTransformer__Exchange__h192__s2021,iTransformer,Exchange,192,1326,384,942,50,0.5,96,False,False,-0.5031221379321158,-0.5031221379321158,-3.227617974047768,13.884100033394294
iTransformer__Exchange__h192__s2021,iTransformer,Exchange,192,1326,384,942,50,1.0,192,True,False,2.184738966384646,2.184738966384646,-0.4668928011230883,13.884100033394294
iTransformer__Exchange__h192__s2021,iTransformer,Exchange,192,1326,384,942,50,2.0,384,True,False,0.012392016055991027,0.012392016055991027,-2.698128968969247,13.884100033394294
iTransformer__Exchange__h192__s2021,iTransformer,Exchange,192,1326,384,942,200,0.0,0,False,False,1.8324828013960899,1.8324828013960899,-0.8286981267182199,13.884100033394294
iTransformer__Exchange__h192__s2021,iTransformer,Exchange,192,1326,384,942,200,0.125,24,False,False,-2.1971246766131793,-2.1971246766131793,-4.967542497686392,13.884100033394294
iTransformer__Exchange__h192__s2021,iTransformer,Exchange,192,1326,384,942,200,0.25,48,False,False,-2.5010093383970933,-2.5010093383970933,-5.279665037837442,13.884100033394294
iTransformer__Exchange__h192__s2021,iTransformer,Exchange,192,1326,384,942,200,0.5,96,False,False,-2.4211102339913997,-2.4211102339913997,-5.197599983035063,13.884100033394294
iTransformer__Exchange__h192__s2021,iTransformer,Exchange,192,1326,384,942,200,1.0,192,True,False,0.09040683391697855,0.09040683391697855,-2.617999281023668,13.884100033394294
iTransformer__Exchange__h192__s2021,iTransformer,Exchange,192,1326,384,942,200,2.0,384,True,False,0.48429362500024353,0.48429362500024353,-2.213434782627644,13.884100033394294
iTransformer__Exchange__h192__s2021,iTransformer,Exchange,192,1326,384,942,1000,0.0,0,False,False,-0.014938823979794152,-0.014938823979794152,-2.726200708972029,13.884100033394294
iTransformer__Exchange__h192__s2021,iTransformer,Exchange,192,1326,384,942,1000,0.125,24,False,False,-0.05618502355366916,-0.05618502355366916,-2.768565033999165,13.884100033394294
iTransformer__Exchange__h192__s2021,iTransformer,Exchange,192,1326,384,942,1000,0.25,48,False,False,-0.3603653350466166,-0.3603653350466166,-3.0809912384998293,13.884100033394294
iTransformer__Exchange__h192__s2021,iTransformer,Exchange,192,1326,384,942,1000,0.5,96,False,False,-0.33987948887656355,-0.33987948887656355,-3.05995005035231,13.884100033394294
iTransformer__Exchange__h192__s2021,iTransformer,Exchange,192,1326,384,942,1000,1.0,192,True,False,-0.003040958061438505,-0.003040958061438505,-2.713980308932706,13.884100033394294
iTransformer__Exchange__h192__s2021,iTransformer,Exchange,192,1326,384,942,1000,2.0,384,True,False,0.25397159052961116,0.25397159052961116,-2.4500005178961453,13.884100033394294
iTransformer__Exchange__h192__s2021,iTransformer,Exchange,192,1326,384,942,3000,0.0,0,False,False,0.0,0.0,-2.7108569148493813,13.884100033394294
iTransformer__Exchange__h192__s2021,iTransformer,Exchange,192,1326,384,942,3000,0.125,24,False,False,0.0,0.0,-2.7108569148493813,13.884100033394294
iTransformer__Exchange__h192__s2021,iTransformer,Exchange,192,1326,384,942,3000,0.25,48,False,False,0.0,0.0,-2.7108569148493813,13.884100033394294
iTransformer__Exchange__h192__s2021,iTransformer,Exchange,192,1326,384,942,3000,0.5,96,False,False,0.0,0.0,-2.7108569148493813,13.884100033394294
iTransformer__Exchange__h192__s2021,iTransformer,Exchange,192,1326,384,942,3000,1.0,192,True,False,0.0,0.0,-2.7108569148493813,13.884100033394294
iTransformer__Exchange__h192__s2021,iTransformer,Exchange,192,1326,384,942,3000,2.0,384,True,False,0.25397159052961116,0.25397159052961116,-2.4500005178961453,13.884100033394294
iTransformer__Exchange__h192__s2021,iTransformer,Exchange,192,1326,384,942,1000000000,0.0,0,False,False,0.0,0.0,-2.7108569148493813,13.884100033394294
iTransformer__Exchange__h192__s2021,iTransformer,Exchange,192,1326,384,942,1000000000,0.125,24,False,False,0.0,0.0,-2.7108569148493813,13.884100033394294
iTransformer__Exchange__h192__s2021,iTransformer,Exchange,192,1326,384,942,1000000000,0.25,48,False,False,0.0,0.0,-2.7108569148493813,13.884100033394294
iTransformer__Exchange__h192__s2021,iTransformer,Exchange,192,1326,384,942,1000000000,0.5,96,False,False,0.0,0.0,-2.7108569148493813,13.884100033394294
iTransformer__Exchange__h192__s2021,iTransformer,Exchange,192,1326,384,942,1000000000,1.0,192,True,False,0.0,0.0,-2.7108569148493813,13.884100033394294
iTransformer__Exchange__h192__s2021,iTransformer,Exchange,192,1326,384,942,1000000000,2.0,384,True,False,0.25397159052961116,0.25397159052961116,-2.4500005178961453,13.884100033394294
iTransformer__Exchange__h336__s2021,iTransformer,Exchange,336,1182,591,591,50,0.0,0,False,False,3.816550330740941,1.4873268945098965,1.4873268945098965,11.23128011927755
iTransformer__Exchange__h336__s2021,iTransformer,Exchange,336,1182,591,591,50,0.125,42,False,False,0.7230971958075395,-1.6810387494419061,-1.6810387494419061,11.23128011927755
iTransformer__Exchange__h336__s2021,iTransformer,Exchange,336,1182,591,591,50,0.25,84,False,False,-0.4769857484451426,-2.9101834639761326,-2.9101834639761326,11.23128011927755
iTransformer__Exchange__h336__s2021,iTransformer,Exchange,336,1182,591,591,50,0.5,168,False,False,-1.6762884102457143,-4.1385290003731745,-4.1385290003731745,11.23128011927755
iTransformer__Exchange__h336__s2021,iTransformer,Exchange,336,1182,591,591,50,1.0,336,True,False,1.1792788180536555,-1.2138100195138835,-1.2138100195138835,11.23128011927755
iTransformer__Exchange__h336__s2021,iTransformer,Exchange,336,1182,591,591,50,2.0,672,True,True,,,,11.23128011927755
iTransformer__Exchange__h336__s2021,iTransformer,Exchange,336,1182,591,591,200,0.0,0,False,False,3.5504795468072494,1.214812815936994,1.214812815936994,11.23128011927755
iTransformer__Exchange__h336__s2021,iTransformer,Exchange,336,1182,591,591,200,0.125,42,False,False,-2.5278304602480413,-5.010692391225949,-5.010692391225949,11.23128011927755
iTransformer__Exchange__h336__s2021,iTransformer,Exchange,336,1182,591,591,200,0.25,84,False,False,-2.7203867221777114,-5.20791168572122,-5.20791168572122,11.23128011927755
iTransformer__Exchange__h336__s2021,iTransformer,Exchange,336,1182,591,591,200,0.5,168,False,False,-2.0829223709579425,-4.555010199404627,-4.555010199404627,11.23128011927755
iTransformer__Exchange__h336__s2021,iTransformer,Exchange,336,1182,591,591,200,1.0,336,True,False,2.107207011901196,-0.2634106822037061,-0.2634106822037061,11.23128011927755
iTransformer__Exchange__h336__s2021,iTransformer,Exchange,336,1182,591,591,200,2.0,672,True,True,,,,11.23128011927755
iTransformer__Exchange__h336__s2021,iTransformer,Exchange,336,1182,591,591,1000,0.0,0,False,False,-0.537068654882767,-2.9717213661980906,-2.9717213661980906,11.23128011927755
iTransformer__Exchange__h336__s2021,iTransformer,Exchange,336,1182,591,591,1000,0.125,42,False,False,-0.4579623797668451,-2.8906994164979594,-2.8906994164979594,11.23128011927755
iTransformer__Exchange__h336__s2021,iTransformer,Exchange,336,1182,591,591,1000,0.25,84,False,False,-0.1633466573004715,-2.5889491418002977,-2.5889491418002977,11.23128011927755
iTransformer__Exchange__h336__s2021,iTransformer,Exchange,336,1182,591,591,1000,0.5,168,False,False,0.0,-2.421646805391595,-2.421646805391595,11.23128011927755
iTransformer__Exchange__h336__s2021,iTransformer,Exchange,336,1182,591,591,1000,1.0,336,True,False,0.0,-2.421646805391595,-2.421646805391595,11.23128011927755
iTransformer__Exchange__h336__s2021,iTransformer,Exchange,336,1182,591,591,1000,2.0,672,True,True,,,,11.23128011927755
iTransformer__Exchange__h336__s2021,iTransformer,Exchange,336,1182,591,591,3000,0.0,0,False,False,0.0,-2.421646805391595,-2.421646805391595,11.23128011927755
iTransformer__Exchange__h336__s2021,iTransformer,Exchange,336,1182,591,591,3000,0.125,42,False,False,0.0,-2.421646805391595,-2.421646805391595,11.23128011927755
iTransformer__Exchange__h336__s2021,iTransformer,Exchange,336,1182,591,591,3000,0.25,84,False,False,0.0,-2.421646805391595,-2.421646805391595,11.23128011927755
iTransformer__Exchange__h336__s2021,iTransformer,Exchange,336,1182,591,591,3000,0.5,168,False,False,0.0,-2.421646805391595,-2.421646805391595,11.23128011927755
iTransformer__Exchange__h336__s2021,iTransformer,Exchange,336,1182,591,591,3000,1.0,336,True,False,0.0,-2.421646805391595,-2.421646805391595,11.23128011927755
iTransformer__Exchange__h336__s2021,iTransformer,Exchange,336,1182,591,591,3000,2.0,672,True,True,,,,11.23128011927755
iTransformer__Exchange__h336__s2021,iTransformer,Exchange,336,1182,591,591,1000000000,0.0,0,False,False,0.0,-2.421646805391595,-2.421646805391595,11.23128011927755
iTransformer__Exchange__h336__s2021,iTransformer,Exchange,336,1182,591,591,1000000000,0.125,42,False,False,0.0,-2.421646805391595,-2.421646805391595,11.23128011927755
iTransformer__Exchange__h336__s2021,iTransformer,Exchange,336,1182,591,591,1000000000,0.25,84,False,False,0.0,-2.421646805391595,-2.421646805391595,11.23128011927755
iTransformer__Exchange__h336__s2021,iTransformer,Exchange,336,1182,591,591,1000000000,0.5,168,False,False,0.0,-2.421646805391595,-2.421646805391595,11.23128011927755
iTransformer__Exchange__h336__s2021,iTransformer,Exchange,336,1182,591,591,1000000000,1.0,336,True,False,0.0,-2.421646805391595,-2.421646805391595,11.23128011927755
iTransformer__Exchange__h336__s2021,iTransformer,Exchange,336,1182,591,591,1000000000,2.0,672,True,True,,,,11.23128011927755
iTransformer__Exchange__h720__s2021,iTransformer,Exchange,720,798,399,399,50,0.0,0,False,False,1.8294698542501509,1.8294698542501509,1.8294698542501509,7.513409423797567
iTransformer__Exchange__h720__s2021,iTransformer,Exchange,720,798,399,399,50,0.125,90,False,False,-0.37735992014561753,-0.37735992014561753,-0.37735992014561753,7.513409423797567
iTransformer__Exchange__h720__s2021,iTransformer,Exchange,720,798,399,399,50,0.25,180,False,False,1.3042836551607744,1.3042836551607744,1.3042836551607744,7.513409423797567
iTransformer__Exchange__h720__s2021,iTransformer,Exchange,720,798,399,399,50,0.5,360,False,False,0.8400772584854348,0.8400772584854348,0.8400772584854348,7.513409423797567
iTransformer__Exchange__h720__s2021,iTransformer,Exchange,720,798,399,399,50,1.0,720,True,True,,,,7.513409423797567
iTransformer__Exchange__h720__s2021,iTransformer,Exchange,720,798,399,399,50,2.0,1440,True,True,,,,7.513409423797567
iTransformer__Exchange__h720__s2021,iTransformer,Exchange,720,798,399,399,200,0.0,0,False,False,0.247970497084492,0.247970497084492,0.247970497084492,7.513409423797567
iTransformer__Exchange__h720__s2021,iTransformer,Exchange,720,798,399,399,200,0.125,90,False,False,-1.2196435325899782,-1.2196435325899782,-1.2196435325899782,7.513409423797567
iTransformer__Exchange__h720__s2021,iTransformer,Exchange,720,798,399,399,200,0.25,180,False,False,-0.15955814459933676,-0.15955814459933676,-0.15955814459933676,7.513409423797567
iTransformer__Exchange__h720__s2021,iTransformer,Exchange,720,798,399,399,200,0.5,360,False,False,1.469654192073815,1.469654192073815,1.469654192073815,7.513409423797567
iTransformer__Exchange__h720__s2021,iTransformer,Exchange,720,798,399,399,200,1.0,720,True,True,,,,7.513409423797567
iTransformer__Exchange__h720__s2021,iTransformer,Exchange,720,798,399,399,200,2.0,1440,True,True,,,,7.513409423797567
iTransformer__Exchange__h720__s2021,iTransformer,Exchange,720,798,399,399,1000,0.0,0,False,False,0.0,0.0,0.0,7.513409423797567
iTransformer__Exchange__h720__s2021,iTransformer,Exchange,720,798,399,399,1000,0.125,90,False,False,0.0,0.0,0.0,7.513409423797567
iTransformer__Exchange__h720__s2021,iTransformer,Exchange,720,798,399,399,1000,0.25,180,False,False,0.0,0.0,0.0,7.513409423797567
iTransformer__Exchange__h720__s2021,iTransformer,Exchange,720,798,399,399,1000,0.5,360,False,False,0.0,0.0,0.0,7.513409423797567
iTransformer__Exchange__h720__s2021,iTransformer,Exchange,720,798,399,399,1000,1.0,720,True,True,,,,7.513409423797567
iTransformer__Exchange__h720__s2021,iTransformer,Exchange,720,798,399,399,1000,2.0,1440,True,True,,,,7.513409423797567
iTransformer__Exchange__h720__s2021,iTransformer,Exchange,720,798,399,399,3000,0.0,0,False,False,0.0,0.0,0.0,7.513409423797567
iTransformer__Exchange__h720__s2021,iTransformer,Exchange,720,798,399,399,3000,0.125,90,False,False,0.0,0.0,0.0,7.513409423797567
iTransformer__Exchange__h720__s2021,iTransformer,Exchange,720,798,399,399,3000,0.25,180,False,False,0.0,0.0,0.0,7.513409423797567
iTransformer__Exchange__h720__s2021,iTransformer,Exchange,720,798,399,399,3000,0.5,360,False,False,0.0,0.0,0.0,7.513409423797567
iTransformer__Exchange__h720__s2021,iTransformer,Exchange,720,798,399,399,3000,1.0,720,True,True,,,,7.513409423797567
iTransformer__Exchange__h720__s2021,iTransformer,Exchange,720,798,399,399,3000,2.0,1440,True,True,,,,7.513409423797567
iTransformer__Exchange__h720__s2021,iTransformer,Exchange,720,798,399,399,1000000000,0.0,0,False,False,0.0,0.0,0.0,7.513409423797567
iTransformer__Exchange__h720__s2021,iTransformer,Exchange,720,798,399,399,1000000000,0.125,90,False,False,0.0,0.0,0.0,7.513409423797567
iTransformer__Exchange__h720__s2021,iTransformer,Exchange,720,798,399,399,1000000000,0.25,180,False,False,0.0,0.0,0.0,7.513409423797567
iTransformer__Exchange__h720__s2021,iTransformer,Exchange,720,798,399,399,1000000000,0.5,360,False,False,0.0,0.0,0.0,7.513409423797567
iTransformer__Exchange__h720__s2021,iTransformer,Exchange,720,798,399,399,1000000000,1.0,720,True,True,,,,7.513409423797567
iTransformer__Exchange__h720__s2021,iTransformer,Exchange,720,798,399,399,1000000000,2.0,1440,True,True,,,,7.513409423797567
iTransformer__ILI__h24__s2021,iTransformer,ILI,24,170,48,122,50,0.0,0,False,False,12.26384875995706,12.26384875995706,10.924918854319255,31.15085381016631
iTransformer__ILI__h24__s2021,iTransformer,ILI,24,170,48,122,50,0.125,3,False,False,1.1944120550423303,1.1944120550423303,-0.31344707342204736,31.15085381016631
iTransformer__ILI__h24__s2021,iTransformer,ILI,24,170,48,122,50,0.25,6,False,False,-3.0820403041837388,-3.0820403041837388,-4.6551618116432625,31.15085381016631
iTransformer__ILI__h24__s2021,iTransformer,ILI,24,170,48,122,50,0.5,12,False,False,0.0,0.0,-1.5260868943003219,31.15085381016631
iTransformer__ILI__h24__s2021,iTransformer,ILI,24,170,48,122,50,1.0,24,True,False,0.0,0.0,-1.5260868943003219,31.15085381016631
iTransformer__ILI__h24__s2021,iTransformer,ILI,24,170,48,122,50,2.0,48,True,False,0.0,0.0,-1.5260868943003219,31.15085381016631
iTransformer__ILI__h24__s2021,iTransformer,ILI,24,170,48,122,200,0.0,0,False,False,0.0,0.0,-1.5260868943003219,31.15085381016631
iTransformer__ILI__h24__s2021,iTransformer,ILI,24,170,48,122,200,0.125,3,False,False,0.0,0.0,-1.5260868943003219,31.15085381016631
iTransformer__ILI__h24__s2021,iTransformer,ILI,24,170,48,122,200,0.25,6,False,False,0.0,0.0,-1.5260868943003219,31.15085381016631
iTransformer__ILI__h24__s2021,iTransformer,ILI,24,170,48,122,200,0.5,12,False,False,0.0,0.0,-1.5260868943003219,31.15085381016631
iTransformer__ILI__h24__s2021,iTransformer,ILI,24,170,48,122,200,1.0,24,True,False,0.0,0.0,-1.5260868943003219,31.15085381016631
iTransformer__ILI__h24__s2021,iTransformer,ILI,24,170,48,122,200,2.0,48,True,False,0.0,0.0,-1.5260868943003219,31.15085381016631
iTransformer__ILI__h24__s2021,iTransformer,ILI,24,170,48,122,1000,0.0,0,False,False,0.0,0.0,-1.5260868943003219,31.15085381016631
iTransformer__ILI__h24__s2021,iTransformer,ILI,24,170,48,122,1000,0.125,3,False,False,0.0,0.0,-1.5260868943003219,31.15085381016631
iTransformer__ILI__h24__s2021,iTransformer,ILI,24,170,48,122,1000,0.25,6,False,False,0.0,0.0,-1.5260868943003219,31.15085381016631
iTransformer__ILI__h24__s2021,iTransformer,ILI,24,170,48,122,1000,0.5,12,False,False,0.0,0.0,-1.5260868943003219,31.15085381016631
iTransformer__ILI__h24__s2021,iTransformer,ILI,24,170,48,122,1000,1.0,24,True,False,0.0,0.0,-1.5260868943003219,31.15085381016631
iTransformer__ILI__h24__s2021,iTransformer,ILI,24,170,48,122,1000,2.0,48,True,False,0.0,0.0,-1.5260868943003219,31.15085381016631
iTransformer__ILI__h24__s2021,iTransformer,ILI,24,170,48,122,3000,0.0,0,False,False,0.0,0.0,-1.5260868943003219,31.15085381016631
iTransformer__ILI__h24__s2021,iTransformer,ILI,24,170,48,122,3000,0.125,3,False,False,0.0,0.0,-1.5260868943003219,31.15085381016631
iTransformer__ILI__h24__s2021,iTransformer,ILI,24,170,48,122,3000,0.25,6,False,False,0.0,0.0,-1.5260868943003219,31.15085381016631
iTransformer__ILI__h24__s2021,iTransformer,ILI,24,170,48,122,3000,0.5,12,False,False,0.0,0.0,-1.5260868943003219,31.15085381016631
iTransformer__ILI__h24__s2021,iTransformer,ILI,24,170,48,122,3000,1.0,24,True,False,0.0,0.0,-1.5260868943003219,31.15085381016631
iTransformer__ILI__h24__s2021,iTransformer,ILI,24,170,48,122,3000,2.0,48,True,False,0.0,0.0,-1.5260868943003219,31.15085381016631
iTransformer__ILI__h24__s2021,iTransformer,ILI,24,170,48,122,1000000000,0.0,0,False,False,0.0,0.0,-1.5260868943003219,31.15085381016631
iTransformer__ILI__h24__s2021,iTransformer,ILI,24,170,48,122,1000000000,0.125,3,False,False,0.0,0.0,-1.5260868943003219,31.15085381016631
iTransformer__ILI__h24__s2021,iTransformer,ILI,24,170,48,122,1000000000,0.25,6,False,False,0.0,0.0,-1.5260868943003219,31.15085381016631
iTransformer__ILI__h24__s2021,iTransformer,ILI,24,170,48,122,1000000000,0.5,12,False,False,0.0,0.0,-1.5260868943003219,31.15085381016631
iTransformer__ILI__h24__s2021,iTransformer,ILI,24,170,48,122,1000000000,1.0,24,True,False,0.0,0.0,-1.5260868943003219,31.15085381016631
iTransformer__ILI__h24__s2021,iTransformer,ILI,24,170,48,122,1000000000,2.0,48,True,False,0.0,0.0,-1.5260868943003219,31.15085381016631
iTransformer__ILI__h36__s2021,iTransformer,ILI,36,158,72,86,50,0.0,0,False,False,0.0,0.0,0.0,8.374959515063678
iTransformer__ILI__h36__s2021,iTransformer,ILI,36,158,72,86,50,0.125,4,False,False,0.0,0.0,0.0,8.374959515063678
iTransformer__ILI__h36__s2021,iTransformer,ILI,36,158,72,86,50,0.25,9,False,False,0.0,0.0,0.0,8.374959515063678
iTransformer__ILI__h36__s2021,iTransformer,ILI,36,158,72,86,50,0.5,18,False,False,0.0,0.0,0.0,8.374959515063678
iTransformer__ILI__h36__s2021,iTransformer,ILI,36,158,72,86,50,1.0,36,True,False,0.0,0.0,0.0,8.374959515063678
iTransformer__ILI__h36__s2021,iTransformer,ILI,36,158,72,86,50,2.0,72,True,False,0.0,0.0,0.0,8.374959515063678
iTransformer__ILI__h36__s2021,iTransformer,ILI,36,158,72,86,200,0.0,0,False,False,0.0,0.0,0.0,8.374959515063678
iTransformer__ILI__h36__s2021,iTransformer,ILI,36,158,72,86,200,0.125,4,False,False,0.0,0.0,0.0,8.374959515063678
iTransformer__ILI__h36__s2021,iTransformer,ILI,36,158,72,86,200,0.25,9,False,False,0.0,0.0,0.0,8.374959515063678
iTransformer__ILI__h36__s2021,iTransformer,ILI,36,158,72,86,200,0.5,18,False,False,0.0,0.0,0.0,8.374959515063678
iTransformer__ILI__h36__s2021,iTransformer,ILI,36,158,72,86,200,1.0,36,True,False,0.0,0.0,0.0,8.374959515063678
iTransformer__ILI__h36__s2021,iTransformer,ILI,36,158,72,86,200,2.0,72,True,False,0.0,0.0,0.0,8.374959515063678
iTransformer__ILI__h36__s2021,iTransformer,ILI,36,158,72,86,1000,0.0,0,False,False,0.0,0.0,0.0,8.374959515063678
iTransformer__ILI__h36__s2021,iTransformer,ILI,36,158,72,86,1000,0.125,4,False,False,0.0,0.0,0.0,8.374959515063678
iTransformer__ILI__h36__s2021,iTransformer,ILI,36,158,72,86,1000,0.25,9,False,False,0.0,0.0,0.0,8.374959515063678
iTransformer__ILI__h36__s2021,iTransformer,ILI,36,158,72,86,1000,0.5,18,False,False,0.0,0.0,0.0,8.374959515063678
iTransformer__ILI__h36__s2021,iTransformer,ILI,36,158,72,86,1000,1.0,36,True,False,0.0,0.0,0.0,8.374959515063678
iTransformer__ILI__h36__s2021,iTransformer,ILI,36,158,72,86,1000,2.0,72,True,False,0.0,0.0,0.0,8.374959515063678
iTransformer__ILI__h36__s2021,iTransformer,ILI,36,158,72,86,3000,0.0,0,False,False,0.0,0.0,0.0,8.374959515063678
iTransformer__ILI__h36__s2021,iTransformer,ILI,36,158,72,86,3000,0.125,4,False,False,0.0,0.0,0.0,8.374959515063678
iTransformer__ILI__h36__s2021,iTransformer,ILI,36,158,72,86,3000,0.25,9,False,False,0.0,0.0,0.0,8.374959515063678
iTransformer__ILI__h36__s2021,iTransformer,ILI,36,158,72,86,3000,0.5,18,False,False,0.0,0.0,0.0,8.374959515063678
iTransformer__ILI__h36__s2021,iTransformer,ILI,36,158,72,86,3000,1.0,36,True,False,0.0,0.0,0.0,8.374959515063678
iTransformer__ILI__h36__s2021,iTransformer,ILI,36,158,72,86,3000,2.0,72,True,False,0.0,0.0,0.0,8.374959515063678
iTransformer__ILI__h36__s2021,iTransformer,ILI,36,158,72,86,1000000000,0.0,0,False,False,0.0,0.0,0.0,8.374959515063678
iTransformer__ILI__h36__s2021,iTransformer,ILI,36,158,72,86,1000000000,0.125,4,False,False,0.0,0.0,0.0,8.374959515063678
iTransformer__ILI__h36__s2021,iTransformer,ILI,36,158,72,86,1000000000,0.25,9,False,False,0.0,0.0,0.0,8.374959515063678
iTransformer__ILI__h36__s2021,iTransformer,ILI,36,158,72,86,1000000000,0.5,18,False,False,0.0,0.0,0.0,8.374959515063678
iTransformer__ILI__h36__s2021,iTransformer,ILI,36,158,72,86,1000000000,1.0,36,True,False,0.0,0.0,0.0,8.374959515063678
iTransformer__ILI__h36__s2021,iTransformer,ILI,36,158,72,86,1000000000,2.0,72,True,False,0.0,0.0,0.0,8.374959515063678
iTransformer__ILI__h48__s2021,iTransformer,ILI,48,146,73,73,50,0.0,0,False,False,-0.44254773986456414,-0.44254773986456414,-0.44254773986456414,4.702189339711544
iTransformer__ILI__h48__s2021,iTransformer,ILI,48,146,73,73,50,0.125,6,False,False,-1.4356014474090906,-1.4356014474090906,-1.4356014474090906,4.702189339711544
iTransformer__ILI__h48__s2021,iTransformer,ILI,48,146,73,73,50,0.25,12,False,False,-1.3589537592354421,-1.3589537592354421,-1.3589537592354421,4.702189339711544
iTransformer__ILI__h48__s2021,iTransformer,ILI,48,146,73,73,50,0.5,24,False,False,-2.0600084200672844,-2.0600084200672844,-2.0600084200672844,4.702189339711544
iTransformer__ILI__h48__s2021,iTransformer,ILI,48,146,73,73,50,1.0,48,True,False,-1.7570046494101073,-1.7570046494101073,-1.7570046494101073,4.702189339711544
iTransformer__ILI__h48__s2021,iTransformer,ILI,48,146,73,73,50,2.0,96,True,True,,,,4.702189339711544
iTransformer__ILI__h48__s2021,iTransformer,ILI,48,146,73,73,200,0.0,0,False,False,0.0,0.0,0.0,4.702189339711544
iTransformer__ILI__h48__s2021,iTransformer,ILI,48,146,73,73,200,0.125,6,False,False,0.0,0.0,0.0,4.702189339711544
iTransformer__ILI__h48__s2021,iTransformer,ILI,48,146,73,73,200,0.25,12,False,False,0.0,0.0,0.0,4.702189339711544
iTransformer__ILI__h48__s2021,iTransformer,ILI,48,146,73,73,200,0.5,24,False,False,0.0,0.0,0.0,4.702189339711544
iTransformer__ILI__h48__s2021,iTransformer,ILI,48,146,73,73,200,1.0,48,True,False,0.0,0.0,0.0,4.702189339711544
iTransformer__ILI__h48__s2021,iTransformer,ILI,48,146,73,73,200,2.0,96,True,True,,,,4.702189339711544
iTransformer__ILI__h48__s2021,iTransformer,ILI,48,146,73,73,1000,0.0,0,False,False,0.0,0.0,0.0,4.702189339711544
iTransformer__ILI__h48__s2021,iTransformer,ILI,48,146,73,73,1000,0.125,6,False,False,0.0,0.0,0.0,4.702189339711544
iTransformer__ILI__h48__s2021,iTransformer,ILI,48,146,73,73,1000,0.25,12,False,False,0.0,0.0,0.0,4.702189339711544
iTransformer__ILI__h48__s2021,iTransformer,ILI,48,146,73,73,1000,0.5,24,False,False,0.0,0.0,0.0,4.702189339711544
iTransformer__ILI__h48__s2021,iTransformer,ILI,48,146,73,73,1000,1.0,48,True,False,0.0,0.0,0.0,4.702189339711544
iTransformer__ILI__h48__s2021,iTransformer,ILI,48,146,73,73,1000,2.0,96,True,True,,,,4.702189339711544
iTransformer__ILI__h48__s2021,iTransformer,ILI,48,146,73,73,3000,0.0,0,False,False,0.0,0.0,0.0,4.702189339711544
iTransformer__ILI__h48__s2021,iTransformer,ILI,48,146,73,73,3000,0.125,6,False,False,0.0,0.0,0.0,4.702189339711544
iTransformer__ILI__h48__s2021,iTransformer,ILI,48,146,73,73,3000,0.25,12,False,False,0.0,0.0,0.0,4.702189339711544
iTransformer__ILI__h48__s2021,iTransformer,ILI,48,146,73,73,3000,0.5,24,False,False,0.0,0.0,0.0,4.702189339711544
iTransformer__ILI__h48__s2021,iTransformer,ILI,48,146,73,73,3000,1.0,48,True,False,0.0,0.0,0.0,4.702189339711544
iTransformer__ILI__h48__s2021,iTransformer,ILI,48,146,73,73,3000,2.0,96,True,True,,,,4.702189339711544
iTransformer__ILI__h48__s2021,iTransformer,ILI,48,146,73,73,1000000000,0.0,0,False,False,0.0,0.0,0.0,4.702189339711544
iTransformer__ILI__h48__s2021,iTransformer,ILI,48,146,73,73,1000000000,0.125,6,False,False,0.0,0.0,0.0,4.702189339711544
iTransformer__ILI__h48__s2021,iTransformer,ILI,48,146,73,73,1000000000,0.25,12,False,False,0.0,0.0,0.0,4.702189339711544
iTransformer__ILI__h48__s2021,iTransformer,ILI,48,146,73,73,1000000000,0.5,24,False,False,0.0,0.0,0.0,4.702189339711544
iTransformer__ILI__h48__s2021,iTransformer,ILI,48,146,73,73,1000000000,1.0,48,True,False,0.0,0.0,0.0,4.702189339711544
iTransformer__ILI__h48__s2021,iTransformer,ILI,48,146,73,73,1000000000,2.0,96,True,True,,,,4.702189339711544
iTransformer__ILI__h60__s2021,iTransformer,ILI,60,134,67,67,50,0.0,0,False,False,0.0,0.0,0.0,2.755719775803634
iTransformer__ILI__h60__s2021,iTransformer,ILI,60,134,67,67,50,0.125,8,False,False,0.0,0.0,0.0,2.755719775803634
iTransformer__ILI__h60__s2021,iTransformer,ILI,60,134,67,67,50,0.25,15,False,False,0.0,0.0,0.0,2.755719775803634
iTransformer__ILI__h60__s2021,iTransformer,ILI,60,134,67,67,50,0.5,30,False,False,0.0,0.0,0.0,2.755719775803634
iTransformer__ILI__h60__s2021,iTransformer,ILI,60,134,67,67,50,1.0,60,True,False,-0.69865629081171,-0.69865629081171,-0.69865629081171,2.755719775803634
iTransformer__ILI__h60__s2021,iTransformer,ILI,60,134,67,67,50,2.0,120,True,True,,,,2.755719775803634
iTransformer__ILI__h60__s2021,iTransformer,ILI,60,134,67,67,200,0.0,0,False,False,0.0,0.0,0.0,2.755719775803634
iTransformer__ILI__h60__s2021,iTransformer,ILI,60,134,67,67,200,0.125,8,False,False,0.0,0.0,0.0,2.755719775803634
iTransformer__ILI__h60__s2021,iTransformer,ILI,60,134,67,67,200,0.25,15,False,False,0.0,0.0,0.0,2.755719775803634
iTransformer__ILI__h60__s2021,iTransformer,ILI,60,134,67,67,200,0.5,30,False,False,0.0,0.0,0.0,2.755719775803634
iTransformer__ILI__h60__s2021,iTransformer,ILI,60,134,67,67,200,1.0,60,True,False,-0.69865629081171,-0.69865629081171,-0.69865629081171,2.755719775803634
iTransformer__ILI__h60__s2021,iTransformer,ILI,60,134,67,67,200,2.0,120,True,True,,,,2.755719775803634
iTransformer__ILI__h60__s2021,iTransformer,ILI,60,134,67,67,1000,0.0,0,False,False,0.0,0.0,0.0,2.755719775803634
iTransformer__ILI__h60__s2021,iTransformer,ILI,60,134,67,67,1000,0.125,8,False,False,0.0,0.0,0.0,2.755719775803634
iTransformer__ILI__h60__s2021,iTransformer,ILI,60,134,67,67,1000,0.25,15,False,False,0.0,0.0,0.0,2.755719775803634
iTransformer__ILI__h60__s2021,iTransformer,ILI,60,134,67,67,1000,0.5,30,False,False,0.0,0.0,0.0,2.755719775803634
iTransformer__ILI__h60__s2021,iTransformer,ILI,60,134,67,67,1000,1.0,60,True,False,-0.69865629081171,-0.69865629081171,-0.69865629081171,2.755719775803634
iTransformer__ILI__h60__s2021,iTransformer,ILI,60,134,67,67,1000,2.0,120,True,True,,,,2.755719775803634
iTransformer__ILI__h60__s2021,iTransformer,ILI,60,134,67,67,3000,0.0,0,False,False,0.0,0.0,0.0,2.755719775803634
iTransformer__ILI__h60__s2021,iTransformer,ILI,60,134,67,67,3000,0.125,8,False,False,0.0,0.0,0.0,2.755719775803634
iTransformer__ILI__h60__s2021,iTransformer,ILI,60,134,67,67,3000,0.25,15,False,False,0.0,0.0,0.0,2.755719775803634
iTransformer__ILI__h60__s2021,iTransformer,ILI,60,134,67,67,3000,0.5,30,False,False,0.0,0.0,0.0,2.755719775803634
iTransformer__ILI__h60__s2021,iTransformer,ILI,60,134,67,67,3000,1.0,60,True,False,-0.69865629081171,-0.69865629081171,-0.69865629081171,2.755719775803634
iTransformer__ILI__h60__s2021,iTransformer,ILI,60,134,67,67,3000,2.0,120,True,True,,,,2.755719775803634
iTransformer__ILI__h60__s2021,iTransformer,ILI,60,134,67,67,1000000000,0.0,0,False,False,0.0,0.0,0.0,2.755719775803634
iTransformer__ILI__h60__s2021,iTransformer,ILI,60,134,67,67,1000000000,0.125,8,False,False,0.0,0.0,0.0,2.755719775803634
iTransformer__ILI__h60__s2021,iTransformer,ILI,60,134,67,67,1000000000,0.25,15,False,False,0.0,0.0,0.0,2.755719775803634
iTransformer__ILI__h60__s2021,iTransformer,ILI,60,134,67,67,1000000000,0.5,30,False,False,0.0,0.0,0.0,2.755719775803634
iTransformer__ILI__h60__s2021,iTransformer,ILI,60,134,67,67,1000000000,1.0,60,True,False,-0.69865629081171,-0.69865629081171,-0.69865629081171,2.755719775803634
iTransformer__ILI__h60__s2021,iTransformer,ILI,60,134,67,67,1000000000,2.0,120,True,True,,,,2.755719775803634
iTransformer__Weather__h96__s2021,iTransformer,Weather,96,10444,192,10252,50,0.0,0,False,False,4.7012562024903435,3.847860773564485,3.847860773564485,11.695197728756709
iTransformer__Weather__h96__s2021,iTransformer,Weather,96,10444,192,10252,50,0.125,12,False,False,1.0211474042515531,0.1347967872380117,0.1347967872380117,11.695197728756709
iTransformer__Weather__h96__s2021,iTransformer,Weather,96,10444,192,10252,50,0.25,24,False,False,0.6621378818616294,-0.22742764726029635,-0.22742764726029635,11.695197728756709
iTransformer__Weather__h96__s2021,iTransformer,Weather,96,10444,192,10252,50,0.5,48,False,False,0.595146668304002,-0.29501876374581276,-0.29501876374581276,11.695197728756709
iTransformer__Weather__h96__s2021,iTransformer,Weather,96,10444,192,10252,50,1.0,96,True,False,0.34598354877260296,-0.5464131264058391,-0.5464131264058391,11.695197728756709
iTransformer__Weather__h96__s2021,iTransformer,Weather,96,10444,192,10252,50,2.0,192,True,False,0.24957919028836456,-0.6436807810425828,-0.6436807810425828,11.695197728756709
iTransformer__Weather__h96__s2021,iTransformer,Weather,96,10444,192,10252,200,0.0,0,False,False,2.4744850015300996,1.601148949166423,1.601148949166423,11.695197728756709
iTransformer__Weather__h96__s2021,iTransformer,Weather,96,10444,192,10252,200,0.125,12,False,False,1.0070933063453265,0.1206168355961226,0.1206168355961226,11.695197728756709
iTransformer__Weather__h96__s2021,iTransformer,Weather,96,10444,192,10252,200,0.25,24,False,False,0.6429294545184622,-0.24680808509844276,-0.24680808509844276,11.695197728756709
iTransformer__Weather__h96__s2021,iTransformer,Weather,96,10444,192,10252,200,0.5,48,False,False,0.1389870927652165,-0.7552632252034799,-0.7552632252034799,11.695197728756709
iTransformer__Weather__h96__s2021,iTransformer,Weather,96,10444,192,10252,200,1.0,96,True,False,-0.18558659723015047,-1.0827434561704696,-1.0827434561704696,11.695197728756709
iTransformer__Weather__h96__s2021,iTransformer,Weather,96,10444,192,10252,200,2.0,192,True,False,0.1340585647850238,-0.7602358879023691,-0.7602358879023691,11.695197728756709
iTransformer__Weather__h96__s2021,iTransformer,Weather,96,10444,192,10252,1000,0.0,0,False,False,2.1934084758873187,1.3175553974579934,1.3175553974579934,11.695197728756709
iTransformer__Weather__h96__s2021,iTransformer,Weather,96,10444,192,10252,1000,0.125,12,False,False,1.159012573668123,0.27389653227121485,0.27389653227121485,11.695197728756709
iTransformer__Weather__h96__s2021,iTransformer,Weather,96,10444,192,10252,1000,0.25,24,False,False,1.0617287711799772,0.17574155825400553,0.17574155825400553,11.695197728756709
iTransformer__Weather__h96__s2021,iTransformer,Weather,96,10444,192,10252,1000,0.5,48,False,False,1.0096813390762076,0.12322804402916349,0.12322804402916349,11.695197728756709
iTransformer__Weather__h96__s2021,iTransformer,Weather,96,10444,192,10252,1000,1.0,96,True,False,1.7991977549388738,0.9198145394491294,0.9198145394491294,11.695197728756709
iTransformer__Weather__h96__s2021,iTransformer,Weather,96,10444,192,10252,1000,2.0,192,True,False,1.8802869471980652,1.0016298813221742,1.0016298813221742,11.695197728756709
iTransformer__Weather__h96__s2021,iTransformer,Weather,96,10444,192,10252,3000,0.0,0,False,False,1.432487225939034,0.5498201362163574,0.5498201362163574,11.695197728756709
iTransformer__Weather__h96__s2021,iTransformer,Weather,96,10444,192,10252,3000,0.125,12,False,False,0.7152177428021229,-0.17387245885073468,-0.17387245885073468,11.695197728756709
iTransformer__Weather__h96__s2021,iTransformer,Weather,96,10444,192,10252,3000,0.25,24,False,False,0.6605628973645268,-0.22901673566388178,-0.22901673566388178,11.695197728756709
iTransformer__Weather__h96__s2021,iTransformer,Weather,96,10444,192,10252,3000,0.5,48,False,False,0.7295543005637699,-0.1594075179397115,-0.1594075179397115,11.695197728756709
iTransformer__Weather__h96__s2021,iTransformer,Weather,96,10444,192,10252,3000,1.0,96,True,False,1.0427070105768588,0.15654945874712034,0.15654945874712034,11.695197728756709
iTransformer__Weather__h96__s2021,iTransformer,Weather,96,10444,192,10252,3000,2.0,192,True,False,1.1679889580844407,0.2829532997558072,0.2829532997558072,11.695197728756709
iTransformer__Weather__h96__s2021,iTransformer,Weather,96,10444,192,10252,1000000000,0.0,0,False,False,0.9045941044659978,0.017199758550063157,0.017199758550063157,11.695197728756709
iTransformer__Weather__h96__s2021,iTransformer,Weather,96,10444,192,10252,1000000000,0.125,12,False,False,0.5356351619921084,-0.3550631925856568,-0.3550631925856568,11.695197728756709
iTransformer__Weather__h96__s2021,iTransformer,Weather,96,10444,192,10252,1000000000,0.25,24,False,False,0.409008151842714,-0.48282414120405814,-0.48282414120405814,11.695197728756709
iTransformer__Weather__h96__s2021,iTransformer,Weather,96,10444,192,10252,1000000000,0.5,48,False,False,0.37975980487500377,-0.5123344056390009,-0.5123344056390009,11.695197728756709
iTransformer__Weather__h96__s2021,iTransformer,Weather,96,10444,192,10252,1000000000,1.0,96,True,False,0.743796135391984,-0.14503814820119743,-0.14503814820119743,11.695197728756709
iTransformer__Weather__h96__s2021,iTransformer,Weather,96,10444,192,10252,1000000000,2.0,192,True,False,0.7238685702314951,-0.1651441636994339,-0.1651441636994339,11.695197728756709
iTransformer__Weather__h192__s2021,iTransformer,Weather,192,10348,384,9964,50,0.0,0,False,False,4.2722602686242634,4.2722602686242634,2.8810226264404037,8.871307983982325
iTransformer__Weather__h192__s2021,iTransformer,Weather,192,10348,384,9964,50,0.125,24,False,False,1.0899019210094218,1.0899019210094218,-0.34758581270008887,8.871307983982325
iTransformer__Weather__h192__s2021,iTransformer,Weather,192,10348,384,9964,50,0.25,48,False,False,0.48696592089111485,0.48696592089111485,-0.9592844479912959,8.871307983982325
iTransformer__Weather__h192__s2021,iTransformer,Weather,192,10348,384,9964,50,0.5,96,False,False,0.15321656053947846,0.15321656053947846,-1.2978842798413603,8.871307983982325
iTransformer__Weather__h192__s2021,iTransformer,Weather,192,10348,384,9964,50,1.0,192,True,False,0.6720134517281258,0.6720134517281258,-0.7715475703545375,8.871307983982325
iTransformer__Weather__h192__s2021,iTransformer,Weather,192,10348,384,9964,50,2.0,384,True,False,1.249454605678168,1.249454605678168,-0.18571430486215965,8.871307983982325
iTransformer__Weather__h192__s2021,iTransformer,Weather,192,10348,384,9964,200,0.0,0,False,False,2.6668124161009583,2.6668124161009583,1.252242357511349,8.871307983982325
iTransformer__Weather__h192__s2021,iTransformer,Weather,192,10348,384,9964,200,0.125,24,False,False,0.9289824488826895,0.9289824488826895,-0.5108439718950765,8.871307983982325
iTransformer__Weather__h192__s2021,iTransformer,Weather,192,10348,384,9964,200,0.25,48,False,False,0.7637165415021847,0.7637165415021847,-0.678511734286079,8.871307983982325
iTransformer__Weather__h192__s2021,iTransformer,Weather,192,10348,384,9964,200,0.5,96,False,False,0.8581076868276648,0.8581076868276648,-0.5827487764135341,8.871307983982325
iTransformer__Weather__h192__s2021,iTransformer,Weather,192,10348,384,9964,200,1.0,192,True,False,0.2378903242609846,0.2378903242609846,-1.2119799289595878,8.871307983982325
iTransformer__Weather__h192__s2021,iTransformer,Weather,192,10348,384,9964,200,2.0,384,True,False,1.2223316906605874,1.2223316906605874,-0.21323140468389515,8.871307983982325
iTransformer__Weather__h192__s2021,iTransformer,Weather,192,10348,384,9964,1000,0.0,0,False,False,1.7323416506678397,1.7323416506678397,0.30419067072733347,8.871307983982325
iTransformer__Weather__h192__s2021,iTransformer,Weather,192,10348,384,9964,1000,0.125,24,False,False,1.174219734925832,1.174219734925832,-0.26204258474009684,8.871307983982325
iTransformer__Weather__h192__s2021,iTransformer,Weather,192,10348,384,9964,1000,0.25,48,False,False,0.9226216579936861,0.9226216579936861,-0.5172972059123067,8.871307983982325
iTransformer__Weather__h192__s2021,iTransformer,Weather,192,10348,384,9964,1000,0.5,96,False,False,1.24808425646769,1.24808425646769,-0.18710456973564096,8.871307983982325
iTransformer__Weather__h192__s2021,iTransformer,Weather,192,10348,384,9964,1000,1.0,192,True,False,1.1517628688872872,1.1517628688872872,-0.284825822606139,8.871307983982325
iTransformer__Weather__h192__s2021,iTransformer,Weather,192,10348,384,9964,1000,2.0,384,True,False,1.550654068252969,1.550654068252969,0.11986257256977166,8.871307983982325
iTransformer__Weather__h192__s2021,iTransformer,Weather,192,10348,384,9964,3000,0.0,0,False,False,2.0057337967111435,2.0057337967111435,0.5815561002276605,8.871307983982325
iTransformer__Weather__h192__s2021,iTransformer,Weather,192,10348,384,9964,3000,0.125,24,False,False,1.7950469124701107,1.7950469124701107,0.36780724539280496,8.871307983982325
iTransformer__Weather__h192__s2021,iTransformer,Weather,192,10348,384,9964,3000,0.25,48,False,False,1.7958386303060976,1.7958386303060976,0.36861046948244947,8.871307983982325
iTransformer__Weather__h192__s2021,iTransformer,Weather,192,10348,384,9964,3000,0.5,96,False,False,1.8137110821755746,1.8137110821755746,0.38674266662397316,8.871307983982325
iTransformer__Weather__h192__s2021,iTransformer,Weather,192,10348,384,9964,3000,1.0,192,True,False,1.699477496185512,1.699477496185512,0.2708488924243383,8.871307983982325
iTransformer__Weather__h192__s2021,iTransformer,Weather,192,10348,384,9964,3000,2.0,384,True,False,1.6581425605358473,1.6581425605358473,0.2289132247551522,8.871307983982325
iTransformer__Weather__h192__s2021,iTransformer,Weather,192,10348,384,9964,1000000000,0.0,0,False,False,1.4325085372682487,1.4325085372682487,0.0,8.871307983982325
iTransformer__Weather__h192__s2021,iTransformer,Weather,192,10348,384,9964,1000000000,0.125,24,False,False,1.4325085372682487,1.4325085372682487,0.0,8.871307983982325
iTransformer__Weather__h192__s2021,iTransformer,Weather,192,10348,384,9964,1000000000,0.25,48,False,False,1.4325085372682487,1.4325085372682487,0.0,8.871307983982325
iTransformer__Weather__h192__s2021,iTransformer,Weather,192,10348,384,9964,1000000000,0.5,96,False,False,1.4325085372682487,1.4325085372682487,0.0,8.871307983982325
iTransformer__Weather__h192__s2021,iTransformer,Weather,192,10348,384,9964,1000000000,1.0,192,True,False,1.4297073695945859,1.4297073695945859,-0.002841877815995849,8.871307983982325
iTransformer__Weather__h192__s2021,iTransformer,Weather,192,10348,384,9964,1000000000,2.0,384,True,False,1.343431688918417,1.343431688918417,-0.09037142675332434,8.871307983982325
iTransformer__Weather__h336__s2021,iTransformer,Weather,336,10204,672,9532,50,0.0,0,False,False,2.8748841529503584,2.8748841529503584,2.8748841529503584,6.921969479845323
iTransformer__Weather__h336__s2021,iTransformer,Weather,336,10204,672,9532,50,0.125,42,False,False,-0.7681518067140767,-0.7681518067140767,-0.7681518067140767,6.921969479845323
iTransformer__Weather__h336__s2021,iTransformer,Weather,336,10204,672,9532,50,0.25,84,False,False,-0.5766272986785319,-0.5766272986785319,-0.5766272986785319,6.921969479845323
iTransformer__Weather__h336__s2021,iTransformer,Weather,336,10204,672,9532,50,0.5,168,False,False,-0.41211038976432,-0.41211038976432,-0.41211038976432,6.921969479845323
iTransformer__Weather__h336__s2021,iTransformer,Weather,336,10204,672,9532,50,1.0,336,True,False,-0.6311062205432072,-0.6311062205432072,-0.6311062205432072,6.921969479845323
iTransformer__Weather__h336__s2021,iTransformer,Weather,336,10204,672,9532,50,2.0,672,True,False,-0.41524035999867676,-0.41524035999867676,-0.41524035999867676,6.921969479845323
iTransformer__Weather__h336__s2021,iTransformer,Weather,336,10204,672,9532,200,0.0,0,False,False,1.3996644859358818,1.3996644859358818,1.3996644859358818,6.921969479845323
iTransformer__Weather__h336__s2021,iTransformer,Weather,336,10204,672,9532,200,0.125,42,False,False,-0.5582375445861709,-0.5582375445861709,-0.5582375445861709,6.921969479845323
iTransformer__Weather__h336__s2021,iTransformer,Weather,336,10204,672,9532,200,0.25,84,False,False,-0.8545486959186733,-0.8545486959186733,-0.8545486959186733,6.921969479845323
iTransformer__Weather__h336__s2021,iTransformer,Weather,336,10204,672,9532,200,0.5,168,False,False,-0.8621063921464392,-0.8621063921464392,-0.8621063921464392,6.921969479845323
iTransformer__Weather__h336__s2021,iTransformer,Weather,336,10204,672,9532,200,1.0,336,True,False,-0.3796737960513785,-0.3796737960513785,-0.3796737960513785,6.921969479845323
iTransformer__Weather__h336__s2021,iTransformer,Weather,336,10204,672,9532,200,2.0,672,True,False,-0.28357608735881945,-0.28357608735881945,-0.28357608735881945,6.921969479845323
iTransformer__Weather__h336__s2021,iTransformer,Weather,336,10204,672,9532,1000,0.0,0,False,False,0.09514633673233651,0.09514633673233651,0.09514633673233651,6.921969479845323
iTransformer__Weather__h336__s2021,iTransformer,Weather,336,10204,672,9532,1000,0.125,42,False,False,-0.7681217621374379,-0.7681217621374379,-0.7681217621374379,6.921969479845323
iTransformer__Weather__h336__s2021,iTransformer,Weather,336,10204,672,9532,1000,0.25,84,False,False,-0.7362261911421573,-0.7362261911421573,-0.7362261911421573,6.921969479845323
iTransformer__Weather__h336__s2021,iTransformer,Weather,336,10204,672,9532,1000,0.5,168,False,False,-1.052661606960991,-1.052661606960991,-1.052661606960991,6.921969479845323
iTransformer__Weather__h336__s2021,iTransformer,Weather,336,10204,672,9532,1000,1.0,336,True,False,-1.138702826564195,-1.138702826564195,-1.138702826564195,6.921969479845323
iTransformer__Weather__h336__s2021,iTransformer,Weather,336,10204,672,9532,1000,2.0,672,True,False,-0.7591795446859333,-0.7591795446859333,-0.7591795446859333,6.921969479845323
iTransformer__Weather__h336__s2021,iTransformer,Weather,336,10204,672,9532,3000,0.0,0,False,False,-0.012702542739601797,-0.012702542739601797,-0.012702542739601797,6.921969479845323
iTransformer__Weather__h336__s2021,iTransformer,Weather,336,10204,672,9532,3000,0.125,42,False,False,-0.33950460728263576,-0.33950460728263576,-0.33950460728263576,6.921969479845323
iTransformer__Weather__h336__s2021,iTransformer,Weather,336,10204,672,9532,3000,0.25,84,False,False,-0.46688776354194594,-0.46688776354194594,-0.46688776354194594,6.921969479845323
iTransformer__Weather__h336__s2021,iTransformer,Weather,336,10204,672,9532,3000,0.5,168,False,False,-0.6460507690875306,-0.6460507690875306,-0.6460507690875306,6.921969479845323
iTransformer__Weather__h336__s2021,iTransformer,Weather,336,10204,672,9532,3000,1.0,336,True,False,-0.77680666302738,-0.77680666302738,-0.77680666302738,6.921969479845323
iTransformer__Weather__h336__s2021,iTransformer,Weather,336,10204,672,9532,3000,2.0,672,True,False,-0.5156785591650146,-0.5156785591650146,-0.5156785591650146,6.921969479845323
iTransformer__Weather__h336__s2021,iTransformer,Weather,336,10204,672,9532,1000000000,0.0,0,False,False,-0.12672234810240715,-0.12672234810240715,-0.12672234810240715,6.921969479845323
iTransformer__Weather__h336__s2021,iTransformer,Weather,336,10204,672,9532,1000000000,0.125,42,False,False,-0.3460969142953436,-0.3460969142953436,-0.3460969142953436,6.921969479845323
iTransformer__Weather__h336__s2021,iTransformer,Weather,336,10204,672,9532,1000000000,0.25,84,False,False,-0.2910537100304188,-0.2910537100304188,-0.2910537100304188,6.921969479845323
iTransformer__Weather__h336__s2021,iTransformer,Weather,336,10204,672,9532,1000000000,0.5,168,False,False,-0.39552132694845155,-0.39552132694845155,-0.39552132694845155,6.921969479845323
iTransformer__Weather__h336__s2021,iTransformer,Weather,336,10204,672,9532,1000000000,1.0,336,True,False,-0.48894679097783955,-0.48894679097783955,-0.48894679097783955,6.921969479845323
iTransformer__Weather__h336__s2021,iTransformer,Weather,336,10204,672,9532,1000000000,2.0,672,True,False,-0.38139118352969537,-0.38139118352969537,-0.38139118352969537,6.921969479845323
iTransformer__Weather__h720__s2021,iTransformer,Weather,720,9820,1440,8380,50,0.0,0,False,False,2.963406491112925,2.963406491112925,2.5706476379815837,6.009999588414564
iTransformer__Weather__h720__s2021,iTransformer,Weather,720,9820,1440,8380,50,0.125,90,False,False,0.36489147468889505,0.36489147468889505,-0.03838495475866141,6.009999588414564
iTransformer__Weather__h720__s2021,iTransformer,Weather,720,9820,1440,8380,50,0.25,180,False,False,-0.7137770149721099,-0.7137770149721099,-1.1214193911577839,6.009999588414564
iTransformer__Weather__h720__s2021,iTransformer,Weather,720,9820,1440,8380,50,0.5,360,False,False,-0.34350502888475093,-0.34350502888475093,-0.7496487168401027,6.009999588414564
iTransformer__Weather__h720__s2021,iTransformer,Weather,720,9820,1440,8380,50,1.0,720,True,False,-0.15158466519769265,-0.15158466519769265,-0.5569515490711145,6.009999588414564
iTransformer__Weather__h720__s2021,iTransformer,Weather,720,9820,1440,8380,50,2.0,1440,True,False,0.0954801512792154,0.0954801512792154,-0.308886729497852,6.009999588414564
iTransformer__Weather__h720__s2021,iTransformer,Weather,720,9820,1440,8380,200,0.0,0,False,False,1.720297362348276,1.720297362348276,1.322506983499928,6.009999588414564
iTransformer__Weather__h720__s2021,iTransformer,Weather,720,9820,1440,8380,200,0.125,90,False,False,-0.32537924358972264,-0.32537924358972264,-0.7314495668237136,6.009999588414564
iTransformer__Weather__h720__s2021,iTransformer,Weather,720,9820,1440,8380,200,0.25,180,False,False,-0.9316479182239007,-0.9316479182239007,-1.3401721341671093,6.009999588414564
iTransformer__Weather__h720__s2021,iTransformer,Weather,720,9820,1440,8380,200,0.5,360,False,False,-0.5919630859249532,-0.5919630859249532,-0.999112416164372,6.009999588414564
iTransformer__Weather__h720__s2021,iTransformer,Weather,720,9820,1440,8380,200,1.0,720,True,False,-0.4161508829332658,-0.4161508829332658,-0.8225886074091621,6.009999588414564
iTransformer__Weather__h720__s2021,iTransformer,Weather,720,9820,1440,8380,200,2.0,1440,True,False,-0.6268324705340589,-0.6268324705340589,-1.034122935772278,6.009999588414564
iTransformer__Weather__h720__s2021,iTransformer,Weather,720,9820,1440,8380,1000,0.0,0,False,False,0.2181050261149347,0.2181050261149347,-0.1857655263857136,6.009999588414564
iTransformer__Weather__h720__s2021,iTransformer,Weather,720,9820,1440,8380,1000,0.125,90,False,False,-0.5185481951321478,-0.5185481951321478,-0.9254003761491146,6.009999588414564
iTransformer__Weather__h720__s2021,iTransformer,Weather,720,9820,1440,8380,1000,0.25,180,False,False,-0.8280705798582603,-0.8280705798582603,-1.236175563065077,6.009999588414564
iTransformer__Weather__h720__s2021,iTransformer,Weather,720,9820,1440,8380,1000,0.5,360,False,False,-0.8265194969296841,-0.8265194969296841,-1.234618202076543,6.009999588414564
iTransformer__Weather__h720__s2021,iTransformer,Weather,720,9820,1440,8380,1000,1.0,720,True,False,-0.6876529821664042,-0.6876529821664042,-1.0951896204567864,6.009999588414564
iTransformer__Weather__h720__s2021,iTransformer,Weather,720,9820,1440,8380,1000,2.0,1440,True,False,-0.9061357448492929,-0.9061357448492929,-1.3145566994186924,6.009999588414564
iTransformer__Weather__h720__s2021,iTransformer,Weather,720,9820,1440,8380,3000,0.0,0,False,False,-0.3606000340106767,-0.3606000340106767,-0.766812914570228,6.009999588414564
iTransformer__Weather__h720__s2021,iTransformer,Weather,720,9820,1440,8380,3000,0.125,90,False,False,-1.382896594487878,-1.382896594487878,-1.7932472545194218,6.009999588414564
iTransformer__Weather__h720__s2021,iTransformer,Weather,720,9820,1440,8380,3000,0.25,180,False,False,-1.4010312872757624,-1.4010312872757624,-1.8114553480820417,6.009999588414564
iTransformer__Weather__h720__s2021,iTransformer,Weather,720,9820,1440,8380,3000,0.5,360,False,False,-1.1817545077213678,-1.1817545077213678,-1.5912910384388232,6.009999588414564
iTransformer__Weather__h720__s2021,iTransformer,Weather,720,9820,1440,8380,3000,1.0,720,True,False,-0.5529740635900309,-0.5529740635900309,-0.9599655844593631,6.009999588414564
iTransformer__Weather__h720__s2021,iTransformer,Weather,720,9820,1440,8380,3000,2.0,1440,True,False,0.08207242943944049,0.08207242943944049,-0.322348719539575,6.009999588414564
iTransformer__Weather__h720__s2021,iTransformer,Weather,720,9820,1440,8380,1000000000,0.0,0,False,False,-0.03790284084924559,-0.03790284084924559,-0.4428095937417826,6.009999588414564
iTransformer__Weather__h720__s2021,iTransformer,Weather,720,9820,1440,8380,1000000000,0.125,90,False,False,-0.7004016641733193,-0.7004016641733193,-1.107989903179915,6.009999588414564
iTransformer__Weather__h720__s2021,iTransformer,Weather,720,9820,1440,8380,1000000000,0.25,180,False,False,-0.6948308780446241,-0.6948308780446241,-1.1023965691083062,6.009999588414564
iTransformer__Weather__h720__s2021,iTransformer,Weather,720,9820,1440,8380,1000000000,0.5,360,False,False,-0.7610898860079787,-0.7610898860079787,-1.1689237626193627,6.009999588414564
iTransformer__Weather__h720__s2021,iTransformer,Weather,720,9820,1440,8380,1000000000,1.0,720,True,False,-0.8385699090404396,-0.8385699090404396,-1.246717388632786,6.009999588414564
iTransformer__Weather__h720__s2021,iTransformer,Weather,720,9820,1440,8380,1000000000,2.0,1440,True,False,-0.5269303386393474,-0.5269303386393474,-0.933816446662113,6.009999588414564
