block,method,quarter,seg_mse,seg_mse_control,rel_gain_pct
ETTh1|96|DLinear,fredf,1,0.3241287452893496,0.32857260474293587,1.3524741227476953
ETTh1|96|DLinear,none,1,0.32857260474293587,0.32857260474293587,0.0
ETTh1|96|DLinear,revin,1,0.3302695360036907,0.32857260474293587,-0.516455491498581
ETTh1|96|DLinear,san_lite,1,0.3406032417529164,0.32857260474293587,-3.661485113584832
ETTh1|96|PatchTST,fredf,1,0.3333122211611694,0.3112131676851957,-7.1009378042537525
ETTh1|96|PatchTST,none,1,0.3112131676851957,0.3112131676851957,0.0
ETTh1|96|PatchTST,revin,1,0.3116907862685076,0.3112131676851957,-0.15346991480612468
ETTh1|96|PatchTST,san_lite,1,0.32791975176337984,0.3112131676851957,-5.368212470715093
ETTh1|96|TimesNet,fredf,1,0.32736706341389116,0.3295611235389155,0.6657521073674945
ETTh1|96|TimesNet,none,1,0.3295611235389155,0.3295611235389155,0.0
ETTh1|96|TimesNet,revin,1,0.3279040852136578,0.3295611235389155,0.5028015159870597
ETTh1|96|TimesNet,san_lite,1,0.3488225725714384,0.3295611235389155,-5.844575605790005
ETTh1|96|iTransformer,fredf,1,0.30674043136498164,0.31855546665035783,3.7089413060816248
ETTh1|96|iTransformer,none,1,0.31855546665035783,0.31855546665035783,0.0
ETTh1|96|iTransformer,revin,1,0.3146265355662795,0.31855546665035783,1.2333585498913022
ETTh1|96|iTransformer,san_lite,1,0.3291082908082785,0.31855546665035783,-3.312711682170983
ETTh1|192|DLinear,fredf,1,0.35219551091664014,0.35483271372984054,0.7432242606605579
ETTh1|192|DLinear,none,1,0.35483271372984054,0.35483271372984054,0.0
ETTh1|192|DLinear,revin,1,0.35519340503598446,0.35483271372984054,-0.10165108576165051
ETTh1|192|DLinear,san_lite,1,0.3659882850318792,0.35483271372984054,-3.1438959460012414
ETTh1|192|PatchTST,fredf,1,0.37560868287229865,0.34060842303061695,-10.275805727369098
ETTh1|192|PatchTST,none,1,0.34060842303061695,0.34060842303061695,0.0
ETTh1|192|PatchTST,san_lite,1,0.354310710530281,0.34060842303061695,-4.02288568724925
ETTh1|192|TimesNet,fredf,1,0.3655848316969526,0.39648001219344803,7.792367722542654
ETTh1|192|TimesNet,none,1,0.39648001219344803,0.39648001219344803,0.0
ETTh1|192|TimesNet,san_lite,1,0.39704428224179605,0.39648001219344803,-0.14231992307161012
ETTh1|192|iTransformer,fredf,1,0.33685693801951694,0.34854553242132874,3.3535344207718603
ETTh1|192|iTransformer,none,1,0.34854553242132874,0.34854553242132874,0.0
ETTh1|192|iTransformer,san_lite,1,0.3615606667864699,0.34854553242132874,-3.7341274394555217
ETTh1|336|DLinear,fredf,1,0.3876028833833726,0.3856202923965679,-0.5141303572182928
ETTh1|336|DLinear,none,1,0.3856202923965679,0.3856202923965679,0.0
ETTh1|336|DLinear,revin,1,0.3869255352743797,0.3856202923965679,-0.3384787843243098
ETTh1|336|DLinear,san_lite,1,0.39811994536008855,0.3856202923965679,-3.241440663259005
ETTh1|336|PatchTST,fredf,1,0.42053639738926657,0.37539257409124166,-12.025763537627252
ETTh1|336|PatchTST,none,1,0.37539257409124166,0.37539257409124166,0.0
ETTh1|336|PatchTST,san_lite,1,0.3852012465572638,0.37539257409124166,-2.612910628231571
ETTh1|336|TimesNet,fredf,1,0.3965017030788755,0.4114953846775089,3.6437058973052707
ETTh1|336|TimesNet,none,1,0.4114953846775089,0.4114953846775089,0.0
ETTh1|336|TimesNet,san_lite,1,0.42013198192530776,0.4114953846775089,-2.0988321058734125
ETTh1|336|iTransformer,fredf,1,0.3691172049857456,0.3865492898396337,4.50966676490859
ETTh1|336|iTransformer,none,1,0.3865492898396337,0.3865492898396337,0.0
ETTh1|336|iTransformer,san_lite,1,0.3891363896743634,0.3865492898396337,-0.6692807108255229
ETTh1|720|DLinear,fredf,1,0.4317367528336689,0.4271969397722069,-1.0626979359643256
ETTh1|720|DLinear,none,1,0.4271969397722069,0.4271969397722069,0.0
ETTh1|720|DLinear,revin,1,0.42462155335767243,0.4271969397722069,0.6028569436634404
ETTh1|720|DLinear,san_lite,1,0.43427793797090053,0.4271969397722069,-1.6575489053056898
ETTh1|720|PatchTST,fredf,1,0.47825244114186455,0.41029800316955817,-16.562215133234222
ETTh1|720|PatchTST,none,1,0.41029800316955817,0.41029800316955817,0.0
ETTh1|720|PatchTST,revin,1,0.4087845853387192,0.41029800316955817,0.3688582004172077
ETTh1|720|PatchTST,san_lite,1,0.41320449871649606,0.41029800316955817,-0.7083864714147209
ETTh1|720|TimesNet,fredf,1,0.4545103261103671,0.46574209268929806,2.4115850285457827
ETTh1|720|TimesNet,none,1,0.46574209268929806,0.46574209268929806,0.0
ETTh1|720|TimesNet,revin,1,0.4643739860201765,0.46574209268929806,0.2937476965463483
ETTh1|720|TimesNet,san_lite,1,0.4798127286772962,0.46574209268929806,-3.0211218201797383
ETTh1|720|iTransformer,fredf,1,0.41337059485897987,0.42800688943979454,3.4196399501820354
ETTh1|720|iTransformer,none,1,0.42800688943979454,0.42800688943979454,0.0
ETTh1|720|iTransformer,revin,1,0.4328736442386647,0.42800688943979454,-1.137073939449927
ETTh1|720|iTransformer,san_lite,1,0.4287987083251585,0.42800688943979454,-0.18500143453306012
ETTh2|96|DLinear,fredf,1,0.1986757859644359,0.19853610125206858,-0.07035733626600438
ETTh2|96|DLinear,none,1,0.19853610125206858,0.19853610125206858,0.0
ETTh2|96|DLinear,revin,1,0.18435596622711783,0.19853610125206858,7.142345868345192
ETTh2|96|DLinear,san_lite,1,0.2051980523834187,0.19853610125206858,-3.3555363932990057
ETTh2|96|PatchTST,fredf,1,0.18493405617349948,0.1814200155777397,-1.9369641131212343
ETTh2|96|PatchTST,none,1,0.1814200155777397,0.1814200155777397,0.0
ETTh2|96|PatchTST,san_lite,1,0.19973616280395867,0.1814200155777397,-10.095990328239374
ETTh2|96|TimesNet,fredf,1,0.20672408955659563,0.2218043802919294,6.798914753390231
ETTh2|96|TimesNet,none,1,0.2218043802919294,0.2218043802919294,0.0
ETTh2|96|TimesNet,san_lite,1,0.2251239383546464,0.2218043802919294,-1.496615196845048
ETTh2|96|iTransformer,fredf,1,0.18147482845622465,0.19353388877690256,6.230981249273129
ETTh2|96|iTransformer,none,1,0.19353388877690256,0.19353388877690256,0.0
ETTh2|96|iTransformer,san_lite,1,0.21044277585423962,0.19353388877690256,-8.736912787831642
ETTh2|192|DLinear,fredf,1,0.25935370752843623,0.2591857478673803,-0.06480281513853486
ETTh2|192|DLinear,none,1,0.2591857478673803,0.2591857478673803,0.0
ETTh2|192|DLinear,revin,1,0.23258379860841027,0.2591857478673803,10.263662056210615
ETTh2|192|DLinear,san_lite,1,0.24548918298696457,0.2591857478673803,5.284459115947984
ETTh2|192|PatchTST,fredf,1,0.2381760374155383,0.2320146903211108,-2.6555849053782477
ETTh2|192|PatchTST,none,1,0.2320146903211108,0.2320146903211108,0.0
ETTh2|192|PatchTST,san_lite,1,0.23946286948806872,0.2320146903211108,-3.210218782547588
ETTh2|192|TimesNet,fredf,1,0.26592119043172097,0.26955037309475965,1.346383839640563
ETTh2|192|TimesNet,none,1,0.26955037309475965,0.26955037309475965,0.0
ETTh2|192|TimesNet,san_lite,1,0.2841817867081915,0.26955037309475965,-5.42808138065096
ETTh2|192|iTransformer,fredf,1,0.23503734284775743,0.25545771109831333,7.993639402295079
ETTh2|192|iTransformer,none,1,0.25545771109831333,0.25545771109831333,0.0
ETTh2|192|iTransformer,san_lite,1,0.25192837159302667,0.25545771109831333,1.3815748564068178
ETTh2|336|DLinear,fredf,1,0.31333312765549487,0.32383180305350656,3.2420149284340063
ETTh2|336|DLinear,none,1,0.32383180305350656,0.32383180305350656,0.0
ETTh2|336|DLinear,revin,1,0.2646406174657205,0.32383180305350656,18.278373226364657
ETTh2|336|DLinear,san_lite,1,0.27068926152484557,0.32383180305350656,16.410538133550855
ETTh2|336|PatchTST,fredf,1,0.2691981216956536,0.2588867492176233,-3.9829664937244282
ETTh2|336|PatchTST,none,1,0.2588867492176233,0.2588867492176233,0.0
ETTh2|336|PatchTST,san_lite,1,0.2640645821966778,0.2588867492176233,-2.0000378523436706
ETTh2|336|TimesNet,fredf,1,0.3029744240613195,0.3360476179783664,9.841817691198758
ETTh2|336|TimesNet,none,1,0.3360476179783664,0.3360476179783664,0.0
ETTh2|336|TimesNet,san_lite,1,0.29290618323085504,0.3360476179783664,12.837893334000261
ETTh2|336|iTransformer,fredf,1,0.26258072833640506,0.2899069519258881,9.425860058874594
ETTh2|336|iTransformer,none,1,0.2899069519258881,0.2899069519258881,0.0
ETTh2|336|iTransformer,san_lite,1,0.27898795154420153,0.2899069519258881,3.766381009199779
ETTh2|720|DLinear,fredf,1,0.41140981038888963,0.4122180620077984,0.19607380010764897
ETTh2|720|DLinear,none,1,0.4122180620077984,0.4122180620077984,0.0
ETTh2|720|DLinear,revin,1,0.3037957209186587,0.4122180620077984,26.302181074027896
ETTh2|720|DLinear,san_lite,1,0.3072264898844567,0.4122180620077984,25.469910661351726
ETTh2|720|PatchTST,fredf,1,0.31517212987753135,0.29984236187039626,-5.1126091428539455
ETTh2|720|PatchTST,none,1,0.29984236187039626,0.29984236187039626,0.0
ETTh2|720|PatchTST,san_lite,1,0.30020139140468244,0.29984236187039626,-0.11973942976121846
ETTh2|720|TimesNet,fredf,1,0.35191522851509394,0.36897737612526216,4.624171755282872
ETTh2|720|TimesNet,none,1,0.36897737612526216,0.36897737612526216,0.0
ETTh2|720|TimesNet,san_lite,1,0.34635496062118803,0.36897737612526216,6.131111815482735
ETTh2|720|iTransformer,fredf,1,0.30467611448957127,0.3310958442450427,7.979480931182657
ETTh2|720|iTransformer,none,1,0.3310958442450427,0.3310958442450427,0.0
ETTh2|720|iTransformer,san_lite,1,0.35419931349994566,0.3310958442450427,-6.977879564626669
ETTm1|96|DLinear,fredf,1,0.2574580302918434,0.2543364512886705,-1.2273423598373308
ETTm1|96|DLinear,none,1,0.2543364512886705,0.2543364512886705,0.0
ETTm1|96|DLinear,revin,1,0.2570677473089697,0.2543364512886705,-1.0738909057118182
ETTm1|96|DLinear,san_lite,1,0.3545017513722093,0.2543364512886705,-39.382990356286655
ETTm1|96|PatchTST,fredf,1,0.2985703443363037,0.2308389086169118,-29.34142953855125
ETTm1|96|PatchTST,none,1,0.2308389086169118,0.2308389086169118,0.0
ETTm1|96|PatchTST,san_lite,1,0.2982746017123462,0.2308389086169118,-29.213313084644305
ETTm1|96|TimesNet,fredf,1,0.2682866016827928,0.2651333068901081,-1.1893242798014962
ETTm1|96|TimesNet,none,1,0.2651333068901081,0.2651333068901081,0.0
ETTm1|96|TimesNet,san_lite,1,0.2875459095649362,0.2651333068901081,-8.453333508987468
ETTm1|96|iTransformer,fredf,1,0.2229741458915087,0.2256862308051843,1.2017059720478451
ETTm1|96|iTransformer,none,1,0.2256862308051843,0.2256862308051843,0.0
ETTm1|96|iTransformer,san_lite,1,0.2722655636372124,0.2256862308051843,-20.638978579174402
ETTm1|192|DLinear,fredf,1,0.3219264817786169,0.3215279211881454,-0.12395831410183361
ETTm1|192|DLinear,none,1,0.3215279211881454,0.3215279211881454,0.0
ETTm1|192|DLinear,revin,1,0.3282110998815183,0.3215279211881454,-2.0785686881178185
ETTm1|192|DLinear,san_lite,1,0.4223851994755878,0.3215279211881454,-31.368124396395647
ETTm1|192|PatchTST,fredf,1,0.3987232128207063,0.3003321656061336,-32.76074243196654
ETTm1|192|PatchTST,none,1,0.3003321656061336,0.3003321656061336,0.0
ETTm1|192|PatchTST,san_lite,1,0.3651352505302943,0.3003321656061336,-21.577137697979957
ETTm1|192|TimesNet,fredf,1,0.3214365854696644,0.3288889928865301,2.2659339710517026
ETTm1|192|TimesNet,none,1,0.3288889928865301,0.3288889928865301,0.0
ETTm1|192|TimesNet,san_lite,1,0.3425603804573161,0.3288889928865301,-4.156839501011446
ETTm1|192|iTransformer,fredf,1,0.2977549500098972,0.3103303464400926,4.052261267533821
ETTm1|192|iTransformer,none,1,0.3103303464400926,0.3103303464400926,0.0
ETTm1|192|iTransformer,san_lite,1,0.3471503236768736,0.3103303464400926,-11.864768514956967
ETTm1|336|DLinear,fredf,1,0.3460534080083364,0.3484546275382777,0.6891053641345455
ETTm1|336|DLinear,none,1,0.3484546275382777,0.3484546275382777,0.0
ETTm1|336|DLinear,revin,1,0.3533227151340502,0.3484546275382777,-1.3970506376006582
ETTm1|336|DLinear,san_lite,1,0.4312252562053206,0.3484546275382777,-23.753631642601885
ETTm1|336|PatchTST,fredf,1,0.4251271813616957,0.3284381639556499,-29.439032371129088
ETTm1|336|PatchTST,none,1,0.3284381639556499,0.3284381639556499,0.0
ETTm1|336|PatchTST,san_lite,1,0.3850846761568915,0.3284381639556499,-17.247238115997625
ETTm1|336|TimesNet,fredf,1,0.3353181825510199,0.3533613027857001,5.106139266648176
ETTm1|336|TimesNet,none,1,0.3533613027857001,0.3533613027857001,0.0
ETTm1|336|TimesNet,san_lite,1,0.3620490619341402,0.3533613027857001,-2.458605138692535
ETTm1|336|iTransformer,fredf,1,0.3292323713287071,0.3374796726746337,2.4437920306619123
ETTm1|336|iTransformer,none,1,0.3374796726746337,0.3374796726746337,0.0
ETTm1|336|iTransformer,san_lite,1,0.360720340900482,0.3374796726746337,-6.886538688881207
ETTm1|720|DLinear,fredf,1,0.3761065699123627,0.3714814207117409,-1.2450553224869831
ETTm1|720|DLinear,none,1,0.3714814207117409,0.3714814207117409,0.0
ETTm1|720|DLinear,revin,1,0.3794609411368141,0.3714814207117409,-2.14802678685379
ETTm1|720|DLinear,san_lite,1,0.4568474540541648,0.3714814207117409,-22.97989309367522
ETTm1|720|PatchTST,fredf,1,0.4973695029701646,0.3580528197627264,-38.90953387820272
ETTm1|720|PatchTST,none,1,0.3580528197627264,0.3580528197627264,0.0
ETTm1|720|PatchTST,san_lite,1,0.4139990316526385,0.3580528197627264,-15.62512813807371
ETTm1|720|TimesNet,fredf,1,0.3903171955813436,0.3891199595177372,-0.3076778855266649
ETTm1|720|TimesNet,none,1,0.3891199595177372,0.3891199595177372,0.0
ETTm1|720|TimesNet,san_lite,1,0.3840488521748529,0.3891199595177372,1.3032246788803288
ETTm1|720|iTransformer,fredf,1,0.3652609318292453,0.3866785090391634,5.538858951105788
ETTm1|720|iTransformer,none,1,0.3866785090391634,0.3866785090391634,0.0
ETTm1|720|iTransformer,san_lite,1,0.3934737275291007,0.3866785090391634,-1.757330270777752
ETTm2|96|DLinear,fredf,1,0.1136418501875158,0.1112730314427511,-2.128834555912533
ETTm2|96|DLinear,none,1,0.1112730314427511,0.1112730314427511,0.0
ETTm2|96|DLinear,revin,1,0.109085412872434,0.1112730314427511,1.9659917070225557
ETTm2|96|DLinear,san_lite,1,0.1197697196923572,0.1112730314427511,-7.635891769496336
ETTm2|96|PatchTST,fredf,1,0.1177133805825382,0.1043783089306372,-12.775711532903452
ETTm2|96|PatchTST,none,1,0.1043783089306372,0.1043783089306372,0.0
ETTm2|96|PatchTST,san_lite,1,0.1150998583364472,0.1043783089306372,-10.27181750274842
ETTm2|96|TimesNet,fredf,1,0.1077900349141266,0.1126740959850956,4.334679615814323
ETTm2|96|TimesNet,none,1,0.1126740959850956,0.1126740959850956,0.0
ETTm2|96|TimesNet,san_lite,1,0.1211132954945831,0.1126740959850956,-7.48991987528689
ETTm2|96|iTransformer,fredf,1,0.107086864203785,0.1108993452783633,3.4377850157805376
ETTm2|96|iTransformer,none,1,0.1108993452783633,0.1108993452783633,0.0
ETTm2|96|iTransformer,san_lite,1,0.121088725091734,0.1108993452783633,-9.187953082856183
ETTm2|192|DLinear,fredf,1,0.1554939632103102,0.1572282172125725,1.1030170239210824
ETTm2|192|DLinear,none,1,0.1572282172125725,0.1572282172125725,0.0
ETTm2|192|DLinear,revin,1,0.144565178865856,0.1572282172125725,8.053922235597241
ETTm2|192|DLinear,san_lite,1,0.1526554245098443,0.1572282172125725,2.9083791597953357
ETTm2|192|PatchTST,fredf,1,0.1571182311589642,0.1402620293763904,-12.017651432477503
ETTm2|192|PatchTST,none,1,0.1402620293763904,0.1402620293763904,0.0
ETTm2|192|PatchTST,san_lite,1,0.1492416445049592,0.1402620293763904,-6.402028523679898
ETTm2|192|TimesNet,fredf,1,0.1469458067602197,0.1530667559568914,3.99887562678571
ETTm2|192|TimesNet,none,1,0.1530667559568914,0.1530667559568914,0.0
ETTm2|192|TimesNet,san_lite,1,0.1632381689149416,0.1530667559568914,-6.645082986481281
ETTm2|192|iTransformer,fredf,1,0.1375617454999918,0.1494653604873232,7.96412958060673
ETTm2|192|iTransformer,none,1,0.1494653604873232,0.1494653604873232,0.0
ETTm2|192|iTransformer,san_lite,1,0.1541893262078367,0.1494653604873232,-3.1605756043482507
ETTm2|336|DLinear,fredf,1,0.1936415441069452,0.2003469984619739,3.3469202965381104
ETTm2|336|DLinear,none,1,0.2003469984619739,0.2003469984619739,0.0
ETTm2|336|DLinear,revin,1,0.1771829047342356,0.2003469984619739,11.561986905501298
ETTm2|336|DLinear,san_lite,1,0.1846561444022696,0.2003469984619739,7.831838849675826
ETTm2|336|PatchTST,fredf,1,0.1919297710121998,0.1739878781013933,-10.312151114545273
ETTm2|336|PatchTST,none,1,0.1739878781013933,0.1739878781013933,0.0
ETTm2|336|PatchTST,san_lite,1,0.183015769389479,0.1739878781013933,-5.188804752722258
ETTm2|336|TimesNet,fredf,1,0.1749368209201658,0.1824616715535631,4.12407195951196
ETTm2|336|TimesNet,none,1,0.1824616715535631,0.1824616715535631,0.0
ETTm2|336|TimesNet,san_lite,1,0.1867125186237918,0.1824616715535631,-2.3297205566708925
ETTm2|336|iTransformer,fredf,1,0.1781339124771962,0.1833547098633078,2.8473756632724228
ETTm2|336|iTransformer,none,1,0.1833547098633078,0.1833547098633078,0.0
ETTm2|336|iTransformer,san_lite,1,0.192545932929433,0.1833547098633078,-5.012809909806699
ETTm2|720|DLinear,fredf,1,0.2707630816958686,0.2852133561184762,5.066478870156778
ETTm2|720|DLinear,none,1,0.2852133561184762,0.2852133561184762,0.0
ETTm2|720|DLinear,revin,1,0.2464074597282449,0.2852133561184762,13.60591836173041
ETTm2|720|DLinear,san_lite,1,0.2519339610068407,0.2852133561184762,11.668245682650088
ETTm2|720|PatchTST,fredf,1,0.2611649495751674,0.2445710508979119,-6.784898955265999
ETTm2|720|PatchTST,none,1,0.2445710508979119,0.2445710508979119,0.0
ETTm2|720|PatchTST,san_lite,1,0.2502574157079464,0.2445710508979119,-2.325035930932028
ETTm2|720|TimesNet,fredf,1,0.2553961956250294,0.2715162739960237,5.937057891134124
ETTm2|720|TimesNet,none,1,0.2715162739960237,0.2715162739960237,0.0
ETTm2|720|TimesNet,san_lite,1,0.2605564476404924,0.2715162739960237,4.036526501425024
ETTm2|720|iTransformer,fredf,1,0.2489422067452945,0.2534968712726307,1.796734020609575
ETTm2|720|iTransformer,none,1,0.2534968712726307,0.2534968712726307,0.0
ETTm2|720|iTransformer,san_lite,1,0.2555835300331631,0.2534968712726307,-0.8231497099182022
Electricity|96|DLinear,fredf,1,0.1656806732931731,0.1683653601002899,1.5945600719278756
Electricity|96|DLinear,none,1,0.1683653601002899,0.1683653601002899,0.0
Electricity|96|DLinear,revin,1,0.1698558858432321,0.1683653601002899,-0.8852924034102628
Electricity|96|DLinear,san_lite,1,0.1896405408432408,0.1683653601002899,-12.636317072750563
Electricity|96|PatchTST,fredf,1,0.222986121971647,0.1598214158959314,-39.52205386344821
Electricity|96|PatchTST,none,1,0.1598214158959314,0.1598214158959314,0.0
Electricity|96|PatchTST,san_lite,1,0.1836862704155752,0.1598214158959314,-14.932200660256647
Electricity|96|TimesNet,fredf,1,0.1624145950960219,0.1584430799164351,-2.5065879694344657
Electricity|96|TimesNet,none,1,0.1584430799164351,0.1584430799164351,0.0
Electricity|96|TimesNet,san_lite,1,0.1590695483866936,0.1584430799164351,-0.3953902376733003
Electricity|96|iTransformer,fredf,1,0.1263694769434184,0.1220695227570161,-3.522545258869835
Electricity|96|iTransformer,none,1,0.1220695227570161,0.1220695227570161,0.0
Electricity|96|iTransformer,san_lite,1,0.1392057554294254,0.1220695227570161,-14.038092625724113
Electricity|192|DLinear,fredf,1,0.1881294671451708,0.1909060447976408,1.4544210244432958
Electricity|192|DLinear,none,1,0.1909060447976408,0.1909060447976408,0.0
Electricity|192|DLinear,revin,1,0.1934330412628132,0.1909060447976408,-1.3236859355873076
Electricity|192|DLinear,san_lite,1,0.2104822547800774,0.1909060447976408,-10.254368845778165
Electricity|192|PatchTST,fredf,1,0.3023535624462812,0.1839628875141331,-64.355738557894
Electricity|192|PatchTST,none,1,0.1839628875141331,0.1839628875141331,0.0
Electricity|192|PatchTST,san_lite,1,0.2055254361288534,0.1839628875141331,-11.721140555082751
Electricity|192|TimesNet,fredf,1,0.2284402826098566,0.1631597750024981,-40.01017260924699
Electricity|192|TimesNet,none,1,0.1631597750024981,0.1631597750024981,0.0
Electricity|192|TimesNet,san_lite,1,0.1713891193006214,0.1631597750024981,-5.043733541552939
Electricity|192|iTransformer,fredf,1,0.1500791037125606,0.1415296681766627,-6.040737356372639
Electricity|192|iTransformer,none,1,0.1415296681766627,0.1415296681766627,0.0
Electricity|192|iTransformer,san_lite,1,0.1569664585830608,0.1415296681766627,-10.90710563041051
Electricity|336|DLinear,fredf,1,0.1893958479716373,0.1913596222037191,1.0262218379545032
Electricity|336|DLinear,none,1,0.1913596222037191,0.1913596222037191,0.0
Electricity|336|DLinear,revin,1,0.1942106617402265,0.1913596222037191,-1.4898856423703701
Electricity|336|DLinear,san_lite,1,0.2147668215997956,0.1913596222037191,-12.232047245137993
Electricity|336|PatchTST,fredf,1,0.393029252116152,0.1863654693116351,-110.89167084860527
Electricity|336|PatchTST,none,1,0.1863654693116351,0.1863654693116351,0.0
Electricity|336|PatchTST,san_lite,1,0.2078693176040048,0.1863654693116351,-11.538536817897066
Electricity|336|TimesNet,fredf,1,0.2373422976901834,0.1735029747479441,-36.79436795535158
Electricity|336|TimesNet,none,1,0.1735029747479441,0.1735029747479441,0.0
Electricity|336|TimesNet,san_lite,1,0.238176091388007,0.1735029747479441,-37.27493245232052
Electricity|336|iTransformer,fredf,1,0.160372958538111,0.1510628824072276,-6.163046793841645
Electricity|336|iTransformer,none,1,0.1510628824072276,0.1510628824072276,0.0
Electricity|336|iTransformer,san_lite,1,0.1680519593719553,0.1510628824072276,-11.246360915403045
Electricity|720|DLinear,fredf,1,0.1850532466036487,0.1863936943253727,0.7191486421123748
Electricity|720|DLinear,none,1,0.1863936943253727,0.1863936943253727,0.0
Electricity|720|DLinear,revin,1,0.190059969211694,0.1863936943253727,-1.9669522081156705
Electricity|720|DLinear,san_lite,1,0.2067838975569973,0.1863936943253727,-10.939320294833067
Electricity|720|PatchTST,fredf,1,0.4970702578063509,0.1847896310142125,-168.99250519533769
Electricity|720|PatchTST,none,1,0.1847896310142125,0.1847896310142125,0.0
Electricity|720|PatchTST,san_lite,1,0.2010069241266231,0.1847896310142125,-8.77608393036041
Electricity|720|TimesNet,fredf,1,0.2384209645761019,0.2391389469083178,0.3002364698424314
Electricity|720|TimesNet,none,1,0.2391389469083178,0.2391389469083178,0.0
Electricity|720|TimesNet,san_lite,1,0.2386755087974477,0.2391389469083178,0.19379449347821054
Electricity|720|iTransformer,fredf,1,0.1713066281858249,0.163383680074579,-4.8492897868559055
Electricity|720|iTransformer,none,1,0.163383680074579,0.163383680074579,0.0
Electricity|720|iTransformer,san_lite,1,0.1762112830363947,0.163383680074579,-7.851214366061725
Exchange|96|DLinear,fredf,1,0.0453357779582318,0.0358892870170899,-26.321199796038403
Exchange|96|DLinear,none,1,0.0358892870170899,0.0358892870170899,0.0
Exchange|96|DLinear,revin,1,0.02943751057941743,0.0358892870170899,17.97688662524902
Exchange|96|DLinear,san_lite,1,0.03983755115057073,0.0358892870170899,-11.001233130100163
Exchange|96|PatchTST,fredf,1,0.03962235252275693,0.024483755396784934,-61.83118921356283
Exchange|96|PatchTST,none,1,0.024483755396784934,0.024483755396784934,0.0
Exchange|96|PatchTST,san_lite,1,0.028456465601597935,0.024483755396784934,-16.225902196910013
Exchange|96|TimesNet,fredf,1,0.04527595174950177,0.04883892804743426,7.295361385638917
Exchange|96|TimesNet,none,1,0.04883892804743426,0.04883892804743426,0.0
Exchange|96|TimesNet,san_lite,1,0.0439328714471079,0.04883892804743426,10.045381412879111
Exchange|96|iTransformer,fredf,1,0.029282426089899737,0.028898574620394135,-1.3282712886285841
Exchange|96|iTransformer,none,1,0.028898574620394135,0.028898574620394135,0.0
Exchange|96|iTransformer,san_lite,1,0.0345816190118311,0.028898574620394135,-19.665483388327253
Exchange|192|DLinear,fredf,1,0.0721683165153545,0.055305855551647735,-30.489467698333765
Exchange|192|DLinear,none,1,0.055305855551647735,0.055305855551647735,0.0
Exchange|192|DLinear,revin,1,0.04899007702906203,0.055305855551647735,11.419728452962225
Exchange|192|DLinear,san_lite,1,0.06154479633268197,0.055305855551647735,-11.280796072683406
Exchange|192|PatchTST,fredf,1,0.07157321603138707,0.045839258964586765,-56.13955733159024
Exchange|192|PatchTST,none,1,0.045839258964586765,0.045839258964586765,0.0
Exchange|192|PatchTST,san_lite,1,0.04734676574616407,0.045839258964586765,-3.2886805232648495
Exchange|192|TimesNet,fredf,1,0.06990949687169797,0.0807920041993055,13.469782604676473
Exchange|192|TimesNet,none,1,0.0807920041993055,0.0807920041993055,0.0
Exchange|192|TimesNet,san_lite,1,0.0691530857322909,0.0807920041993055,14.406027653804204
Exchange|192|iTransformer,fredf,1,0.05077507488767607,0.05141553467484373,1.2456542389726826
Exchange|192|iTransformer,none,1,0.05141553467484373,0.05141553467484373,0.0
Exchange|192|iTransformer,san_lite,1,0.056580623490144304,0.05141553467484373,-10.045774779869628
Exchange|336|DLinear,fredf,1,0.11150212159238086,0.0878144344819952,-26.974707803012045
Exchange|336|DLinear,none,1,0.0878144344819952,0.0878144344819952,0.0
Exchange|336|DLinear,revin,1,0.07960814682940033,0.0878144344819952,9.34503273977973
Exchange|336|DLinear,san_lite,1,0.09556043084771963,0.0878144344819952,-8.820869155984381
Exchange|336|PatchTST,fredf,1,0.11341820598041623,0.07399183251034723,-53.28476418604108
Exchange|336|PatchTST,none,1,0.07399183251034723,0.07399183251034723,0.0
Exchange|336|PatchTST,san_lite,1,0.079389027391912,0.07399183251034723,-7.294311680698021
Exchange|336|TimesNet,fredf,1,0.10755438049261896,0.12838296494903556,16.223791423328603
Exchange|336|TimesNet,none,1,0.12838296494903556,0.12838296494903556,0.0
Exchange|336|TimesNet,san_lite,1,0.11286407317552498,0.12838296494903556,12.087968041298272
Exchange|336|iTransformer,fredf,1,0.08436310484475994,0.08446751117500784,0.12360531143338749
Exchange|336|iTransformer,none,1,0.08446751117500784,0.08446751117500784,0.0
Exchange|336|iTransformer,san_lite,1,0.09368659827196953,0.08446751117500784,-10.914358631759265
Exchange|720|DLinear,fredf,1,0.2552915683436845,0.19418093604272113,-31.470974209084364
Exchange|720|DLinear,none,1,0.19418093604272113,0.19418093604272113,0.0
Exchange|720|DLinear,revin,1,0.21025277191566785,0.19418093604272113,-8.27673210382033
Exchange|720|DLinear,san_lite,1,0.2134490957655338,0.19418093604272113,-9.922786508029578
Exchange|720|PatchTST,fredf,1,0.24472319012422897,0.1791771968702596,-36.581660165958816
Exchange|720|PatchTST,none,1,0.1791771968702596,0.1791771968702596,0.0
Exchange|720|PatchTST,san_lite,1,0.18895429666707794,0.1791771968702596,-5.456665227270992
Exchange|720|TimesNet,fredf,1,0.307570752245147,0.32181352608989594,4.425784713837765
Exchange|720|TimesNet,none,1,0.32181352608989594,0.32181352608989594,0.0
Exchange|720|TimesNet,san_lite,1,0.27647146770690323,0.32181352608989594,14.089544008267316
Exchange|720|iTransformer,fredf,1,0.20227882492753757,0.1966790528531924,-2.8471624166936693
Exchange|720|iTransformer,none,1,0.1966790528531924,0.1966790528531924,0.0
Exchange|720|iTransformer,san_lite,1,0.2134625448135488,0.1966790528531924,-8.533441521545322
ILI|24|DLinear,fredf,1,4.6069948134079475,4.585968086677216,-0.45850137491834564
ILI|24|DLinear,none,1,4.585968086677216,4.585968086677216,0.0
ILI|24|DLinear,revin,1,4.67021804759705,4.585968086677216,-1.8371248845928594
ILI|24|DLinear,san_lite,1,4.2353566740518644,4.585968086677216,7.645308602210281
ILI|24|PatchTST,fredf,1,1.8013899523559627,1.671839146787713,-7.748999406860991
ILI|24|PatchTST,none,1,1.671839146787713,1.671839146787713,0.0
ILI|24|PatchTST,san_lite,1,2.0304185160290515,1.671839146787713,-21.448197928031313
ILI|24|TimesNet,fredf,1,2.248730876577112,2.2444497358676547,-0.19074344330558965
ILI|24|TimesNet,none,1,2.2444497358676547,2.2444497358676547,0.0
ILI|24|TimesNet,san_lite,1,2.758673268450853,2.2444497358676547,-22.910895457608046
ILI|24|iTransformer,fredf,1,1.291146978811056,1.2214701528753997,-5.7043412621776755
ILI|24|iTransformer,none,1,1.2214701528753997,1.2214701528753997,0.0
ILI|24|iTransformer,san_lite,1,1.283562231375501,1.2214701528753997,-5.0833889271820185
ILI|36|DLinear,fredf,1,5.049902468019557,5.031081962214992,-0.37408465904378224
ILI|36|DLinear,none,1,5.031081962214992,5.031081962214992,0.0
ILI|36|DLinear,revin,1,5.029288930332786,5.031081962214992,0.035639091067720806
ILI|36|DLinear,san_lite,1,4.841736536305122,5.031081962214992,3.7635130441506055
ILI|36|PatchTST,fredf,1,2.4186799062982196,2.3060296699739045,-4.885029789126257
ILI|36|PatchTST,none,1,2.3060296699739045,2.3060296699739045,0.0
ILI|36|PatchTST,san_lite,1,2.631434358792634,2.3060296699739045,-14.111036516820347
ILI|36|TimesNet,fredf,1,2.5223705527308353,2.454110650733282,-2.781451683002048
ILI|36|TimesNet,none,1,2.454110650733282,2.454110650733282,0.0
ILI|36|TimesNet,san_lite,1,3.024338383259772,2.454110650733282,-23.235616224399156
ILI|36|iTransformer,fredf,1,1.7505117403224182,1.5513197510713999,-12.840163294088716
ILI|36|iTransformer,none,1,1.5513197510713999,1.5513197510713999,0.0
ILI|36|iTransformer,san_lite,1,1.6901019831350759,1.5513197510713999,-8.946075234833295
ILI|48|DLinear,fredf,1,5.231824750043849,5.189683811745972,-0.8120135990269327
ILI|48|DLinear,none,1,5.189683811745972,5.189683811745972,0.0
ILI|48|DLinear,revin,1,5.11519295082167,5.189683811745972,1.4353641498486862
ILI|48|DLinear,san_lite,1,5.182958604978929,5.189683811745972,0.12958798668661747
ILI|48|PatchTST,fredf,1,3.069097734581105,2.8278637969200964,-8.5306066693786
ILI|48|PatchTST,none,1,2.8278637969200964,2.8278637969200964,0.0
ILI|48|PatchTST,san_lite,1,3.1133275398043714,2.8278637969200964,-10.094677940117956
ILI|48|TimesNet,fredf,1,3.2347785711651333,2.921435874450412,-10.725640068128085
ILI|48|TimesNet,none,1,2.921435874450412,2.921435874450412,0.0
ILI|48|TimesNet,san_lite,1,3.5303346115911904,2.921435874450412,-20.842447457633355
ILI|48|iTransformer,fredf,1,2.202739846320172,1.8290529796470114,-20.430620153237896
ILI|48|iTransformer,none,1,1.8290529796470114,1.8290529796470114,0.0
ILI|48|iTransformer,san_lite,1,2.0644670243003005,1.8290529796470114,-12.870816060162543
ILI|60|DLinear,fredf,1,5.207301384248713,5.189261399996391,-0.3476406922251936
ILI|60|DLinear,none,1,5.189261399996391,5.189261399996391,0.0
ILI|60|DLinear,revin,1,5.020086517008638,5.189261399996391,3.2600956079774814
ILI|60|DLinear,san_lite,1,5.087417611576488,5.189261399996391,1.962587362046807
ILI|60|PatchTST,fredf,1,3.217490225554473,2.9144346078575807,-10.398436008130938
ILI|60|PatchTST,none,1,2.9144346078575807,2.9144346078575807,0.0
ILI|60|PatchTST,san_lite,1,3.334798461581485,2.9144346078575807,-14.42351297196943
ILI|60|TimesNet,fredf,1,3.47350207357942,3.086546991470724,-12.536827826629462
ILI|60|TimesNet,none,1,3.086546991470724,3.086546991470724,0.0
ILI|60|TimesNet,san_lite,1,3.7778706605500507,3.086546991470724,-22.39796351682676
ILI|60|iTransformer,fredf,1,2.3580277149893614,2.049214659751634,-15.069824616380398
ILI|60|iTransformer,none,1,2.049214659751634,2.049214659751634,0.0
ILI|60|iTransformer,san_lite,1,2.4551521639269245,2.049214659751634,-19.80941831757589
Weather|96|DLinear,fredf,1,0.119887812142827,0.12001916017125,0.10943921640143854
Weather|96|DLinear,none,1,0.12001916017125,0.12001916017125,0.0
Weather|96|DLinear,revin,1,0.1184210166383616,0.12001916017125,1.3315736675778072
Weather|96|DLinear,san_lite,1,0.1309209678703884,0.12001916017125,-9.08338942180823
Weather|96|PatchTST,fredf,1,0.1233241860748078,0.1099315137637191,-12.182741647562679
Weather|96|PatchTST,none,1,0.1099315137637191,0.1099315137637191,0.0
Weather|96|PatchTST,revin,1,0.1099113304058306,0.1099315137637191,0.018359938108257756
Weather|96|PatchTST,san_lite,1,0.1165302341478435,0.1099315137637191,-6.002573928261679
Weather|96|TimesNet,fredf,1,0.1115866335543915,0.1143975860582761,2.4571781632286003
Weather|96|TimesNet,none,1,0.1143975860582761,0.1143975860582761,0.0
Weather|96|TimesNet,revin,1,0.1141144688568394,0.1143975860582761,0.2474852933456789
Weather|96|TimesNet,san_lite,1,0.1151994449335645,0.1143975860582761,-0.7009403807523693
Weather|96|iTransformer,fredf,1,0.1068764735925766,0.1094391485247969,2.341643704985193
Weather|96|iTransformer,none,1,0.1094391485247969,0.1094391485247969,0.0
Weather|96|iTransformer,revin,1,0.1094185577657977,0.1094391485247969,0.018814801902933505
Weather|96|iTransformer,san_lite,1,0.1139779853624531,0.1094391485247969,-4.147361249459815
Weather|192|DLinear,fredf,1,0.1607211869440154,0.1648515612302179,2.5055111734333915
Weather|192|DLinear,none,1,0.1648515612302179,0.1648515612302179,0.0
Weather|192|DLinear,revin,1,0.1586117556236823,0.1648515612302179,3.7851055579762596
Weather|192|DLinear,san_lite,1,0.1676272834411451,0.1648515612302179,-1.6837706541649666
Weather|192|PatchTST,fredf,1,0.162083156517074,0.1471098686904628,-10.17830276099072
Weather|192|PatchTST,none,1,0.1471098686904628,0.1471098686904628,0.0
Weather|192|PatchTST,san_lite,1,0.1523029568259484,0.1471098686904628,-3.5300746181838427
Weather|192|TimesNet,fredf,1,0.1387566209977065,0.1476469767661632,6.021359843037531
Weather|192|TimesNet,none,1,0.1476469767661632,0.1476469767661632,0.0
Weather|192|TimesNet,san_lite,1,0.1465436681113198,0.1476469767661632,0.7472612572289719
Weather|192|iTransformer,fredf,1,0.1408730641485779,0.1440645958062331,2.2153476638686556
Weather|192|iTransformer,none,1,0.1440645958062331,0.1440645958062331,0.0
Weather|192|iTransformer,san_lite,1,0.1423266942694752,0.1440645958062331,1.2063349270735328
Weather|336|DLinear,fredf,1,0.1938092959952378,0.1927857531840937,-0.5309224329282869
Weather|336|DLinear,none,1,0.1927857531840937,0.1927857531840937,0.0
Weather|336|DLinear,revin,1,0.1913129250215503,0.1927857531840937,0.7639714751831033
Weather|336|DLinear,san_lite,1,0.1980032024306569,0.1927857531840937,-2.706345858234134
Weather|336|PatchTST,fredf,1,0.191599142250207,0.1820504009470527,-5.245108636663454
Weather|336|PatchTST,none,1,0.1820504009470527,0.1820504009470527,0.0
Weather|336|PatchTST,san_lite,1,0.182166275799903,0.1820504009470527,-0.0636498751156319
Weather|336|TimesNet,fredf,1,0.1727136291975852,0.1737689294793751,0.6073009052606042
Weather|336|TimesNet,none,1,0.1737689294793751,0.1737689294793751,0.0
Weather|336|TimesNet,san_lite,1,0.1735568706339048,0.1737689294793751,0.12203496108634854
Weather|336|iTransformer,fredf,1,0.1746247513119271,0.1755498547957271,0.5269747929307473
Weather|336|iTransformer,none,1,0.1755498547957271,0.1755498547957271,0.0
Weather|336|iTransformer,san_lite,1,0.1725312112100296,0.1755498547957271,1.7195363614570074
Weather|720|DLinear,fredf,1,0.2265474899800646,0.2242508428551409,-1.02414202581493
Weather|720|DLinear,none,1,0.2242508428551409,0.2242508428551409,0.0
Weather|720|DLinear,revin,1,0.2277417192562073,0.2242508428551409,-1.5566837371137001
Weather|720|DLinear,san_lite,1,0.2328586341375757,0.2242508428551409,-3.8384655205042715
Weather|720|PatchTST,fredf,1,0.2381654019776685,0.2226613285430025,-6.963074161156686
Weather|720|PatchTST,none,1,0.2226613285430025,0.2226613285430025,0.0
Weather|720|PatchTST,revin,1,0.2226641056758778,0.2226613285430025,-0.0012472452641308612
Weather|720|PatchTST,san_lite,1,0.2219017368043799,0.2226613285430025,0.3411421927610946
Weather|720|TimesNet,fredf,1,0.2144810297132202,0.2184939716645274,1.8366373775605154
Weather|720|TimesNet,none,1,0.2184939716645274,0.2184939716645274,0.0
Weather|720|TimesNet,revin,1,0.221811713737219,0.2184939716645274,-1.5184593183127406
Weather|720|TimesNet,san_lite,1,0.217058290510165,0.2184939716645274,0.6570804418195588
Weather|720|iTransformer,fredf,1,0.2224810913410393,0.2187491231889236,-1.7060494221467488
Weather|720|iTransformer,none,1,0.2187491231889236,0.2187491231889236,0.0
Weather|720|iTransformer,revin,1,0.2211190346241804,0.2187491231889236,-1.0833924272281636
Weather|720|iTransformer,san_lite,1,0.2195560405411187,0.2187491231889236,-0.36887798242657505
ETTh1|96|DLinear,fredf,2,0.38141814227118037,0.38719447210791724,1.4918420207008833
ETTh1|96|DLinear,none,2,0.38719447210791724,0.38719447210791724,0.0
ETTh1|96|DLinear,revin,2,0.39013819064793065,0.38719447210791724,-0.7602687414382677
ETTh1|96|DLinear,san_lite,2,0.40358396417592096,0.38719447210791724,-4.232883795777877
ETTh1|96|PatchTST,fredf,2,0.3921965085310031,0.3776510708685441,-3.8515547245785693
ETTh1|96|PatchTST,none,2,0.3776510708685441,0.3776510708685441,0.0
ETTh1|96|PatchTST,revin,2,0.3764413133609141,0.3776510708685441,0.3203373698498341
ETTh1|96|PatchTST,san_lite,2,0.38936174877836366,0.3776510708685441,-3.1009253814338855
ETTh1|96|TimesNet,fredf,2,0.38533082531543966,0.39032531148377686,1.2795701486412019
ETTh1|96|TimesNet,none,2,0.39032531148377686,0.39032531148377686,0.0
ETTh1|96|TimesNet,revin,2,0.3862137905088965,0.39032531148377686,1.0533575081900026
ETTh1|96|TimesNet,san_lite,2,0.4065977047591351,0.39032531148377686,-4.16893109327207
ETTh1|96|iTransformer,fredf,2,0.3752786142222097,0.3824250053454128,1.868703934971079
ETTh1|96|iTransformer,none,2,0.3824250053454128,0.3824250053454128,0.0
ETTh1|96|iTransformer,revin,2,0.3850600432229379,0.3824250053454128,-0.6890338865642699
ETTh1|96|iTransformer,san_lite,2,0.3992439588373167,0.3824250053454128,-4.397974310469778
ETTh1|192|DLinear,fredf,2,0.4323144868560654,0.43644690046050155,0.9468307828686603
ETTh1|192|DLinear,none,2,0.43644690046050155,0.43644690046050155,0.0
ETTh1|192|DLinear,revin,2,0.4385893639802254,0.43644690046050155,-0.49088755527036937
ETTh1|192|DLinear,san_lite,2,0.4528776150323905,0.43644690046050155,-3.7646537424260886
ETTh1|192|PatchTST,fredf,2,0.4521504686908298,0.42722613499892853,-5.833990865742281
ETTh1|192|PatchTST,none,2,0.42722613499892853,0.42722613499892853,0.0
ETTh1|192|PatchTST,san_lite,2,0.4383981866601118,0.42722613499892853,-2.6150206520514736
ETTh1|192|TimesNet,fredf,2,0.4351060490180612,0.4852704973789783,10.337419775540264
ETTh1|192|TimesNet,none,2,0.4852704973789783,0.4852704973789783,0.0
ETTh1|192|TimesNet,san_lite,2,0.5081353976763445,0.4852704973789783,-4.711784545086319
ETTh1|192|iTransformer,fredf,2,0.42197673608700653,0.43636049963122875,3.296302840513299
ETTh1|192|iTransformer,none,2,0.43636049963122875,0.43636049963122875,0.0
ETTh1|192|iTransformer,san_lite,2,0.45246782676905983,0.43636049963122875,-3.691289003345513
ETTh1|336|DLinear,fredf,2,0.48164938600507856,0.4828846765408175,0.2558148137124695
ETTh1|336|DLinear,none,2,0.4828846765408175,0.4828846765408175,0.0
ETTh1|336|DLinear,revin,2,0.48412690094575206,0.4828846765408175,-0.2572507402457491
ETTh1|336|DLinear,san_lite,2,0.49971965480217945,0.4828846765408175,-3.4863351601795745
ETTh1|336|PatchTST,fredf,2,0.5017440297901231,0.46913466885314103,-6.950959522283822
ETTh1|336|PatchTST,none,2,0.46913466885314103,0.46913466885314103,0.0
ETTh1|336|PatchTST,san_lite,2,0.4783699505987736,0.46913466885314103,-1.9685779710566589
ETTh1|336|TimesNet,fredf,2,0.4869059203083365,0.5066597714968865,3.898839477661457
ETTh1|336|TimesNet,none,2,0.5066597714968865,0.5066597714968865,0.0
ETTh1|336|TimesNet,san_lite,2,0.5415062049739218,0.5066597714968865,-6.877679152241408
ETTh1|336|iTransformer,fredf,2,0.46571752447195053,0.4837847843766412,3.734565552318972
ETTh1|336|iTransformer,none,2,0.4837847843766412,0.4837847843766412,0.0
ETTh1|336|iTransformer,san_lite,2,0.4991108285964354,0.4837847843766412,-3.1679467223306528
ETTh1|720|DLinear,fredf,2,0.49116179625241146,0.4939162211540283,0.5576704679148093
ETTh1|720|DLinear,none,2,0.4939162211540283,0.4939162211540283,0.0
ETTh1|720|DLinear,revin,2,0.4793659708650159,0.4939162211540283,2.945894397842594
ETTh1|720|DLinear,san_lite,2,0.487268989289277,0.4939162211540283,1.345821736573085
ETTh1|720|PatchTST,fredf,2,0.5156302655525035,0.4723874075168762,-9.154108968089377
ETTh1|720|PatchTST,none,2,0.4723874075168762,0.4723874075168762,0.0
ETTh1|720|PatchTST,revin,2,0.4669238579376285,0.4723874075168762,1.1565823923984533
ETTh1|720|PatchTST,san_lite,2,0.4610081753504362,0.4723874075168762,2.4088771176724184
ETTh1|720|TimesNet,fredf,2,0.5096552060297205,0.5844437162239303,12.796529095635709
ETTh1|720|TimesNet,none,2,0.5844437162239303,0.5844437162239303,0.0
ETTh1|720|TimesNet,revin,2,0.6203181851109214,0.5844437162239303,-6.138224758198228
ETTh1|720|TimesNet,san_lite,2,0.5959072127642421,0.5844437162239303,-1.9614372132148143
ETTh1|720|iTransformer,fredf,2,0.4699349420294789,0.49721743460490225,5.487034580173665
ETTh1|720|iTransformer,none,2,0.49721743460490225,0.49721743460490225,0.0
ETTh1|720|iTransformer,revin,2,0.50700869511102,0.49721743460490225,-1.9692110180927254
ETTh1|720|iTransformer,san_lite,2,0.4935722730254262,0.49721743460490225,0.7331121810667279
ETTh2|96|DLinear,fredf,2,0.29185384362067623,0.31933104933527556,8.604614481365438
ETTh2|96|DLinear,none,2,0.31933104933527556,0.31933104933527556,0.0
ETTh2|96|DLinear,revin,2,0.2818871579660779,0.31933104933527556,11.72572834590982
ETTh2|96|DLinear,san_lite,2,0.2889533426643455,0.31933104933527556,9.512919816023134
ETTh2|96|PatchTST,fredf,2,0.27798468748385746,0.285844660290514,2.749735747614857
ETTh2|96|PatchTST,none,2,0.285844660290514,0.285844660290514,0.0
ETTh2|96|PatchTST,san_lite,2,0.2868252765441863,0.285844660290514,-0.3430591471170796
ETTh2|96|TimesNet,fredf,2,0.2927323594061534,0.3140004306851582,6.773261817697912
ETTh2|96|TimesNet,none,2,0.3140004306851582,0.3140004306851582,0.0
ETTh2|96|TimesNet,san_lite,2,0.30909084172962437,0.3140004306851582,1.5635612170406807
ETTh2|96|iTransformer,fredf,2,0.28857369662330784,0.3036608819538605,4.96843229640789
ETTh2|96|iTransformer,none,2,0.3036608819538605,0.3036608819538605,0.0
ETTh2|96|iTransformer,san_lite,2,0.2925122746460354,0.3036608819538605,3.6714005558078577
ETTh2|192|DLinear,fredf,2,0.3872814173383987,0.442485273213078,12.47586286291973
ETTh2|192|DLinear,none,2,0.442485273213078,0.442485273213078,0.0
ETTh2|192|DLinear,revin,2,0.35932851574097047,0.442485273213078,18.793113015551942
ETTh2|192|DLinear,san_lite,2,0.358995670884876,0.442485273213078,18.868334695513752
ETTh2|192|PatchTST,fredf,2,0.3524510165293526,0.35214748601153384,-0.08619414588376265
ETTh2|192|PatchTST,none,2,0.35214748601153384,0.35214748601153384,0.0
ETTh2|192|PatchTST,san_lite,2,0.35280719834796187,0.35214748601153384,-0.18733978308350713
ETTh2|192|TimesNet,fredf,2,0.37372610777785553,0.4027394134526943,7.203989653286487
ETTh2|192|TimesNet,none,2,0.4027394134526943,0.4027394134526943,0.0
ETTh2|192|TimesNet,san_lite,2,0.3928479952705748,0.4027394134526943,2.4560343119438373
ETTh2|192|iTransformer,fredf,2,0.3547131755028155,0.36584245911505003,3.0420973112731557
ETTh2|192|iTransformer,none,2,0.36584245911505003,0.36584245911505003,0.0
ETTh2|192|iTransformer,san_lite,2,0.36687737358253464,0.36584245911505003,-0.2828852807265722
ETTh2|336|DLinear,fredf,2,0.4920888894154544,0.5451287422528389,9.729784677686984
ETTh2|336|DLinear,none,2,0.5451287422528389,0.5451287422528389,0.0
ETTh2|336|DLinear,revin,2,0.4087626925960095,0.5451287422528389,25.01538427294681
ETTh2|336|DLinear,san_lite,2,0.41016910583899674,0.5451287422528389,24.757387742223628
ETTh2|336|PatchTST,fredf,2,0.40905175263480326,0.39792321683775594,-2.796654059414864
ETTh2|336|PatchTST,none,2,0.39792321683775594,0.39792321683775594,0.0
ETTh2|336|PatchTST,san_lite,2,0.40190418766527264,0.39792321683775594,-1.0004369333242107
ETTh2|336|TimesNet,fredf,2,0.4312379887125819,0.4779457429159247,9.772605969535569
ETTh2|336|TimesNet,none,2,0.4779457429159247,0.4779457429159247,0.0
ETTh2|336|TimesNet,san_lite,2,0.4406211287326904,0.4779457429159247,7.8093831227617105
ETTh2|336|iTransformer,fredf,2,0.40135978066856287,0.42357841613021635,5.245459781601109
ETTh2|336|iTransformer,none,2,0.42357841613021635,0.42357841613021635,0.0
ETTh2|336|iTransformer,san_lite,2,0.42117603716697266,0.42357841613021635,0.5671627428969731
ETTh2|720|DLinear,fredf,2,0.6043594460221072,0.684931968073473,11.763580298054174
ETTh2|720|DLinear,none,2,0.684931968073473,0.684931968073473,0.0
ETTh2|720|DLinear,revin,2,0.403331153192316,0.684931968073473,41.11369128721256
ETTh2|720|DLinear,san_lite,2,0.40774458097350136,0.684931968073473,40.46933126506333
ETTh2|720|PatchTST,fredf,2,0.4108076737050781,0.4160064730119987,1.2496919264933373
ETTh2|720|PatchTST,none,2,0.4160064730119987,0.4160064730119987,0.0
ETTh2|720|PatchTST,san_lite,2,0.40363379278547445,0.4160064730119987,2.974155699295431
ETTh2|720|TimesNet,fredf,2,0.4445245789405841,0.4609487178495646,3.5631163018747496
ETTh2|720|TimesNet,none,2,0.4609487178495646,0.4609487178495646,0.0
ETTh2|720|TimesNet,san_lite,2,0.45052935492981333,0.4609487178495646,2.2604169436374764
ETTh2|720|iTransformer,fredf,2,0.40895364340794277,0.4335995420365135,5.6840232147882
ETTh2|720|iTransformer,none,2,0.4335995420365135,0.4335995420365135,0.0
ETTh2|720|iTransformer,san_lite,2,0.5004772291283431,0.4335995420365135,-15.423837114246266
ETTm1|96|DLinear,fredf,2,0.3763308353956979,0.3819464061368914,1.470250970022444
ETTm1|96|DLinear,none,2,0.3819464061368914,0.3819464061368914,0.0
ETTm1|96|DLinear,revin,2,0.3919988323835566,0.3819464061368914,-2.631894445175733
ETTm1|96|DLinear,san_lite,2,0.4844142104468381,0.3819464061368914,-26.827796429958216
ETTm1|96|PatchTST,fredf,2,0.4160040787480252,0.3668996833622358,-13.383602552011261
ETTm1|96|PatchTST,none,2,0.3668996833622358,0.3668996833622358,0.0
ETTm1|96|PatchTST,san_lite,2,0.4235572540011489,0.3668996833622358,-15.44225116786917
ETTm1|96|TimesNet,fredf,2,0.3650842680385154,0.3574183672525255,-2.144797662447416
ETTm1|96|TimesNet,none,2,0.3574183672525255,0.3574183672525255,0.0
ETTm1|96|TimesNet,san_lite,2,0.3831423623980234,0.3574183672525255,-7.197166542737635
ETTm1|96|iTransformer,fredf,2,0.3675408364540539,0.3790056354807808,3.0249679565274694
ETTm1|96|iTransformer,none,2,0.3790056354807808,0.3790056354807808,0.0
ETTm1|96|iTransformer,san_lite,2,0.410022734786011,0.3790056354807808,-8.18380952723407
ETTm1|192|DLinear,fredf,2,0.3733611697580776,0.374176220619358,0.21782540321009727
ETTm1|192|DLinear,none,2,0.374176220619358,0.374176220619358,0.0
ETTm1|192|DLinear,revin,2,0.3837788035174447,0.374176220619358,-2.5663263374118053
ETTm1|192|DLinear,san_lite,2,0.4356745019720314,0.374176220619358,-16.435646618825185
ETTm1|192|PatchTST,fredf,2,0.4596864649182086,0.3618327100062743,-27.04392173671569
ETTm1|192|PatchTST,none,2,0.3618327100062743,0.3618327100062743,0.0
ETTm1|192|PatchTST,san_lite,2,0.4035604428729764,0.3618327100062743,-11.532327429982349
ETTm1|192|TimesNet,fredf,2,0.3711570110378647,0.3677490322003196,-0.9267132036091067
ETTm1|192|TimesNet,none,2,0.3677490322003196,0.3677490322003196,0.0
ETTm1|192|TimesNet,san_lite,2,0.3669062721024265,0.3677490322003196,0.22916718307883108
ETTm1|192|iTransformer,fredf,2,0.3708279048699897,0.3790891744284048,2.179241749878917
ETTm1|192|iTransformer,none,2,0.3790891744284048,0.3790891744284048,0.0
ETTm1|192|iTransformer,san_lite,2,0.4074135210495265,0.3790891744284048,-7.47168437712037
ETTm1|336|DLinear,fredf,2,0.4087263347292427,0.4068165660141203,-0.4694422190899909
ETTm1|336|DLinear,none,2,0.4068165660141203,0.4068165660141203,0.0
ETTm1|336|DLinear,revin,2,0.415972057602456,0.4068165660141203,-2.250520837447385
ETTm1|336|DLinear,san_lite,2,0.4921703344853965,0.4068165660141203,-20.980897928407767
ETTm1|336|PatchTST,fredf,2,0.5019564674586187,0.3962113745364326,-26.68906036478832
ETTm1|336|PatchTST,none,2,0.3962113745364326,0.3962113745364326,0.0
ETTm1|336|PatchTST,san_lite,2,0.4537897882321355,0.3962113745364326,-14.532246521965615
ETTm1|336|TimesNet,fredf,2,0.3925106490629063,0.4286406780687178,8.42897812886049
ETTm1|336|TimesNet,none,2,0.4286406780687178,0.4286406780687178,0.0
ETTm1|336|TimesNet,san_lite,2,0.4231853503956062,0.4286406780687178,1.2727041441076334
ETTm1|336|iTransformer,fredf,2,0.4028657469601573,0.4125252216292631,2.341547658820908
ETTm1|336|iTransformer,none,2,0.4125252216292631,0.4125252216292631,0.0
ETTm1|336|iTransformer,san_lite,2,0.4352356580677827,0.4125252216292631,-5.5052237409448646
ETTm1|720|DLinear,fredf,2,0.464059574952593,0.4647050612312285,0.1389023560288598
ETTm1|720|DLinear,none,2,0.4647050612312285,0.4647050612312285,0.0
ETTm1|720|DLinear,revin,2,0.4769272905746599,0.4647050612312285,-2.6301046326133766
ETTm1|720|DLinear,san_lite,2,0.5358878277520416,0.4647050612312285,-15.317837583308322
ETTm1|720|PatchTST,fredf,2,0.5775707209295768,0.4542930959298026,-27.136143186913653
ETTm1|720|PatchTST,none,2,0.4542930959298026,0.4542930959298026,0.0
ETTm1|720|PatchTST,san_lite,2,0.4984082453540258,0.4542930959298026,-9.710724160122357
ETTm1|720|TimesNet,fredf,2,0.4974405250531125,0.5054921531273332,1.5928294879371783
ETTm1|720|TimesNet,none,2,0.5054921531273332,0.5054921531273332,0.0
ETTm1|720|TimesNet,san_lite,2,0.4505162246025135,0.5054921531273332,10.875723428088762
ETTm1|720|iTransformer,fredf,2,0.4681546518318328,0.517211111155964,9.484803838511947
ETTm1|720|iTransformer,none,2,0.517211111155964,0.517211111155964,0.0
ETTm1|720|iTransformer,san_lite,2,0.4971291186154289,0.517211111155964,3.882745770030329
ETTm2|96|DLinear,fredf,2,0.1805197642803637,0.189807197344157,4.893087930144916
ETTm2|96|DLinear,none,2,0.189807197344157,0.189807197344157,0.0
ETTm2|96|DLinear,revin,2,0.1787841960222283,0.189807197344157,5.807472780888208
ETTm2|96|DLinear,san_lite,2,0.1846444533537808,0.189807197344157,2.719993795079934
ETTm2|96|PatchTST,fredf,2,0.1793926670687556,0.1716476709182307,-4.512147534011373
ETTm2|96|PatchTST,none,2,0.1716476709182307,0.1716476709182307,0.0
ETTm2|96|PatchTST,san_lite,2,0.1779426061371033,0.1716476709182307,-3.667358365655535
ETTm2|96|TimesNet,fredf,2,0.167880550321955,0.173915575275493,3.4700888313068834
ETTm2|96|TimesNet,none,2,0.173915575275493,0.173915575275493,0.0
ETTm2|96|TimesNet,san_lite,2,0.1783031473444933,0.173915575275493,-2.522817212920751
ETTm2|96|iTransformer,fredf,2,0.1702155139205715,0.1746605601742113,2.5449627833588755
ETTm2|96|iTransformer,none,2,0.1746605601742113,0.1746605601742113,0.0
ETTm2|96|iTransformer,san_lite,2,0.1836352818256569,0.1746605601742113,-5.138379060787361
ETTm2|192|DLinear,fredf,2,0.2247590434667972,0.2554304539791658,12.007734408548762
ETTm2|192|DLinear,none,2,0.2554304539791658,0.2554304539791658,0.0
ETTm2|192|DLinear,revin,2,0.2208168227401347,0.2554304539791658,13.551098038550395
ETTm2|192|DLinear,san_lite,2,0.2283785655004471,0.2554304539791658,10.590706024789506
ETTm2|192|PatchTST,fredf,2,0.234284458248358,0.2159580247601589,-8.4861090522347
ETTm2|192|PatchTST,none,2,0.2159580247601589,0.2159580247601589,0.0
ETTm2|192|PatchTST,san_lite,2,0.2237508424366896,0.2159580247601589,-3.6084871980031004
ETTm2|192|TimesNet,fredf,2,0.2224244706739759,0.237536366502351,6.361929354604966
ETTm2|192|TimesNet,none,2,0.237536366502351,0.237536366502351,0.0
ETTm2|192|TimesNet,san_lite,2,0.2455762504388662,0.237536366502351,-3.3846960172456884
ETTm2|192|iTransformer,fredf,2,0.2161779635491253,0.2315456491982226,6.637000393793303
ETTm2|192|iTransformer,none,2,0.2315456491982226,0.2315456491982226,0.0
ETTm2|192|iTransformer,san_lite,2,0.2367209917674601,0.2315456491982226,-2.2351284021782507
ETTm2|336|DLinear,fredf,2,0.3088718264224429,0.3428744483570262,9.91693084670377
ETTm2|336|DLinear,none,2,0.3428744483570262,0.3428744483570262,0.0
ETTm2|336|DLinear,revin,2,0.2948764743790329,0.3428744483570262,13.99870250115991
ETTm2|336|DLinear,san_lite,2,0.2994928115322078,0.3428744483570262,12.65233878835037
ETTm2|336|PatchTST,fredf,2,0.3036922047015458,0.2935169972109691,-3.4666501726518923
ETTm2|336|PatchTST,none,2,0.2935169972109691,0.2935169972109691,0.0
ETTm2|336|PatchTST,san_lite,2,0.2978043782392341,0.2935169972109691,-1.4606925898684586
ETTm2|336|TimesNet,fredf,2,0.294664787436766,0.3037865790190143,3.0026973580282337
ETTm2|336|TimesNet,none,2,0.3037865790190143,0.3037865790190143,0.0
ETTm2|336|TimesNet,san_lite,2,0.3064112056911199,0.3037865790190143,-0.8639705811168618
ETTm2|336|iTransformer,fredf,2,0.2941540546038103,0.3003579819107697,2.0655110503447394
ETTm2|336|iTransformer,none,2,0.3003579819107697,0.3003579819107697,0.0
ETTm2|336|iTransformer,san_lite,2,0.3094477959851995,0.3003579819107697,-3.026326790652837
ETTm2|720|DLinear,fredf,2,0.4349641861525836,0.5281881356846767,17.64976212713474
ETTm2|720|DLinear,none,2,0.5281881356846767,0.5281881356846767,0.0
ETTm2|720|DLinear,revin,2,0.3934116665360278,0.5281881356846767,25.516754361387083
ETTm2|720|DLinear,san_lite,2,0.3969556248347632,0.5281881356846767,24.845789214822133
ETTm2|720|PatchTST,fredf,2,0.4020908139476153,0.3909085963321735,-2.860570916158555
ETTm2|720|PatchTST,none,2,0.3909085963321735,0.3909085963321735,0.0
ETTm2|720|PatchTST,san_lite,2,0.396247836648425,0.3909085963321735,-1.3658539019987392
ETTm2|720|TimesNet,fredf,2,0.4018554412746626,0.4654734943348724,13.667384681294331
ETTm2|720|TimesNet,none,2,0.4654734943348724,0.4654734943348724,0.0
ETTm2|720|TimesNet,san_lite,2,0.4179715041279393,0.4654734943348724,10.205090254346265
ETTm2|720|iTransformer,fredf,2,0.3951105206467932,0.4011972584563926,1.5171434204256864
ETTm2|720|iTransformer,none,2,0.4011972584563926,0.4011972584563926,0.0
ETTm2|720|iTransformer,san_lite,2,0.3997308068081217,0.4011972584563926,0.36551886070036793
Electricity|96|DLinear,fredf,2,0.2258280937318908,0.2288082099637201,1.302451617580423
Electricity|96|DLinear,none,2,0.2288082099637201,0.2288082099637201,0.0
Electricity|96|DLinear,revin,2,0.232920060407114,0.2288082099637201,-1.7970729477084242
Electricity|96|DLinear,san_lite,2,0.2466047612407254,0.2288082099637201,-7.777933877384526
Electricity|96|PatchTST,fredf,2,0.2799790616445916,0.2186850227977894,-28.028457579135946
Electricity|96|PatchTST,none,2,0.2186850227977894,0.2186850227977894,0.0
Electricity|96|PatchTST,san_lite,2,0.2394166486262189,0.2186850227977894,-9.480130629521586
Electricity|96|TimesNet,fredf,2,0.1821629411890007,0.177253794186523,-2.76955820607813
Electricity|96|TimesNet,none,2,0.177253794186523,0.177253794186523,0.0
Electricity|96|TimesNet,san_lite,2,0.1802555832270855,0.177253794186523,-1.6934977636663233
Electricity|96|iTransformer,fredf,2,0.1781987496748907,0.1702139249315476,-4.691052595464337
Electricity|96|iTransformer,none,2,0.1702139249315476,0.1702139249315476,0.0
Electricity|96|iTransformer,san_lite,2,0.1826116857628878,0.1702139249315476,-7.283634894340178
Electricity|192|DLinear,fredf,2,0.1977762244300491,0.2012032685977171,1.7032745996388179
Electricity|192|DLinear,none,2,0.2012032685977171,0.2012032685977171,0.0
Electricity|192|DLinear,revin,2,0.2036050158014215,0.2012032685977171,-1.193691941708185
Electricity|192|DLinear,san_lite,2,0.2293690636635805,0.2012032685977171,-13.998676692562933
Electricity|192|PatchTST,fredf,2,0.3136511934605352,0.1963530968375623,-59.738348165708075
Electricity|192|PatchTST,none,2,0.1963530968375623,0.1963530968375623,0.0
Electricity|192|PatchTST,san_lite,2,0.2189450087506801,0.1963530968375623,-11.505757880563241
Electricity|192|TimesNet,fredf,2,0.2415118173912136,0.1910465233289786,-26.41518577929561
Electricity|192|TimesNet,none,2,0.1910465233289786,0.1910465233289786,0.0
Electricity|192|TimesNet,san_lite,2,0.2033714654974264,0.1910465233289786,-6.451277915811373
Electricity|192|iTransformer,fredf,2,0.1763774529124084,0.1708262126813085,-3.2496419278792037
Electricity|192|iTransformer,none,2,0.1708262126813085,0.1708262126813085,0.0
Electricity|192|iTransformer,san_lite,2,0.1854530982397601,0.1708262126813085,-8.56243624960496
Electricity|336|DLinear,fredf,2,0.1731431934961476,0.1762537741928669,1.7648306885704024
Electricity|336|DLinear,none,2,0.1762537741928669,0.1762537741928669,0.0
Electricity|336|DLinear,revin,2,0.1794638415783962,0.1762537741928669,-1.8212758281230768
Electricity|336|DLinear,san_lite,2,0.1940730489393109,0.1762537741928669,-10.110010312145231
Electricity|336|PatchTST,fredf,2,0.3802842582761289,0.1755577513092014,-116.61490617201662
Electricity|336|PatchTST,none,2,0.1755577513092014,0.1755577513092014,0.0
Electricity|336|PatchTST,san_lite,2,0.1885659944291086,0.1755577513092014,-7.409666063104446
Electricity|336|TimesNet,fredf,2,0.2345523220526741,0.1947136380691831,-20.460140531777256
Electricity|336|TimesNet,none,2,0.1947136380691831,0.1947136380691831,0.0
Electricity|336|TimesNet,san_lite,2,0.2296042296237742,0.1947136380691831,-17.918925402746687
Electricity|336|iTransformer,fredf,2,0.1658598924540321,0.1634127205449901,-1.4975406448656863
Electricity|336|iTransformer,none,2,0.1634127205449901,0.1634127205449901,0.0
Electricity|336|iTransformer,san_lite,2,0.172779354203677,0.1634127205449901,-5.731887718072789
Electricity|720|DLinear,fredf,2,0.23443884573749,0.235551764286397,0.47247302616415354
Electricity|720|DLinear,none,2,0.235551764286397,0.235551764286397,0.0
Electricity|720|DLinear,revin,2,0.2445225165774838,0.235551764286397,-3.8083995330129126
Electricity|720|DLinear,san_lite,2,0.2608906684183709,0.235551764286397,-10.757255080953437
Electricity|720|PatchTST,fredf,2,0.5527763114511827,0.2402184724680505,-130.11398989089108
Electricity|720|PatchTST,none,2,0.2402184724680505,0.2402184724680505,0.0
Electricity|720|PatchTST,san_lite,2,0.2558649126332248,0.2402184724680505,-6.513420889084751
Electricity|720|TimesNet,fredf,2,0.282893704541641,0.2839594981022819,0.3753329498620985
Electricity|720|TimesNet,none,2,0.2839594981022819,0.2839594981022819,0.0
Electricity|720|TimesNet,san_lite,2,0.2850023160277159,0.2839594981022819,-0.3672417835653501
Electricity|720|iTransformer,fredf,2,0.2256734551180489,0.2129929883544242,-5.953466760381879
Electricity|720|iTransformer,none,2,0.2129929883544242,0.2129929883544242,0.0
Electricity|720|iTransformer,san_lite,2,0.2246310195697713,0.2129929883544242,-5.464044288622872
Exchange|96|DLinear,fredf,2,0.0814228181954712,0.07346566232419936,-10.831122485709596
Exchange|96|DLinear,none,2,0.07346566232419936,0.07346566232419936,0.0
Exchange|96|DLinear,revin,2,0.06497133519994751,0.07346566232419936,11.562309323186827
Exchange|96|DLinear,san_lite,2,0.07978507776205133,0.07346566232419936,-8.601862745026088
Exchange|96|PatchTST,fredf,2,0.07907343763001706,0.061264510327755935,-29.068913155407657
Exchange|96|PatchTST,none,2,0.061264510327755935,0.061264510327755935,0.0
Exchange|96|PatchTST,san_lite,2,0.06407987386899906,0.061264510327755935,-4.595423233094259
Exchange|96|TimesNet,fredf,2,0.08202432555713103,0.08814453447721098,6.9433787998078005
Exchange|96|TimesNet,none,2,0.08814453447721098,0.08814453447721098,0.0
Exchange|96|TimesNet,san_lite,2,0.08213719166174893,0.08814453447721098,6.815332171293266
Exchange|96|iTransformer,fredf,2,0.0667822788106948,0.06874133941370617,2.8499017035748206
Exchange|96|iTransformer,none,2,0.06874133941370617,0.06874133941370617,0.0
Exchange|96|iTransformer,san_lite,2,0.07195110209134843,0.06874133941370617,-4.669333919033704
Exchange|192|DLinear,fredf,2,0.14836564407505506,0.1416006136706836,-4.777543139823314
Exchange|192|DLinear,none,2,0.1416006136706836,0.1416006136706836,0.0
Exchange|192|DLinear,revin,2,0.1330445888740197,0.1416006136706836,6.042364206529777
Exchange|192|DLinear,san_lite,2,0.1505491889681394,0.1416006136706836,-6.319587935026353
Exchange|192|PatchTST,fredf,2,0.16010946012972208,0.13104073763207705,-22.182966169849603
Exchange|192|PatchTST,none,2,0.13104073763207705,0.13104073763207705,0.0
Exchange|192|PatchTST,san_lite,2,0.13277868934219797,0.13104073763207705,-1.326268259417592
Exchange|192|TimesNet,fredf,2,0.1612054974621732,0.17004137121962548,5.1963082243319905
Exchange|192|TimesNet,none,2,0.17004137121962548,0.17004137121962548,0.0
Exchange|192|TimesNet,san_lite,2,0.16298315973769173,0.17004137121962548,4.150878948639719
Exchange|192|iTransformer,fredf,2,0.13819833125064412,0.14163396393954228,2.4257124444844917
Exchange|192|iTransformer,none,2,0.14163396393954228,0.14163396393954228,0.0
Exchange|192|iTransformer,san_lite,2,0.14409271258319542,0.14163396393954228,-1.7359880181724492
Exchange|336|DLinear,fredf,2,0.23619226869690468,0.2381231656031749,0.810881587845172
Exchange|336|DLinear,none,2,0.2381231656031749,0.2381231656031749,0.0
Exchange|336|DLinear,revin,2,0.2374186182821201,0.2381231656031749,0.2958751700071469
Exchange|336|DLinear,san_lite,2,0.259645717420176,0.2381231656031749,-9.0384115978316
Exchange|336|PatchTST,fredf,2,0.28081303214183523,0.2391763034776456,-17.40838371476929
Exchange|336|PatchTST,none,2,0.2391763034776456,0.2391763034776456,0.0
Exchange|336|PatchTST,san_lite,2,0.24763524766183057,0.2391763034776456,-3.5366982686792703
Exchange|336|TimesNet,fredf,2,0.2853484728718746,0.30505942174979667,6.461347354840455
Exchange|336|TimesNet,none,2,0.30505942174979667,0.30505942174979667,0.0
Exchange|336|TimesNet,san_lite,2,0.2900066831410875,0.30505942174979667,4.934362794752522
Exchange|336|iTransformer,fredf,2,0.2503979398610064,0.24842612843647252,-0.7937214321794261
Exchange|336|iTransformer,none,2,0.24842612843647252,0.24842612843647252,0.0
Exchange|336|iTransformer,san_lite,2,0.2630877077707166,0.24842612843647252,-5.901786348529495
Exchange|720|DLinear,fredf,2,0.4882038406140401,0.5729591571370684,14.792558154848084
Exchange|720|DLinear,none,2,0.5729591571370684,0.5729591571370684,0.0
Exchange|720|DLinear,revin,2,0.6138933862283636,0.5729591571370684,-7.144353760891659
Exchange|720|DLinear,san_lite,2,0.6211485537470831,0.5729591571370684,-8.410616360650375
Exchange|720|PatchTST,fredf,2,0.6555491564389581,0.566888442768323,-15.639887318512354
Exchange|720|PatchTST,none,2,0.566888442768323,0.566888442768323,0.0
Exchange|720|PatchTST,san_lite,2,0.5873533575861033,0.566888442768323,-3.6100426951452222
Exchange|720|TimesNet,fredf,2,0.7664484530468787,0.7428996837665851,-3.1698451076057372
Exchange|720|TimesNet,none,2,0.7428996837665851,0.7428996837665851,0.0
Exchange|720|TimesNet,san_lite,2,0.72345066964405,0.7428996837665851,2.6179865932808566
Exchange|720|iTransformer,fredf,2,0.6072259177271839,0.5911516033785927,-2.719152626284374
Exchange|720|iTransformer,none,2,0.5911516033785927,0.5911516033785927,0.0
Exchange|720|iTransformer,san_lite,2,0.6337408347310688,0.5911516033785927,-7.204451634583578
ILI|24|DLinear,fredf,2,5.322206845893469,5.315419742217363,-0.12768706904179003
ILI|24|DLinear,none,2,5.315419742217363,5.315419742217363,0.0
ILI|24|DLinear,revin,2,5.311633161158343,5.315419742217363,0.07123766781661187
ILI|24|DLinear,san_lite,2,5.518185180464601,5.315419742217363,-3.814664656429444
ILI|24|PatchTST,fredf,2,3.3576331821587684,3.2895070924589724,-2.0710120934522847
ILI|24|PatchTST,none,2,3.2895070924589724,3.2895070924589724,0.0
ILI|24|PatchTST,san_lite,2,3.4832176395491055,3.2895070924589724,-5.888740824855025
ILI|24|TimesNet,fredf,2,3.3250824003103845,3.3204323308251933,-0.14004409733101125
ILI|24|TimesNet,none,2,3.3204323308251933,3.3204323308251933,0.0
ILI|24|TimesNet,san_lite,2,3.6889003995865104,3.3204323308251933,-11.096990754506523
ILI|24|iTransformer,fredf,2,2.6388767705466787,2.587228859439284,-1.9962637212769898
ILI|24|iTransformer,none,2,2.587228859439284,2.587228859439284,0.0
ILI|24|iTransformer,san_lite,2,2.6121207829394373,2.587228859439284,-0.9621075232419969
ILI|36|DLinear,fredf,2,5.306055780377171,5.2880737844279,-0.34004812871981943
ILI|36|DLinear,none,2,5.2880737844279,5.2880737844279,0.0
ILI|36|DLinear,revin,2,5.3093086351513845,5.2880737844279,-0.4015611655422775
ILI|36|DLinear,san_lite,2,6.1929066015275085,5.2880737844279,-17.11082057448068
ILI|36|PatchTST,fredf,2,3.27894816501774,3.1744864623933506,-3.290664611800938
ILI|36|PatchTST,none,2,3.1744864623933506,3.1744864623933506,0.0
ILI|36|PatchTST,san_lite,2,4.01377584472599,3.1744864623933506,-26.438587540860752
ILI|36|TimesNet,fredf,2,3.005111408444421,2.9577424573959,-1.601523855806776
ILI|36|TimesNet,none,2,2.9577424573959,2.9577424573959,0.0
ILI|36|TimesNet,san_lite,2,4.15326920613386,2.9577424573959,-40.42024503345514
ILI|36|iTransformer,fredf,2,2.344738974892824,2.1397746505568684,-9.578780844170396
ILI|36|iTransformer,none,2,2.1397746505568684,2.1397746505568684,0.0
ILI|36|iTransformer,san_lite,2,3.1423430779735377,2.1397746505568684,-46.85392581670946
ILI|48|DLinear,fredf,2,4.738305259616667,4.685805287768619,-1.1204044688986388
ILI|48|DLinear,none,2,4.685805287768619,4.685805287768619,0.0
ILI|48|DLinear,revin,2,4.579880996226332,4.685805287768619,2.2605354904264123
ILI|48|DLinear,san_lite,2,6.132599588631806,4.685805287768619,-30.876107990226608
ILI|48|PatchTST,fredf,2,2.9286857359459617,2.794238615979524,-4.811583348593415
ILI|48|PatchTST,none,2,2.794238615979524,2.794238615979524,0.0
ILI|48|PatchTST,san_lite,2,4.193796776615814,2.794238615979524,-50.08728147383624
ILI|48|TimesNet,fredf,2,2.895819093124015,2.639096397139451,-9.727674072945156
ILI|48|TimesNet,none,2,2.639096397139451,2.639096397139451,0.0
ILI|48|TimesNet,san_lite,2,4.305723904474686,2.639096397139451,-63.151444909011765
ILI|48|iTransformer,fredf,2,2.1654882885160904,2.0138596320935087,-7.529256458900072
ILI|48|iTransformer,none,2,2.0138596320935087,2.0138596320935087,0.0
ILI|48|iTransformer,san_lite,2,3.0800020902616665,2.0138596320935087,-52.940256668229104
ILI|60|DLinear,fredf,2,4.106472620707613,4.031335077147946,-1.863837714349087
ILI|60|DLinear,none,2,4.031335077147946,4.031335077147946,0.0
ILI|60|DLinear,revin,2,3.796637163702217,4.031335077147946,5.821840877880362
ILI|60|DLinear,san_lite,2,5.117639323191406,4.031335077147946,-26.946513382161935
ILI|60|PatchTST,fredf,2,2.735498022293203,2.63325112895699,-3.8829146302013458
ILI|60|PatchTST,none,2,2.63325112895699,2.63325112895699,0.0
ILI|60|PatchTST,san_lite,2,3.958081858837614,2.63325112895699,-50.311598286692046
ILI|60|TimesNet,fredf,2,2.6987368554081628,2.4895322704337786,-8.403369076952442
ILI|60|TimesNet,none,2,2.4895322704337786,2.4895322704337786,0.0
ILI|60|TimesNet,san_lite,2,4.263873341534833,2.4895322704337786,-71.27206552706751
ILI|60|iTransformer,fredf,2,2.1996709325646258,2.193052165888407,-0.30180616672826394
ILI|60|iTransformer,none,2,2.193052165888407,2.193052165888407,0.0
ILI|60|iTransformer,san_lite,2,2.977034046333058,2.193052165888407,-35.748437389634994
Weather|96|DLinear,fredf,2,0.1990985439466631,0.1993803466283951,0.1413392475724929
Weather|96|DLinear,none,2,0.1993803466283951,0.1993803466283951,0.0
Weather|96|DLinear,revin,2,0.196833028813692,0.1993803466283951,1.2776173067101706
Weather|96|DLinear,san_lite,2,0.2024566744024266,0.1993803466283951,-1.542944340329166
Weather|96|PatchTST,fredf,2,0.190472796114907,0.1845421600422456,-3.213702533504401
Weather|96|PatchTST,none,2,0.1845421600422456,0.1845421600422456,0.0
Weather|96|PatchTST,revin,2,0.1845206257016126,0.1845421600422456,0.011669062846171223
Weather|96|PatchTST,san_lite,2,0.186236391189118,0.1845421600422456,-0.9180726759048167
Weather|96|TimesNet,fredf,2,0.160410182612093,0.1654394541224075,3.039946871798407
Weather|96|TimesNet,none,2,0.1654394541224075,0.1654394541224075,0.0
Weather|96|TimesNet,revin,2,0.1651479336457713,0.1654394541224075,0.17620976700062027
Weather|96|TimesNet,san_lite,2,0.1688038940782054,0.1654394541224075,-2.0336382114199822
Weather|96|iTransformer,fredf,2,0.1702615448548988,0.1718276509520505,0.9114400903895953
Weather|96|iTransformer,none,2,0.1718276509520505,0.1718276509520505,0.0
Weather|96|iTransformer,revin,2,0.1718087740133367,0.1718276509520505,0.010985972635492676
Weather|96|iTransformer,san_lite,2,0.1687524128183994,0.1718276509520505,1.789722501944266
Weather|192|DLinear,fredf,2,0.2328211887402346,0.2368804801238618,1.713645371499005
Weather|192|DLinear,none,2,0.2368804801238618,0.2368804801238618,0.0
Weather|192|DLinear,revin,2,0.2351209333940436,0.2368804801238618,0.742799376672208
Weather|192|DLinear,san_lite,2,0.2377401162976508,0.2368804801238618,-0.3628986961439436
Weather|192|PatchTST,fredf,2,0.2256592227511893,0.2232527641655269,-1.0779076329277522
Weather|192|PatchTST,none,2,0.2232527641655269,0.2232527641655269,0.0
Weather|192|PatchTST,san_lite,2,0.2228135493061638,0.2232527641655269,0.19673434324757275
Weather|192|TimesNet,fredf,2,0.1973718352897754,0.1985408210714842,0.5887886306705306
Weather|192|TimesNet,none,2,0.1985408210714842,0.1985408210714842,0.0
Weather|192|TimesNet,san_lite,2,0.2032134299012848,0.1985408210714842,-2.3534751214301775
Weather|192|iTransformer,fredf,2,0.2091805944449346,0.20895645957124,-0.10726391237412837
Weather|192|iTransformer,none,2,0.20895645957124,0.20895645957124,0.0
Weather|192|iTransformer,san_lite,2,0.2102823393344265,0.20895645957124,-0.6345244200189241
Weather|336|DLinear,fredf,2,0.2589877781935832,0.2614499405108095,0.941733745441221
Weather|336|DLinear,none,2,0.2614499405108095,0.2614499405108095,0.0
Weather|336|DLinear,revin,2,0.26812788215709,0.2614499405108095,-2.5541951293748326
Weather|336|DLinear,san_lite,2,0.2697735577315883,0.2614499405108095,-3.183637068157854
Weather|336|PatchTST,fredf,2,0.2757920448607269,0.2610477384652906,-5.648126462277975
Weather|336|PatchTST,none,2,0.2610477384652906,0.2610477384652906,0.0
Weather|336|PatchTST,san_lite,2,0.2609342367448788,0.2610477384652906,0.04347929657582267
Weather|336|TimesNet,fredf,2,0.256115138129284,0.2493459676134542,-2.7147703973796027
Weather|336|TimesNet,none,2,0.2493459676134542,0.2493459676134542,0.0
Weather|336|TimesNet,san_lite,2,0.2580449512222585,0.2493459676134542,-3.4887203880071596
Weather|336|iTransformer,fredf,2,0.2591217294503068,0.2588061470303894,-0.1219377605742722
Weather|336|iTransformer,none,2,0.2588061470303894,0.2588061470303894,0.0
Weather|336|iTransformer,san_lite,2,0.2593026944154274,0.2588061470303894,-0.19186073852400037
Weather|720|DLinear,fredf,2,0.3370134133535923,0.339618197082863,0.7669741349681451
Weather|720|DLinear,none,2,0.339618197082863,0.339618197082863,0.0
Weather|720|DLinear,revin,2,0.3535253085699724,0.339618197082863,-4.094925303344745
Weather|720|DLinear,san_lite,2,0.3609260583201105,0.339618197082863,-6.274063468998572
Weather|720|PatchTST,fredf,2,0.3602809471718141,0.3507204354443561,-2.725963691093446
Weather|720|PatchTST,none,2,0.3507204354443561,0.3507204354443561,0.0
Weather|720|PatchTST,revin,2,0.3507223103894482,0.3507204354443561,-0.0005345981877837992
Weather|720|PatchTST,san_lite,2,0.3523487755656981,0.3507204354443561,-0.46428435779025023
Weather|720|TimesNet,fredf,2,0.3463814924870572,0.3722905707013758,6.95936997961223
Weather|720|TimesNet,none,2,0.3722905707013758,0.3722905707013758,0.0
Weather|720|TimesNet,revin,2,0.3437252306047432,0.3722905707013758,7.672861561553115
Weather|720|TimesNet,san_lite,2,0.3416479806246987,0.3722905707013758,8.23082626534109
Weather|720|iTransformer,fredf,2,0.3497662888204595,0.353337256428363,1.0106399885480173
Weather|720|iTransformer,none,2,0.353337256428363,0.353337256428363,0.0
Weather|720|iTransformer,revin,2,0.3513622574774663,0.353337256428363,0.5589557610936846
Weather|720|iTransformer,san_lite,2,0.3541568306461269,0.353337256428363,-0.2319523919012688
ETTh1|96|DLinear,fredf,3,0.4140494741780803,0.41943205663060806,1.283302591548976
ETTh1|96|DLinear,none,3,0.41943205663060806,0.41943205663060806,0.0
ETTh1|96|DLinear,revin,3,0.42200280153202,0.41943205663060806,-0.6129109258036523
ETTh1|96|DLinear,san_lite,3,0.43361867266229637,0.41943205663060806,-3.3823394772570743
ETTh1|96|PatchTST,fredf,3,0.4242066469472489,0.4110434804929184,-3.202378113027218
ETTh1|96|PatchTST,none,3,0.4110434804929184,0.4110434804929184,0.0
ETTh1|96|PatchTST,revin,3,0.4092609407172095,0.4110434804929184,0.43366209666464317
ETTh1|96|PatchTST,san_lite,3,0.4196888493367992,0.4110434804929184,-2.103273559651977
ETTh1|96|TimesNet,fredf,3,0.4238706959561401,0.4298797871005962,1.3978538476967162
ETTh1|96|TimesNet,none,3,0.4298797871005962,0.4298797871005962,0.0
ETTh1|96|TimesNet,revin,3,0.4249456837377767,0.4298797871005962,1.1477867792059944
ETTh1|96|TimesNet,san_lite,3,0.44348554675045876,0.4298797871005962,-3.165014978170784
ETTh1|96|iTransformer,fredf,3,0.41051156733723865,0.4194144792690409,2.122700186058986
ETTh1|96|iTransformer,none,3,0.4194144792690409,0.4194144792690409,0.0
ETTh1|96|iTransformer,revin,3,0.4212283031751262,0.4194144792690409,-0.4324657339552172
ETTh1|96|iTransformer,san_lite,3,0.4327145301736161,0.4194144792690409,-3.1710996071844346
ETTh1|192|DLinear,fredf,3,0.4714924395383337,0.47640193818242366,1.0305370844671116
ETTh1|192|DLinear,none,3,0.47640193818242366,0.47640193818242366,0.0
ETTh1|192|DLinear,revin,3,0.47796351008612065,0.47640193818242366,-0.3277845404354828
ETTh1|192|DLinear,san_lite,3,0.49294901701666954,0.47640193818242366,-3.4733441466205135
ETTh1|192|PatchTST,fredf,3,0.4837194025950365,0.46413967669075423,-4.218498630387029
ETTh1|192|PatchTST,none,3,0.46413967669075423,0.46413967669075423,0.0
ETTh1|192|PatchTST,san_lite,3,0.47428192366961536,0.46413967669075423,-2.185171293946213
ETTh1|192|TimesNet,fredf,3,0.4724872402799238,0.5216501446158208,9.424497403734835
ETTh1|192|TimesNet,none,3,0.5216501446158208,0.5216501446158208,0.0
ETTh1|192|TimesNet,san_lite,3,0.5676002116295837,0.5216501446158208,-8.808598538317998
ETTh1|192|iTransformer,fredf,3,0.46302746904098435,0.47889411480753524,3.3131845382830822
ETTh1|192|iTransformer,none,3,0.47889411480753524,0.47889411480753524,0.0
ETTh1|192|iTransformer,san_lite,3,0.5020987136726192,0.47889411480753524,-4.845455007190829
ETTh1|336|DLinear,fredf,3,0.535780932464847,0.5393874199272545,0.6686265435878784
ETTh1|336|DLinear,none,3,0.5393874199272545,0.5393874199272545,0.0
ETTh1|336|DLinear,revin,3,0.5417542128693804,0.5393874199272545,-0.43879275909793025
ETTh1|336|DLinear,san_lite,3,0.5561050479324313,0.5393874199272545,-3.099372990091519
ETTh1|336|PatchTST,fredf,3,0.5524151925892077,0.5263995532729403,-4.942184915339046
ETTh1|336|PatchTST,none,3,0.5263995532729403,0.5263995532729403,0.0
ETTh1|336|PatchTST,san_lite,3,0.5321170634883163,0.5263995532729403,-1.0861540781763315
ETTh1|336|TimesNet,fredf,3,0.5328321915832204,0.5890169022290602,9.53872638174149
ETTh1|336|TimesNet,none,3,0.5890169022290602,0.5890169022290602,0.0
ETTh1|336|TimesNet,san_lite,3,0.6271495620071356,0.5890169022290602,-6.473950006148736
ETTh1|336|iTransformer,fredf,3,0.5211989930185364,0.5539044499887458,5.904530460239818
ETTh1|336|iTransformer,none,3,0.5539044499887458,0.5539044499887458,0.0
ETTh1|336|iTransformer,san_lite,3,0.5766004333545207,0.5539044499887458,-4.097454600019205
ETTh1|720|DLinear,fredf,3,0.5110247674843215,0.51506118543928,0.7836773705857941
ETTh1|720|DLinear,none,3,0.51506118543928,0.51506118543928,0.0
ETTh1|720|DLinear,revin,3,0.47538854109054446,0.51506118543928,7.702510977389994
ETTh1|720|DLinear,san_lite,3,0.48175989064620656,0.51506118543928,6.465502688709074
ETTh1|720|PatchTST,fredf,3,0.5383155133917906,0.47286393707110363,-13.84152420801867
ETTh1|720|PatchTST,none,3,0.47286393707110363,0.47286393707110363,0.0
ETTh1|720|PatchTST,revin,3,0.4622950684522269,0.47286393707110363,2.2350760526040108
ETTh1|720|PatchTST,san_lite,3,0.45599399219172393,0.47286393707110363,3.56761079812331
ETTh1|720|TimesNet,fredf,3,0.5112792057271142,0.6267902738372979,18.428982218088482
ETTh1|720|TimesNet,none,3,0.6267902738372979,0.6267902738372979,0.0
ETTh1|720|TimesNet,revin,3,0.6957994263078792,0.6267902738372979,-11.0099271400779
ETTh1|720|TimesNet,san_lite,3,0.6112669344927352,0.6267902738372979,2.476640112732873
ETTh1|720|iTransformer,fredf,3,0.4696673081550444,0.4991580199042298,5.9080913404624
ETTh1|720|iTransformer,none,3,0.4991580199042298,0.4991580199042298,0.0
ETTh1|720|iTransformer,revin,3,0.5245227445764917,0.4991580199042298,-5.081501981502468
ETTh1|720|iTransformer,san_lite,3,0.494945312582649,0.4991580199042298,0.8439626638452217
ETTh2|96|DLinear,fredf,3,0.3480005129404445,0.40320085676753264,13.69053237377275
ETTh2|96|DLinear,none,3,0.40320085676753264,0.40320085676753264,0.0
ETTh2|96|DLinear,revin,3,0.3378472181700732,0.40320085676753264,16.208705289319216
ETTh2|96|DLinear,san_lite,3,0.33664049699746795,0.40320085676753264,16.50799065847233
ETTh2|96|PatchTST,fredf,3,0.32920631964082064,0.33700011912523914,2.3126993262343896
ETTh2|96|PatchTST,none,3,0.33700011912523914,0.33700011912523914,0.0
ETTh2|96|PatchTST,san_lite,3,0.3333447932432132,0.33700011912523914,1.0846660504198555
ETTh2|96|TimesNet,fredf,3,0.34691394048017,0.37776507189655684,8.166750637241229
ETTh2|96|TimesNet,none,3,0.37776507189655684,0.37776507189655684,0.0
ETTh2|96|TimesNet,san_lite,3,0.3644993702851445,0.37776507189655684,3.5116273573976335
ETTh2|96|iTransformer,fredf,3,0.3403151943329159,0.3454781114222465,1.49442668540596
ETTh2|96|iTransformer,none,3,0.3454781114222465,0.3454781114222465,0.0
ETTh2|96|iTransformer,san_lite,3,0.3397554611388194,0.3454781114222465,1.656443662919309
ETTh2|192|DLinear,fredf,3,0.456346305426836,0.5536040219963957,17.568101513936053
ETTh2|192|DLinear,none,3,0.5536040219963957,0.5536040219963957,0.0
ETTh2|192|DLinear,revin,3,0.4275466676063255,0.5536040219963957,22.770310435152677
ETTh2|192|DLinear,san_lite,3,0.4299713190153785,0.5536040219963957,22.332334677623084
ETTh2|192|PatchTST,fredf,3,0.423998943553723,0.41432873663156117,-2.333945504427072
ETTh2|192|PatchTST,none,3,0.41432873663156117,0.41432873663156117,0.0
ETTh2|192|PatchTST,san_lite,3,0.4167350993738444,0.41432873663156117,-0.5807858662777404
ETTh2|192|TimesNet,fredf,3,0.4480706140608941,0.500448499328978,10.466188896222944
ETTh2|192|TimesNet,none,3,0.500448499328978,0.500448499328978,0.0
ETTh2|192|TimesNet,san_lite,3,0.4826883371010913,0.500448499328978,3.548849132668033
ETTh2|192|iTransformer,fredf,3,0.41549018994954046,0.42640949297105185,2.5607551430035085
ETTh2|192|iTransformer,none,3,0.42640949297105185,0.42640949297105185,0.0
ETTh2|192|iTransformer,san_lite,3,0.4298779204338883,0.42640949297105185,-0.8134029659306617
ETTh2|336|DLinear,fredf,3,0.5806705907048729,0.7001174072546982,17.060969390576982
ETTh2|336|DLinear,none,3,0.7001174072546982,0.7001174072546982,0.0
ETTh2|336|DLinear,revin,3,0.4912437370462877,0.7001174072546982,29.834091831461002
ETTh2|336|DLinear,san_lite,3,0.4942505164914969,0.7001174072546982,29.40462394306791
ETTh2|336|PatchTST,fredf,3,0.48617347564831265,0.4931222689127918,1.4091420531057088
ETTh2|336|PatchTST,none,3,0.4931222689127918,0.4931222689127918,0.0
ETTh2|336|PatchTST,san_lite,3,0.4841212007754691,0.4931222689127918,1.8253217720561998
ETTh2|336|TimesNet,fredf,3,0.49441137176613664,0.5355629579424691,7.683799927916788
ETTh2|336|TimesNet,none,3,0.5355629579424691,0.5355629579424691,0.0
ETTh2|336|TimesNet,san_lite,3,0.5188220023747757,0.5355629579424691,3.125861361287748
ETTh2|336|iTransformer,fredf,3,0.4806703464287776,0.5113184973922609,5.993945284551554
ETTh2|336|iTransformer,none,3,0.5113184973922609,0.5113184973922609,0.0
ETTh2|336|iTransformer,san_lite,3,0.5099760643611201,0.5113184973922609,0.2625434123715914
ETTh2|720|DLinear,fredf,3,0.7299687051392819,0.8748340995533986,16.559184705771102
ETTh2|720|DLinear,none,3,0.8748340995533986,0.8748340995533986,0.0
ETTh2|720|DLinear,revin,3,0.3942839553447474,0.8748340995533986,54.93043131880333
ETTh2|720|DLinear,san_lite,3,0.3946332586601451,0.8748340995533986,54.890503369541186
ETTh2|720|PatchTST,fredf,3,0.3982486389536107,0.40433410702804223,1.5050592984008402
ETTh2|720|PatchTST,none,3,0.40433410702804223,0.40433410702804223,0.0
ETTh2|720|PatchTST,san_lite,3,0.3997694416063819,0.40433410702804223,1.1289340528830931
ETTh2|720|TimesNet,fredf,3,0.43454831747137784,0.4663471869257277,6.818711540638983
ETTh2|720|TimesNet,none,3,0.4663471869257277,0.4663471869257277,0.0
ETTh2|720|TimesNet,san_lite,3,0.43791690542134304,0.4663471869257277,6.09637675565363
ETTh2|720|iTransformer,fredf,3,0.39400292224284456,0.4185650800932976,5.868181322000917
ETTh2|720|iTransformer,none,3,0.4185650800932976,0.4185650800932976,0.0
ETTh2|720|iTransformer,san_lite,3,0.46980358960177976,0.4185650800932976,-12.241467801628634
ETTm1|96|DLinear,fredf,3,0.3747038130976265,0.3819167686724173,1.8886197638987627
ETTm1|96|DLinear,none,3,0.3819167686724173,0.3819167686724173,0.0
ETTm1|96|DLinear,revin,3,0.3929275390413949,0.3819167686724173,-2.8830287832744723
ETTm1|96|DLinear,san_lite,3,0.4484215889048661,0.3819167686724173,-17.413432896289557
ETTm1|96|PatchTST,fredf,3,0.4189135427644242,0.37144471057309,-12.779514915718176
ETTm1|96|PatchTST,none,3,0.37144471057309,0.37144471057309,0.0
ETTm1|96|PatchTST,san_lite,3,0.4084477035510023,0.37144471057309,-9.961911402863054
ETTm1|96|TimesNet,fredf,3,0.3668639260431721,0.3648687794653341,-0.5468120842681089
ETTm1|96|TimesNet,none,3,0.3648687794653341,0.3648687794653341,0.0
ETTm1|96|TimesNet,san_lite,3,0.3660509239080189,0.3648687794653341,-0.32399166747483915
ETTm1|96|iTransformer,fredf,3,0.3640083161294359,0.3895028026517517,6.545392317782628
ETTm1|96|iTransformer,none,3,0.3895028026517517,0.3895028026517517,0.0
ETTm1|96|iTransformer,san_lite,3,0.3896515049524718,0.3895028026517517,-0.03817746617167949
ETTm1|192|DLinear,fredf,3,0.4164176552510887,0.4136002968033044,-0.6811790198313495
ETTm1|192|DLinear,none,3,0.4136002968033044,0.4136002968033044,0.0
ETTm1|192|DLinear,revin,3,0.4241303791518938,0.4136002968033044,-2.5459561876468286
ETTm1|192|DLinear,san_lite,3,0.514669351997886,0.4136002968033044,-24.436407801381954
ETTm1|192|PatchTST,fredf,3,0.4862430133646861,0.4044281820919548,-20.22975521872239
ETTm1|192|PatchTST,none,3,0.4044281820919548,0.4044281820919548,0.0
ETTm1|192|PatchTST,san_lite,3,0.4669760831133744,0.4044281820919548,-15.465762227024548
ETTm1|192|TimesNet,fredf,3,0.4366527727084048,0.4272689740922986,-2.1962274784967497
ETTm1|192|TimesNet,none,3,0.4272689740922986,0.4272689740922986,0.0
ETTm1|192|TimesNet,san_lite,3,0.4323629253160314,0.4272689740922986,-1.1922118226708407
ETTm1|192|iTransformer,fredf,3,0.4146950600265559,0.4268128572006168,2.8391359279894264
ETTm1|192|iTransformer,none,3,0.4268128572006168,0.4268128572006168,0.0
ETTm1|192|iTransformer,san_lite,3,0.4586424481507027,0.4268128572006168,-7.457505183618427
ETTm1|336|DLinear,fredf,3,0.4334376322814884,0.4356427076983862,0.5061660342136293
ETTm1|336|DLinear,none,3,0.4356427076983862,0.4356427076983862,0.0
ETTm1|336|DLinear,revin,3,0.4442130038608246,0.4356427076983862,-1.9672763966869726
ETTm1|336|DLinear,san_lite,3,0.5104082928809414,0.4356427076983862,-17.162133983043397
ETTm1|336|PatchTST,fredf,3,0.5237635631780877,0.4205013100527763,-24.55693969475414
ETTm1|336|PatchTST,none,3,0.4205013100527763,0.4205013100527763,0.0
ETTm1|336|PatchTST,san_lite,3,0.4739376370530154,0.4205013100527763,-12.707767068200667
ETTm1|336|TimesNet,fredf,3,0.4175908623934116,0.454543714455757,8.129658575653275
ETTm1|336|TimesNet,none,3,0.454543714455757,0.454543714455757,0.0
ETTm1|336|TimesNet,san_lite,3,0.4417453268656427,0.454543714455757,2.8156560487121176
ETTm1|336|iTransformer,fredf,3,0.4339665397622432,0.4420867553817302,1.8367923310607694
ETTm1|336|iTransformer,none,3,0.4420867553817302,0.4420867553817302,0.0
ETTm1|336|iTransformer,san_lite,3,0.4653860548782382,0.4420867553817302,-5.270300277688634
ETTm1|720|DLinear,fredf,3,0.5078683529122173,0.5096463528411843,0.3488693520624581
ETTm1|720|DLinear,none,3,0.5096463528411843,0.5096463528411843,0.0
ETTm1|720|DLinear,revin,3,0.5241489509536057,0.5096463528411843,-2.845619914980668
ETTm1|720|DLinear,san_lite,3,0.5691072550492431,0.5096463528411843,-11.667090694669985
ETTm1|720|PatchTST,fredf,3,0.6051968409775613,0.5022976430344265,-20.4857019279468
ETTm1|720|PatchTST,none,3,0.5022976430344265,0.5022976430344265,0.0
ETTm1|720|PatchTST,san_lite,3,0.5374182518116645,0.5022976430344265,-6.991991554065663
ETTm1|720|TimesNet,fredf,3,0.5525679044195015,0.5734016202365525,3.6333548915428886
ETTm1|720|TimesNet,none,3,0.5734016202365525,0.5734016202365525,0.0
ETTm1|720|TimesNet,san_lite,3,0.4933040911448308,0.5734016202365525,13.968835501141077
ETTm1|720|iTransformer,fredf,3,0.5223745281578771,0.5724283160331227,8.74411458575528
ETTm1|720|iTransformer,none,3,0.5724283160331227,0.5724283160331227,0.0
ETTm1|720|iTransformer,san_lite,3,0.5415205333288741,0.5724283160331227,5.399415409502597
ETTm2|96|DLinear,fredf,3,0.2117170964868449,0.2276733608266873,7.00840198515313
ETTm2|96|DLinear,none,3,0.2276733608266873,0.2276733608266873,0.0
ETTm2|96|DLinear,revin,3,0.2137715151030296,0.2276733608266873,6.106048451685239
ETTm2|96|DLinear,san_lite,3,0.2182807206588324,0.2276733608266873,4.1254893122981136
ETTm2|96|PatchTST,fredf,3,0.2140720503101612,0.205855488190834,-3.991422425284191
ETTm2|96|PatchTST,none,3,0.205855488190834,0.205855488190834,0.0
ETTm2|96|PatchTST,san_lite,3,0.2123200641213493,0.205855488190834,-3.140346651590097
ETTm2|96|TimesNet,fredf,3,0.2071671882323859,0.2182489798050321,5.077591465740591
ETTm2|96|TimesNet,none,3,0.2182489798050321,0.2182489798050321,0.0
ETTm2|96|TimesNet,san_lite,3,0.2194125010441948,0.2182489798050321,-0.5331164618510914
ETTm2|96|iTransformer,fredf,3,0.2053024801494866,0.2075780243808833,1.0962356146242722
ETTm2|96|iTransformer,none,3,0.2075780243808833,0.2075780243808833,0.0
ETTm2|96|iTransformer,san_lite,3,0.2162300397211842,0.2075780243808833,-4.168078661556869
ETTm2|192|DLinear,fredf,3,0.2961498264382654,0.3381216693990556,12.413236642119644
ETTm2|192|DLinear,none,3,0.3381216693990556,0.3381216693990556,0.0
ETTm2|192|DLinear,revin,3,0.291149483511811,0.3381216693990556,13.892095697601498
ETTm2|192|DLinear,san_lite,3,0.2949878966712718,0.3381216693990556,12.756879144849115
ETTm2|192|PatchTST,fredf,3,0.2958871515788401,0.2884773811218303,-2.5685793555788323
ETTm2|192|PatchTST,none,3,0.2884773811218303,0.2884773811218303,0.0
ETTm2|192|PatchTST,san_lite,3,0.2907459683997265,0.2884773811218303,-0.786400399599482
ETTm2|192|TimesNet,fredf,3,0.2957788300410843,0.3149039187059554,6.073309199663962
ETTm2|192|TimesNet,none,3,0.3149039187059554,0.3149039187059554,0.0
ETTm2|192|TimesNet,san_lite,3,0.3136678398088615,0.3149039187059554,0.3925257272673476
ETTm2|192|iTransformer,fredf,3,0.2902962010058178,0.3114435665070841,6.790111524357098
ETTm2|192|iTransformer,none,3,0.3114435665070841,0.3114435665070841,0.0
ETTm2|192|iTransformer,san_lite,3,0.3131307755678305,0.3114435665070841,-0.5417382929655084
ETTm2|336|DLinear,fredf,3,0.3812874483280394,0.4644255136747438,17.901270041966164
ETTm2|336|DLinear,none,3,0.4644255136747438,0.4644255136747438,0.0
ETTm2|336|DLinear,revin,3,0.3591196131856174,0.4644255136747438,22.67444345507607
ETTm2|336|DLinear,san_lite,3,0.3625371011938029,0.4644255136747438,21.938590684812702
ETTm2|336|PatchTST,fredf,3,0.3641321622988099,0.3564237198871877,-2.1627186916914596
ETTm2|336|PatchTST,none,3,0.3564237198871877,0.3564237198871877,0.0
ETTm2|336|PatchTST,san_lite,3,0.3603505592010951,0.3564237198871877,-1.1017334410712918
ETTm2|336|TimesNet,fredf,3,0.364260990782197,0.3739772160136,2.5980794592175616
ETTm2|336|TimesNet,none,3,0.3739772160136,0.3739772160136,0.0
ETTm2|336|TimesNet,san_lite,3,0.3737761871407456,0.3739772160136,0.05375431022169042
ETTm2|336|iTransformer,fredf,3,0.3559889714684056,0.369522640474614,3.662473560165564
ETTm2|336|iTransformer,none,3,0.369522640474614,0.369522640474614,0.0
ETTm2|336|iTransformer,san_lite,3,0.3710347374524992,0.369522640474614,-0.40920279632747314
ETTm2|720|DLinear,fredf,3,0.5063072449522982,0.6416677730745184,21.095110866118013
ETTm2|720|DLinear,none,3,0.6416677730745184,0.6416677730745184,0.0
ETTm2|720|DLinear,revin,3,0.4503622446623124,0.6416677730745184,29.81379717662542
ETTm2|720|DLinear,san_lite,3,0.4517269791421233,0.6416677730745184,29.601111650395573
ETTm2|720|PatchTST,fredf,3,0.4592158566754384,0.4418699338114644,-3.9255721054275488
ETTm2|720|PatchTST,none,3,0.4418699338114644,0.4418699338114644,0.0
ETTm2|720|PatchTST,san_lite,3,0.4516293381637249,0.4418699338114644,-2.2086599710639367
ETTm2|720|TimesNet,fredf,3,0.4582812410175111,0.5608079047577638,18.281957666866017
ETTm2|720|TimesNet,none,3,0.5608079047577638,0.5608079047577638,0.0
ETTm2|720|TimesNet,san_lite,3,0.480352237174114,0.5608079047577638,14.346386151315377
ETTm2|720|iTransformer,fredf,3,0.4485740657528865,0.4557044552446794,1.5646960238658212
ETTm2|720|iTransformer,none,3,0.4557044552446794,0.4557044552446794,0.0
ETTm2|720|iTransformer,san_lite,3,0.4639579389073558,0.4557044552446794,-1.8111483369731185
Electricity|96|DLinear,fredf,3,0.2178934081937744,0.2207132975812616,1.2776255071124485
Electricity|96|DLinear,none,3,0.2207132975812616,0.2207132975812616,0.0
Electricity|96|DLinear,revin,3,0.2240960831410768,0.2207132975812616,-1.5326605133837616
Electricity|96|DLinear,san_lite,3,0.2464968751877968,0.2207132975812616,-11.68193212148547
Electricity|96|PatchTST,fredf,3,0.2721420653013073,0.2142282050010043,-27.033723360577795
Electricity|96|PatchTST,none,3,0.2142282050010043,0.2142282050010043,0.0
Electricity|96|PatchTST,san_lite,3,0.2353858018916101,0.2142282050010043,-9.876195756066105
Electricity|96|TimesNet,fredf,3,0.1936015291849181,0.1867295040288648,-3.6802031857756288
Electricity|96|TimesNet,none,3,0.1867295040288648,0.1867295040288648,0.0
Electricity|96|TimesNet,san_lite,3,0.1935023245009656,0.1867295040288648,-3.6270757036091457
Electricity|96|iTransformer,fredf,3,0.184048400410549,0.1780827458913905,-3.3499340372912125
Electricity|96|iTransformer,none,3,0.1780827458913905,0.1780827458913905,0.0
Electricity|96|iTransformer,san_lite,3,0.189811574806589,0.1780827458913905,-6.586168051536953
Electricity|192|DLinear,fredf,3,0.1816534934698179,0.1857637789186821,2.21264095336016
Electricity|192|DLinear,none,3,0.1857637789186821,0.1857637789186821,0.0
Electricity|192|DLinear,revin,3,0.1885461514127987,0.1857637789186821,-1.4978014068795373
Electricity|192|DLinear,san_lite,3,0.199000944306867,0.1857637789186821,-7.125805399328924
Electricity|192|PatchTST,fredf,3,0.3033577233463265,0.1843106462777296,-64.59045067272461
Electricity|192|PatchTST,none,3,0.1843106462777296,0.1843106462777296,0.0
Electricity|192|PatchTST,san_lite,3,0.1944314504496791,0.1843106462777296,-5.491166341362017
Electricity|192|TimesNet,fredf,3,0.23048619608278,0.2014369127623358,-14.421032829627329
Electricity|192|TimesNet,none,3,0.2014369127623358,0.2014369127623358,0.0
Electricity|192|TimesNet,san_lite,3,0.2088107897905073,0.2014369127623358,-3.6606384237389107
Electricity|192|iTransformer,fredf,3,0.1737444161408398,0.1724534318871942,-0.748598760557031
Electricity|192|iTransformer,none,3,0.1724534318871942,0.1724534318871942,0.0
Electricity|192|iTransformer,san_lite,3,0.1801937233152337,0.1724534318871942,-4.488337137356946
Electricity|336|DLinear,fredf,3,0.2544173585384807,0.2567906354919688,0.9242069707648379
Electricity|336|DLinear,none,3,0.2567906354919688,0.2567906354919688,0.0
Electricity|336|DLinear,revin,3,0.2643031642438125,0.2567906354919688,-2.9255462285261853
Electricity|336|DLinear,san_lite,3,0.2832014822466268,0.2567906354919688,-10.284972699280539
Electricity|336|PatchTST,fredf,3,0.4567089478998875,0.2577729408463097,-77.17489911875123
Electricity|336|PatchTST,none,3,0.2577729408463097,0.2577729408463097,0.0
Electricity|336|PatchTST,san_lite,3,0.2767858326279458,0.2577729408463097,-7.375829177109809
Electricity|336|TimesNet,fredf,3,0.2940906240581855,0.231865194614595,-26.836899581682026
Electricity|336|TimesNet,none,3,0.231865194614595,0.231865194614595,0.0
Electricity|336|TimesNet,san_lite,3,0.2981639382384506,0.231865194614595,-28.59365923119983
Electricity|336|iTransformer,fredf,3,0.2339906239930035,0.2226575985801966,-5.089889357054652
Electricity|336|iTransformer,none,3,0.2226575985801966,0.2226575985801966,0.0
Electricity|336|iTransformer,san_lite,3,0.2367538891140371,0.2226575985801966,-6.330927228052055
Electricity|720|DLinear,fredf,3,0.2661719459977151,0.267440572747521,0.4743583730668773
Electricity|720|DLinear,none,3,0.267440572747521,0.267440572747521,0.0
Electricity|720|DLinear,revin,3,0.2816572829160103,0.267440572747521,-5.315838962815368
Electricity|720|DLinear,san_lite,3,0.2978693871802055,0.267440572747521,-11.377785397360425
Electricity|720|PatchTST,fredf,3,0.5916569312338786,0.2773862689376851,-113.29712299738763
Electricity|720|PatchTST,none,3,0.2773862689376851,0.2773862689376851,0.0
Electricity|720|PatchTST,san_lite,3,0.293092532012287,0.2773862689376851,-5.662235241402793
Electricity|720|TimesNet,fredf,3,0.3141105683271669,0.3155439694178376,0.45426350353494166
Electricity|720|TimesNet,none,3,0.3155439694178376,0.3155439694178376,0.0
Electricity|720|TimesNet,san_lite,3,0.3171569481412827,0.3155439694178376,-0.5111739978491705
Electricity|720|iTransformer,fredf,3,0.2617203013032252,0.2437280803421188,-7.3820878315912175
Electricity|720|iTransformer,none,3,0.2437280803421188,0.2437280803421188,0.0
Electricity|720|iTransformer,san_lite,3,0.2549321218258512,0.2437280803421188,-4.5969432278814075
Exchange|96|DLinear,fredf,3,0.11888817035431391,0.11468317760712027,-3.666616878718725
Exchange|96|DLinear,none,3,0.11468317760712027,0.11468317760712027,0.0
Exchange|96|DLinear,revin,3,0.10707223266805588,0.11468317760712027,6.636496387585143
Exchange|96|DLinear,san_lite,3,0.12417739578078103,0.11468317760712027,-8.278649381503799
Exchange|96|PatchTST,fredf,3,0.12100787387712847,0.10270724450588074,-17.818245888389967
Exchange|96|PatchTST,none,3,0.10270724450588074,0.10270724450588074,0.0
Exchange|96|PatchTST,san_lite,3,0.10570855832632943,0.10270724450588074,-2.9222026497622955
Exchange|96|TimesNet,fredf,3,0.13035831419315289,0.13888045378054958,6.136313178284155
Exchange|96|TimesNet,none,3,0.13888045378054958,0.13888045378054958,0.0
Exchange|96|TimesNet,san_lite,3,0.12756899606094754,0.13888045378054958,8.144744211072148
Exchange|96|iTransformer,fredf,3,0.10808226468798643,0.11605085046610564,6.866460474967869
Exchange|96|iTransformer,none,3,0.11605085046610564,0.11605085046610564,0.0
Exchange|96|iTransformer,san_lite,3,0.11505264292713724,0.11605085046610564,0.8601466813549461
Exchange|192|DLinear,fredf,3,0.22007948667022004,0.22963181025942792,4.159843350281515
Exchange|192|DLinear,none,3,0.22963181025942792,0.22963181025942792,0.0
Exchange|192|DLinear,revin,3,0.22138341842367504,0.22963181025942792,3.5920074951437293
Exchange|192|DLinear,san_lite,3,0.2429624943857729,0.22963181025942792,-5.805242797713675
Exchange|192|PatchTST,fredf,3,0.25244881356678467,0.2259966547575796,-11.704668300324874
Exchange|192|PatchTST,none,3,0.2259966547575796,0.2259966547575796,0.0
Exchange|192|PatchTST,san_lite,3,0.2288491276586192,0.2259966547575796,-1.2621748335608631
Exchange|192|TimesNet,fredf,3,0.25988051643429966,0.2629917428032929,1.183012947794455
Exchange|192|TimesNet,none,3,0.2629917428032929,0.2629917428032929,0.0
Exchange|192|TimesNet,san_lite,3,0.2628421855583794,0.2629917428032929,0.05686765801820762
Exchange|192|iTransformer,fredf,3,0.23325455556035998,0.2376711173303012,1.858266086157761
Exchange|192|iTransformer,none,3,0.2376711173303012,0.2376711173303012,0.0
Exchange|192|iTransformer,san_lite,3,0.23839591743678312,0.2376711173303012,-0.3049592708712048
Exchange|336|DLinear,fredf,3,0.36331163105398473,0.39663429771390984,8.401357838186897
Exchange|336|DLinear,none,3,0.39663429771390984,0.39663429771390984,0.0
Exchange|336|DLinear,revin,3,0.40565894471125596,0.39663429771390984,-2.2753067622648073
Exchange|336|DLinear,san_lite,3,0.4291505777423305,0.39663429771390984,-8.19805050038171
Exchange|336|PatchTST,fredf,3,0.45212934338745187,0.41464481564184186,-9.040153483551101
Exchange|336|PatchTST,none,3,0.41464481564184186,0.41464481564184186,0.0
Exchange|336|PatchTST,san_lite,3,0.4270787008567554,0.41464481564184186,-2.9986833901846235
Exchange|336|TimesNet,fredf,3,0.4660859825238403,0.48135702847798906,3.172498800409027
Exchange|336|TimesNet,none,3,0.48135702847798906,0.48135702847798906,0.0
Exchange|336|TimesNet,san_lite,3,0.47458847352363764,0.48135702847798906,1.4061402563816348
Exchange|336|iTransformer,fredf,3,0.42637326429190736,0.42205219407328837,-1.0238236595610852
Exchange|336|iTransformer,none,3,0.42205219407328837,0.42205219407328837,0.0
Exchange|336|iTransformer,san_lite,3,0.44248392292473043,0.42205219407328837,-4.841043154935985
Exchange|720|DLinear,fredf,3,0.7290678638198256,1.0571354775400887,31.033639556177146
Exchange|720|DLinear,none,3,1.0571354775400887,1.0571354775400887,0.0
Exchange|720|DLinear,revin,3,1.0922451944467604,1.0571354775400887,-3.321212621524208
Exchange|720|DLinear,san_lite,3,1.1024048157005184,1.0571354775400887,-4.282264584078624
Exchange|720|PatchTST,fredf,3,1.143941967264696,1.0667119929333049,-7.240002441429366
Exchange|720|PatchTST,none,3,1.0667119929333049,1.0667119929333049,0.0
Exchange|720|PatchTST,san_lite,3,1.0925708367998725,1.0667119929333049,-2.4241636015977996
Exchange|720|TimesNet,fredf,3,1.2876793585391935,1.2762979921475324,-0.8917483582741137
Exchange|720|TimesNet,none,3,1.2762979921475324,1.2762979921475324,0.0
Exchange|720|TimesNet,san_lite,3,1.2697977564200533,1.2762979921475324,0.5093039217699917
Exchange|720|iTransformer,fredf,3,1.1070173307225575,1.0833066086168024,-2.1887360343928517
Exchange|720|iTransformer,none,3,1.0833066086168024,1.0833066086168024,0.0
Exchange|720|iTransformer,san_lite,3,1.1670516150957981,1.0833066086168024,-7.730498993809685
ILI|24|DLinear,fredf,3,4.967817137332635,4.964304380301112,-0.0707603072338276
ILI|24|DLinear,none,3,4.964304380301112,4.964304380301112,0.0
ILI|24|DLinear,revin,3,5.00820082798948,4.964304380301112,-0.8842416646036872
ILI|24|DLinear,san_lite,3,5.84694901990846,4.964304380301112,-17.779825167646372
ILI|24|PatchTST,fredf,3,3.324832650905007,3.3018567969485155,-0.6958464697113799
ILI|24|PatchTST,none,3,3.3018567969485155,3.3018567969485155,0.0
ILI|24|PatchTST,san_lite,3,3.7813286222997498,3.3018567969485155,-14.521278627054595
ILI|24|TimesNet,fredf,3,3.319649613538042,3.2990063265703413,-0.6257425698592624
ILI|24|TimesNet,none,3,3.2990063265703413,3.2990063265703413,0.0
ILI|24|TimesNet,san_lite,3,4.035050196963755,3.2990063265703413,-22.311077868062387
ILI|24|iTransformer,fredf,3,2.8049865904308504,2.77240897783267,-1.1750651818927533
ILI|24|iTransformer,none,3,2.77240897783267,2.77240897783267,0.0
ILI|24|iTransformer,san_lite,3,3.0994139606322673,2.77240897783267,-11.794976333370318
ILI|36|DLinear,fredf,3,4.1356420345151825,4.116991043218564,-0.45302482081761547
ILI|36|DLinear,none,3,4.116991043218564,4.116991043218564,0.0
ILI|36|DLinear,revin,3,4.0730735339879525,4.116991043218564,1.0667380319651663
ILI|36|DLinear,san_lite,3,5.524760480751333,4.116991043218564,-34.19413408371683
ILI|36|PatchTST,fredf,3,2.735189840388182,2.7530044556686017,0.6470972193211885
ILI|36|PatchTST,none,3,2.7530044556686017,2.7530044556686017,0.0
ILI|36|PatchTST,san_lite,3,4.096451594867722,2.7530044556686017,-48.79930856751365
ILI|36|TimesNet,fredf,3,2.6399064289175027,2.691275032436398,1.9087088052978234
ILI|36|TimesNet,none,3,2.691275032436398,2.691275032436398,0.0
ILI|36|TimesNet,san_lite,3,3.9695044600486944,2.691275032436398,-47.495310297406554
ILI|36|iTransformer,fredf,3,2.3874569658408826,2.306451854842497,-3.5121093392134775
ILI|36|iTransformer,none,3,2.306451854842497,2.306451854842497,0.0
ILI|36|iTransformer,san_lite,3,3.001647844979484,2.306451854842497,-30.14136144560714
ILI|48|DLinear,fredf,3,3.1799564185311517,3.1141925808864457,-2.1117460123800877
ILI|48|DLinear,none,3,3.1141925808864457,3.1141925808864457,0.0
ILI|48|DLinear,revin,3,2.9574642524586525,3.1141925808864457,5.032711508906778
ILI|48|DLinear,san_lite,3,3.9218638673713095,3.1141925808864457,-25.935174704416085
ILI|48|PatchTST,fredf,3,2.3469802084423246,2.259311764052081,-3.8803163770992812
ILI|48|PatchTST,none,3,2.259311764052081,2.259311764052081,0.0
ILI|48|PatchTST,san_lite,3,3.0188297989006068,2.259311764052081,-33.61723011995159
ILI|48|TimesNet,fredf,3,2.2226567420785286,2.1654464506434214,-2.641962881054306
ILI|48|TimesNet,none,3,2.1654464506434214,2.1654464506434214,0.0
ILI|48|TimesNet,san_lite,3,3.1370521217979905,2.1654464506434214,-44.86860761973009
ILI|48|iTransformer,fredf,3,2.0908343687760467,2.1570640931209293,3.070364230534231
ILI|48|iTransformer,none,3,2.1570640931209293,2.1570640931209293,0.0
ILI|48|iTransformer,san_lite,3,2.2670783582887695,2.1570640931209293,-5.100185271206616
ILI|60|DLinear,fredf,3,2.859450635478497,2.8302143012875773,-1.033007789467359
ILI|60|DLinear,none,3,2.8302143012875773,2.8302143012875773,0.0
ILI|60|DLinear,revin,3,2.6449659842333224,2.8302143012875773,6.545381279784293
ILI|60|DLinear,san_lite,3,2.5722908186308158,2.8302143012875773,9.113213884172017
ILI|60|PatchTST,fredf,3,2.180972784476607,2.09275039495718,-4.215619298508463
ILI|60|PatchTST,none,3,2.09275039495718,2.09275039495718,0.0
ILI|60|PatchTST,san_lite,3,2.1494508512379915,2.09275039495718,-2.7093750127793768
ILI|60|TimesNet,fredf,3,2.0425110028214264,1.9308497477018334,-5.783011094078979
ILI|60|TimesNet,none,3,1.9308497477018334,1.9308497477018334,0.0
ILI|60|TimesNet,san_lite,3,2.272219766753738,1.9308497477018334,-17.679781632838885
ILI|60|iTransformer,fredf,3,1.8866715916749062,1.9152232387229127,1.4907738414371468
ILI|60|iTransformer,none,3,1.9152232387229127,1.9152232387229127,0.0
ILI|60|iTransformer,san_lite,3,1.9526312431546924,1.9152232387229127,-1.9531929059467605
Weather|96|DLinear,fredf,3,0.2240519991065012,0.2256839094853619,0.7230955820386276
Weather|96|DLinear,none,3,0.2256839094853619,0.2256839094853619,0.0
Weather|96|DLinear,revin,3,0.2257421549632951,0.2256839094853619,-0.025808431831062018
Weather|96|DLinear,san_lite,3,0.2314234110234282,0.2256839094853619,-2.5431593910059256
Weather|96|PatchTST,fredf,3,0.2112828611983883,0.2123851316560738,0.5189960564049655
Weather|96|PatchTST,none,3,0.2123851316560738,0.2123851316560738,0.0
Weather|96|PatchTST,revin,3,0.2123724633919379,0.2123851316560738,0.005964760356396052
Weather|96|PatchTST,san_lite,3,0.2135115056755493,0.2123851316560738,-0.5303450437855911
Weather|96|TimesNet,fredf,3,0.1821185619080701,0.1864105441157191,2.302435319852213
Weather|96|TimesNet,none,3,0.1864105441157191,0.1864105441157191,0.0
Weather|96|TimesNet,revin,3,0.18644758383208,0.1864105441157191,-0.019869968480904516
Weather|96|TimesNet,san_lite,3,0.1939563803620216,0.1864105441157191,-4.047966429204888
Weather|96|iTransformer,fredf,3,0.1935148342411072,0.1946583766554697,0.5874611891922307
Weather|96|iTransformer,none,3,0.1946583766554697,0.1946583766554697,0.0
Weather|96|iTransformer,revin,3,0.1947697952241061,0.1946583766554697,-0.05723800359929656
Weather|96|iTransformer,san_lite,3,0.195815217596025,0.1946583766554697,-0.5942929148139419
Weather|192|DLinear,fredf,3,0.2455396579986508,0.2482016849831679,1.072525750458793
Weather|192|DLinear,none,3,0.2482016849831679,0.2482016849831679,0.0
Weather|192|DLinear,revin,3,0.2554063982256554,0.2482016849831679,-2.9027656451954096
Weather|192|DLinear,san_lite,3,0.2569324723539765,0.2482016849831679,-3.517618090062799
Weather|192|PatchTST,fredf,3,0.2610884711216572,0.2486550254376493,-5.000279267279709
Weather|192|PatchTST,none,3,0.2486550254376493,0.2486550254376493,0.0
Weather|192|PatchTST,san_lite,3,0.2507391311287019,0.2486550254376493,-0.8381514459176583
Weather|192|TimesNet,fredf,3,0.2405875421227893,0.2377931732100852,-1.1751257931342431
Weather|192|TimesNet,none,3,0.2377931732100852,0.2377931732100852,0.0
Weather|192|TimesNet,san_lite,3,0.2507698395381658,0.2377931732100852,-5.4571231599722925
Weather|192|iTransformer,fredf,3,0.2435505299413156,0.2463123663336388,1.1212739471562654
Weather|192|iTransformer,none,3,0.2463123663336388,0.2463123663336388,0.0
Weather|192|iTransformer,san_lite,3,0.247530297396484,0.2463123663336388,-0.494466063955342
Weather|336|DLinear,fredf,3,0.3208783871473258,0.324174928022549,1.0169018607737255
Weather|336|DLinear,none,3,0.324174928022549,0.324174928022549,0.0
Weather|336|DLinear,revin,3,0.3383712819214802,0.324174928022549,-4.3792263595239325
Weather|336|DLinear,san_lite,3,0.3452704143460527,0.324174928022549,-6.507439194074983
Weather|336|PatchTST,fredf,3,0.3375395553862393,0.3328623338258772,-1.4051519457316517
Weather|336|PatchTST,none,3,0.3328623338258772,0.3328623338258772,0.0
Weather|336|PatchTST,san_lite,3,0.335869288055332,0.3328623338258772,-0.9033627190235813
Weather|336|TimesNet,fredf,3,0.3238935550936176,0.3169157613857927,-2.2017818480572844
Weather|336|TimesNet,none,3,0.3169157613857927,0.3169157613857927,0.0
Weather|336|TimesNet,san_lite,3,0.3344679447906596,0.3169157613857927,-5.538438141452998
Weather|336|iTransformer,fredf,3,0.3286653220800242,0.3279897904553436,-0.2059611745056945
Weather|336|iTransformer,none,3,0.3279897904553436,0.3279897904553436,0.0
Weather|336|iTransformer,san_lite,3,0.3300905297543237,0.3279897904553436,-0.6404892347605254
Weather|720|DLinear,fredf,3,0.3919111892531883,0.3956375771787981,0.9418690590974286
Weather|720|DLinear,none,3,0.3956375771787981,0.3956375771787981,0.0
Weather|720|DLinear,revin,3,0.4204683618991338,0.3956375771787981,-6.2761441664359525
Weather|720|DLinear,san_lite,3,0.4250998217259313,0.3956375771787981,-7.446776101810598
Weather|720|PatchTST,fredf,3,0.4232980504906161,0.4179585235466915,-1.2775255541183126
Weather|720|PatchTST,none,3,0.4179585235466915,0.4179585235466915,0.0
Weather|720|PatchTST,revin,3,0.4179685666958093,0.4179585235466915,-0.0024029056836944386
Weather|720|PatchTST,san_lite,3,0.417348652470709,0.4179585235466915,0.1459166500080603
Weather|720|TimesNet,fredf,3,0.4182703622997414,0.4462197697949958,6.263596861271973
Weather|720|TimesNet,none,3,0.4462197697949958,0.4462197697949958,0.0
Weather|720|TimesNet,revin,3,0.4144328657459507,0.4462197697949958,7.123598325472846
Weather|720|TimesNet,san_lite,3,0.4073968880023342,0.4462197697949958,8.70039483246064
Weather|720|iTransformer,fredf,3,0.4158080822175239,0.4197045104806462,0.9283741694031628
Weather|720|iTransformer,none,3,0.4197045104806462,0.4197045104806462,0.0
Weather|720|iTransformer,revin,3,0.4170014173029635,0.4197045104806462,0.6440467305407704
Weather|720|iTransformer,san_lite,3,0.4195153406271165,0.4197045104806462,0.04507215167001621
ETTh1|96|DLinear,fredf,4,0.4436002487014328,0.4490213976545719,1.2073253037507916
ETTh1|96|DLinear,none,4,0.4490213976545719,0.4490213976545719,0.0
ETTh1|96|DLinear,revin,4,0.45243901451212537,0.4490213976545719,-0.761125611252635
ETTh1|96|DLinear,san_lite,4,0.4653295752420643,0.4490213976545719,-3.6319377367486076
ETTh1|96|PatchTST,fredf,4,0.45009978130867817,0.44035821571084094,-2.2121911776102716
ETTh1|96|PatchTST,none,4,0.44035821571084094,0.44035821571084094,0.0
ETTh1|96|PatchTST,revin,4,0.4371655986766984,0.44035821571084094,0.7250045349986037
ETTh1|96|PatchTST,san_lite,4,0.4487574680491011,0.44035821571084094,-1.9073681467942665
ETTh1|96|TimesNet,fredf,4,0.4523085223848984,0.4592771199998416,1.5172969241197192
ETTh1|96|TimesNet,none,4,0.4592771199998416,0.4592771199998416,0.0
ETTh1|96|TimesNet,revin,4,0.4564521351606711,0.4592771199998416,0.6150937453996097
ETTh1|96|TimesNet,san_lite,4,0.47571644032461496,0.4592771199998416,-3.579390221916351
ETTh1|96|iTransformer,fredf,4,0.435321859477608,0.4470212160944527,2.617181510770338
ETTh1|96|iTransformer,none,4,0.4470212160944527,0.4470212160944527,0.0
ETTh1|96|iTransformer,revin,4,0.4415508713411746,0.4470212160944527,1.2237326901554206
ETTh1|96|iTransformer,san_lite,4,0.4630098503783095,0.4470212160944527,-3.576705916454417
ETTh1|192|DLinear,fredf,4,0.5145803530272339,0.519749205600086,0.9944897495099105
ETTh1|192|DLinear,none,4,0.519749205600086,0.519749205600086,0.0
ETTh1|192|DLinear,revin,4,0.5223099841515492,0.519749205600086,-0.49269503904418677
ETTh1|192|DLinear,san_lite,4,0.5338034076674322,0.519749205600086,-2.7040353147090745
ETTh1|192|PatchTST,fredf,4,0.5244244904310281,0.5039117476834803,-4.070701435687176
ETTh1|192|PatchTST,none,4,0.5039117476834803,0.5039117476834803,0.0
ETTh1|192|PatchTST,san_lite,4,0.5113907680530164,0.5039117476834803,-1.4841925007538883
ETTh1|192|TimesNet,fredf,4,0.5124236769570331,0.58061334485897,11.744419673733141
ETTh1|192|TimesNet,none,4,0.58061334485897,0.58061334485897,0.0
ETTh1|192|TimesNet,san_lite,4,0.6315101842138473,0.58061334485897,-8.766047113030115
ETTh1|192|iTransformer,fredf,4,0.5095081985026658,0.5280529934066145,3.5119192837656534
ETTh1|192|iTransformer,none,4,0.5280529934066145,0.5280529934066145,0.0
ETTh1|192|iTransformer,san_lite,4,0.5612055974172715,0.5280529934066145,-6.278272147797227
ETTh1|336|DLinear,fredf,4,0.5370596406743072,0.5425033470127366,1.0034419821379617
ETTh1|336|DLinear,none,4,0.5425033470127366,0.5425033470127366,0.0
ETTh1|336|DLinear,revin,4,0.5440384824398893,0.5425033470127366,-0.28297252645643606
ETTh1|336|DLinear,san_lite,4,0.5561561837010326,0.5425033470127366,-2.5166363974479666
ETTh1|336|PatchTST,fredf,4,0.5558219503168162,0.5320230909697304,-4.473275643676874
ETTh1|336|PatchTST,none,4,0.5320230909697304,0.5320230909697304,0.0
ETTh1|336|PatchTST,san_lite,4,0.5288526316189867,0.5320230909697304,0.5959251401973764
ETTh1|336|TimesNet,fredf,4,0.546523629461683,0.6080113704237623,10.11292616439468
ETTh1|336|TimesNet,none,4,0.6080113704237623,0.6080113704237623,0.0
ETTh1|336|TimesNet,san_lite,4,0.6142014151696649,0.6080113704237623,-1.0180804253032845
ETTh1|336|iTransformer,fredf,4,0.5219660446493419,0.5552656998317034,5.997066844297119
ETTh1|336|iTransformer,none,4,0.5552656998317034,0.5552656998317034,0.0
ETTh1|336|iTransformer,san_lite,4,0.5686891034120092,0.5552656998317034,-2.4174739380398123
ETTh1|720|DLinear,fredf,4,0.6093137514609634,0.618816256497039,1.5355939564139416
ETTh1|720|DLinear,none,4,0.618816256497039,0.618816256497039,0.0
ETTh1|720|DLinear,revin,4,0.5550313103459911,0.618816256497039,10.307574418312509
ETTh1|720|DLinear,san_lite,4,0.5621739665914433,0.618816256497039,9.153329330136426
ETTh1|720|PatchTST,fredf,4,0.6253096197138706,0.5663206033816479,-10.416187576433535
ETTh1|720|PatchTST,none,4,0.5663206033816479,0.5663206033816479,0.0
ETTh1|720|PatchTST,revin,4,0.5533224342118782,0.5663206033816479,2.295196235516463
ETTh1|720|PatchTST,san_lite,4,0.5398393975554722,0.5663206033816479,4.676009607994052
ETTh1|720|TimesNet,fredf,4,0.5994248082734344,0.7797495670884184,23.12598383200338
ETTh1|720|TimesNet,none,4,0.7797495670884184,0.7797495670884184,0.0
ETTh1|720|TimesNet,revin,4,0.8877016812410804,0.7797495670884184,-13.844459645646841
ETTh1|720|TimesNet,san_lite,4,0.7493430862286564,0.7797495670884184,3.899518786948432
ETTh1|720|iTransformer,fredf,4,0.5466455760046186,0.5920747786752377,7.672882599773388
ETTh1|720|iTransformer,none,4,0.5920747786752377,0.5920747786752377,0.0
ETTh1|720|iTransformer,revin,4,0.6225915460174727,0.5920747786752377,-5.154208292830168
ETTh1|720|iTransformer,san_lite,4,0.5869392277492887,0.5920747786752377,0.8673821468024232
ETTh2|96|DLinear,fredf,4,0.3822706971509362,0.4595356450514585,16.813700685149293
ETTh2|96|DLinear,none,4,0.4595356450514585,0.4595356450514585,0.0
ETTh2|96|DLinear,revin,4,0.37289012384697995,0.4595356450514585,18.855016392640454
ETTh2|96|DLinear,san_lite,4,0.37358716777489615,0.4595356450514585,18.703331983515206
ETTh2|96|PatchTST,fredf,4,0.3637336918451526,0.3711998302108508,2.0113528504194766
ETTh2|96|PatchTST,none,4,0.3711998302108508,0.3711998302108508,0.0
ETTh2|96|PatchTST,san_lite,4,0.36973772983339753,0.3711998302108508,0.3938849801258658
ETTh2|96|TimesNet,fredf,4,0.3839124361709767,0.4168557406174798,7.902806951322027
ETTh2|96|TimesNet,none,4,0.4168557406174798,0.4168557406174798,0.0
ETTh2|96|TimesNet,san_lite,4,0.4036605583207707,0.4168557406174798,3.1654073606287336
ETTh2|96|iTransformer,fredf,4,0.36957072903068827,0.36715747763560325,-0.6572796530321877
ETTh2|96|iTransformer,none,4,0.36715747763560325,0.36715747763560325,0.0
ETTh2|96|iTransformer,san_lite,4,0.3715986067093769,0.36715747763560325,-1.2095978821875928
ETTh2|192|DLinear,fredf,4,0.5330108252140557,0.657079478499501,18.881833529296483
ETTh2|192|DLinear,none,4,0.657079478499501,0.657079478499501,0.0
ETTh2|192|DLinear,revin,4,0.49782163907306837,0.657079478499501,24.237226186109474
ETTh2|192|DLinear,san_lite,4,0.5006334254703979,0.657079478499501,23.809304376140535
ETTh2|192|PatchTST,fredf,4,0.49070758101744977,0.4877425291599993,-0.607913331354745
ETTh2|192|PatchTST,none,4,0.4877425291599993,0.4877425291599993,0.0
ETTh2|192|PatchTST,san_lite,4,0.48634255826220785,0.4877425291599993,0.287030720942572
ETTh2|192|TimesNet,fredf,4,0.5026804651927973,0.5537524971115118,9.22289871108786
ETTh2|192|TimesNet,none,4,0.5537524971115118,0.5537524971115118,0.0
ETTh2|192|TimesNet,san_lite,4,0.5589265042343459,0.5537524971115118,-0.934353732005329
ETTh2|192|iTransformer,fredf,4,0.4841211626165142,0.4962152079804773,2.4372581028268074
ETTh2|192|iTransformer,none,4,0.4962152079804773,0.4962152079804773,0.0
ETTh2|192|iTransformer,san_lite,4,0.49864312318640613,0.4962152079804773,-0.48928673827029384
ETTh2|336|DLinear,fredf,4,0.6191712733833803,0.7991395028630618,22.520251950368213
ETTh2|336|DLinear,none,4,0.7991395028630618,0.7991395028630618,0.0
ETTh2|336|DLinear,revin,4,0.5050072272964871,0.7991395028630618,36.80612390112022
ETTh2|336|DLinear,san_lite,4,0.5104184988428516,0.7991395028630618,36.12898661445404
ETTh2|336|PatchTST,fredf,4,0.5037596760682438,0.5101555984981231,1.2537199334298452
ETTh2|336|PatchTST,none,4,0.5101555984981231,0.5101555984981231,0.0
ETTh2|336|PatchTST,san_lite,4,0.5016024544947612,0.5101555984981231,1.6765755445087804
ETTh2|336|TimesNet,fredf,4,0.511898435545849,0.5498068781300836,6.894865104846041
ETTh2|336|TimesNet,none,4,0.5498068781300836,0.5498068781300836,0.0
ETTh2|336|TimesNet,san_lite,4,0.5316767489630411,0.5498068781300836,3.2975449904708034
ETTh2|336|iTransformer,fredf,4,0.5045991109180544,0.5345024422990549,5.594610803343996
ETTh2|336|iTransformer,none,4,0.5345024422990549,0.5345024422990549,0.0
ETTh2|336|iTransformer,san_lite,4,0.5402238394613342,0.5345024422990549,-1.0704155321853972
ETTh2|720|DLinear,fredf,4,1.0376286192674822,1.3387587814744066,22.493235254470765
ETTh2|720|DLinear,none,4,1.3387587814744066,1.3387587814744066,0.0
ETTh2|720|DLinear,revin,4,0.5783280356643683,1.3387587814744066,56.801177055403365
ETTh2|720|DLinear,san_lite,4,0.5744482160445524,1.3387587814744066,57.09098427635343
ETTh2|720|PatchTST,fredf,4,0.587336586631801,0.5839892865018853,-0.573178345439541
ETTh2|720|PatchTST,none,4,0.5839892865018853,0.5839892865018853,0.0
ETTh2|720|PatchTST,san_lite,4,0.5763194402719719,0.5839892865018853,1.3133539274078174
ETTh2|720|TimesNet,fredf,4,0.6197697307948107,0.5975744511693428,-3.714228341261209
ETTh2|720|TimesNet,none,4,0.5975744511693428,0.5975744511693428,0.0
ETTh2|720|TimesNet,san_lite,4,0.6081690382783093,0.5975744511693428,-1.7729317390050372
ETTh2|720|iTransformer,fredf,4,0.5656388582456794,0.5875048390514838,3.7218384177237787
ETTh2|720|iTransformer,none,4,0.5875048390514838,0.5875048390514838,0.0
ETTh2|720|iTransformer,san_lite,4,0.6528926591837747,0.5875048390514838,-11.129750052418023
ETTm1|96|DLinear,fredf,4,0.3605445542089067,0.3655854388261271,1.3788526789815225
ETTm1|96|DLinear,none,4,0.3655854388261271,0.3655854388261271,0.0
ETTm1|96|DLinear,revin,4,0.373364787849451,0.3655854388261271,-2.12791544660611
ETTm1|96|DLinear,san_lite,4,0.4162862202645821,0.3655854388261271,-13.868380973063967
ETTm1|96|PatchTST,fredf,4,0.4094276964628048,0.3532351791523719,-15.907961784914304
ETTm1|96|PatchTST,none,4,0.3532351791523719,0.3532351791523719,0.0
ETTm1|96|PatchTST,san_lite,4,0.3891928225238995,0.3532351791523719,-10.179519338309404
ETTm1|96|TimesNet,fredf,4,0.3548845269887276,0.3585073778303579,1.0105373182430373
ETTm1|96|TimesNet,none,4,0.3585073778303579,0.3585073778303579,0.0
ETTm1|96|TimesNet,san_lite,4,0.3650881507426323,0.3585073778303579,-1.835603203510176
ETTm1|96|iTransformer,fredf,4,0.3584858747197508,0.380856380045464,5.873737843919743
ETTm1|96|iTransformer,none,4,0.380856380045464,0.380856380045464,0.0
ETTm1|96|iTransformer,san_lite,4,0.384303542777257,0.380856380045464,-0.9051083065436543
ETTm1|192|DLinear,fredf,4,0.4183003410769059,0.4179546103227234,-0.08271968908669938
ETTm1|192|DLinear,none,4,0.4179546103227234,0.4179546103227234,0.0
ETTm1|192|DLinear,revin,4,0.4280317879990238,0.4179546103227234,-2.4110698691705568
ETTm1|192|DLinear,san_lite,4,0.4718319886705087,0.4179546103227234,-12.89072473831163
ETTm1|192|PatchTST,fredf,4,0.4969139166149707,0.4080523959594989,-21.776987841603493
ETTm1|192|PatchTST,none,4,0.4080523959594989,0.4080523959594989,0.0
ETTm1|192|PatchTST,san_lite,4,0.4448339773012528,0.4080523959594989,-9.013935883225315
ETTm1|192|TimesNet,fredf,4,0.4358241806942801,0.4236177218366713,-2.881479746570913
ETTm1|192|TimesNet,none,4,0.4236177218366713,0.4236177218366713,0.0
ETTm1|192|TimesNet,san_lite,4,0.4048352518675447,0.4236177218366713,4.433825357374518
ETTm1|192|iTransformer,fredf,4,0.4295278385562311,0.4275871529621744,-0.45386901374662414
ETTm1|192|iTransformer,none,4,0.4275871529621744,0.4275871529621744,0.0
ETTm1|192|iTransformer,san_lite,4,0.4416561366702398,0.4275871529621744,-3.29031955487913
ETTm1|336|DLinear,fredf,4,0.467800384377612,0.4701537582071171,0.5005540822388438
ETTm1|336|DLinear,none,4,0.4701537582071171,0.4701537582071171,0.0
ETTm1|336|DLinear,revin,4,0.4811828039867017,0.4701537582071171,-2.3458380555422473
ETTm1|336|DLinear,san_lite,4,0.5348128905144113,0.4701537582071171,-13.752763043704071
ETTm1|336|PatchTST,fredf,4,0.5274921814429158,0.4581902621935684,-15.125140136668788
ETTm1|336|PatchTST,none,4,0.4581902621935684,0.4581902621935684,0.0
ETTm1|336|PatchTST,san_lite,4,0.4998646581851827,0.4581902621935684,-9.095434676437632
ETTm1|336|TimesNet,fredf,4,0.4476182282342374,0.490043729316878,8.65749290206852
ETTm1|336|TimesNet,none,4,0.490043729316878,0.490043729316878,0.0
ETTm1|336|TimesNet,san_lite,4,0.4693030687740218,0.490043729316878,4.232410150777514
ETTm1|336|iTransformer,fredf,4,0.4754335101572686,0.4849207881406248,1.9564593260136587
ETTm1|336|iTransformer,none,4,0.4849207881406248,0.4849207881406248,0.0
ETTm1|336|iTransformer,san_lite,4,0.5008333745331811,0.4849207881406248,-3.281481590750395
ETTm1|720|DLinear,fredf,4,0.5432348947130514,0.5460758682785444,0.5202525382505678
ETTm1|720|DLinear,none,4,0.5460758682785444,0.5460758682785444,0.0
ETTm1|720|DLinear,revin,4,0.5655570775693411,0.5460758682785444,-3.5674913363612926
ETTm1|720|DLinear,san_lite,4,0.602941443553946,0.5460758682785444,-10.4134935415962
ETTm1|720|PatchTST,fredf,4,0.6189749268081317,0.5393919937040524,-14.754192504337382
ETTm1|720|PatchTST,none,4,0.5393919937040524,0.5393919937040524,0.0
ETTm1|720|PatchTST,san_lite,4,0.5684978051249607,0.5393919937040524,-5.396040682961591
ETTm1|720|TimesNet,fredf,4,0.5916562428596014,0.60931435905879,2.898030538204468
ETTm1|720|TimesNet,none,4,0.60931435905879,0.60931435905879,0.0
ETTm1|720|TimesNet,san_lite,4,0.5243188230750897,0.60931435905879,13.949373540940863
ETTm1|720|iTransformer,fredf,4,0.5575815131799616,0.6087069482209827,8.399022746568138
ETTm1|720|iTransformer,none,4,0.6087069482209827,0.6087069482209827,0.0
ETTm1|720|iTransformer,san_lite,4,0.576001671597508,0.6087069482209827,5.372910021654864
ETTm2|96|DLinear,fredf,4,0.2257784767416528,0.244960243744036,7.830563322931135
ETTm2|96|DLinear,none,4,0.244960243744036,0.244960243744036,0.0
ETTm2|96|DLinear,revin,4,0.2261054433569602,0.244960243744036,7.697085902142375
ETTm2|96|DLinear,san_lite,4,0.2367161447323087,0.244960243744036,3.3654844907574955
ETTm2|96|PatchTST,fredf,4,0.2373127048520079,0.2232518770704095,-6.298190172512578
ETTm2|96|PatchTST,none,4,0.2232518770704095,0.2232518770704095,0.0
ETTm2|96|PatchTST,san_lite,4,0.2313622324857921,0.2232518770704095,-3.6328274242571084
ETTm2|96|TimesNet,fredf,4,0.2311892346615149,0.2462588315949774,6.11941380370371
ETTm2|96|TimesNet,none,4,0.2462588315949774,0.2462588315949774,0.0
ETTm2|96|TimesNet,san_lite,4,0.2449580057145929,0.2462588315949774,0.5282352198129457
ETTm2|96|iTransformer,fredf,4,0.2264604125739408,0.2282013337951701,0.7628882760132834
ETTm2|96|iTransformer,none,4,0.2282013337951701,0.2282013337951701,0.0
ETTm2|96|iTransformer,san_lite,4,0.237670713555298,0.2282013337951701,-4.149572486122045
ETTm2|192|DLinear,fredf,4,0.3295460079695447,0.3880380769955796,15.07379623126552
ETTm2|192|DLinear,none,4,0.3880380769955796,0.3880380769955796,0.0
ETTm2|192|DLinear,revin,4,0.3288834107769096,0.3880380769955796,15.244551946211162
ETTm2|192|DLinear,san_lite,4,0.3311079233415355,0.3880380769955796,14.671280224567399
ETTm2|192|PatchTST,fredf,4,0.3320475259350231,0.3236580680407421,-2.592074390441261
ETTm2|192|PatchTST,none,4,0.3236580680407421,0.3236580680407421,0.0
ETTm2|192|PatchTST,san_lite,4,0.3292349083090548,0.3236580680407421,-1.723065425827934
ETTm2|192|TimesNet,fredf,4,0.343998763565488,0.3500389982193867,1.7255890585405669
ETTm2|192|TimesNet,none,4,0.3500389982193867,0.3500389982193867,0.0
ETTm2|192|TimesNet,san_lite,4,0.3541925359867894,0.3500389982193867,-1.1865928620900277
ETTm2|192|iTransformer,fredf,4,0.3307305291897696,0.3579437996723542,7.602665699893227
ETTm2|192|iTransformer,none,4,0.3579437996723542,0.3579437996723542,0.0
ETTm2|192|iTransformer,san_lite,4,0.3533914105933405,0.3579437996723542,1.271816716250073
ETTm2|336|DLinear,fredf,4,0.4125901659251793,0.5320626067620182,22.45458322356353
ETTm2|336|DLinear,none,4,0.5320626067620182,0.5320626067620182,0.0
ETTm2|336|DLinear,revin,4,0.3943310596878381,0.5320626067620182,25.886342194272054
ETTm2|336|DLinear,san_lite,4,0.3987827368568585,0.5320626067620182,25.049659233950518
ETTm2|336|PatchTST,fredf,4,0.3986270025677245,0.3879971343068861,-2.7396770029828894
ETTm2|336|PatchTST,none,4,0.3879971343068861,0.3879971343068861,0.0
ETTm2|336|PatchTST,san_lite,4,0.3962674420484496,0.3879971343068861,-2.131538356935934
ETTm2|336|TimesNet,fredf,4,0.4047036584829109,0.4090684377750061,1.0670046596202851
ETTm2|336|TimesNet,none,4,0.4090684377750061,0.4090684377750061,0.0
ETTm2|336|TimesNet,san_lite,4,0.4165659684325666,0.4090684377750061,-1.8328303934522165
ETTm2|336|iTransformer,fredf,4,0.3929270268826793,0.4096538257032844,4.083154549304877
ETTm2|336|iTransformer,none,4,0.4096538257032844,0.4096538257032844,0.0
ETTm2|336|iTransformer,san_lite,4,0.4007301247401687,0.4096538257032844,2.178351672365239
ETTm2|720|DLinear,fredf,4,0.5890100691702501,0.7693474283027961,23.440301806217214
ETTm2|720|DLinear,none,4,0.7693474283027961,0.7693474283027961,0.0
ETTm2|720|DLinear,revin,4,0.5371185841316544,0.7693474283027961,30.185171955854283
ETTm2|720|DLinear,san_lite,4,0.5403710417124226,0.7693474283027961,29.762416584078593
ETTm2|720|PatchTST,fredf,4,0.5440956290871385,0.5283058238514087,-2.9887622893536103
ETTm2|720|PatchTST,none,4,0.5283058238514087,0.5283058238514087,0.0
ETTm2|720|PatchTST,san_lite,4,0.5415340422550021,0.5283058238514087,-2.503894109506167
ETTm2|720|TimesNet,fredf,4,0.5502714272611173,0.6400509919955149,14.02693939345174
ETTm2|720|TimesNet,none,4,0.6400509919955149,0.6400509919955149,0.0
ETTm2|720|TimesNet,san_lite,4,0.5534968373985929,0.6400509919955149,13.52300921010501
ETTm2|720|iTransformer,fredf,4,0.5355134841117126,0.5346417778313383,-0.16304492400692205
ETTm2|720|iTransformer,none,4,0.5346417778313383,0.5346417778313383,0.0
ETTm2|720|iTransformer,san_lite,4,0.5469608347206676,0.5346417778313383,-2.304170268791748
Electricity|96|DLinear,fredf,4,0.1787548009317535,0.1814839154804872,1.5037776441555402
Electricity|96|DLinear,none,4,0.1814839154804872,0.1814839154804872,0.0
Electricity|96|DLinear,revin,4,0.1831606302589805,0.1814839154804872,-0.9238916705395694
Electricity|96|DLinear,san_lite,4,0.2145193341959733,0.1814839154804872,-18.202945769614498
Electricity|96|PatchTST,fredf,4,0.2337642321220714,0.1767447560418266,-32.26091532059438
Electricity|96|PatchTST,none,4,0.1767447560418266,0.1767447560418266,0.0
Electricity|96|PatchTST,san_lite,4,0.2012805226571327,0.1767447560418266,-13.88203371052192
Electricity|96|TimesNet,fredf,4,0.1939828550965052,0.1910762060688458,-1.5211988386519106
Electricity|96|TimesNet,none,4,0.1910762060688458,0.1910762060688458,0.0
Electricity|96|TimesNet,san_lite,4,0.2005434450252991,0.1910762060688458,-4.954692764332061
Electricity|96|iTransformer,fredf,4,0.162476243300255,0.1615508599718895,-0.5728123815165848
Electricity|96|iTransformer,none,4,0.1615508599718895,0.1615508599718895,0.0
Electricity|96|iTransformer,san_lite,4,0.1763164899559496,0.1615508599718895,-9.13992657583461
Electricity|192|DLinear,fredf,4,0.2169409227464767,0.2200299941794417,1.4039319704956938
Electricity|192|DLinear,none,4,0.2200299941794417,0.2200299941794417,0.0
Electricity|192|DLinear,revin,4,0.2248892723471809,0.2200299941794417,-2.208461708077993
Electricity|192|DLinear,san_lite,4,0.23784870957723,0.2200299941794417,-8.098311988890282
Electricity|192|PatchTST,fredf,4,0.3451521026674615,0.2197206458113876,-57.08678690292339
Electricity|192|PatchTST,none,4,0.2197206458113876,0.2197206458113876,0.0
Electricity|192|PatchTST,san_lite,4,0.2330851103552009,0.2197206458113876,-6.08248009396697
Electricity|192|TimesNet,fredf,4,0.267548521076992,0.217669399039171,-22.915082348734252
Electricity|192|TimesNet,none,4,0.217669399039171,0.217669399039171,0.0
Electricity|192|TimesNet,san_lite,4,0.2261963037630954,0.217669399039171,-3.917364940392895
Electricity|192|iTransformer,fredf,4,0.2006365354766655,0.1967472168916884,-1.9768099627646636
Electricity|192|iTransformer,none,4,0.1967472168916884,0.1967472168916884,0.0
Electricity|192|iTransformer,san_lite,4,0.2047202757594791,0.1967472168916884,-4.05243794232676
Electricity|336|DLinear,fredf,4,0.2223282269795167,0.2257571782642501,1.5188670017481267
Electricity|336|DLinear,none,4,0.2257571782642501,0.2257571782642501,0.0
Electricity|336|DLinear,revin,4,0.231348265874919,0.2257571782642501,-2.4765935035405597
Electricity|336|DLinear,san_lite,4,0.2456863112145862,0.2257571782642501,-8.827685171989941
Electricity|336|PatchTST,fredf,4,0.4340799982500145,0.228388945603343,-90.06173749052971
Electricity|336|PatchTST,none,4,0.228388945603343,0.228388945603343,0.0
Electricity|336|PatchTST,san_lite,4,0.2410664558366838,0.228388945603343,-5.550842314127847
Electricity|336|TimesNet,fredf,4,0.2794063553093454,0.2411206149091402,-15.878252639091908
Electricity|336|TimesNet,none,4,0.2411206149091402,0.2411206149091402,0.0
Electricity|336|TimesNet,san_lite,4,0.2746587903820772,0.2411206149091402,-13.909294103938377
Electricity|336|iTransformer,fredf,4,0.2181087702973666,0.2129165426043582,-2.438621081057392
Electricity|336|iTransformer,none,4,0.2129165426043582,0.2129165426043582,0.0
Electricity|336|iTransformer,san_lite,4,0.2228071879103434,0.2129165426043582,-4.645315570600836
Electricity|720|DLinear,fredf,4,0.2992297489331271,0.3018907113124673,0.8814323460870006
Electricity|720|DLinear,none,4,0.3018907113124673,0.3018907113124673,0.0
Electricity|720|DLinear,revin,4,0.3188731911459215,0.3018907113124673,-5.625373420607413
Electricity|720|DLinear,san_lite,4,0.3343111809384523,0.3018907113124673,-10.739141156426204
Electricity|720|PatchTST,fredf,4,0.6293507300133167,0.3142897615034919,-100.24538088757441
Electricity|720|PatchTST,none,4,0.3142897615034919,0.3142897615034919,0.0
Electricity|720|PatchTST,san_lite,4,0.3299456050950137,0.3142897615034919,-4.981340631851233
Electricity|720|TimesNet,fredf,4,0.3467548588665272,0.3491234755416659,0.6784466932404928
Electricity|720|TimesNet,none,4,0.3491234755416659,0.3491234755416659,0.0
Electricity|720|TimesNet,san_lite,4,0.3496881646976276,0.3491234755416659,-0.16174482540470203
Electricity|720|iTransformer,fredf,4,0.2992711778567983,0.2776556274507101,-7.785021540730498
Electricity|720|iTransformer,none,4,0.2776556274507101,0.2776556274507101,0.0
Electricity|720|iTransformer,san_lite,4,0.2899130992413269,0.2776556274507101,-4.414631139717412
Exchange|96|DLinear,fredf,4,0.1611638203057195,0.1585360755816458,-1.657505848074556
Exchange|96|DLinear,none,4,0.1585360755816458,0.1585360755816458,0.0
Exchange|96|DLinear,revin,4,0.15353271330934257,0.1585360755816458,3.1559771200003772
Exchange|96|DLinear,san_lite,4,0.1724361559819441,0.1585360755816458,-8.767771215037904
Exchange|96|PatchTST,fredf,4,0.1684388717498783,0.15078488279237076,-11.708062924197042
Exchange|96|PatchTST,none,4,0.15078488279237076,0.15078488279237076,0.0
Exchange|96|PatchTST,san_lite,4,0.15528352022087186,0.15078488279237076,-2.9834804028038233
Exchange|96|TimesNet,fredf,4,0.1925053278286697,0.1945108055397763,1.0310366591415343
Exchange|96|TimesNet,none,4,0.1945108055397763,0.1945108055397763,0.0
Exchange|96|TimesNet,san_lite,4,0.18115807959385208,0.1945108055397763,6.864773352241173
Exchange|96|iTransformer,fredf,4,0.15840409231241334,0.16956861265024634,6.584072466796098
Exchange|96|iTransformer,none,4,0.16956861265024634,0.16956861265024634,0.0
Exchange|96|iTransformer,san_lite,4,0.1663420789734351,0.16956861265024634,1.902789452825403
Exchange|192|DLinear,fredf,4,0.29180968334192564,0.3172803008680729,8.027796701043254
Exchange|192|DLinear,none,4,0.3172803008680729,0.3172803008680729,0.0
Exchange|192|DLinear,revin,4,0.31410801472419847,0.3172803008680729,0.9998370952104879
Exchange|192|DLinear,san_lite,4,0.33782208953580306,0.3172803008680729,-6.474334716504053
Exchange|192|PatchTST,fredf,4,0.3520623857868099,0.32319191856132146,-8.932917429991562
Exchange|192|PatchTST,none,4,0.32319191856132146,0.32319191856132146,0.0
Exchange|192|PatchTST,san_lite,4,0.32599678705083535,0.32319191856132146,-0.8678646737207021
Exchange|192|TimesNet,fredf,4,0.3619032131499564,0.36282968794349807,0.25534701936682846
Exchange|192|TimesNet,none,4,0.36282968794349807,0.36282968794349807,0.0
Exchange|192|TimesNet,san_lite,4,0.365076101373351,0.36282968794349807,-0.6191371611803602
Exchange|192|iTransformer,fredf,4,0.33092984857509955,0.33247616874169256,0.46509203124100434
Exchange|192|iTransformer,none,4,0.33247616874169256,0.33247616874169256,0.0
Exchange|192|iTransformer,san_lite,4,0.33475021786272313,0.33247616874169256,-0.6839735700868621
Exchange|336|DLinear,fredf,4,0.5032299439674247,0.5696547946131297,11.660544469008851
Exchange|336|DLinear,none,4,0.5696547946131297,0.5696547946131297,0.0
Exchange|336|DLinear,revin,4,0.5739392072988504,0.5696547946131297,-0.7521068419393082
Exchange|336|DLinear,san_lite,4,0.5995976961147608,0.5696547946131297,-5.256323967564636
Exchange|336|PatchTST,fredf,4,0.632263718188166,0.5957056303981507,-6.136938434773728
Exchange|336|PatchTST,none,4,0.5957056303981507,0.5957056303981507,0.0
Exchange|336|PatchTST,san_lite,4,0.6071198843684694,0.5957056303981507,-1.9160896570156263
Exchange|336|TimesNet,fredf,4,0.6738110592071157,0.6735864138345793,-0.03335063889687995
Exchange|336|TimesNet,none,4,0.6735864138345793,0.6735864138345793,0.0
Exchange|336|TimesNet,san_lite,4,0.6701497125572141,0.6735864138345793,0.5102094114103027
Exchange|336|iTransformer,fredf,4,0.6009647584466076,0.5885903280532239,-2.1023842566887603
Exchange|336|iTransformer,none,4,0.5885903280532239,0.5885903280532239,0.0
Exchange|336|iTransformer,san_lite,4,0.60880062734263,0.5885903280532239,-3.433678456160184
Exchange|720|DLinear,fredf,4,0.8235490761415812,1.2362597738480396,33.383816770308385
Exchange|720|DLinear,none,4,1.2362597738480396,1.2362597738480396,0.0
Exchange|720|DLinear,revin,4,1.5743859276514385,1.2362597738480396,-27.35073654875396
Exchange|720|DLinear,san_lite,4,1.5893344322287095,1.2362597738480396,-28.559908350141754
Exchange|720|PatchTST,fredf,4,1.6450063354754576,1.5822182047967954,-3.9683610318923153
Exchange|720|PatchTST,none,4,1.5822182047967954,1.5822182047967954,0.0
Exchange|720|PatchTST,san_lite,4,1.6466338685879434,1.5822182047967954,-4.071225043161531
Exchange|720|TimesNet,fredf,4,1.8565494960323523,1.8366026611986748,-1.086072412671942
Exchange|720|TimesNet,none,4,1.8366026611986748,1.8366026611986748,0.0
Exchange|720|TimesNet,san_lite,4,1.8244548196304835,1.8366026611986748,0.6614300319189819
Exchange|720|iTransformer,fredf,4,1.6039282545078037,1.5652566404979142,-2.4706244975640486
Exchange|720|iTransformer,none,4,1.5652566404979142,1.5652566404979142,0.0
Exchange|720|iTransformer,san_lite,4,1.7018083674589217,1.5652566404979142,-8.723919351498157
ILI|24|DLinear,fredf,4,4.225862509819194,4.23501151874731,0.21603268108281548
ILI|24|DLinear,none,4,4.23501151874731,4.23501151874731,0.0
ILI|24|DLinear,revin,4,4.237041840967344,4.23501151874731,-0.04794136240353705
ILI|24|DLinear,san_lite,4,5.446330141553691,4.23501151874731,-28.602487087560068
ILI|24|PatchTST,fredf,4,3.266273218220801,3.253919465023151,-0.37965762000081316
ILI|24|PatchTST,none,4,3.253919465023151,3.253919465023151,0.0
ILI|24|PatchTST,san_lite,4,3.897015125833862,3.253919465023151,-19.763723955784375
ILI|24|TimesNet,fredf,4,3.162818798987694,3.1215519054708474,-1.3219992736472512
ILI|24|TimesNet,none,4,3.1215519054708474,3.1215519054708474,0.0
ILI|24|TimesNet,san_lite,4,4.133257597167286,3.1215519054708474,-32.410343391161234
ILI|24|iTransformer,fredf,4,3.0248406215208252,2.9395222789433153,-2.9024560619482607
ILI|24|iTransformer,none,4,2.9395222789433153,2.9395222789433153,0.0
ILI|24|iTransformer,san_lite,4,3.0067843354382773,2.9395222789433153,-2.2881968603123157
ILI|36|DLinear,fredf,4,3.1490039538015004,3.1484882757641532,-0.01637859163448982
ILI|36|DLinear,none,4,3.1484882757641532,3.1484882757641532,0.0
ILI|36|DLinear,revin,4,3.1589683653816345,3.1484882757641532,-0.33286100183865824
ILI|36|DLinear,san_lite,4,3.6806197789515203,3.1484882757641532,-16.90117467749554
ILI|36|PatchTST,fredf,4,2.9506969603919893,2.9502517003222963,-0.015092273979344852
ILI|36|PatchTST,none,4,2.9502517003222963,2.9502517003222963,0.0
ILI|36|PatchTST,san_lite,4,3.1261560591951336,2.9502517003222963,-5.962350902250844
ILI|36|TimesNet,fredf,4,2.8986579296410215,2.912857026921618,0.4874628980881533
ILI|36|TimesNet,none,4,2.912857026921618,2.912857026921618,0.0
ILI|36|TimesNet,san_lite,4,3.1703624899073906,2.912857026921618,-8.840305603942081
ILI|36|iTransformer,fredf,4,2.969209817926336,2.930710348438797,-1.3136565852728572
ILI|36|iTransformer,none,4,2.930710348438797,2.930710348438797,0.0
ILI|36|iTransformer,san_lite,4,2.8270521994916447,2.930710348438797,3.5369632827198827
ILI|48|DLinear,fredf,4,3.4600957734451576,3.397676600609481,-1.8371134211089954
ILI|48|DLinear,none,4,3.397676600609481,3.397676600609481,0.0
ILI|48|DLinear,revin,4,3.352888434937426,3.397676600609481,1.318199785818951
ILI|48|DLinear,san_lite,4,3.1937589589397035,3.397676600609481,6.001678960063425
ILI|48|PatchTST,fredf,4,3.0619717689409645,3.0570182534865022,-0.16203748370860296
ILI|48|PatchTST,none,4,3.0570182534865022,3.0570182534865022,0.0
ILI|48|PatchTST,san_lite,4,3.067604472829508,3.0570182534865022,-0.34629231706197616
ILI|48|TimesNet,fredf,4,3.0362886791515415,3.1291698141444324,2.9682356826098335
ILI|48|TimesNet,none,4,3.1291698141444324,3.1291698141444324,0.0
ILI|48|TimesNet,san_lite,4,3.0895118346341826,3.1291698141444324,1.2673642488492753
ILI|48|iTransformer,fredf,4,3.100334606266042,3.1261894516800766,0.8270402614320028
ILI|48|iTransformer,none,4,3.1261894516800766,3.1261894516800766,0.0
ILI|48|iTransformer,san_lite,4,3.0909899630528943,3.1261894516800766,1.1259550699419494
ILI|60|DLinear,fredf,4,4.718221447801624,4.660368388378629,-1.2413838263786388
ILI|60|DLinear,none,4,4.660368388378629,4.660368388378629,0.0
ILI|60|DLinear,revin,4,4.538755530289806,4.660368388378629,2.6095116942275203
ILI|60|DLinear,san_lite,4,4.192811347330614,4.660368388378629,10.032619786322964
ILI|60|PatchTST,fredf,4,3.4354724749375567,3.343880008244735,-2.7391074580125325
ILI|60|PatchTST,none,4,3.343880008244735,3.343880008244735,0.0
ILI|60|PatchTST,san_lite,4,3.4365386350153178,3.343880008244735,-2.7709913795387924
ILI|60|TimesNet,fredf,4,3.4040732379435252,3.298793780795208,-3.1914531232970447
ILI|60|TimesNet,none,4,3.298793780795208,3.298793780795208,0.0
ILI|60|TimesNet,san_lite,4,3.7134112260715004,3.298793780795208,-12.5687591534244
ILI|60|iTransformer,fredf,4,3.2607785282528137,3.204975833454507,-1.7411268508118343
ILI|60|iTransformer,none,4,3.204975833454507,3.204975833454507,0.0
ILI|60|iTransformer,san_lite,4,3.1454836851046335,3.204975833454507,1.85624327425113
Weather|96|DLinear,fredf,4,0.2367057713453096,0.2373994473993057,0.2921978385355526
Weather|96|DLinear,none,4,0.2373994473993057,0.2373994473993057,0.0
Weather|96|DLinear,revin,4,0.241116757725774,0.2373994473993057,-1.5658462423527821
Weather|96|DLinear,san_lite,4,0.2408408231077862,0.2373994473993057,-1.4496140349864006
Weather|96|PatchTST,fredf,4,0.23492807513201,0.2309181119363162,-1.736530392557379
Weather|96|PatchTST,none,4,0.2309181119363162,0.2309181119363162,0.0
Weather|96|PatchTST,revin,4,0.2309123247976547,0.2309181119363162,0.0025061432440180564
Weather|96|PatchTST,san_lite,4,0.2295100924957928,0.2309181119363162,0.6097483773432708
Weather|96|TimesNet,fredf,4,0.2064034981456755,0.2084956708708385,1.0034609910241739
Weather|96|TimesNet,none,4,0.2084956708708385,0.2084956708708385,0.0
Weather|96|TimesNet,revin,4,0.2084520851964693,0.2084956708708385,0.02090483422853082
Weather|96|TimesNet,san_lite,4,0.2177871023122762,0.2084956708708385,-4.456414563731471
Weather|96|iTransformer,fredf,4,0.2151540311538983,0.2188216537775444,1.6760784686211259
Weather|96|iTransformer,none,4,0.2188216537775444,0.2188216537775444,0.0
Weather|96|iTransformer,revin,4,0.219112590858587,0.2188216537775444,-0.13295625730823551
Weather|96|iTransformer,san_lite,4,0.2219704044062469,0.2188216537775444,-1.438957513731047
Weather|192|DLinear,fredf,4,0.2981969611232335,0.3057944046668644,2.4844939697008623
Weather|192|DLinear,none,4,0.3057944046668644,0.3057944046668644,0.0
Weather|192|DLinear,revin,4,0.3124880257938233,0.3057944046668644,-2.1889285823430846
Weather|192|DLinear,san_lite,4,0.3179719606630838,0.3057944046668644,-3.9822690704513533
Weather|192|PatchTST,fredf,4,0.3153802006845208,0.2997996847780558,-5.19697541309937
Weather|192|PatchTST,none,4,0.2997996847780558,0.2997996847780558,0.0
Weather|192|PatchTST,san_lite,4,0.3049056588850599,0.2997996847780558,-1.7031285775980989
Weather|192|TimesNet,fredf,4,0.2948609786857338,0.2941609427122866,-0.23797719948562027
Weather|192|TimesNet,none,4,0.2941609427122866,0.2941609427122866,0.0
Weather|192|TimesNet,san_lite,4,0.3095402320607749,0.2941609427122866,-5.228188761799866
Weather|192|iTransformer,fredf,4,0.2925159351315659,0.2977609073666435,1.7614710679999774
Weather|192|iTransformer,none,4,0.2977609073666435,0.2977609073666435,0.0
Weather|192|iTransformer,san_lite,4,0.296285288497576,0.2977609073666435,0.49557172636182056
Weather|336|DLinear,fredf,4,0.3455919083959184,0.3517313779763498,1.7454995388111756
Weather|336|DLinear,none,4,0.3517313779763498,0.3517313779763498,0.0
Weather|336|DLinear,revin,4,0.3698182749426478,0.3517313779763498,-5.142247208753197
Weather|336|DLinear,san_lite,4,0.3753962234857741,0.3517313779763498,-6.728101895707336
Weather|336|PatchTST,fredf,4,0.3745361937375386,0.3661168545899897,-2.299631672783165
Weather|336|PatchTST,none,4,0.3661168545899897,0.3661168545899897,0.0
Weather|336|PatchTST,san_lite,4,0.3671970112913532,0.3661168545899897,-0.2950305859513411
Weather|336|TimesNet,fredf,4,0.3720053472663867,0.3654215534853938,-1.801698262786255
Weather|336|TimesNet,none,4,0.3654215534853938,0.3654215534853938,0.0
Weather|336|TimesNet,san_lite,4,0.3708762251023631,0.3654215534853938,-1.4927065918642806
Weather|336|iTransformer,fredf,4,0.3640736484301968,0.3655578489349645,0.4060097489609009
Weather|336|iTransformer,none,4,0.3655578489349645,0.3655578489349645,0.0
Weather|336|iTransformer,san_lite,4,0.3694176806707385,0.3655578489349645,-1.055874397723757
Weather|720|DLinear,fredf,4,0.417265639167817,0.4219181240676175,1.1026985176524087
Weather|720|DLinear,none,4,0.4219181240676175,0.4219181240676175,0.0
Weather|720|DLinear,revin,4,0.4549871934180509,0.4219181240676175,-7.837793037099703
Weather|720|DLinear,san_lite,4,0.4613315470628136,0.4219181240676175,-9.341486119444266
Weather|720|PatchTST,fredf,4,0.4606257367221703,0.4536281813921746,-1.5425750905775624
Weather|720|PatchTST,none,4,0.4536281813921746,0.4536281813921746,0.0
Weather|720|PatchTST,revin,4,0.4536376567346479,0.4536281813921746,-0.002088790525365706
Weather|720|PatchTST,san_lite,4,0.4541497424474343,0.4536281813921746,-0.1149754527284946
Weather|720|TimesNet,fredf,4,0.4488533239307639,0.4741639187399452,5.337941966660452
Weather|720|TimesNet,none,4,0.4741639187399452,0.4741639187399452,0.0
Weather|720|TimesNet,revin,4,0.447107195740269,0.4741639187399452,5.706196091760282
Weather|720|TimesNet,san_lite,4,0.4439637129833015,0.4741639187399452,6.369148845592984
Weather|720|iTransformer,fredf,4,0.4512132691089179,0.4524391104326696,0.27094061841369543
Weather|720|iTransformer,none,4,0.4524391104326696,0.4524391104326696,0.0
Weather|720|iTransformer,revin,4,0.4498642227227801,0.4524391104326696,0.569112539238071
Weather|720|iTransformer,san_lite,4,0.4540700165478749,0.4524391104326696,-0.36046974666837145
